ts_code,trade_date,open,high,low,close,pre_close,change,pct_chg,vol,amount
000333.SZ,2023.03.01,52.509999999999997,54.990000000000001,52.509999999999997,54.619999999999997,52.46,2.16,4.1174,432974.700000000011641,2350199.969000000040978
000333.SZ,2023.03.02,54.600000000000001,55.679999999999999,54.149999999999998,54.850000000000001,54.619999999999997,0.23,0.4211,255489.790000000008149,1408679.945999999996274
000333.SZ,2023.03.03,55.25,55.840000000000003,54.659999999999996,55.200000000000002,54.850000000000001,0.35,0.6381,197415,1090871.92699999990873
000333.SZ,2023.03.06,54.840000000000003,55,53.810000000000002,53.829999999999998,55.200000000000002,-1.37,-2.4819,259356.839999999996507,1403695.330000000074505
000333.SZ,2023.03.07,53.840000000000003,54.369999999999997,52.700000000000002,52.859999999999999,53.829999999999998,-0.97,-1.802,194737.910000000003492,1041648.712000000057742
000333.SZ,2023.03.08,52.649999999999998,52.799999999999997,52.07,52.289999999999999,52.859999999999999,-0.57,-1.0783,144947.980000000010477,759112.018000000040046
000333.SZ,2023.03.09,52.289999999999999,53.25,52.270000000000003,52.700000000000002,52.289999999999999,0.41,0.7841,130131.020000000004074,688042.449999999953433
000333.SZ,2023.03.10,52.240000000000002,52.5,51.020000000000003,51.149999999999998,52.700000000000002,-1.55,-2.9412,192133.890000000013969,991798.893999999971129
000333.SZ,2023.03.13,51.009999999999998,52.240000000000002,51,52.060000000000002,51.149999999999998,0.91,1.7791,194836.579999999987194,1009855.800999999977648
000333.SZ,2023.03.14,51.719999999999998,51.909999999999996,50.700000000000002,51.149999999999998,52.060000000000002,-0.91,-1.748,165010.730000000010477,844706.515000000013969
000333.SZ,2023.03.15,51.5,51.630000000000002,50.399999999999998,50.46,51.149999999999998,-0.69,-1.349,209456.170000000012805,1067097.770999999949708
000333.SZ,2023.03.16,50.079999999999998,50.39,49.649999999999998,50.039999999999999,50.46,-0.42,-0.8323,121819.529999999998835,610120.756000000052154
000333.SZ,2023.03.17,50.5,51.179999999999999,50.060000000000002,50.329999999999998,50.039999999999999,0.29,0.5795,201230.769999999989522,1018389.81499999994412
000333.SZ,2023.03.20,50.179999999999999,51.130000000000002,50.100000000000001,50.439999999999997,50.329999999999998,0.11,0.2186,163015.239999999990686,826038.62300000002142
000333.SZ,2023.03.21,50.549999999999997,52.14,50.549999999999997,52.100000000000001,50.439999999999997,1.66,3.291,231466.45999999999185,1191368.462000000057742
000333.SZ,2023.03.22,52.200000000000002,52.270000000000003,51.299999999999997,51.700000000000002,52.100000000000001,-0.4,-0.7678,135542.480000000010477,700825.341000000014901
000333.SZ,2023.03.23,51.479999999999996,52,51.39,51.82,51.700000000000002,0.12,0.2321,123790.070000000006984,641022.829000000027008
000333.SZ,2023.03.24,51.82,52.170000000000001,51.64,52.090000000000003,51.82,0.27,0.521,132775.630000000004656,689957.503999999957159
000333.SZ,2023.03.27,52.090000000000003,52.46,51.700000000000002,51.850000000000001,52.090000000000003,-0.24,-0.4607,127683.449999999997089,663222.020000000018626
000333.SZ,2023.03.28,51.700000000000002,52.079999999999998,51.060000000000002,51.090000000000003,51.850000000000001,-0.76,-1.4658,128678.929999999993015,660858.734000000054948
000333.SZ,2023.03.29,51.380000000000002,51.57,51.100000000000001,51.399999999999998,51.090000000000003,0.31,0.6068,128030.419999999998253,656903.324999999953433
000333.SZ,2023.03.30,51.350000000000001,54.799999999999997,51.299999999999997,54.469999999999998,51.399999999999998,3.07,5.972800000000001,571574.119999999995343,3061435.504999999888241
000333.SZ,2023.03.31,54.109999999999999,54.619999999999997,53.359999999999999,53.810000000000002,54.469999999999998,-0.66,-1.2117,277887.5,1500198.904000000096857
000333.SZ,2023.04.03,55,55.399999999999998,54.200000000000002,54.689999999999997,53.810000000000002,0.88,1.6354,373914.780000000027939,2056019.794999999925494
000333.SZ,2023.04.04,54.5,54.719999999999998,53.75,54.630000000000002,54.689999999999997,-0.06,-0.1097,179891.25,975597.256999999983236
000333.SZ,2023.04.06,54.420000000000001,55,53.75,54.020000000000003,54.630000000000002,-0.61,-1.1166,152434.790000000008149,827518.347999999998137
000333.SZ,2023.04.07,53.909999999999996,55.270000000000003,53.909999999999996,54.679999999999999,54.020000000000003,0.66,1.2218,158640.670000000012805,869954.356000000028871
000333.SZ,2023.04.10,54.399999999999998,55.060000000000002,54.009999999999998,54.759999999999997,54.679999999999999,0.08,0.1463,156492.549999999988358,853817.626999999978579
000333.SZ,2023.04.11,54.409999999999996,56.369999999999997,54.399999999999998,55.840000000000003,54.759999999999997,1.08,1.9722,324365.520000000018626,1815026.843000000109896
000333.SZ,2023.04.12,55.840000000000003,56.75,55.399999999999998,55.5,55.840000000000003,-0.34,-0.6089,223024.60000000000582,1251325.78900000010617
000333.SZ,2023.04.13,55.049999999999997,55.289999999999999,54.14,54.14,55.5,-1.36,-2.4505,182594.940000000002328,994810.155000000027939
000333.SZ,2023.04.14,54.179999999999999,54.649999999999998,53.829999999999998,53.939999999999997,54.14,-0.2,-0.3694,142124.470000000001164,771635.251999999978579
000333.SZ,2023.04.17,53.909999999999996,55.579999999999998,53.89,55.420000000000001,53.939999999999997,1.48,2.7438,262280.479999999981373,1444699.531999999890103
000333.SZ,2023.04.18,55.200000000000002,57.399999999999998,55.170000000000001,56.780000000000001,55.420000000000001,1.36,2.454,387063.489999999990686,2197663.191999999806284
000333.SZ,2023.04.19,56.780000000000001,57.25,56.049999999999997,56.079999999999998,56.780000000000001,-0.7,-1.2328,191886.579999999987194,1084909.581000000005587
000333.SZ,2023.04.20,56.179999999999999,58.039999999999999,56.179999999999999,57.039999999999999,56.079999999999998,0.96,1.7118,367949.25,2114956.904999999795108
000333.SZ,2023.04.21,57.399999999999998,58.600000000000001,56.75,56.850000000000001,57.039999999999999,-0.19,-0.3331,398924.020000000018626,2311553.651999999769032
000333.SZ,2023.04.24,56.200000000000002,58.75,56.009999999999998,57.030000000000001,56.850000000000001,0.18,0.3166,339921.200000000011641,1960933.654000000096857
000333.SZ,2023.04.25,57,58.039999999999999,55.649999999999998,57.649999999999998,57.030000000000001,0.62,1.0871,429620.960000000020954,2450369.691000000108033
000333.SZ,2023.04.26,57.020000000000003,57.350000000000001,55.969999999999998,56.700000000000002,57.649999999999998,-0.95,-1.6479,239341.839999999996507,1357589.70699999993667
000333.SZ,2023.04.27,56.170000000000001,57.75,56.170000000000001,57.259999999999997,56.700000000000002,0.56,0.9877,157770.589999999996507,898336.283000000054016
000333.SZ,2023.04.28,57.25,57.350000000000001,56.21,56.780000000000001,57.259999999999997,-0.48,-0.8383,156905.510000000009313,891005.834999999962747
000333.SZ,2023.05.04,57.219999999999998,58.450000000000002,55.850000000000001,56.579999999999998,56.780000000000001,-0.2,-0.3522,268565.619999999995343,1525949.936999999918043
000333.SZ,2023.05.05,56.399999999999998,56.399999999999998,54.079999999999998,55.329999999999998,56.579999999999998,-1.25,-2.2093,342122.869999999995343,1879206.730999999912455
000333.SZ,2023.05.08,55.329999999999998,55.990000000000001,54.469999999999998,55.009999999999998,55.329999999999998,-0.32,-0.5783,208721.700000000011641,1151128.787000000011175
000333.SZ,2023.05.09,54.799999999999997,55.560000000000002,54.009999999999998,54.799999999999997,55.009999999999998,-0.21,-0.3817,181393.720000000001164,995439.01100000005681
000333.SZ,2023.05.10,54.5,56,53.880000000000002,55.399999999999998,54.799999999999997,0.6,1.0949,174625.980000000010477,965082.241000000038184
000333.SZ,2023.05.11,55.549999999999997,56.719999999999998,55.340000000000003,55.450000000000002,55.399999999999998,0.05,0.0903,126224.529999999998835,706491.978000000002793
000333.SZ,2023.05.12,55.329999999999998,57.490000000000002,55.310000000000002,55.82,55.450000000000002,0.37,0.6673,165590.10000000000582,935578.508000000030733
000333.SZ,2023.05.15,55.859999999999999,56.740000000000002,55.009999999999998,56.590000000000003,55.82,0.77,1.3794,140666.470000000001164,786956.98499999998603
000333.SZ,2023.05.16,56.590000000000003,57.240000000000002,55.109999999999999,55.350000000000001,56.590000000000003,-1.24,-2.1912,136125.880000000004656,760273.937000000034458
000333.SZ,2023.05.17,55.219999999999998,56.399999999999998,54.810000000000002,55.020000000000003,55.350000000000001,-0.33,-0.5962,90762.720000000001164,501402.349999999976716
000333.SZ,2023.05.18,55.149999999999998,55.420000000000001,54.549999999999997,55,55.020000000000003,-0.02,-0.0364,110695.229999999995925,609452.709999999962747
000333.SZ,2023.05.19,54.659999999999996,56.859999999999999,54.659999999999996,55.799999999999997,55,0.8,1.4545,203843.429999999993015,1140023.138999999966472
000333.SZ,2023.05.22,55.799999999999997,56.950000000000002,55.799999999999997,56.71,55.799999999999997,0.91,1.6308,151997.829999999987194,860397.293999999994412
000333.SZ,2023.05.23,56.689999999999997,56.950000000000002,55.880000000000002,55.950000000000002,56.71,-0.76,-1.3402,155851.35999999998603,878179.042000000015832
000333.SZ,2023.05.24,55.82,55.89,53.5,53.600000000000001,55.950000000000002,-2.35,-4.2002,266742.419999999983701,1447402.649999999906867
000333.SZ,2023.05.25,53.399999999999998,54.490000000000002,52.679999999999999,54.009999999999998,53.600000000000001,0.41,0.7649,171433.910000000003492,923732.853000000002793
000333.SZ,2023.05.26,54.009999999999998,54.450000000000002,53.479999999999996,54.259999999999997,54.009999999999998,0.25,0.4629,111660.520000000004074,602101.037999999942258
000333.SZ,2023.05.29,54.270000000000003,54.689999999999997,53.079999999999998,53.450000000000002,54.259999999999997,-0.81,-1.4928,174334.489999999990686,936727.537999999942257
000333.SZ,2023.05.30,53.450000000000002,53.659999999999996,51.789999999999999,52.329999999999998,53.450000000000002,-1.12,-2.0954,320846.039999999979045,1678415.610000000102445
000333.SZ,2023.05.31,52.590000000000003,52.700000000000002,51.100000000000001,51.329999999999998,52.329999999999998,-1,-1.9109,280649.590000000025611,1445385.155999999959021
000333.SZ,2023.06.01,49.020000000000003,49.799999999999997,48.530000000000001,48.89,48.880000000000002,0.01,0.0205,348934.929999999993015,1711949.689000000013038
000333.SZ,2023.06.02,50,52.100000000000001,49.990000000000001,51.799999999999997,48.89,2.91,5.9521,499392.270000000018626,2566107.481999999843537
000333.SZ,2023.06.05,52.509999999999997,54.149999999999998,51.590000000000003,53.939999999999997,51.799999999999997,2.14,4.131300000000001,399399.700000000011641,2119331.989000000059604
000333.SZ,2023.06.06,53.939999999999997,55.310000000000002,53.049999999999997,54.21,53.939999999999997,0.27,0.5006,342618.270000000018626,1866611.023999999975785
000333.SZ,2023.06.07,55.5,55.770000000000003,54.490000000000002,55.25,54.21,1.04,1.9185,369086.739999999990686,2035955.381000000052154
000333.SZ,2023.06.08,55.700000000000002,57.109999999999999,55.200000000000002,56.89,55.25,1.64,2.9683,475531.46999999997206,2680031.436000000219792
000333.SZ,2023.06.09,57.5,57.759999999999997,55.770000000000003,56.109999999999999,56.89,-0.78,-1.3711,410651.869999999995343,2319633.365000000223517
000333.SZ,2023.06.12,56.119999999999997,57.82,55.700000000000002,57.350000000000001,56.109999999999999,1.24,2.2099,396210.010000000009313,2256003.427000000141561
000333.SZ,2023.06.13,57.259999999999997,57.770000000000003,56.259999999999997,56.609999999999999,57.350000000000001,-0.74,-1.2903,248501.429999999993015,1409611.781999999890103
000333.SZ,2023.06.14,57.229999999999996,57.979999999999996,56.619999999999997,57.079999999999998,56.609999999999999,0.47,0.8302,360006.799999999988358,2057761.142999999923631
000333.SZ,2023.06.15,57.259999999999997,58.579999999999998,57.009999999999998,58,57.079999999999998,0.92,1.6118,312765.440000000002328,1814552.067000000039115
000333.SZ,2023.06.16,58.399999999999998,58.990000000000001,57.399999999999998,58.350000000000001,58,0.35,0.6034,300060.820000000006984,1745695.208000000100582
000333.SZ,2023.06.19,58,58.14,56.700000000000002,56.810000000000002,58.350000000000001,-1.54,-2.6392,289110.369999999995343,1651975.820000000065192
000333.SZ,2023.06.20,56.920000000000001,58.920000000000001,56.799999999999997,57.579999999999998,56.810000000000002,0.77,1.3554,243810.220000000001164,1413907.766000000061467
000333.SZ,2023.06.21,58,59.600000000000001,57.399999999999998,58.280000000000001,57.579999999999998,0.7,1.2157,451303.46999999997206,2649838.248000000137835
000333.SZ,2023.06.26,59.829999999999998,59.950000000000002,57.799999999999997,58.14,58.280000000000001,-0.14,-0.2402,335581.380000000004656,1957482.192000000039115
000333.SZ,2023.06.27,58.219999999999998,60.149999999999998,57.880000000000002,59.689999999999997,58.14,1.55,2.666,481236.549999999988358,2851634.265000000130385
000333.SZ,2023.06.28,59.450000000000002,60.520000000000003,59.21,59.700000000000002,59.689999999999997,0.01,0.0168,327900.729999999981373,1964640.593000000109896
000333.SZ,2023.06.29,59.719999999999998,59.789999999999999,58.219999999999998,59.14,59.700000000000002,-0.56,-0.938,276783.489999999990686,1635162.203999999910593
000333.SZ,2023.06.30,59.229999999999996,59.82,58.560000000000002,58.920000000000001,59.14,-0.22,-0.372,264875.909999999974388,1563113.127000000094994
000333.SZ,2023.07.03,58.880000000000002,60.380000000000002,58.329999999999998,59.060000000000002,58.920000000000001,0.14,0.2376,318761.840000000025611,1892919.807999999960884
000333.SZ,2023.07.04,59.280000000000001,59.600000000000001,58.119999999999997,58.899999999999998,59.060000000000002,-0.16,-0.2709,219445.690000000002328,1290009.361999999964609
000333.SZ,2023.07.05,59.090000000000003,59.329999999999998,58.420000000000001,59.119999999999997,58.899999999999998,0.22,0.3735,187015.739999999990686,1103273.064000000013038
000333.SZ,2023.07.06,59.130000000000002,59.75,58.299999999999997,58.369999999999997,59.119999999999997,-0.75,-1.2686,169576.940000000002328,995554.523000000044703
000333.SZ,2023.07.07,58.039999999999999,58.590000000000003,57.200000000000002,57.75,58.369999999999997,-0.62,-1.0622,293796.080000000016298,1698410.264999999897554
000333.SZ,2023.07.10,57.82,57.929999999999999,56.039999999999999,56.630000000000002,57.75,-1.12,-1.9394,320859.739999999990686,1818167.155999999959021
000333.SZ,2023.07.11,56.799999999999997,57.079999999999998,56.399999999999998,56.659999999999996,56.630000000000002,0.03,0.053,158027.950000000011641,896629.010000000009313
000333.SZ,2023.07.12,56.899999999999998,58.079999999999998,56.399999999999998,57.090000000000003,56.659999999999996,0.43,0.7589,187815.019999999989522,1079865.898999999975785
000333.SZ,2023.07.13,57.200000000000002,58.32,57.200000000000002,57.799999999999997,57.090000000000003,0.71,1.2437,169306.739999999990686,978559.177000000025145
000333.SZ,2023.07.14,57.75,58.270000000000003,57.020000000000003,57.46,57.799999999999997,-0.34,-0.5882,105000.05000000000291,603243.716000000014901
000333.SZ,2023.07.17,57.200000000000002,57.200000000000002,56.299999999999997,57.130000000000002,57.46,-0.33,-0.5743,90424.880000000004656,512387.287000000011175
000333.SZ,2023.07.18,57.399999999999998,57.399999999999998,55.670000000000001,56.740000000000002,57.130000000000002,-0.39,-0.6827,239882.279999999998835,1351665.335999999893829
000333.SZ,2023.07.19,56.89,58.350000000000001,56.670000000000001,58.130000000000002,56.740000000000002,1.39,2.4498,278044.25,1601948.634000000078231
000333.SZ,2023.07.20,57.899999999999998,58.649999999999998,57.439999999999997,57.530000000000001,58.130000000000002,-0.6,-1.0322,140515.899999999994179,815686.030999999959021
000333.SZ,2023.07.21,57.549999999999997,58.079999999999998,56.990000000000001,57.130000000000002,57.530000000000001,-0.4,-0.6953,120709.210000000006402,693513.020999999949708
000333.SZ,2023.07.24,57.130000000000002,57.359999999999999,56.130000000000002,56.770000000000003,57.130000000000002,-0.36,-0.6301,115887.570000000006984,657937.834999999962747
000333.SZ,2023.07.25,57.859999999999999,59.280000000000001,57.799999999999997,58.979999999999996,56.770000000000003,2.21,3.8929,376481.190000000002328,2216891.658999999985098
000333.SZ,2023.07.26,58.810000000000002,59.539999999999999,58.479999999999996,58.579999999999998,58.979999999999996,-0.4,-0.6782,187525.820000000006984,1105031.41400000010617
000333.SZ,2023.07.27,58.549999999999997,59.119999999999997,58.350000000000001,58.479999999999996,58.579999999999998,-0.1,-0.1707,151970.440000000002328,893501.893000000040046
000333.SZ,2023.07.28,58.700000000000002,59.82,58.109999999999999,59.740000000000002,58.479999999999996,1.26,2.1546,240041.260000000009313,1424164.598999999929219
000333.SZ,2023.07.31,60.950000000000002,61.299999999999997,59.149999999999998,59.32,59.740000000000002,-0.42,-0.703,325182.679999999993015,1952524.583000000100582
000333.SZ,2023.08.01,59.32,59.689999999999997,58.130000000000002,58.25,59.32,-1.07,-1.8038,204186.269999999989522,1197877.269000000087544
000333.SZ,2023.08.02,58.100000000000001,58.82,57.770000000000003,58.299999999999997,58.25,0.05,0.0858,235436.079999999987194,1370719.585999999893829
000333.SZ,2023.08.03,57.979999999999996,58.200000000000002,56.990000000000001,57.979999999999996,58.299999999999997,-0.32,-0.5489,233629.10999999998603,1344124.458000000100582
000333.SZ,2023.08.04,58.299999999999997,58.990000000000001,57.810000000000002,57.920000000000001,57.979999999999996,-0.06,-0.1035,196636.920000000012805,1147020.985000000102445
000333.SZ,2023.08.07,57.789999999999999,58.189999999999997,57.340000000000003,57.880000000000002,57.920000000000001,-0.04,-0.0691,153706.95999999999185,887391.729000000050291
000333.SZ,2023.08.08,57.5,57.549999999999997,56.96,57,57.880000000000002,-0.88,-1.5204,136354.679999999993015,779253.63800000003539
000333.SZ,2023.08.09,57.189999999999997,57.700000000000002,57.039999999999999,57.560000000000002,57,0.56,0.9825,151434.089999999996507,868904.096999999950639
000333.SZ,2023.08.10,57.21,57.299999999999997,55.5,56.350000000000001,57.560000000000002,-1.21,-2.1022,385304.640000000013969,2159087.492000000085681
000333.SZ,2023.08.11,56.289999999999999,56.450000000000002,55.14,55.179999999999999,56.350000000000001,-1.17,-2.0763,255333.119999999995343,1419423.215000000083819
000333.SZ,2023.08.14,54.5,55.57,54.280000000000001,55.439999999999997,55.179999999999999,0.26,0.4712,195166.869999999995343,1073370.152000000001862
000333.SZ,2023.08.15,55.310000000000002,55.560000000000002,54.600000000000001,55.159999999999996,55.439999999999997,-0.28,-0.5051,163704.339999999996507,901353.361999999964609
000333.SZ,2023.08.16,54.799999999999997,55.359999999999999,54.359999999999999,55.229999999999996,55.159999999999996,0.07,0.1269,153587.260000000009313,843256.905000000027939
000333.SZ,2023.08.17,54.899999999999998,55.939999999999997,54.530000000000001,55.840000000000003,55.229999999999996,0.61,1.1045,152165.040000000008149,842880.581000000005587
000333.SZ,2023.08.18,55.780000000000001,55.850000000000001,54.630000000000002,54.789999999999999,55.840000000000003,-1.05,-1.8804,134638.339999999996507,741138.398999999975785
000333.SZ,2023.08.21,54.609999999999999,55.359999999999999,54.350000000000001,54.380000000000002,54.789999999999999,-0.41,-0.7483,131171.579999999987194,718680.501000000047497
000333.SZ,2023.08.22,54.299999999999997,54.679999999999999,53.409999999999996,54.369999999999997,54.380000000000002,-0.01,-0.0184,230542.760000000009313,1249497.364000000059604
000333.SZ,2023.08.23,54.119999999999997,54.659999999999996,53.600000000000001,53.719999999999998,54.369999999999997,-0.65,-1.1955,157983.130000000004656,854634.875
000333.SZ,2023.08.24,53.990000000000001,55.450000000000002,53.5,55.049999999999997,53.719999999999998,1.33,2.4758,255835.790000000008149,1398433.375
000333.SZ,2023.08.25,54.950000000000002,55.990000000000001,54.520000000000003,55.259999999999997,55.049999999999997,0.21,0.3815,164727.880000000004656,907722.07799999997951
000333.SZ,2023.08.28,57.299999999999997,57.979999999999996,55.780000000000001,56.159999999999996,55.259999999999997,0.9,1.6287,288003.770000000018626,1624044.691000000108033
000333.SZ,2023.08.29,55.880000000000002,56.490000000000002,55.549999999999997,56.049999999999997,56.159999999999996,-0.11,-0.1959,217871.20999999999185,1221870.560000000055879
000333.SZ,2023.08.30,56.039999999999999,57.179999999999999,55.71,56.82,56.049999999999997,0.77,1.3738,233664.20999999999185,1323189.377000000094994
000333.SZ,2023.08.31,57.299999999999997,57.799999999999997,56.479999999999996,56.509999999999997,56.82,-0.31,-0.5456,280837.650000000023283,1596998.959999999962747
000333.SZ,2023.09.01,57,58.5,56.990000000000001,57.929999999999999,56.509999999999997,1.42,2.5128,266505.640000000013969,1541478.628000000026077
000333.SZ,2023.09.04,58.5,58.799999999999997,57.619999999999997,58.219999999999998,57.929999999999999,0.29,0.5006,200900.10999999998603,1169057.320000000065192
000333.SZ,2023.09.05,58.259999999999997,58.490000000000002,57.609999999999999,57.780000000000001,58.219999999999998,-0.44,-0.7558,153090.149999999994179,887170.819999999948777
000333.SZ,2023.09.06,57.509999999999997,58,56.880000000000002,57.179999999999999,57.780000000000001,-0.6,-1.0384,208883.35000000000582,1194824.718000000109896
000333.SZ,2023.09.07,57.090000000000003,57.119999999999997,56.5,56.57,57.179999999999999,-0.61,-1.0668,136399.10999999998603,774015.905000000027939
000333.SZ,2023.09.08,56.740000000000002,56.829999999999998,55.810000000000002,56.079999999999998,56.57,-0.49,-0.8662,84001.809999999997671,471931.157999999995809
000333.SZ,2023.09.11,56.310000000000002,56.880000000000002,56.009999999999998,56.429999999999999,56.079999999999998,0.35,0.6241,140721.299999999988358,793322.667999999946914
000333.SZ,2023.09.12,56.420000000000001,57.719999999999998,56.299999999999997,57.21,56.429999999999999,0.78,1.3822,164034.399999999994179,937947.089000000036321
000333.SZ,2023.09.13,57.100000000000001,57.539999999999999,56.700000000000002,57,57.21,-0.21,-0.3671,107434.020000000004074,613122.12100000004284
000333.SZ,2023.09.14,57.009999999999998,57.259999999999997,56.259999999999997,56.549999999999997,57,-0.45,-0.7895,102894.649999999994179,581688.866000000038184
000333.SZ,2023.09.15,56.64,56.689999999999997,55.299999999999997,55.789999999999999,56.549999999999997,-0.76,-1.3439,164511.820000000006984,917665.599000000045634
000333.SZ,2023.09.18,55.799999999999997,56.590000000000003,55.21,56.100000000000001,55.789999999999999,0.31,0.5557,144277.929999999993015,808841.172000000020489
000333.SZ,2023.09.19,55.990000000000001,56.149999999999998,55.450000000000002,56.049999999999997,56.100000000000001,-0.05,-0.0891,123661.259999999994761,689874.974000000045634
000333.SZ,2023.09.20,56.030000000000001,57.240000000000002,55.729999999999996,56.89,56.049999999999997,0.84,1.4987,213801.10000000000582,1210967.114000000059604
000333.SZ,2023.09.21,56.880000000000002,56.880000000000002,56.020000000000003,56.32,56.89,-0.57,-1.0019,167691.420000000012805,946858.135000000009313
000333.SZ,2023.09.22,56.590000000000003,57.109999999999999,56.170000000000001,57.049999999999997,56.32,0.73,1.2962,221702.480000000010477,1259327.922999999951571
000333.SZ,2023.09.25,56.89,56.89,56.229999999999996,56.630000000000002,57.049999999999997,-0.42,-0.7362,166431.589999999996507,941423.312999999965541
000333.SZ,2023.09.26,56.759999999999997,57.200000000000002,56,56,56.630000000000002,-0.63,-1.1125,189349.410000000003492,1067479.334999999962747
000333.SZ,2023.09.27,56,56.659999999999996,55.429999999999999,56.189999999999997,56,0.19,0.3393,188109.489999999990686,1054884.218000000109896
000333.SZ,2023.09.28,56.39,56.5,55.409999999999996,55.479999999999996,56.189999999999997,-0.71,-1.2636,170975.779999999998835,953613.283999999985098
000333.SZ,2023.10.09,55.46,56.109999999999999,54.899999999999998,55.759999999999997,55.479999999999996,0.28,0.5047,286595.450000000011641,1591907.095999999903142
000333.SZ,2023.10.10,55.490000000000002,55.770000000000003,54.420000000000001,54.770000000000003,55.759999999999997,-0.99,-1.7755,214996.369999999995343,1179223.5
000333.SZ,2023.10.11,54.75,55.89,54.5,54.770000000000003,54.770000000000003,0,0,204183.790000000008149,1123573.12100000004284
000333.SZ,2023.10.12,55,55.479999999999996,54.609999999999999,55.280000000000001,54.770000000000003,0.51,0.9312,176042.420000000012805,970427.692000000039115
000333.SZ,2023.10.13,55.189999999999997,55.439999999999997,54.530000000000001,54.990000000000001,55.280000000000001,-0.29,-0.5246,129960.039999999993597,712981.554000000003725
000333.SZ,2023.10.16,54.799999999999997,55.409999999999996,54.799999999999997,55.079999999999998,54.990000000000001,0.09,0.1637,150202.140000000013969,826944.834999999962747
000333.SZ,2023.10.17,55.079999999999998,55.990000000000001,55.049999999999997,55.880000000000002,55.079999999999998,0.8,1.4524,168301.579999999987194,936368.371999999973922
000333.SZ,2023.10.18,55.679999999999999,55.89,55.21,55.469999999999998,55.880000000000002,-0.41,-0.7337,106370.839999999996507,590623.192999999970197
000333.SZ,2023.10.19,55.289999999999999,55.289999999999999,54.179999999999999,54.229999999999996,55.469999999999998,-1.24,-2.2354,201960.839999999996507,1103206.370000000111758
000333.SZ,2023.10.20,53.939999999999997,54.060000000000002,52.880000000000002,53.179999999999999,54.229999999999996,-1.05,-1.9362,210898.040000000008149,1123754.128000000026077
000333.SZ,2023.10.23,53,53.630000000000002,52.71,53.25,53.179999999999999,0.07,0.1316,168643.660000000003492,897561.65300000004936
000333.SZ,2023.10.24,53.009999999999998,53.490000000000002,52.200000000000002,53.179999999999999,53.25,-0.07,-0.1315,250197.820000000006984,1323069.266000000061467
000333.SZ,2023.10.25,53.789999999999999,54.009999999999998,52.14,52.420000000000001,53.179999999999999,-0.76,-1.4291,258565.45999999999185,1364767.550999999977648
000333.SZ,2023.10.26,52.219999999999998,52.719999999999998,52.030000000000001,52.509999999999997,52.420000000000001,0.09,0.1717,151655.119999999995343,794020.501000000047497
000333.SZ,2023.10.27,52.359999999999999,54,52.21,53.740000000000002,52.509999999999997,1.23,2.3424,253187.940000000002328,1352282.942999999970197
000333.SZ,2023.10.30,53.329999999999998,54.64,53.329999999999998,54.5,53.740000000000002,0.76,1.4142,164884.739999999990686,892765.170000000041909
000333.SZ,2023.10.31,54.299999999999997,54.299999999999997,52.700000000000002,52.920000000000001,54.5,-1.58,-2.8991,238072.119999999995343,1263696.550000000046566
000333.SZ,2023.11.01,52.810000000000002,53.46,52.700000000000002,53.009999999999998,52.920000000000001,0.09,0.1701,189338.230000000010477,1004719.415999999968335
000333.SZ,2023.11.02,53,54.409999999999996,52.810000000000002,53.179999999999999,53.009999999999998,0.17,0.3207,200854.779999999998835,1072266.179999999934807
000333.SZ,2023.11.03,53.119999999999997,53.350000000000001,52.719999999999998,52.799999999999997,53.179999999999999,-0.38,-0.7146,177406.440000000002328,939971.081000000005587
000333.SZ,2023.11.06,53,53.299999999999997,52.700000000000002,53.14,52.799999999999997,0.34,0.6439,249182.239999999990686,1322403.102999999886378
000333.SZ,2023.11.07,53.100000000000001,53.280000000000001,52.579999999999998,53.100000000000001,53.14,-0.04,-0.0753,188981.880000000004656,999762.782000000006519
000333.SZ,2023.11.08,52.649999999999998,52.990000000000001,52.509999999999997,52.850000000000001,53.100000000000001,-0.25,-0.4708,213857.279999999998835,1128009.34499999997206
000333.SZ,2023.11.09,52.880000000000002,53.329999999999998,52.350000000000001,52.450000000000002,52.850000000000001,-0.4,-0.7569,141468.929999999993015,743811.714000000036321
000333.SZ,2023.11.10,52.299999999999997,52.859999999999999,52.25,52.700000000000002,52.450000000000002,0.25,0.4766,130270.770000000004074,685147.777000000001862
000333.SZ,2023.11.13,52.64,52.64,50.679999999999999,51.060000000000002,52.700000000000002,-1.64,-3.112,382915.580000000016298,1957444.236000000033527
000333.SZ,2023.11.14,51.020000000000003,51.420000000000001,50.799999999999997,51.090000000000003,51.060000000000002,0.03,0.0588,248027.929999999993015,1266466.645999999949708
000333.SZ,2023.11.15,51.439999999999997,51.759999999999997,50.950000000000002,51.539999999999999,51.090000000000003,0.45,0.8808,196362.839999999996507,1010107.978000000002793
000333.SZ,2023.11.16,51.399999999999998,52.189999999999997,51.310000000000002,51.75,51.539999999999999,0.21,0.4075,216055.329999999987194,1121013.155000000027939
000333.SZ,2023.11.17,51.600000000000001,51.969999999999998,51.21,51.859999999999999,51.75,0.11,0.2126,135134.220000000001164,697252.680000000051222
000333.SZ,2023.11.20,51.539999999999999,52.899999999999998,51.539999999999999,52.429999999999999,51.859999999999999,0.57,1.0991,182190.75,955124.71999999997206
000333.SZ,2023.11.21,52.619999999999997,53.189999999999997,52.450000000000002,52.450000000000002,52.429999999999999,0.02,0.0381,158459.019999999989522,836507.594000000040978
000333.SZ,2023.11.22,52.450000000000002,52.600000000000001,51.899999999999998,52.149999999999998,52.450000000000002,-0.3,-0.572,97869.059999999997671,511071.755000000004656
000333.SZ,2023.11.23,52.149999999999998,52.929999999999999,51.850000000000001,52.759999999999997,52.149999999999998,0.61,1.1697,101033.509999999994761,529662.62300000002142
000333.SZ,2023.11.24,52.799999999999997,52.850000000000001,52.07,52.479999999999996,52.759999999999997,-0.28,-0.5307,157245.299999999988358,822539.515000000013969
000333.SZ,2023.11.27,52.429999999999999,52.429999999999999,51.75,51.969999999999998,52.479999999999996,-0.51,-0.9718,159225.059999999997671,827425.456000000005587
000333.SZ,2023.11.28,52.200000000000002,52.799999999999997,51.530000000000001,52.530000000000001,51.969999999999998,0.56,1.0775,217876.369999999995343,1138681.641000000061467
000333.SZ,2023.11.29,52.530000000000001,52.579999999999998,51.719999999999998,52.009999999999998,52.530000000000001,-0.52,-0.9899,124265.380000000004656,646048.741999999969266
000333.SZ,2023.11.30,51.810000000000002,52,51.409999999999996,51.670000000000001,52.009999999999998,-0.34,-0.6537,128618.619999999995343,664815.26100000005681
000333.SZ,2023.12.01,52.299999999999997,52.359999999999999,50.329999999999998,50.549999999999997,51.670000000000001,-1.12,-2.1676,316049.830000000016298,1604750.726999999955296
000333.SZ,2023.12.04,50.479999999999996,50.789999999999999,49.840000000000003,50.090000000000003,50.549999999999997,-0.46,-0.91,220586.720000000001164,1107559.874000000068917
000333.SZ,2023.12.05,50.090000000000003,50.189999999999997,49.219999999999998,49.219999999999998,50.090000000000003,-0.87,-1.7369,225103.179999999993015,1120255.577000000048428
000333.SZ,2023.12.06,49.060000000000002,49.649999999999998,48.75,49.179999999999999,49.219999999999998,-0.04,-0.0813,191141.140000000013969,942351.430999999982304
000333.SZ,2023.12.07,49.359999999999999,50.490000000000002,49.219999999999998,50.219999999999998,49.179999999999999,1.04,2.1147,250218.60000000000582,1251685.067000000039115
000333.SZ,2023.12.08,50.179999999999999,51.079999999999998,50.090000000000003,50.340000000000003,50.219999999999998,0.12,0.2389,218113.399999999994179,1102240.030999999959021
000333.SZ,2023.12.11,49.850000000000001,51.399999999999998,49.219999999999998,51.020000000000003,50.340000000000003,0.68,1.3508,252014.670000000012805,1272635.678000000072643
000333.SZ,2023.12.12,51.5,51.549999999999997,50.719999999999998,51,51.020000000000003,-0.02,-0.0392,172048.149999999994179,879672.020000000018626
000333.SZ,2023.12.13,50.899999999999998,50.990000000000001,50.509999999999997,50.689999999999997,51,-0.31,-0.6078,128586.949999999997089,652164.457999999984167
000333.SZ,2023.12.14,50.909999999999996,51.469999999999998,50.579999999999998,50.89,50.689999999999997,0.2,0.3946,165634.10000000000582,847402.712999999988824
000333.SZ,2023.12.15,50.509999999999997,51.100000000000001,50.299999999999997,50.329999999999998,50.89,-0.56,-1.1004,204701.549999999988358,1034871.741999999969266
000333.SZ,2023.12.18,50.030000000000001,51.179999999999999,49.75,51.090000000000003,50.329999999999998,0.76,1.51,223074.690000000002328,1133044.739999999990686
000333.SZ,2023.12.19,51.079999999999998,51.079999999999998,50.46,50.75,51.090000000000003,-0.34,-0.6655,169545.329999999987194,859776.400000000023283
000333.SZ,2023.12.20,50.75,51.399999999999998,50.520000000000003,51.030000000000001,50.75,0.28,0.5517,254170.290000000008149,1298397.55600000009872
000333.SZ,2023.12.21,51.219999999999998,52.280000000000001,50.869999999999997,52.020000000000003,51.030000000000001,0.99,1.94,274212.119999999995343,1422425.462000000057742
000333.SZ,2023.12.22,51.909999999999996,52.990000000000001,51.700000000000002,52.770000000000003,52.020000000000003,0.75,1.4418,227281.140000000013969,1194539.708000000100582
000333.SZ,2023.12.25,52.619999999999997,53.25,52.429999999999999,52.670000000000001,52.770000000000003,-0.1,-0.1895,113149.60000000000582,598032.182000000029802
000333.SZ,2023.12.26,52.619999999999997,53.229999999999996,52.530000000000001,52.799999999999997,52.670000000000001,0.13,0.2468,161523.279999999998835,855413.70299999997951
000333.SZ,2023.12.27,52.780000000000001,53.700000000000002,52.719999999999998,53.600000000000001,52.799999999999997,0.8,1.5152,203068.829999999987194,1081963.246999999973922
000333.SZ,2023.12.28,53.439999999999997,54.159999999999996,53.25,54.049999999999997,53.600000000000001,0.45,0.8396,247280.480000000010477,1331261.037999999942258
000333.SZ,2023.12.29,54.07,54.979999999999996,53.719999999999998,54.630000000000002,54.049999999999997,0.58,1.0731,259372.529999999998835,1410074.986999999964609
000333.SZ,2024.01.02,54.630000000000002,55.049999999999997,54.200000000000002,54.560000000000002,54.630000000000002,-0.07,-0.1281,239056.970000000001164,1305162.003999999957159
000333.SZ,2024.01.03,54.590000000000003,54.799999999999997,54.100000000000001,54.450000000000002,54.560000000000002,-0.11,-0.2016,206896.730000000010477,1126649.739000000059604
000333.SZ,2024.01.04,54.659999999999996,55.32,54.450000000000002,55.25,54.450000000000002,0.8,1.4692,267025.020000000018626,1467886.385000000009313
000333.SZ,2024.01.05,55.200000000000002,56.079999999999998,54.850000000000001,55.600000000000001,55.25,0.35,0.6335,300428.770000000018626,1669357.550999999977648
000333.SZ,2024.01.08,55.600000000000001,55.600000000000001,54.619999999999997,55,55.600000000000001,-0.6,-1.0791,278097.390000000013969,1531117.699000000022351
000333.SZ,2024.01.09,54.71,55.329999999999998,54.109999999999999,55.170000000000001,55,0.17,0.3091,216070.410000000003492,1184711.712000000057742
000333.SZ,2024.01.10,55.170000000000001,55.770000000000003,54.840000000000003,55.219999999999998,55.170000000000001,0.05,0.0906,178208.130000000004656,984854.74600000004284
000333.SZ,2024.01.11,55.219999999999998,55.490000000000002,54.729999999999996,55,55.219999999999998,-0.22,-0.3984,212369.200000000011641,1168392.665000000037252
000333.SZ,2024.01.12,54.899999999999998,55.71,54.579999999999998,55,55,0,0,243610.799999999988358,1343879.864999999990686
000333.SZ,2024.01.15,54.840000000000003,55.979999999999996,54.659999999999996,55.880000000000002,55,0.88,1.6,191240.970000000001164,1063527.118999999947845
000333.SZ,2024.01.16,55.609999999999999,56.950000000000002,55.100000000000001,56.920000000000001,55.880000000000002,1.04,1.8611,337303.989999999990686,1903147.107000000076368
000333.SZ,2024.01.17,56.630000000000002,57.289999999999999,56.369999999999997,56.369999999999997,56.920000000000001,-0.55,-0.9663,269141.260000000009313,1530395.101999999955296
000333.SZ,2024.01.18,56.789999999999999,56.990000000000001,55.079999999999998,56.399999999999998,56.369999999999997,0.03,0.0532,390231,2175726.535999999847263
000333.SZ,2024.01.19,56,56.600000000000001,55.859999999999999,56.14,56.399999999999998,-0.26,-0.461,299370.039999999979045,1681993.908999999985098
000333.SZ,2024.01.22,55.880000000000002,56.659999999999996,55.079999999999998,55.340000000000003,56.14,-0.8,-1.425,359803.21999999997206,2017295.148999999975785
000333.SZ,2024.01.23,55.520000000000003,56.689999999999997,54.799999999999997,56.380000000000002,55.340000000000003,1.04,1.8793,288485.179999999993015,1612570.165999999968335
000333.SZ,2024.01.24,56.149999999999998,57.439999999999997,56.020000000000003,57.189999999999997,56.380000000000002,0.81,1.4367,264637.210000000020954,1503303.922999999951571
000333.SZ,2024.01.25,57.299999999999997,57.490000000000002,56.240000000000002,56.350000000000001,57.189999999999997,-0.84,-1.4688,249636.290000000008149,1412367.267999999923631
000333.SZ,2024.01.26,56.350000000000001,57.75,56.350000000000001,57.509999999999997,56.350000000000001,1.16,2.0586,327457.369999999995343,1874299.632999999914318
000333.SZ,2024.01.29,57.899999999999998,59.479999999999996,57.689999999999997,58.689999999999997,57.509999999999997,1.18,2.0518,374987.35999999998603,2204469.370000000111758
000333.SZ,2024.01.30,58.700000000000002,59.200000000000002,58,58.219999999999998,58.689999999999997,-0.47,-0.8008,273732.989999999990686,1604993.046000000089406
000333.SZ,2024.01.31,57.909999999999996,58.939999999999997,57.420000000000001,58.25,58.219999999999998,0.03,0.0515,255441.529999999998835,1486711.03900000010617
000333.SZ,2024.02.01,58.229999999999996,59.46,58,58.810000000000002,58.25,0.56,0.9614,303401.75,1785789.270999999949708
000333.SZ,2024.02.02,58.5,58.880000000000002,57.310000000000002,58.25,58.810000000000002,-0.56,-0.9522,289505.039999999979045,1687829.337000000057742
000333.SZ,2024.02.05,58,59.600000000000001,57.82,59.450000000000002,58.25,1.2,2.0601,461602.679999999993015,2724269.121999999973922
000333.SZ,2024.02.06,59.259999999999997,60.789999999999999,59.020000000000003,59.950000000000002,59.450000000000002,0.5,0.841,379463.849999999976716,2279549.237999999895691
000333.SZ,2024.02.07,59.289999999999999,61.170000000000001,59.030000000000001,61.109999999999999,59.950000000000002,1.16,1.9349,461959.190000000002328,2791586.566999999806284
000333.SZ,2024.02.08,61.289999999999999,62.359999999999999,59.979999999999996,60.289999999999999,61.109999999999999,-0.82,-1.3418,347231.799999999988358,2112587.867000000085681
000333.SZ,2024.02.19,61.700000000000002,61.700000000000002,59.810000000000002,60.600000000000001,60.289999999999999,0.31,0.5142,356958.539999999979045,2157379.73300000000745
000333.SZ,2024.02.20,60.299999999999997,61.789999999999999,59.670000000000001,61.700000000000002,60.600000000000001,1.1,1.8152,296309.169999999983701,1807531.881999999983236
000333.SZ,2024.02.21,61,62.549999999999997,60.679999999999999,61.71,61.700000000000002,0.01,0.0162,277971.820000000006984,1719403.865999999921768
000333.SZ,2024.02.22,61.21,61.789999999999999,61.030000000000001,61.350000000000001,61.71,-0.36,-0.5834,192590.549999999988358,1180530.929999999934807
000333.SZ,2024.02.23,61.679999999999999,62.100000000000001,59.32,59.619999999999997,61.350000000000001,-1.73,-2.8199,430935.96999999997206,2580957.129000000189989
000333.SZ,2024.02.26,59.850000000000001,61.5,59.850000000000001,60.299999999999997,59.619999999999997,0.68,1.1406,340977.309999999997671,2070387.071999999927356
000333.SZ,2024.02.27,60.590000000000003,61.990000000000001,60.100000000000001,61.920000000000001,60.299999999999997,1.62,2.6866,280147.950000000011641,1720508.59499999997206
000333.SZ,2024.02.28,62,62.310000000000002,60.950000000000002,61.82,61.920000000000001,-0.1,-0.1615,253673.640000000013969,1568616.989000000059604
000333.SZ,2024.02.29,62,63.479999999999996,61.75,62.630000000000002,61.82,0.81,1.3103,489209.979999999981373,3071855.396000000182539
000333.SZ,2024.03.28,64.230000000000003,65.39,63.179999999999999,64.579999999999998,63.670000000000001,0.91,1.4292,451854.10999999998603,2915943.393999999854713
000333.SZ,2024.03.29,64.579999999999998,65.730000000000004,63.659999999999996,64.219999999999998,64.579999999999998,-0.36,-0.5574,254688.579999999987194,1638381.68999999994412
000333.SZ,2024.03.01,63.5,64.510000000000005,62.880000000000002,64.469999999999998,62.630000000000002,1.84,2.9379,328449.059999999997671,2102800.959999999962747
000333.SZ,2024.03.04,65,66,63.5,64.599999999999994,64.469999999999998,0.13,0.2016,373843.919999999983701,2415284.580000000074505
000333.SZ,2024.03.05,64.650000000000005,65.400000000000005,63.450000000000002,65.040000000000006,64.599999999999994,0.44,0.6811,355253.260000000009313,2288367.736000000033527
000333.SZ,2024.03.06,64.900000000000005,65.530000000000001,64.299999999999997,64.510000000000005,65.040000000000006,-0.53,-0.8149,219230.010000000009313,1422222.516000000061467
000333.SZ,2024.03.07,64.450000000000002,66.650000000000005,64.200000000000002,65.799999999999997,64.510000000000005,1.29,1.9997,306340.330000000016298,2020641.41400000010617
000333.SZ,2024.03.08,65.870000000000004,66.489999999999994,64.879999999999995,66.099999999999994,65.799999999999997,0.3,0.4559,261254.10000000000582,1714883.40100000007078
000333.SZ,2024.03.11,66.090000000000003,66.099999999999994,64.560000000000002,65.420000000000001,66.099999999999994,-0.68,-1.0287,280270.020000000018626,1826293.591999999945983
000333.SZ,2024.03.12,65.349999999999994,65.349999999999994,63.049999999999997,64.129999999999995,65.420000000000001,-1.29,-1.9719,507399.150000000023283,3241294.65100000007078
000333.SZ,2024.03.13,63.659999999999996,64.329999999999998,63,64.069999999999993,64.129999999999995,-0.06,-0.0936,327231.640000000013969,2084900.58199999993667
000333.SZ,2024.03.14,63.859999999999999,64.75,63.600000000000001,64.5,64.069999999999993,0.43,0.6711,315316.770000000018626,2026233.406999999890103
000333.SZ,2024.03.15,64.39,64.5,63.299999999999997,64.019999999999996,64.5,-0.48,-0.7442,254639.040000000008149,1624685.42699999990873
000333.SZ,2024.03.18,63.880000000000002,63.89,62.350000000000001,62.359999999999999,64.019999999999996,-1.66,-2.5929,425011.130000000004656,2667915.013999999966472
000333.SZ,2024.03.19,62.200000000000002,63.119999999999997,62.170000000000001,62.600000000000001,62.359999999999999,0.24,0.3849,297946.179999999993015,1867932.283999999985098
000333.SZ,2024.03.20,62.200000000000002,62.5,61.399999999999998,61.880000000000002,62.600000000000001,-0.72,-1.1502,377908.900000000023283,2337851.554000000003725
000333.SZ,2024.03.21,61.909999999999996,62.039999999999999,60.130000000000002,60.549999999999997,61.880000000000002,-1.33,-2.1493,391891.530000000027939,2377326.99599999981001
000333.SZ,2024.03.22,60.560000000000002,62.649999999999998,60.5,62.619999999999997,60.549999999999997,2.07,3.4187,431567.770000000018626,2671677.604999999981373
000333.SZ,2024.03.25,62.189999999999997,63.659999999999996,61.780000000000001,62.899999999999998,62.619999999999997,0.28,0.4471,269033.260000000009313,1694247.611000000033527
000333.SZ,2024.03.26,62.310000000000002,63.25,62.310000000000002,62.719999999999998,62.899999999999998,-0.18,-0.2862,253537.489999999990686,1591428.438000000081956
000333.SZ,2024.03.27,62.530000000000001,64.879999999999995,62.509999999999997,63.670000000000001,62.719999999999998,0.95,1.5147,348427.940000000002328,2227887.825000000186264
000333.SZ,2024.04.01,64.5,66.280000000000001,64.099999999999994,66.219999999999998,64.219999999999998,2,3.1143,327712.25,2146737.285999999847263
000333.SZ,2024.04.02,66,66.530000000000001,65.75,66.25,66.219999999999998,0.03,0.0453,226536.320000000006984,1497277.780000000027939
000333.SZ,2024.04.03,66.200000000000002,66.900000000000005,65.980000000000004,66.730000000000004,66.25,0.48,0.7245,206264.950000000011641,1370613.98300000000745
000333.SZ,2024.04.08,66.719999999999998,66.849999999999994,64.670000000000001,65.319999999999993,66.730000000000004,-1.41,-2.113,324344.919999999983701,2125546.169000000227242
000333.SZ,2024.04.09,65,65.599999999999994,64.819999999999993,65.040000000000006,65.319999999999993,-0.28,-0.4287,194782.790000000008149,1270147.986000000033527
000333.SZ,2024.04.10,64.870000000000004,66.200000000000002,64.560000000000002,65.170000000000001,65.040000000000006,0.13,0.1999,180819.700000000011641,1184377.719000000040978
000333.SZ,2024.04.11,64.950000000000002,65.950000000000002,64.609999999999999,65.069999999999993,65.170000000000001,-0.1,-0.1534,190047.690000000002328,1239842.458000000100582
000333.SZ,2024.04.12,64.989999999999994,65.599999999999994,64.579999999999998,64.89,65.069999999999993,-0.18,-0.2766,217343.880000000004656,1414407.754999999888241
000333.SZ,2024.04.15,64.89,67,64.709999999999993,66.840000000000003,64.89,1.95,3.0051,317837.409999999974388,2102897.320999999996274
000333.SZ,2024.04.16,66.780000000000001,68.769999999999995,66.569999999999993,68.310000000000002,66.840000000000003,1.47,2.1993,391913.799999999988358,2659237.097000000067055
000333.SZ,2024.04.17,68,68.799999999999997,66.980000000000004,68.579999999999998,68.310000000000002,0.27,0.3953,245496.489999999990686,1664966.379999999888241
000333.SZ,2024.04.18,68.579999999999998,71.329999999999998,68.379999999999995,70,68.579999999999998,1.42,2.0706,395421.35999999998603,2777734.45699999993667
000333.SZ,2024.04.19,69.430000000000006,70.579999999999998,69.430000000000006,70,70,0,0,288123.349999999976716,2017233.100000000093132
000333.SZ,2024.04.22,70.200000000000002,71.189999999999997,69.5,69.980000000000004,70,-0.02,-0.0286,289437.539999999979045,2032072.604999999981373
000333.SZ,2024.04.23,69.829999999999998,70,67.590000000000003,68.39,69.980000000000004,-1.59,-2.2721,382179.400000000023283,2605557.575000000186264
000333.SZ,2024.04.24,68.340000000000003,68.64,66.75,67.900000000000005,68.39,-0.49,-0.7165,307830.46999999997206,2079963.046000000089406
000333.SZ,2024.04.25,67.129999999999995,68.560000000000002,67.129999999999995,68.239999999999994,67.900000000000005,0.34,0.5007,220332.980000000010477,1500859.468000000109896
000333.SZ,2024.04.26,68.25,68.650000000000005,67.420000000000001,68.370000000000004,68.239999999999994,0.13,0.1905,242257.470000000001164,1650078.938000000081956
000333.SZ,2024.04.29,68.299999999999997,68.879999999999995,67.230000000000003,68.200000000000002,68.370000000000004,-0.17,-0.2486,332263.979999999981373,2264197.665000000037252
000333.SZ,2024.04.30,66.840000000000003,71.150000000000005,66.799999999999997,69.780000000000001,68.200000000000002,1.58,2.3167,571318.430000000051222,3988190.598000000230967
000333.SZ,2024.05.06,70.5,71.459999999999993,69.650000000000005,71.010000000000005,69.780000000000001,1.23,1.7627,461799.140000000013969,3263609.833000000100582
000333.SZ,2024.05.07,70.810000000000002,72.329999999999998,70.620000000000004,71.099999999999994,71.010000000000005,0.09,0.1267,304314.570000000006984,2176139.137999999802559
000333.SZ,2024.05.08,70.5,71.340000000000003,70.39,70.75,71.099999999999994,-0.35,-0.4923,176619.60000000000582,1252248.294999999925494
000333.SZ,2024.05.09,71,72.340000000000003,70.620000000000004,71.849999999999994,70.75,1.1,1.5548,285718.309999999997671,2046734.810000000055879
000333.SZ,2024.05.10,72.200000000000002,72.329999999999998,71.340000000000003,71.879999999999995,71.849999999999994,0.03,0.0418,224879.049999999988358,1616063.316000000108033
000333.SZ,2024.05.13,71.879999999999995,72.989999999999994,70.700000000000002,72.709999999999993,71.879999999999995,0.83,1.1547,271674.099999999976716,1965130.432999999960884
000333.SZ,2024.05.14,72.680000000000006,72.89,70.200000000000002,70.840000000000003,72.709999999999993,-1.87,-2.5719,399236.099999999976716,2827063.811000000219792
000333.SZ,2024.05.15,68.5,70.099999999999994,68.109999999999999,69.760000000000005,67.859999999999999,1.9,2.7999,301894.549999999988358,2090761.786000000080093
000333.SZ,2024.05.16,69.760000000000005,69.799999999999997,68.799999999999997,69.340000000000003,69.760000000000005,-0.42,-0.6021,246004.029999999998835,1703048.547999999951571
000333.SZ,2024.05.17,68.780000000000001,69.5,66.519999999999995,68.030000000000001,69.340000000000003,-1.31,-1.8892,418482.559999999997671,2828611.123000000137835
000333.SZ,2024.05.20,67.010000000000005,67.879999999999995,66.209999999999993,66.569999999999993,68.030000000000001,-1.46,-2.1461,426430.369999999995343,2846862.348999999929219
000333.SZ,2024.05.21,66.269999999999996,67.299999999999997,66.200000000000002,66.549999999999997,66.569999999999993,-0.02,-0.03,243587.940000000002328,1626841.821999999927356
000333.SZ,2024.05.22,66.340000000000003,66.540000000000006,65.310000000000002,65.409999999999996,66.549999999999997,-1.14,-1.713,261052.149999999994179,1715205.33199999993667
000333.SZ,2024.05.23,65.400000000000005,66.189999999999997,65,65.739999999999994,65.409999999999996,0.33,0.5045,240961.489999999990686,1582459.054999999934807
000333.SZ,2024.05.24,65.400000000000005,66.980000000000004,65.099999999999994,66.620000000000004,65.739999999999994,0.88,1.3386,259269.679999999993015,1724580.966999999945983
000333.SZ,2024.05.27,66.5,68.280000000000001,65.540000000000006,67.590000000000003,66.620000000000004,0.97,1.456,305462.190000000002328,2062139.516000000061467
000333.SZ,2024.05.28,67.599999999999994,67.780000000000001,66.5,67.030000000000001,67.590000000000003,-0.56,-0.8285,191736.670000000012805,1284865.351999999955296
000333.SZ,2024.05.29,66.599999999999994,67.200000000000002,65.5,65.849999999999994,67.030000000000001,-1.18,-1.7604,241320.980000000010477,1590410.760999999940395
000333.SZ,2024.05.30,65.709999999999993,66.189999999999997,65.14,65.180000000000006,65.849999999999994,-0.67,-1.0175,193586.230000000010477,1269509.291999999899417
000333.SZ,2024.05.31,65.189999999999997,65.569999999999993,64.549999999999997,64.760000000000005,65.180000000000006,-0.42,-0.6444,261294.190000000002328,1696172.929999999934807
000333.SZ,2024.06.03,64.879999999999995,66.299999999999997,64.269999999999996,65.019999999999996,64.760000000000005,0.26,0.4015,357556.289999999979045,2337233.615999999921768
000333.SZ,2024.06.04,64.989999999999994,64.989999999999994,63.399999999999998,64.680000000000006,65.019999999999996,-0.34,-0.5229,306211.979999999981373,1969401.516000000061467
000333.SZ,2024.06.05,64.549999999999997,65.200000000000002,63.799999999999997,63.920000000000001,64.680000000000006,-0.76,-1.175,283319.25,1825603.149999999906867
000333.SZ,2024.06.06,63.799999999999997,66.030000000000001,63.799999999999997,65.760000000000005,63.920000000000001,1.84,2.8786,436037.190000000002328,2848032.776999999769032
000333.SZ,2024.06.07,65.200000000000002,65.450000000000002,63.71,65.159999999999996,65.760000000000005,-0.6,-0.9124,400645.900000000023283,2591739.293000000063329
000333.SZ,2024.06.11,64.5,66.5,64.180000000000006,65,65.159999999999996,-0.16,-0.2455,336896.640000000013969,2188026.77199999988079
000333.SZ,2024.06.12,64.840000000000003,65.739999999999994,64.530000000000001,65.159999999999996,65,0.16,0.2462,257071.989999999990686,1675974.671000000089406
000333.SZ,2024.06.13,65.310000000000002,65.450000000000002,63.659999999999996,63.920000000000001,65.159999999999996,-1.24,-1.903,274850.46999999997206,1763239.543999999994412
000333.SZ,2024.06.14,63.509999999999997,65.760000000000005,63.5,65.609999999999999,63.920000000000001,1.69,2.6439,379244.46999999997206,2468107.111000000033527
000333.SZ,2024.06.17,65.760000000000005,65.760000000000005,64.180000000000006,64.530000000000001,65.609999999999999,-1.08,-1.6461,253358.079999999987194,1639603.939000000013038
000333.SZ,2024.06.18,64.299999999999997,65.189999999999997,63.670000000000001,64.840000000000003,64.530000000000001,0.31,0.4804,218674.690000000002328,1409611.739000000059604
000333.SZ,2024.06.19,64.769999999999995,65.079999999999998,62.799999999999997,64,64.840000000000003,-0.84,-1.2955,346999.570000000006984,2206055.297999999951571
000333.SZ,2024.06.20,63.899999999999998,64.75,63.539999999999999,64.469999999999998,64,0.47,0.7344,280857.880000000004656,1806800.938000000081956
000333.SZ,2024.06.21,64.489999999999994,64.75,63.5,63.950000000000002,64.469999999999998,-0.52,-0.8066,241536.690000000002328,1544527.730999999912455
000333.SZ,2024.06.24,63.71,65.549999999999997,63.609999999999999,64.879999999999995,63.950000000000002,0.93,1.4543,307990.530000000027939,1993977.958000000100582
000333.SZ,2024.06.25,64.849999999999994,65.790000000000006,64.519999999999995,65.290000000000006,64.879999999999995,0.41,0.6319,253092.059999999997671,1652171.355999999912455
000333.SZ,2024.06.26,65.010000000000005,65.39,63.909999999999996,64.25,65.290000000000006,-1.04,-1.5929,238314.070000000006984,1531598.023999999975785
000333.SZ,2024.06.27,64.049999999999997,64.480000000000004,63.469999999999998,64.099999999999994,64.25,-0.15,-0.2335,274094.60999999998603,1750926.675000000046566
000333.SZ,2024.06.28,63.5,64.790000000000006,63.479999999999996,64.5,64.099999999999994,0.4,0.624,251956.119999999995343,1624767.679000000003725
000333.SZ,2024.07.01,64.290000000000006,65.379999999999995,63.600000000000001,64.090000000000003,64.5,-0.41,-0.6357,195283.130000000004656,1255074.544999999925494
000333.SZ,2024.07.02,63.700000000000002,64.200000000000002,62.799999999999997,63,64.090000000000003,-1.09,-1.7007,291813.450000000011641,1843585.722000000067055
000333.SZ,2024.07.03,63.049999999999997,63.679999999999999,62.740000000000002,63.030000000000001,63,0.03,0.0476,181208.420000000012805,1145370.114999999990686
000333.SZ,2024.07.04,63.200000000000002,65.200000000000002,63.200000000000002,64.599999999999994,63.030000000000001,1.57,2.4909,277530.979999999981373,1794060.145999999949708
000333.SZ,2024.07.05,64.5,65.150000000000005,63,64,64.599999999999994,-0.6,-0.9288,264795.820000000006984,1686503.68100000009872
000333.SZ,2024.07.08,63.600000000000001,64.719999999999998,63.170000000000001,64.230000000000003,64,0.23,0.3594,194435.760000000009313,1247645.530999999959021
000333.SZ,2024.07.09,63.810000000000002,64.670000000000001,63.619999999999997,64.099999999999994,64.230000000000003,-0.13,-0.2024,216644.640000000013969,1392889.371999999973922
000333.SZ,2024.07.10,64.540000000000006,65.060000000000002,63.810000000000002,63.810000000000002,64.099999999999994,-0.29,-0.4524,158469.089999999996507,1016718.369999999995343
000333.SZ,2024.07.11,63.850000000000001,64.450000000000002,62.520000000000003,63.899999999999998,63.810000000000002,0.09,0.141,271826.549999999988358,1727208.382999999914318
000333.SZ,2024.07.12,63.789999999999999,65.200000000000002,63.64,65,63.899999999999998,1.1,1.7214,245740.920000000012805,1588658.352999999886378
000333.SZ,2024.07.15,64.780000000000001,65.159999999999996,64.359999999999999,64.939999999999997,65,-0.06,-0.0923,170459.130000000004656,1104204.269000000087544
000333.SZ,2024.07.16,64.629999999999995,64.959999999999993,63.75,64.269999999999996,64.939999999999997,-0.67,-1.0317,204067.779999999998835,1313240.364000000059604
000333.SZ,2024.07.17,64.040000000000006,64.379999999999995,61.659999999999996,62.829999999999998,64.269999999999996,-1.44,-2.2405,464628.489999999990686,2909157.024000000208616
000333.SZ,2024.07.18,62.009999999999998,64.459999999999993,62.009999999999998,63.899999999999998,62.829999999999998,1.07,1.703,345324.619999999995343,2193053.87099999981001
000333.SZ,2024.07.19,63.359999999999999,63.780000000000001,62.89,63.600000000000001,63.899999999999998,-0.3,-0.4695,217969.630000000004656,1381064.60800000000745
000333.SZ,2024.07.22,63.450000000000002,64.64,63.32,63.630000000000002,63.600000000000001,0.03,0.0472,199303.450000000011641,1273643.439000000013038
000333.SZ,2024.07.23,63.630000000000002,63.789999999999999,62.380000000000002,62.380000000000002,63.630000000000002,-1.25,-1.9645,185378.450000000011641,1165932.040000000037252
000333.SZ,2024.07.24,62.009999999999998,62.719999999999998,59.64,60.079999999999998,62.380000000000002,-2.3,-3.6871,455473.35999999998603,2757887.294000000227242
000333.SZ,2024.07.25,59.520000000000003,60.090000000000003,58.899999999999998,59.399999999999998,60.079999999999998,-0.68,-1.1318,301091.510000000009313,1787253.321999999927356
000333.SZ,2024.07.26,62.829999999999998,62.990000000000001,61.399999999999998,62.840000000000003,59.399999999999998,3.44,5.7912,577401.709999999962747,3598947.643000000156462
000333.SZ,2024.07.29,62.299999999999997,63.21,62.159999999999996,62.880000000000002,62.840000000000003,0.04,0.0637,207128.279999999998835,1297587.354999999981373
000333.SZ,2024.07.30,62.509999999999997,62.770000000000003,60.600000000000001,61.060000000000002,62.880000000000002,-1.82,-2.8944,225758.45999999999185,1381015.834000000031664
000333.SZ,2024.07.31,60.729999999999996,63.859999999999999,60.729999999999996,63.759999999999997,61.060000000000002,2.7,4.4219,401747.390000000013969,2530147.580000000074505
000333.SZ,2024.08.01,63.799999999999997,64.670000000000001,63.409999999999996,63.579999999999998,63.759999999999997,-0.18,-0.2823,244068.329999999987194,1561027.259000000078231
000333.SZ,2024.08.02,63.299999999999997,64.280000000000001,62.57,62.990000000000001,63.579999999999998,-0.59,-0.928,202615.239999999990686,1280021.473999999929219
000333.SZ,2024.08.05,62.539999999999999,64.299999999999997,61.560000000000002,61.649999999999998,62.990000000000001,-1.34,-2.1273,354767.539999999979045,2214817.31499999994412
000333.SZ,2024.08.06,61.609999999999999,62.259999999999997,59.520000000000003,59.920000000000001,61.649999999999998,-1.73,-2.8062,384931.820000000006984,2316733.895000000018626
000333.SZ,2024.08.07,59.920000000000001,61.380000000000002,59.240000000000002,60.700000000000002,59.920000000000001,0.78,1.3017,252985.920000000012805,1535238.304000000003725
000333.SZ,2024.08.08,60.420000000000001,61.479999999999996,60.21,60.96,60.700000000000002,0.26,0.4283,142319.10000000000582,867672.449999999953433
000333.SZ,2024.08.09,60.850000000000001,61.700000000000002,60.329999999999998,60.5,60.96,-0.46,-0.7546,138023.75,839905.714000000036321
000333.SZ,2024.08.12,60.5,62.14,60.310000000000002,61.380000000000002,60.5,0.88,1.4545,169492.35000000000582,1042597.207999999984167
000333.SZ,2024.08.13,61.380000000000002,62.109999999999999,60.920000000000001,61.359999999999999,61.380000000000002,-0.02,-0.0326,98350.740000000005238,602892.300000000046566
000333.SZ,2024.08.14,61.359999999999999,61.490000000000002,60.600000000000001,60.899999999999998,61.359999999999999,-0.46,-0.7497,112277.80000000000291,685993.302000000025145
000333.SZ,2024.08.15,60.700000000000002,61.350000000000001,60.289999999999999,61,60.899999999999998,0.1,0.1642,191632.619999999995343,1166672.166999999899417
000333.SZ,2024.08.16,60.810000000000002,61.899999999999998,60.670000000000001,61.740000000000002,61,0.74,1.2131,180669.880000000004656,1112521.867000000085681
000333.SZ,2024.08.19,61.689999999999997,63.149999999999998,61.670000000000001,62.359999999999999,61.740000000000002,0.62,1.0042,172753.489999999990686,1075574.307999999960884
000333.SZ,2024.08.20,63.479999999999996,63.490000000000002,61.759999999999997,63.020000000000003,62.359999999999999,0.66,1.0584,257809.739999999990686,1623775.567000000039115
000333.SZ,2024.08.21,62.71,63.700000000000002,62.329999999999998,63.159999999999996,63.020000000000003,0.14,0.2222,211871.299999999988358,1337959.06499999994412
000333.SZ,2024.08.22,63.130000000000002,64.489999999999994,62.719999999999998,64.090000000000003,63.159999999999996,0.93,1.4725,249787.429999999993015,1597113.182999999960884
000333.SZ,2024.08.23,64,65.959999999999993,63.880000000000002,65.459999999999993,64.090000000000003,1.37,2.1376,290471.349999999976716,1895805.009000000078231
000333.SZ,2024.08.26,65.939999999999997,66.650000000000005,64.900000000000005,66.319999999999993,65.459999999999993,0.86,1.3138,339581.510000000009313,2241141.518000000156462
000333.SZ,2024.08.27,66,66.480000000000004,65.489999999999994,65.989999999999994,66.319999999999993,-0.33,-0.4976,241137.929999999993015,1590912.374000000068917
000333.SZ,2024.08.28,65.980000000000004,66.150000000000005,64.569999999999993,64.930000000000006,65.989999999999994,-1.06,-1.6063,265429.590000000025611,1726057.216999999945983
000333.SZ,2024.08.29,64.420000000000001,65.310000000000002,63.950000000000002,63.950000000000002,64.930000000000006,-0.98,-1.5093,232855.630000000004656,1500197.087999999988824
000333.SZ,2024.08.30,63.479999999999996,65.810000000000002,63.380000000000002,64.75,63.950000000000002,0.8,1.251,333863.340000000025611,2160911.498000000137835
000333.SZ,2024.09.02,64.5,66.519999999999995,64.439999999999997,65.230000000000003,64.75,0.48,0.7413,260758.820000000006984,1706301.995000000111758
000333.SZ,2024.09.03,65.010000000000005,66.480000000000004,65,65.969999999999998,65.230000000000003,0.74,1.1344,242378.880000000004656,1599193.263999999966472
000333.SZ,2024.09.04,65.859999999999999,66.700000000000002,65.359999999999999,65.480000000000004,65.969999999999998,-0.49,-0.7428,274996.330000000016298,1814975.104000000050291
000333.SZ,2024.09.05,64.950000000000002,65.400000000000005,63.479999999999996,63.590000000000003,65.480000000000004,-1.89,-2.8864,432123.21999999997206,2763225.15100000007078
000333.SZ,2024.09.06,63.600000000000001,64.549999999999997,62.899999999999998,63.020000000000003,63.590000000000003,-0.57,-0.8964,233201.640000000013969,1480652.837000000057742
000333.SZ,2024.09.09,61.350000000000001,62.200000000000002,60.679999999999999,61.090000000000003,63.020000000000003,-1.93,-3.0625,548406.380000000004656,3359451.100000000093132
000333.SZ,2024.09.10,60.479999999999996,61.64,60.479999999999996,60.75,61.090000000000003,-0.34,-0.5566,401110.340000000025611,2451075.85399999981746
000333.SZ,2024.09.11,60.520000000000003,62.079999999999998,59.700000000000002,61.659999999999996,60.75,0.91,1.4979,419217.619999999995343,2572399.328000000212341
000333.SZ,2024.09.12,61.799999999999997,62.850000000000001,61.659999999999996,62.369999999999997,61.659999999999996,0.71,1.1515,276168.60999999998603,1719561.912999999942258
000333.SZ,2024.09.13,62.049999999999997,63.780000000000001,61.590000000000003,63.509999999999997,62.369999999999997,1.14,1.8278,321489.940000000002328,2037679.477999999886378
000333.SZ,2024.09.18,63.619999999999997,65.709999999999993,63.399999999999998,65.25,63.509999999999997,1.74,2.7397,295025.960000000020954,1915513.517999999923631
000333.SZ,2024.09.19,62.299999999999997,65.730000000000004,62.299999999999997,65.280000000000001,65.25,0.03,0.046,476115.030000000027939,3085181.570999999996274
000333.SZ,2024.09.20,64.909999999999996,66.299999999999997,64.760000000000005,66.060000000000002,65.280000000000001,0.78,1.1949,398012.5,2608979.308999999891966
000333.SZ,2024.09.23,66.459999999999993,67.89,66.200000000000002,67.599999999999994,66.060000000000002,1.54,2.3312,391621.409999999974388,2643088.027999999932944
000333.SZ,2024.09.24,67.599999999999994,68.25,66.200000000000002,68.040000000000006,67.599999999999994,0.44,0.6509,500901.520000000018626,3378454.557000000029802
000333.SZ,2024.09.25,68.209999999999993,71.5,68.209999999999993,70.109999999999999,68.040000000000006,2.07,3.0423,627661.290000000037252,4428074.583999999798834
000333.SZ,2024.09.26,70,73.680000000000006,69.790000000000006,73.560000000000002,70.109999999999999,3.45,4.9208,501342.119999999995343,3592524.657999999821186
000333.SZ,2024.09.27,74.75,76.400000000000005,71.150000000000005,73,73.560000000000002,-0.56,-0.7613,857447.869999999995343,6253333.701999999582767
000333.SZ,2024.09.30,73.159999999999996,76.900000000000005,72.030000000000001,76.060000000000002,73,3.06,4.1918,1251664.919999999925494,9344041.94400000013411
000333.SZ,2024.10.08,83.670000000000001,83.670000000000001,78.730000000000004,80.189999999999997,76.060000000000002,4.13,5.4299,1352392.669999999925494,11050056.031999999657273
000333.SZ,2024.10.09,78.400000000000005,79.319999999999993,74.019999999999996,75.010000000000005,80.189999999999997,-5.18,-6.4597,895501.130000000004656,6896386.875
000333.SZ,2024.10.10,75.950000000000002,79.379999999999995,75.870000000000004,78.299999999999997,75.010000000000005,3.29,4.3861,673033.989999999990686,5259062.088000000454485
000333.SZ,2024.10.11,78,78.230000000000003,75.900000000000005,76.769999999999995,78.299999999999997,-1.53,-1.954,380601.780000000027939,2930030.641999999992549
000333.SZ,2024.10.14,77.030000000000001,79.290000000000006,76.599999999999994,79,76.769999999999995,2.23,2.9048,462828.320000000006984,3620244.782000000122934
000333.SZ,2024.10.15,79,79,76,76,79,-3,-3.7975,375833.159999999974388,2905639.305999999865889
000333.SZ,2024.10.16,74.700000000000002,75.5,73.730000000000004,75.239999999999994,76,-0.76,-1,342829.489999999990686,2559503.19400000013411
000333.SZ,2024.10.17,75.239999999999994,75.530000000000001,72.900000000000005,73.079999999999998,75.239999999999994,-2.16,-2.8708,394376.299999999988358,2920853.669999999925494
000333.SZ,2024.10.18,73.079999999999998,76.200000000000002,72.650000000000005,75.010000000000005,73.079999999999998,1.93,2.6409,427851.059999999997671,3180240.270000000018626
000333.SZ,2024.10.21,75.349999999999994,75.980000000000004,73.280000000000001,74.079999999999998,75.010000000000005,-0.93,-1.2398,343228.960000000020954,2547898.012999999802559
000333.SZ,2024.10.22,74.349999999999994,76.959999999999993,74.14,76.5,74.079999999999998,2.42,3.2667,404059.729999999981373,3073890.030999999959021
000333.SZ,2024.10.23,76.599999999999994,77.780000000000001,76,76.379999999999995,76.5,-0.12,-0.1569,268312.799999999988358,2053544.727999999886378
000333.SZ,2024.10.24,76.109999999999999,76.459999999999993,75.299999999999997,75.64,76.379999999999995,-0.74,-0.9688,171086.730000000010477,1296926.992000000085681
000333.SZ,2024.10.25,75.420000000000001,75.859999999999999,74.769999999999995,75.269999999999996,75.64,-0.37,-0.4892,210572.890000000013969,1583775.152999999932944
000333.SZ,2024.10.28,75.489999999999994,75.579999999999998,74.010000000000005,74.870000000000004,75.269999999999996,-0.4,-0.5314,280590.960000000020954,2091524.793999999994412
000333.SZ,2024.10.29,74.609999999999999,75.5,73.799999999999997,74.069999999999993,74.870000000000004,-0.8,-1.0685,297271.770000000018626,2214621.305999999865889
000333.SZ,2024.10.30,73.700000000000002,74.349999999999994,72.120000000000004,72.75,74.069999999999993,-1.32,-1.7821,404137.340000000025611,2939634.796000000089406
000333.SZ,2024.10.31,72.969999999999998,73.689999999999997,71.099999999999994,71.420000000000001,72.75,-1.33,-1.8282,500468.669999999983701,3595551.677000000141561
000333.SZ,2024.11.01,71.439999999999997,73,70.379999999999995,72.25,71.420000000000001,0.83,1.1621,416514.820000000006984,3009423.81900000013411
000333.SZ,2024.11.04,72.14,73.370000000000004,71.700000000000002,72.840000000000003,72.25,0.59,0.8166,232315.779999999998835,1680407.655999999959021
000333.SZ,2024.11.05,72.5,73.480000000000004,71.209999999999993,73.129999999999995,72.840000000000003,0.29,0.3981,416967.280000000027939,3027068.197000000160187
000333.SZ,2024.11.06,73.14,73.14,70.969999999999998,71.170000000000001,73.129999999999995,-1.96,-2.6802,525931.430000000051222,3768679.118999999947845
000333.SZ,2024.11.07,70.349999999999994,72.099999999999994,69.89,72.099999999999994,71.170000000000001,0.93,1.3067,547746.020000000018626,3895318.881000000052154
000333.SZ,2024.11.08,72.659999999999996,73.760000000000005,71.099999999999994,72.579999999999998,72.099999999999994,0.48,0.6657,593373.819999999948777,4283549.292999999597668
000333.SZ,2024.11.11,71.230000000000003,71.840000000000003,70.819999999999993,71.599999999999994,72.579999999999998,-0.98,-1.3502,442079.130000000004656,3153791.634000000078231
000333.SZ,2024.11.12,71.909999999999996,74.89,71.790000000000006,72.39,71.599999999999994,0.79,1.1034,575477.21999999997206,4231304.809000000357627
000333.SZ,2024.11.13,72.480000000000004,74.299999999999997,72.459999999999993,73.400000000000005,72.39,1.01,1.3952,458416.570000000006984,3373337.470999999903142
000333.SZ,2024.11.14,73.480000000000004,74.89,72.329999999999998,73.64,73.400000000000005,0.24,0.327,408434.659999999974388,3020822.981000000145286
000333.SZ,2024.11.15,73.150000000000005,74.109999999999999,71.849999999999994,72.25,73.64,-1.39,-1.8876,342825.150000000023283,2496870.64699999988079
000333.SZ,2024.11.18,72.170000000000001,72.980000000000004,70.829999999999998,71.049999999999997,72.25,-1.2,-1.6609,319385.989999999990686,2292938.836999999824911
000333.SZ,2024.11.19,71.049999999999997,71.75,70.700000000000002,71.310000000000002,71.049999999999997,0.26,0.3659,226651.630000000004656,1614053.712000000057742
000333.SZ,2024.11.20,71.379999999999995,71.650000000000005,70.739999999999994,71.430000000000006,71.310000000000002,0.12,0.1683,226371.190000000002328,1610809.493000000016763
000333.SZ,2024.11.21,71.370000000000004,71.39,70.549999999999997,70.840000000000003,71.430000000000006,-0.59,-0.826,216528.450000000011641,1534662.635999999940395
000333.SZ,2024.11.22,70.829999999999998,72.819999999999993,70.219999999999998,70.39,70.840000000000003,-0.45,-0.6352,388458.200000000011641,2781161.791999999899417
000333.SZ,2024.11.25,70.109999999999999,72.379999999999995,70.109999999999999,70.39,70.39,0,0,385867.739999999990686,2737579.009000000078231
000333.SZ,2024.11.26,70.109999999999999,71.200000000000002,69.349999999999994,70.599999999999994,70.39,0.21,0.2983,274187.960000000020954,1932586.725000000093132
000333.SZ,2024.11.27,70.319999999999993,71.5,69.739999999999994,71.319999999999993,70.599999999999994,0.72,1.0198,264824.989999999990686,1875798.199000000022351
000333.SZ,2024.11.28,72,72,69.760000000000005,70.189999999999997,71.319999999999993,-1.13,-1.5844,323289.510000000009313,2275593.419999999925494
000333.SZ,2024.11.29,69.680000000000006,70.769999999999995,69.549999999999997,70.129999999999995,70.189999999999997,-0.06,-0.0855,277501.409999999974388,1951115.16400000010617
000333.SZ,2024.12.02,70.150000000000005,70.530000000000001,69.230000000000003,70.079999999999998,70.129999999999995,-0.05,-0.0713,357905.650000000023283,2500096.040000000037252
000333.SZ,2024.12.03,70,70,69.400000000000005,69.849999999999994,70.079999999999998,-0.23,-0.3282,313174.21999999997206,2181594.387999999802559
000333.SZ,2024.12.04,69.879999999999995,71.989999999999994,69.599999999999994,71.489999999999994,69.849999999999994,1.64,2.3479,531955.060000000055879,3779094.533999999985098
000333.SZ,2024.12.05,71.599999999999994,72.879999999999995,71.420000000000001,71.719999999999998,71.489999999999994,0.23,0.3217,367644.630000000004656,2647263.413000000175088
000333.SZ,2024.12.06,71.780000000000001,73.129999999999995,71.510000000000005,72.849999999999994,71.719999999999998,1.13,1.5756,456778.460000000020954,3318584.662000000011175
000333.SZ,2024.12.09,72.010000000000005,73.879999999999995,71.310000000000002,73.129999999999995,72.849999999999994,0.28,0.3844,413219.229999999981373,3017126.123999999836087
000333.SZ,2024.12.10,76.510000000000005,76.659999999999996,73.790000000000006,73.840000000000003,73.129999999999995,0.71,0.9709,555132.890000000013969,4164810.15100000007078
000333.SZ,2024.12.11,73.700000000000002,75.329999999999998,73.599999999999994,75.099999999999994,73.840000000000003,1.26,1.7064,335433.900000000023283,2512587.262999999802559
000333.SZ,2024.12.12,75.200000000000002,75.75,74.370000000000004,75.560000000000002,75.099999999999994,0.46,0.6125,286398.140000000013969,2153602.254000000189989
000333.SZ,2024.12.13,75.200000000000002,75.230000000000003,73.329999999999998,74,75.560000000000002,-1.56,-2.0646,370633.340000000025611,2744782.532000000122934
000333.SZ,2024.12.16,74.099999999999994,74.450000000000002,72.650000000000005,73.219999999999998,74,-0.78,-1.0541,280470.590000000025611,2054964.895999999949708
000333.SZ,2024.12.17,73.200000000000002,74.680000000000006,72.810000000000002,73.670000000000001,73.219999999999998,0.45,0.6146,278873.049999999988358,2058385.955000000074505
000333.SZ,2024.12.18,73.659999999999996,74.579999999999998,73.579999999999998,74.099999999999994,73.670000000000001,0.43,0.5837,225785.489999999990686,1675256.402999999932944
000333.SZ,2024.12.19,73.859999999999999,75.230000000000003,73.239999999999994,74.439999999999997,74.099999999999994,0.34,0.4588,253552.779999999998835,1893593.091999999945983
000333.SZ,2024.12.20,74.430000000000006,74.790000000000006,73.659999999999996,74,74.439999999999997,-0.44,-0.5911,209396.510000000009313,1552494.95699999993667
000333.SZ,2024.12.23,74,75.25,73.950000000000002,74.609999999999999,74,0.61,0.8243,226028.809999999997671,1689849.270000000018626
000333.SZ,2024.12.24,74.400000000000005,76.379999999999995,74.400000000000005,76.25,74.609999999999999,1.64,2.1981,344141.010000000009313,2606513.925999999977648
000333.SZ,2024.12.25,76.299999999999997,76.599999999999994,75.040000000000006,75.540000000000006,76.25,-0.71,-0.9311,227338.660000000003492,1719267.175999999977648
000333.SZ,2024.12.26,75.260000000000005,76.239999999999994,74.650000000000005,75.980000000000004,75.540000000000006,0.44,0.5825,242142.920000000012805,1829497.5
000333.SZ,2024.12.27,75.980000000000004,76.049999999999997,74.799999999999997,75.420000000000001,75.980000000000004,-0.56,-0.737,198421.170000000012805,1493951.286000000080093
000333.SZ,2024.12.30,75,76.180000000000006,74.920000000000001,75.319999999999993,75.420000000000001,-0.1,-0.1326,221827.239999999990686,1676164.969000000040978
000333.SZ,2024.12.31,75.099999999999994,76.049999999999997,74.689999999999997,75.219999999999998,75.319999999999993,-0.1,-0.1328,307660.030000000027939,2324365.541000000201165
000333.SZ,2025.01.02,75.400000000000005,77.200000000000002,75,75.319999999999993,75.219999999999998,0.1,0.1329,413670.890000000013969,3143071.621999999973922
000333.SZ,2025.01.03,75,76.060000000000002,73.900000000000005,74.689999999999997,75.319999999999993,-0.63,-0.8364,296422,2225340.635999999940395
000333.SZ,2025.01.06,74.680000000000006,76.280000000000001,74.280000000000001,75.379999999999995,74.689999999999997,0.69,0.9238,306810.090000000025611,2308954.916000000201165
000333.SZ,2025.01.07,75,76.760000000000005,74.5,75.930000000000006,75.379999999999995,0.55,0.7296,251785.25,1913943.075999999884516
000333.SZ,2025.01.08,75.510000000000005,77.659999999999996,75.430000000000006,77.579999999999998,75.930000000000006,1.65,2.1731,406929.619999999995343,3129132.561999999918043
000333.SZ,2025.01.09,77.700000000000002,79,77.200000000000002,78.730000000000004,77.579999999999998,1.15,1.4823,345986.940000000002328,2715146.336000000126659
000333.SZ,2025.01.10,78.730000000000004,78.89,76.370000000000004,76.370000000000004,78.730000000000004,-2.36,-2.9976,271095.669999999983701,2093133.229000000050291
000333.SZ,2025.01.13,75.609999999999999,76.019999999999996,73.930000000000006,74.299999999999997,76.370000000000004,-2.07,-2.7105,255846.059999999997671,1911136.128999999957159
000333.SZ,2025.01.14,74.299999999999997,75.349999999999994,73.430000000000006,74.620000000000004,74.299999999999997,0.32,0.4307,288583.960000000020954,2150563.703999999910593
000333.SZ,2025.01.15,74.64,75.769999999999995,73.599999999999994,73.819999999999993,74.620000000000004,-0.8,-1.0721,256634.529999999998835,1910565.918000000063329
000333.SZ,2025.01.16,73.989999999999994,75.450000000000002,73.900000000000005,74.090000000000003,73.819999999999993,0.27,0.3658,262330.349999999976716,1953070.087999999988824
000333.SZ,2025.01.17,74.079999999999998,74.870000000000004,73.629999999999995,74.349999999999994,74.090000000000003,0.26,0.3509,159287.510000000009313,1184446.628999999957159
000333.SZ,2025.01.20,75.099999999999994,76.739999999999994,74.879999999999995,74.89,74.349999999999994,0.54,0.7263,296992.510000000009313,2245932.515999999828636
000333.SZ,2025.01.21,75.260000000000005,75.290000000000006,74.219999999999998,74.400000000000005,74.89,-0.49,-0.6543,162862.769999999989522,1217315.662000000011175
000333.SZ,2025.01.22,74.379999999999995,74.379999999999995,72.280000000000001,73,74.400000000000005,-1.4,-1.8817,322179.96999999997206,2351219.470999999903142
000333.SZ,2025.01.23,73.400000000000005,73.920000000000001,72.400000000000005,73.409999999999996,73,0.41,0.5616,270086.71999999997206,1981526.547999999951571
000333.SZ,2025.01.24,73.010000000000005,73.64,72.549999999999997,72.819999999999993,73.409999999999996,-0.59,-0.8037,304860.760000000009313,2224547.325000000186264
000333.SZ,2025.01.27,72.859999999999999,74.299999999999997,72.620000000000004,73.879999999999995,72.819999999999993,1.06,1.4556,280115.159999999974388,2066038.990999999921768
000333.SZ,2025.02.05,73.400000000000005,73.689999999999997,71.680000000000006,72.209999999999993,73.879999999999995,-1.67,-2.2604,363510.880000000004656,2623254.186000000219792
000333.SZ,2025.02.06,72.180000000000006,72.560000000000002,71.430000000000006,72.269999999999996,72.209999999999993,0.06,0.0831,285674.929999999993015,2058313.210999999893829
000333.SZ,2025.02.07,72.400000000000005,73.439999999999997,71.670000000000001,73.439999999999997,72.269999999999996,1.17,1.6189,355349.679999999993015,2588044.043000000063329
000333.SZ,2025.02.10,73.319999999999993,73.329999999999998,72.5,73.010000000000005,73.439999999999997,-0.43,-0.5855,318649.869999999995343,2324957.365999999921768
000333.SZ,2025.02.11,73.439999999999997,73.859999999999999,72.609999999999999,73.700000000000002,73.010000000000005,0.69,0.9451,300440.159999999974388,2200715.45699999993667
000333.SZ,2025.02.12,73.459999999999993,73.590000000000003,72.680000000000006,73.280000000000001,73.700000000000002,-0.42,-0.5699,228072.779999999998835,1667138.729999999981373
000333.SZ,2025.02.13,73,73.39,72.129999999999995,72.14,73.280000000000001,-1.14,-1.5557,410664.440000000002328,2979276.851999999955296
000333.SZ,2025.02.14,72.120000000000004,72.689999999999997,71.900000000000005,72.489999999999994,72.14,0.35,0.4852,234350.760000000009313,1697819.618999999947845
000333.SZ,2025.02.17,72.25,72.469999999999998,71.25,72.040000000000006,72.489999999999994,-0.45,-0.6208,402358.059999999997671,2886662.763999999966472
000333.SZ,2025.02.18,71.989999999999994,72.650000000000005,71.530000000000001,71.900000000000005,72.040000000000006,-0.14,-0.1943,293465.130000000004656,2117878.259000000078231
000333.SZ,2025.02.19,71.299999999999997,71.969999999999998,71,71.450000000000002,71.900000000000005,-0.45,-0.6259,337150.169999999983701,2408852.125
000333.SZ,2025.02.20,71.409999999999996,71.709999999999993,71.060000000000002,71.230000000000003,71.450000000000002,-0.22,-0.3079,314202.280000000027939,2241810.157000000122934
000333.SZ,2025.02.21,71.019999999999996,71.230000000000003,70.200000000000002,70.590000000000003,71.230000000000003,-0.64,-0.8985,553390.130000000004656,3903770.927000000141561
000333.SZ,2025.02.24,70.650000000000005,71.5,70.280000000000001,70.89,70.590000000000003,0.3,0.425,469377.409999999974388,3326317.436999999918043
000333.SZ,2025.02.25,70.5,70.670000000000001,68.980000000000004,69.030000000000001,70.89,-1.86,-2.6238,565998.670000000041909,3932087.507999999914318
000333.SZ,2025.02.26,68.709999999999993,70.159999999999996,68.700000000000002,70.120000000000004,69.030000000000001,1.09,1.579,404123.760000000009313,2820753.654000000096857
000333.SZ,2025.02.27,71,72.709999999999993,70.629999999999995,72.480000000000004,70.120000000000004,2.36,3.3657,652482.349999999976716,4700242.777999999932944
000333.SZ,2025.02.28,72.75,73.5,72.099999999999994,73.049999999999997,72.480000000000004,0.57,0.7864,506479.340000000025611,3702978.856000000145286
000333.SZ,2025.03.03,72.700000000000002,72.989999999999994,70.849999999999994,71,73.049999999999997,-2.05,-2.8063,405917.820000000006984,2908667.199000000022351
000333.SZ,2025.03.04,71.280000000000001,72.469999999999998,71.280000000000001,71.969999999999998,71,0.97,1.3662,300419.940000000002328,2159097.77199999988079
000333.SZ,2025.03.05,71.900000000000005,72.150000000000005,71.200000000000002,71.75,71.969999999999998,-0.22,-0.3057,286186.200000000011641,2050696.435999999986961
000333.SZ,2025.03.06,71.909999999999996,71.969999999999998,70.420000000000001,71.14,71.75,-0.61,-0.8502,402398.809999999997671,2857881.527999999932944
000333.SZ,2025.03.07,71.120000000000004,71.239999999999994,70.260000000000005,70.790000000000006,71.14,-0.35,-0.492,314826.599999999976716,2228492.95699999993667
000333.SZ,2025.03.10,70.810000000000002,71.260000000000005,70.510000000000005,71.069999999999993,70.790000000000006,0.28,0.3955,273440.260000000009313,1937259.286000000080093
000333.SZ,2025.03.11,70.5,71.439999999999997,70.299999999999997,70.930000000000006,71.069999999999993,-0.14,-0.197,252824.970000000001164,1788427.242000000085681
000333.SZ,2025.03.12,70.980000000000004,70.980000000000004,70.099999999999994,70.099999999999994,70.930000000000006,-0.83,-1.1702,301301.099999999976716,2117631.623999999836087
000333.SZ,2025.03.13,70.010000000000005,70.650000000000005,69.810000000000002,70.010000000000005,70.099999999999994,-0.09,-0.1284,252621.640000000013969,1774959.973999999929219
000333.SZ,2025.03.14,70.030000000000001,72.099999999999994,69.819999999999993,71.870000000000004,70.010000000000005,1.86,2.6568,425449.640000000013969,3036261.981999999843537
000333.SZ,2025.03.17,72.519999999999995,72.519999999999995,71.599999999999994,71.879999999999995,71.870000000000004,0.01,0.0139,347332.869999999995343,2497780.791000000201165
000333.SZ,2025.03.18,72,76.099999999999994,71.609999999999999,74.980000000000004,71.879999999999995,3.1,4.312700000000001,779313.959999999962747,5762238.290000000037252
000333.SZ,2025.03.19,77.230000000000003,77.939999999999997,75.030000000000001,76.510000000000005,74.980000000000004,1.53,2.0405,1066261.030000000027939,8164296.254999999888241
000333.SZ,2025.03.20,76.400000000000005,76.849999999999994,75.099999999999994,75.170000000000001,76.510000000000005,-1.34,-1.7514,585693.18999999994412,4434498.82799999974668
000333.SZ,2025.03.21,74.769999999999995,76.430000000000006,74.769999999999995,75.280000000000001,75.170000000000001,0.11,0.1463,384527.929999999993015,2903191.225000000093132
000333.SZ,2025.03.24,74.879999999999995,76.5,74.819999999999993,76.060000000000002,75.280000000000001,0.78,1.0361,387348.10999999998603,2945134.162000000011175
000333.SZ,2025.03.25,76.810000000000002,77.5,76.370000000000004,76.859999999999999,76.060000000000002,0.8,1.0518,324186.21999999997206,2493718.322999999858438
000333.SZ,2025.03.26,76.469999999999998,77.400000000000005,75.870000000000004,76.790000000000006,76.859999999999999,-0.07,-0.0911,237068.579999999987194,1814277.210999999893829
000333.SZ,2025.03.27,76.790000000000006,77.5,76.319999999999993,76.5,76.790000000000006,-0.29,-0.3777,257215.380000000004656,1974042.918999999994412
000333.SZ,2025.03.28,76.209999999999993,77.180000000000006,75.680000000000006,76.870000000000004,76.5,0.37,0.4837,249114.309999999997671,1909917.933999999891966
000333.SZ,2025.03.31,76.900000000000005,80.5,76.900000000000005,78.5,76.870000000000004,1.63,2.1205,689684.449999999953433,5458996.643000000156462
000333.SZ,2025.04.01,78.099999999999994,78.780000000000001,75.200000000000002,75.39,78.5,-3.11,-3.9618,551816.540000000037252,4204786.523000000044703
000333.SZ,2025.04.02,75.349999999999994,76.790000000000006,75.189999999999997,75.959999999999993,75.39,0.57,0.7561,268536.25,2036925.144000000087544
000333.SZ,2025.04.03,74.599999999999994,74.829999999999998,73.150000000000005,73.359999999999999,75.959999999999993,-2.6,-3.4229,565988.739999999990686,4179850.012000000104308
000333.SZ,2025.04.07,68.219999999999998,69.469999999999998,66.019999999999996,67.180000000000006,73.359999999999999,-6.18,-8.4242,880896.930000000051222,5986991.841000000014901
000333.SZ,2025.04.08,68,70.5,67.790000000000006,70.230000000000003,67.180000000000006,3.05,4.54,744733.319999999948777,5151771.417999999597668
000333.SZ,2025.04.09,69.189999999999997,70.5,68.420000000000001,69.670000000000001,70.230000000000003,-0.56,-0.7974,578839.540000000037252,4027838.481999999843537
000333.SZ,2025.04.10,70.599999999999994,71.590000000000003,70.129999999999995,71.090000000000003,69.670000000000001,1.42,2.0382,450848.520000000018626,3199356.700000000186264
000333.SZ,2025.04.11,70.519999999999995,70.739999999999994,69.629999999999995,70.489999999999994,71.090000000000003,-0.6,-0.844,295625.890000000013969,2075657.472000000067055
000333.SZ,2025.04.14,70.719999999999998,70.900000000000005,69.709999999999993,69.920000000000001,70.489999999999994,-0.57,-0.8086,348835.049999999988358,2447104.069999999832361
000333.SZ,2025.04.15,70.099999999999994,71.829999999999998,69.689999999999997,71.480000000000004,69.920000000000001,1.56,2.2311,343666.809999999997671,2441442.776999999769032
000333.SZ,2025.04.16,71.189999999999997,71.480000000000004,70.370000000000004,71,71.480000000000004,-0.48,-0.6715,266729.429999999993015,1890971.340000000083819
000333.SZ,2025.04.17,70.739999999999994,71.170000000000001,70.340000000000003,70.950000000000002,71,-0.05,-0.0704,195912.730000000010477,1388823.324999999953433
000333.SZ,2025.04.18,70.950000000000002,71.329999999999998,70.469999999999998,70.920000000000001,70.950000000000002,-0.03,-0.0423,154483.829999999987194,1094653.675999999977648
000333.SZ,2025.04.21,70.780000000000001,71.609999999999999,70.5,71.39,70.920000000000001,0.47,0.6627,177513.799999999988358,1262930.781999999890103
000333.SZ,2025.04.22,71.299999999999997,72.230000000000003,71.209999999999993,71.719999999999998,71.39,0.33,0.4622,226155,1626765.493000000016763
000333.SZ,2025.04.23,72.099999999999994,72.420000000000001,71.799999999999997,71.849999999999994,71.719999999999998,0.13,0.1813,225868.70999999999185,1627423.196999999927356
000333.SZ,2025.04.24,72.400000000000005,73.189999999999997,71.959999999999993,72.950000000000002,71.849999999999994,1.1,1.531,231807.5,1684714.692999999970197
000333.SZ,2025.04.25,72.950000000000002,73,72.379999999999995,72.75,72.950000000000002,-0.2,-0.2742,170972.380000000004656,1244078.507999999914318
000333.SZ,2025.04.28,73.39,73.579999999999998,72.799999999999997,73.230000000000003,72.75,0.48,0.6598,239660.149999999994179,1755320.152000000001862
000333.SZ,2025.04.29,73.260000000000005,74.370000000000004,72.859999999999999,74.200000000000002,73.230000000000003,0.97,1.3246,234973.829999999987194,1733740.168000000063329
000333.SZ,2025.04.30,75,75.120000000000004,73.450000000000002,73.620000000000004,74.200000000000002,-0.58,-0.7817,478100.260000000009313,3548715.615000000223517
000333.SZ,2025.05.06,74.230000000000003,74.379999999999995,73.099999999999994,74.049999999999997,73.620000000000004,0.43,0.5841,346411.789999999979045,2556249.632000000216066
000333.SZ,2025.05.07,74.769999999999995,75.180000000000006,74,74.359999999999999,74.049999999999997,0.31,0.4186,300281.020000000018626,2239595.604999999981373
000333.SZ,2025.05.08,74.349999999999994,75.64,73.879999999999995,75,74.359999999999999,0.64,0.8607,277075.669999999983701,2081094.568999999901279
000333.SZ,2025.05.09,74.989999999999994,76.030000000000001,74.709999999999993,75.799999999999997,75,0.8,1.0667,245638.980000000010477,1861536.38800000003539
000333.SZ,2025.05.12,76.099999999999994,76.739999999999994,75.900000000000005,76.579999999999998,75.799999999999997,0.78,1.029,272239.119999999995343,2078979.154000000096857
000333.SZ,2025.05.13,77,77.200000000000002,76.439999999999997,77.109999999999999,76.579999999999998,0.53,0.6921,255278.410000000003492,1963341.23300000000745
000333.SZ,2025.05.14,76.900000000000005,77.549999999999997,76.129999999999995,77.090000000000003,77.109999999999999,-0.02,-0.0259,292496.330000000016298,2248759.305999999865889
000333.SZ,2025.05.15,76.659999999999996,77.069999999999993,76.319999999999993,76.5,77.090000000000003,-0.59,-0.7653,204901.85000000000582,1571335.905999999959021
000333.SZ,2025.05.16,76.209999999999993,76.840000000000003,75.569999999999993,76.599999999999994,76.5,0.1,0.1307,238659.920000000012805,1819974.355999999912455
000333.SZ,2025.05.19,76.439999999999997,77.719999999999998,76.290000000000006,77.579999999999998,76.599999999999994,0.98,1.2794,263086.25,2031022.753999999957159
000333.SZ,2025.05.20,77.530000000000001,79.099999999999994,77.480000000000004,78.670000000000001,77.579999999999998,1.09,1.405,277995.400000000023283,2184604.654999999795108
000333.SZ,2025.05.21,78.5,79.439999999999997,78.469999999999998,78.799999999999997,78.670000000000001,0.13,0.1652,205438.260000000009313,1619842.976000000024214
000333.SZ,2025.05.22,78.730000000000004,79.560000000000002,78.310000000000002,79.359999999999999,78.799999999999997,0.56,0.7107,234034.260000000009313,1850376.658999999985098
000333.SZ,2025.05.23,79.359999999999999,80.480000000000004,78.719999999999998,78.89,79.359999999999999,-0.47,-0.5922,299745.890000000013969,2385953.117999999783933
000333.SZ,2025.05.26,78.719999999999998,79.189999999999997,77.609999999999999,78.269999999999996,78.89,-0.62,-0.7859,241688.839999999996507,1893696.279000000096857
000333.SZ,2025.05.27,78.200000000000002,78.89,78.019999999999996,78.480000000000004,78.269999999999996,0.21,0.2683,206448.980000000010477,1620472.097000000067055
000333.SZ,2025.05.28,78.980000000000004,80.099999999999994,78.700000000000002,79.319999999999993,78.480000000000004,0.84,1.0703,240448.769999999989522,1911343.091999999945983
000333.SZ,2025.05.29,79.069999999999993,79.489999999999994,78.359999999999999,78.980000000000004,79.319999999999993,-0.34,-0.4286,251677.309999999997671,1988440.747999999905005
000333.SZ,2025.05.30,78.739999999999994,79.510000000000005,78.299999999999997,79.060000000000002,78.980000000000004,0.08,0.1013,215733.170000000012805,1703126.097000000067055
000333.SZ,2025.06.03,79.049999999999997,79.049999999999997,75.670000000000001,75.909999999999996,79.060000000000002,-3.15,-3.9843,561907.810000000055879,4293054.877000000327825
000333.SZ,2025.06.04,75.780000000000001,76.579999999999998,75.5,75.560000000000002,75.909999999999996,-0.35,-0.4611,367554.390000000013969,2790934.592999999877065
000333.SZ,2025.06.05,75.439999999999997,75.900000000000005,75.049999999999997,75.25,75.560000000000002,-0.31,-0.4103,235803.079999999987194,1776718.063000000081956
000333.SZ,2025.06.06,75.370000000000004,75.829999999999998,75.099999999999994,75.700000000000002,75.25,0.45,0.598,275559.479999999981373,2081019.010999999940395
000333.SZ,2025.06.09,75.25,75.579999999999998,74.069999999999993,75.400000000000005,75.700000000000002,-0.3,-0.3963,466955.880000000004656,3500234.348000000230967
000333.SZ,2025.06.10,75.629999999999995,76.5,75.049999999999997,75.049999999999997,75.400000000000005,-0.35,-0.4642,321074.119999999995343,2433498.302000000141561
000333.SZ,2025.06.11,75.200000000000002,75.799999999999997,74.829999999999998,75.489999999999994,75.049999999999997,0.44,0.5863,263083.460000000020954,1986827.773999999975785
000333.SZ,2025.06.12,72.510000000000005,72.680000000000006,71.530000000000001,72.200000000000002,72.010000000000005,0.19,0.2639,347028.919999999983701,2510413.458000000100582
000333.SZ,2025.06.13,71.599999999999994,72.159999999999996,71,71.480000000000004,72.200000000000002,-0.72,-0.9972,300452.039999999979045,2148718.104999999981373
000333.SZ,2025.06.16,71.599999999999994,71.799999999999997,70.849999999999994,71.260000000000005,71.480000000000004,-0.22,-0.3078,250204.940000000002328,1784037.773999999975785
000333.SZ,2025.06.17,71.799999999999997,73.079999999999998,71.799999999999997,72.060000000000002,71.260000000000005,0.8,1.1226,326394.780000000027939,2362020.25
000333.SZ,2025.06.18,72.189999999999997,72.64,72.019999999999996,72.099999999999994,72.060000000000002,0.04,0.0555,175288.369999999995343,1265648.158999999985098
000333.SZ,2025.06.19,72.200000000000002,72.409999999999996,71.129999999999995,71.329999999999998,72.099999999999994,-0.77,-1.068,211253.410000000003492,1512893.148000000044703
000333.SZ,2025.06.20,71.349999999999994,72.379999999999995,71.260000000000005,72.379999999999995,71.329999999999998,1.05,1.472,229864.20999999999185,1655767.155999999959021
000333.SZ,2025.06.23,72,72.329999999999998,71.459999999999993,71.719999999999998,72.379999999999995,-0.66,-0.9119,210544.950000000011641,1510951.195999999996274
000333.SZ,2025.06.24,72.099999999999994,73.340000000000003,72,72.799999999999997,71.719999999999998,1.08,1.5059,270500.869999999995343,1971805.635999999940395
000333.SZ,2025.06.25,72.799999999999997,73.329999999999998,72.299999999999997,73.180000000000006,72.799999999999997,0.38,0.522,243275.429999999993015,1772058.945999999996274
000333.SZ,2025.06.26,73,73.590000000000003,72.75,73.099999999999994,73.180000000000006,-0.08,-0.1093,226726.190000000002328,1658102.06499999994412
000333.SZ,2025.06.27,73.060000000000002,73.189999999999997,72.219999999999998,72.280000000000001,73.099999999999994,-0.82,-1.1218,223640.20999999999185,1623349.472000000067055
000333.SZ,2025.06.30,72.25,72.579999999999998,71.980000000000004,72.200000000000002,72.280000000000001,-0.08,-0.1107,193022.589999999996507,1394828.333000000100582
000333.SZ,2025.07.01,72.280000000000001,72.349999999999994,71.799999999999997,72.109999999999999,72.200000000000002,-0.09,-0.1247,186252.089999999996507,1341760.455000000074505
000333.SZ,2025.07.02,72.109999999999999,73.099999999999994,71.810000000000002,72.5,72.109999999999999,0.39,0.5408,266154.789999999979045,1929453.68100000009872
000333.SZ,2025.07.03,72.790000000000006,72.950000000000002,72.340000000000003,72.89,72.5,0.39,0.5379,179369.230000000010477,1304399.831000000005587
000333.SZ,2025.07.04,72.879999999999995,73.840000000000003,72.599999999999994,73.480000000000004,72.89,0.59,0.8094,211462.239999999990686,1548790.547000000020489
000333.SZ,2025.07.07,73.200000000000002,73.450000000000002,72.329999999999998,72.549999999999997,73.480000000000004,-0.93,-1.2657,215453.339999999996507,1567324.87100000004284
000333.SZ,2025.07.08,72.549999999999997,72.700000000000002,72.069999999999993,72.219999999999998,72.549999999999997,-0.33,-0.4549,256866.510000000009313,1856483.047000000020489
000333.SZ,2025.07.09,72.069999999999993,72.349999999999994,71.799999999999997,71.799999999999997,72.219999999999998,-0.42,-0.5816,272052.669999999983701,1958489.419999999925494
000333.SZ,2025.07.10,71.840000000000003,71.969999999999998,71.329999999999998,71.680000000000006,71.799999999999997,-0.12,-0.1671,231513.880000000004656,1656983.408999999985098
000333.SZ,2025.07.11,71.739999999999994,72.799999999999997,71.689999999999997,72.480000000000004,71.680000000000006,0.8,1.1161,320553.690000000002328,2324470.998000000137835
000333.SZ,2025.07.14,72.469999999999998,73.209999999999993,71.980000000000004,73.099999999999994,72.480000000000004,0.62,0.8554,233739,1702246.963999999919906
000333.SZ,2025.07.15,73.109999999999999,73.5,72.810000000000002,73.209999999999993,73.099999999999994,0.11,0.1505,249009.779999999998835,1821265.543000000063329
000333.SZ,2025.07.16,73.469999999999998,74.090000000000003,72.799999999999997,72.89,73.209999999999993,-0.32,-0.4371,206888.070000000006984,1514278.424000000115483
000333.SZ,2025.07.17,72.75,73.430000000000006,72.599999999999994,72.629999999999995,72.89,-0.26,-0.3567,247299.940000000002328,1804135.156999999890103
000333.SZ,2025.07.18,72.870000000000004,73.280000000000001,72.519999999999995,72.829999999999998,72.629999999999995,0.2,0.2754,219512.299999999988358,1596482.223999999929219
000333.SZ,2025.07.21,72.609999999999999,72.959999999999993,72.400000000000005,72.549999999999997,72.829999999999998,-0.28,-0.3845,308970.619999999995343,2244011.063000000081956
000333.SZ,2025.07.22,72.579999999999998,73.219999999999998,72.260000000000005,73.189999999999997,72.549999999999997,0.64,0.8822,357204.10999999998603,2602924.271000000182539
000333.SZ,2025.07.23,73.200000000000002,73.849999999999994,73.180000000000006,73.5,73.189999999999997,0.31,0.4236,369872.400000000023283,2718700.799999999813735
000333.SZ,2025.07.24,73.700000000000002,73.950000000000002,73.090000000000003,73.510000000000005,73.5,0.01,0.0136,290699.150000000023283,2134051.794000000227242
000333.SZ,2025.07.25,73.400000000000005,73.400000000000005,72.549999999999997,72.760000000000005,73.510000000000005,-0.75,-1.0203,244562.079999999987194,1780421.843000000109896
000333.SZ,2025.07.28,72.819999999999993,72.920000000000001,71.799999999999997,71.939999999999997,72.760000000000005,-0.82,-1.127,377736.320000000006984,2725637.10800000000745
000333.SZ,2025.07.29,71.939999999999997,72.069999999999993,71.019999999999996,71.239999999999994,71.939999999999997,-0.7,-0.973,398369.309999999997671,2843589.788000000175088
000333.SZ,2025.07.30,71.489999999999994,72.739999999999994,71.200000000000002,72.109999999999999,71.239999999999994,0.87,1.2212,411325.299999999988358,2964849.148000000044703
000333.SZ,2025.07.31,72,72.019999999999996,69.879999999999995,70.189999999999997,72.109999999999999,-1.92,-2.6626,694777.140000000013969,4895784.25
000333.SZ,2025.08.01,70.200000000000002,70.969999999999998,70.099999999999994,70.790000000000006,70.189999999999997,0.6,0.8548,286446.669999999983701,2019147.912999999942258
000333.SZ,2025.08.04,70.549999999999997,71,70.200000000000002,70.939999999999997,70.790000000000006,0.15,0.2119,197766.420000000012805,1398398.727999999886378
000333.SZ,2025.08.05,71.109999999999999,71.510000000000005,70.680000000000006,71.379999999999995,70.939999999999997,0.44,0.6202,191748.450000000011641,1365340.860000000102445
000333.SZ,2025.08.06,71.379999999999995,71.780000000000001,70.989999999999994,71.700000000000002,71.379999999999995,0.32,0.4483,221358.489999999990686,1583549.584000000031664
000333.SZ,2025.08.07,71.510000000000005,71.930000000000006,71.209999999999993,71.480000000000004,71.700000000000002,-0.22,-0.3068,203615.649999999994179,1456650.769000000087544
000333.SZ,2025.08.08,71.400000000000005,71.829999999999998,71.290000000000006,71.579999999999998,71.480000000000004,0.1,0.1399,201184.049999999988358,1439938.212999999988824
000333.SZ,2025.08.11,71.299999999999997,71.819999999999993,71.189999999999997,71.760000000000005,71.579999999999998,0.18,0.2515,179123.660000000003492,1282650.770000000018626
000333.SZ,2025.08.12,71.75,72.439999999999997,71.599999999999994,71.930000000000006,71.760000000000005,0.17,0.2369,240475.890000000013969,1734351.324000000022351
000333.SZ,2025.08.13,71.980000000000004,72.290000000000006,71.599999999999994,71.819999999999993,71.930000000000006,-0.11,-0.1529,253846.690000000002328,1827058.280000000027939
000333.SZ,2025.08.14,71.799999999999997,73.049999999999997,71.719999999999998,72.329999999999998,71.819999999999993,0.51,0.7101,455149.239999999990686,3301054.398000000044703
000333.SZ,2025.08.15,72.329999999999998,72.400000000000005,71.810000000000002,72.299999999999997,72.329999999999998,-0.03,-0.0415,274699.549999999988358,1980637.245000000111758
000333.SZ,2025.08.18,72.310000000000002,72.560000000000002,71.609999999999999,71.840000000000003,72.299999999999997,-0.46,-0.6362,542997.60999999998603,3906936.962999999988824
000333.SZ,2025.08.19,73.200000000000002,73.629999999999995,72.200000000000002,72.680000000000006,71.840000000000003,0.84,1.1693,537602.599999999976716,3916336.802000000141561
000333.SZ,2025.08.20,72.209999999999993,72.319999999999993,71.510000000000005,72.219999999999998,72.680000000000006,-0.46,-0.6329,403770.280000000027939,2901846.345999999903142
000333.SZ,2025.08.21,72.090000000000003,72.5,71.659999999999996,71.920000000000001,72.219999999999998,-0.3,-0.4154,338013.710000000020954,2436115.382000000216066
000333.SZ,2025.08.22,71.969999999999998,72.189999999999997,71.650000000000005,72.090000000000003,71.920000000000001,0.17,0.2364,391388.919999999983701,2814332.705999999772757
000333.SZ,2025.08.25,72.120000000000004,73.849999999999994,72.120000000000004,73.519999999999995,72.090000000000003,1.43,1.9836,700234.489999999990686,5110086.586000000126659
000333.SZ,2025.08.26,73.519999999999995,74.280000000000001,73.310000000000002,73.799999999999997,73.519999999999995,0.28,0.3808,462937.900000000023283,3417986.336000000126659
000333.SZ,2025.08.27,73.89,74.549999999999997,72.689999999999997,72.709999999999993,73.799999999999997,-1.09,-1.477,488418.580000000016298,3605612.810000000055879
000333.SZ,2025.08.28,72.709999999999993,73.969999999999998,72.510000000000005,73.5,72.709999999999993,0.79,1.0865,432987.460000000020954,3171280.839999999850988
000333.SZ,2025.08.29,73.5,74.840000000000003,73.39,73.709999999999993,73.5,0.21,0.2857,567669,4210933.504999999888241
000333.SZ,2025.09.01,75,75.840000000000003,73.519999999999995,74.030000000000001,73.709999999999993,0.32,0.4341,776258.57999999995809,5792738.593999999575316
000333.SZ,2025.09.02,74.209999999999993,76.400000000000005,73.989999999999994,76.159999999999996,74.030000000000001,2.13,2.8772,805909.239999999990686,6106472.167000000365078
000333.SZ,2025.09.03,76.549999999999997,77.14,74.950000000000002,75.620000000000004,76.159999999999996,-0.54,-0.709,504880.710000000020954,3826685.200000000186264
000333.SZ,2025.09.04,75.980000000000004,76,74.420000000000001,75.590000000000003,75.620000000000004,-0.03,-0.0397,443539.489999999990686,3328858.299999999813735
000333.SZ,2025.09.05,75.810000000000002,76.689999999999997,75.439999999999997,76.219999999999998,75.590000000000003,0.63,0.8334,464251.669999999983701,3530971.109000000171363
000333.SZ,2025.09.08,76.670000000000001,78.079999999999998,76.5,77.030000000000001,76.219999999999998,0.81,1.0627,550293.709999999962747,4245832.274000000208616
000333.SZ,2025.09.09,77.019999999999996,77.599999999999994,76.349999999999994,77.180000000000006,77.030000000000001,0.15,0.1947,383150.190000000002328,2947171.766999999992549
000333.SZ,2025.09.10,77,77.269999999999996,76.400000000000005,77.019999999999996,77.180000000000006,-0.16,-0.2073,271541.940000000002328,2087580.320999999996274
000333.SZ,2025.09.11,76.900000000000005,77.269999999999996,75.900000000000005,77.019999999999996,77.019999999999996,0,0,459605.10999999998603,3515566.424999999813735
000333.SZ,2025.09.12,76.950000000000002,77.689999999999997,75.409999999999996,75.569999999999993,77.019999999999996,-1.45,-1.8826,591170.75,4507931.248999999836087
000333.SZ,2025.09.15,75.200000000000002,75.950000000000002,74.5,75.170000000000001,75.569999999999993,-0.4,-0.5293,480680.46999999997206,3614905.666000000201165
000333.SZ,2025.09.16,75.129999999999995,75.200000000000002,74.049999999999997,74.459999999999993,75.170000000000001,-0.71,-0.9445,456028.309999999997671,3396155.195999999996274
000333.SZ,2025.09.17,74.409999999999996,75.430000000000006,74.170000000000001,74.349999999999994,74.459999999999993,-0.11,-0.1477,577226.75,4303710.293999999761581
000333.SZ,2025.09.18,74.599999999999994,75.349999999999994,73.189999999999997,73.739999999999994,74.349999999999994,-0.61,-0.8204,600840.030000000027939,4452255.640999999828636
000333.SZ,2025.09.19,73.409999999999996,74.590000000000003,73.209999999999993,74.349999999999994,73.739999999999994,0.61,0.8272,388478.380000000004656,2879645.242999999783933
000333.SZ,2025.09.22,74.810000000000002,74.900000000000005,72.900000000000005,73.260000000000005,74.349999999999994,-1.09,-1.466,479739.929999999993015,3520814.680999999865889
000333.SZ,2025.09.23,73.25,73.650000000000005,72.719999999999998,73.530000000000001,73.260000000000005,0.27,0.3686,421477.210000000020954,3082692.694999999832361
000333.SZ,2025.09.24,73.510000000000005,74.349999999999994,72.950000000000002,74.099999999999994,73.530000000000001,0.57,0.7752,306284.809999999997671,2260146.501000000163912
000333.SZ,2025.09.25,73.299999999999997,73.75,72.549999999999997,72.840000000000003,74.099999999999994,-1.26,-1.7004,478607.289999999979045,3487388.578000000212341
000333.SZ,2025.09.26,73.040000000000006,74.700000000000002,72.89,74.200000000000002,72.840000000000003,1.36,1.8671,476983.119999999995343,3524465.566000000108033
000333.SZ,2025.09.29,74.430000000000006,74.549999999999997,73.049999999999997,73.730000000000004,74.200000000000002,-0.47,-0.6334,465939.070000000006984,3431995.413000000175088
000333.SZ,2025.09.30,73.700000000000002,73.709999999999993,72.549999999999997,72.659999999999996,73.730000000000004,-1.07,-1.4512,506108.390000000013969,3690464.285000000149011
000333.SZ,2025.10.09,72.349999999999994,72.969999999999998,71.379999999999995,72.629999999999995,72.659999999999996,-0.03,-0.0413,615939.07999999995809,4446685.218000000342726
000333.SZ,2025.10.10,72.450000000000002,73.730000000000004,72.099999999999994,72.829999999999998,72.629999999999995,0.2,0.2754,433305.260000000009313,3168138.018999999854713
000333.SZ,2025.10.13,71.379999999999995,72.109999999999999,71.019999999999996,71.810000000000002,72.829999999999998,-1.02,-1.4005,481604.570000000006984,3450611.700000000186264
000333.SZ,2025.10.14,72,73.150000000000005,71.689999999999997,72.599999999999994,71.810000000000002,0.79,1.1001,519095.070000000006984,3767793.739000000059604
000333.SZ,2025.10.15,72.799999999999997,73.489999999999994,72.599999999999994,72.920000000000001,72.599999999999994,0.32,0.4408,376332.510000000009313,2753955.97899999981746
000333.SZ,2025.10.16,73.200000000000002,73.689999999999997,72.519999999999995,73.180000000000006,72.920000000000001,0.26,0.3566,346780,2535057.433000000193715
000333.SZ,2025.10.17,72.700000000000002,73.590000000000003,72.64,72.799999999999997,73.180000000000006,-0.38,-0.5193,276491.080000000016298,2017092.908000000054016
000333.SZ,2025.10.20,73.090000000000003,73.400000000000005,72.39,72.870000000000004,72.799999999999997,0.07,0.0962,297557.419999999983701,2166679.567999999970197
000333.SZ,2025.10.21,72.900000000000005,73.260000000000005,72.579999999999998,72.909999999999996,72.870000000000004,0.04,0.0549,283946.590000000025611,2070032.730999999912455
000333.SZ,2025.10.22,72.799999999999997,73.989999999999994,72.609999999999999,73.879999999999995,72.909999999999996,0.97,1.3304,393298.270000000018626,2894112.405999999959021
000333.SZ,2025.10.23,73.799999999999997,74.950000000000002,73.680000000000006,74.89,73.879999999999995,1.01,1.3671,347633.409999999974388,2588236.881000000052154
000333.SZ,2025.10.24,74.89,75,74.459999999999993,74.609999999999999,74.89,-0.28,-0.3739,244838.059999999997671,1829626.02600000007078
000333.SZ,2025.10.27,74.739999999999994,75.349999999999994,74.370000000000004,74.879999999999995,74.609999999999999,0.27,0.3619,340552.640000000013969,2552508.382999999914318
000333.SZ,2025.10.28,74.609999999999999,74.920000000000001,74.129999999999995,74.409999999999996,74.879999999999995,-0.47,-0.6277,233657.75,1740011.912000000011175
000333.SZ,2025.10.29,74.25,74.420000000000001,73.5,74.400000000000005,74.409999999999996,-0.01,-0.0134,273586.5,2025139.820999999996274
000333.SZ,2025.10.30,74.5,76.099999999999994,74.5,75.299999999999997,74.400000000000005,0.9,1.2097,499653.010000000009313,3777679.27600000007078
000333.SZ,2025.10.31,75.200000000000002,76.829999999999998,75.099999999999994,76.400000000000005,75.299999999999997,1.1,1.4608,509741.590000000025611,3888018.216000000014901
000333.SZ,2025.11.03,76.39,76.950000000000002,75.180000000000006,75.39,76.400000000000005,-1.01,-1.322,281969.96999999997206,2132026.191000000108033
000333.SZ,2025.11.04,75.120000000000004,75.790000000000006,74.900000000000005,75.159999999999996,75.39,-0.23,-0.3051,302606.489999999990686,2282008.180000000167638
000333.SZ,2025.11.05,75,76.39,74.299999999999997,75.939999999999997,75.159999999999996,0.78,1.0378,266151.330000000016298,2015978.787000000011175
000333.SZ,2025.11.06,75.939999999999997,77.430000000000006,75.939999999999997,77.030000000000001,75.939999999999997,1.09,1.4353,355111.46999999997206,2732619.89699999988079
000333.SZ,2025.11.07,77.269999999999996,77.269999999999996,76.109999999999999,76.200000000000002,77.030000000000001,-0.83,-1.0775,264419.989999999990686,2021807.280000000027939
000333.SZ,2025.11.10,76.260000000000005,77.549999999999997,75.950000000000002,77.329999999999998,76.200000000000002,1.13,1.4829,391008.150000000023283,3010493.958999999798834
000333.SZ,2025.11.11,77.329999999999998,77.39,76.680000000000006,77.230000000000003,77.329999999999998,-0.1,-0.1293,227707.540000000008149,1755331.384000000078231
000333.SZ,2025.11.12,77.230000000000003,80.549999999999997,77.230000000000003,79.489999999999994,77.230000000000003,2.26,2.9263,737847.030000000027939,5857421.167999999597668
000333.SZ,2025.11.13,79.200000000000002,80,78.689999999999997,79.599999999999994,79.489999999999994,0.11,0.1384,333370.140000000013969,2639881.174000000115483
000333.SZ,2025.11.14,79.5,80.420000000000001,79.049999999999997,79.230000000000003,79.599999999999994,-0.37,-0.4648,273127.489999999990686,2181244.560000000055879
000333.SZ,2025.11.17,79.230000000000003,79.39,77.909999999999996,78.420000000000001,79.230000000000003,-0.81,-1.0223,261095.320000000006984,2050426.783999999985098
000333.SZ,2025.11.18,78.290000000000006,78.659999999999996,77,77.400000000000005,77.930000000000006,-0.53,-0.6801,235904.079999999987194,1833005.280000000027939
000333.SZ,2025.11.19,77.379999999999995,78.090000000000003,77.019999999999996,77.400000000000005,77.400000000000005,0,0,214415.200000000011641,1661622.968000000109896
000333.SZ,2025.11.20,77.5,78.879999999999995,77.030000000000001,77.939999999999997,77.400000000000005,0.54,0.6977,261928.790000000008149,2050174.662999999942257
000333.SZ,2025.11.21,77.099999999999994,79.290000000000006,77.099999999999994,78.75,77.939999999999997,0.81,1.0393,439494.760000000009313,3442968.265000000130385
000333.SZ,2025.11.24,78.599999999999994,79.480000000000004,78.25,78.560000000000002,78.75,-0.19,-0.2413,367739.380000000004656,2903024.265999999828636
000333.SZ,2025.11.25,78.989999999999994,79,77.609999999999999,78.700000000000002,78.560000000000002,0.14,0.1782,291011.520000000018626,2280195.509000000078231
000333.SZ,2025.11.26,78.689999999999997,80,78.409999999999996,79.799999999999997,78.700000000000002,1.1,1.3977,320727.770000000018626,2538706.359999999869614
000333.SZ,2025.11.27,79.599999999999994,80.730000000000004,78.950000000000002,79.799999999999997,79.799999999999997,0,0,316460.710000000020954,2524590.682000000029802
000333.SZ,2025.11.28,79.799999999999997,80.069999999999993,79.329999999999998,79.859999999999999,79.799999999999997,0.06,0.0752,181266.60999999998603,1445017.043000000063329
000333.SZ,2025.12.01,79.799999999999997,80.200000000000002,79.170000000000001,80,79.859999999999999,0.14,0.1753,303520.239999999990686,2419268.736000000033527
000333.SZ,2025.12.02,80.099999999999994,81.659999999999996,80.010000000000005,81.560000000000002,80,1.56,1.95,378049.309999999997671,3071966.512000000104308
000333.SZ,2025.12.03,81.549999999999997,82.879999999999995,81.260000000000005,82.170000000000001,81.560000000000002,0.61,0.7479,368660.049999999988358,3038100.688999999780207
000333.SZ,2025.12.04,82.129999999999995,83.170000000000001,81.769999999999995,81.89,82.170000000000001,-0.28,-0.3408,289179.659999999974388,2377656.054000000003725
000333.SZ,2025.12.05,81.89,82.590000000000003,81.700000000000002,82.230000000000003,81.89,0.34,0.4152,246165.10999999998603,2020996.777999999932944
000333.SZ,2025.12.08,83,83.099999999999994,81.040000000000006,81.810000000000002,82.230000000000003,-0.42,-0.5108,273365.289999999979045,2235419.967999999877065
000333.SZ,2025.12.09,81.5,81.560000000000002,79.939999999999997,80.200000000000002,81.810000000000002,-1.61,-1.968,356479.400000000023283,2872571.867000000085681
000333.SZ,2025.12.10,79.980000000000004,80.620000000000004,79.700000000000002,80.069999999999993,80.200000000000002,-0.13,-0.1621,245719.720000000001164,1970629.706000000005587
000333.SZ,2025.12.11,80.120000000000004,80.560000000000002,79.180000000000006,79.299999999999997,80.069999999999993,-0.77,-0.9617,272944.849999999976716,2178536.617000000085681
000333.SZ,2025.12.12,79.349999999999994,79.980000000000004,79.200000000000002,79.319999999999993,79.299999999999997,0.02,0.0252,328958.619999999995343,2615339.990000000223517
000333.SZ,2025.12.15,79.689999999999997,81.099999999999994,79.450000000000002,80.409999999999996,79.319999999999993,1.09,1.3742,365546.890000000013969,2945959.174999999813735
000333.SZ,2025.12.16,80.25,80.849999999999994,79.840000000000003,79.959999999999993,80.409999999999996,-0.45,-0.5596,214230.890000000013969,1718619.060999999986961
000333.SZ,2025.12.17,79.709999999999993,80.920000000000001,79.379999999999995,80.469999999999998,79.959999999999993,0.51,0.6378,230281.799999999988358,1850597.016000000061467
000333.SZ,2025.12.18,80.269999999999996,80.609999999999999,79.510000000000005,79.829999999999998,80.469999999999998,-0.64,-0.7953,214097.920000000012805,1710070.019000000087544
000333.SZ,2025.12.19,79.849999999999994,79.900000000000005,78.799999999999997,79.450000000000002,79.829999999999998,-0.38,-0.476,278017.659999999974388,2205368.623999999836087
000333.SZ,2025.12.22,79.299999999999997,79.790000000000006,78.900000000000005,79.159999999999996,79.450000000000002,-0.29,-0.365,245037.130000000004656,1941379.877000000094994
000333.SZ,2025.12.23,79.379999999999995,80.310000000000002,79.019999999999996,79.650000000000005,79.159999999999996,0.49,0.619,254680.200000000011641,2029842.283000000054016
000333.SZ,2025.12.24,79.430000000000006,79.939999999999997,78.760000000000005,78.799999999999997,79.650000000000005,-0.85,-1.0672,217047.380000000004656,1715476.084000000031664
000333.SZ,2025.12.25,78.519999999999995,78.879999999999995,78.180000000000006,78.590000000000003,78.799999999999997,-0.21,-0.2665,226757.799999999988358,1780124.524999999906867
000333.SZ,2025.12.26,78.590000000000003,79.069999999999993,78.549999999999997,78.870000000000004,78.590000000000003,0.28,0.3563,214107.119999999995343,1688269.459999999962747
000333.SZ,2025.12.29,78.790000000000006,79.719999999999998,78.25,78.409999999999996,78.870000000000004,-0.46,-0.5832,256973.85000000000582,2026008.965000000083819
000333.SZ,2025.12.30,78.159999999999996,79.379999999999995,78.120000000000004,78.849999999999994,78.409999999999996,0.44,0.5612,213622.220000000001164,1681118.067999999970197
000333.SZ,2025.12.31,78.870000000000004,80.280000000000001,77.849999999999994,78.150000000000005,78.849999999999994,-0.7,-0.8878,287758.21999999997206,2256598.466000000014901
000333.SZ,2026.01.05,80.040000000000006,80.5,78.25,78.680000000000006,78.150000000000005,0.53,0.6782,442947.090000000025611,3501427.58199999993667
000333.SZ,2026.01.06,78.579999999999998,79.489999999999994,77.39,78.840000000000003,78.680000000000006,0.16,0.2034,454524.760000000009313,3572813.822000000160187
000333.SZ,2026.01.07,78.989999999999994,79.579999999999998,78.060000000000002,79.370000000000004,78.840000000000003,0.53,0.6722,401967.840000000025611,3173707.530999999959021
000333.SZ,2026.01.08,79.370000000000004,79.480000000000004,78.310000000000002,79.030000000000001,79.370000000000004,-0.34,-0.4284,312536.840000000025611,2464225.429000000003725
000333.SZ,2026.01.09,79.599999999999994,79.950000000000002,79.299999999999997,79.769999999999995,79.030000000000001,0.74,0.9364,341080.96999999997206,2719435.078000000212341
000333.SZ,2026.01.12,79.780000000000001,79.790000000000006,77.810000000000002,78.620000000000004,79.769999999999995,-1.15,-1.4416,525014.099999999976716,4117420.887000000104308
000333.SZ,2026.01.13,77.900000000000005,78,76.099999999999994,76.200000000000002,78.620000000000004,-2.42,-3.0781,945712.319999999948777,7277543.657999999821186
000333.SZ,2026.01.14,76.200000000000002,77.629999999999995,75.909999999999996,77.150000000000005,76.200000000000002,0.95,1.2467,539684.010000000009313,4151813.691000000108033
000333.SZ,2026.01.15,77.459999999999993,78.049999999999997,76.89,77.219999999999998,77.150000000000005,0.07,0.0907,360313.71999999997206,2794124.458000000100582
000333.SZ,2026.01.16,77.25,77.849999999999994,77.150000000000005,77.310000000000002,77.219999999999998,0.09,0.1166,371868.549999999988358,2882035.811000000219792
000333.SZ,2026.01.19,77.370000000000004,78.14,77.049999999999997,77.620000000000004,77.310000000000002,0.31,0.401,336373.929999999993015,2609235.77199999988079
000333.SZ,2026.01.20,77.659999999999996,79.370000000000004,77.200000000000002,79,77.620000000000004,1.38,1.7779,455357.5,3580248.041000000201165
000333.SZ,2026.01.21,78.959999999999993,78.959999999999993,77.549999999999997,77.780000000000001,79,-1.22,-1.5443,368086.440000000002328,2881638.098000000230967
000333.SZ,2026.01.22,78.25,78.260000000000005,77.370000000000004,77.489999999999994,77.780000000000001,-0.29,-0.3728,344040.580000000016298,2673285.095999999903142
000333.SZ,2026.01.23,77.569999999999993,77.790000000000006,76.709999999999993,76.780000000000001,77.489999999999994,-0.71,-0.9162,373707.400000000023283,2879013.288000000175088
000333.SZ,2026.01.26,76.799999999999997,77.870000000000004,76.019999999999996,76.349999999999994,76.780000000000001,-0.43,-0.56,473131.679999999993015,3631661.682000000029802
000333.SZ,2026.01.27,76.400000000000005,77.099999999999994,75.920000000000001,76.099999999999994,76.349999999999994,-0.25,-0.3274,325806.539999999979045,2493849.776999999769032
000333.SZ,2026.01.28,76.090000000000003,76.359999999999999,75,75.340000000000003,76.099999999999994,-0.76,-0.9987,628937.229999999981373,4759175.49199999962002
000333.SZ,2026.01.29,75.700000000000002,78.079999999999998,75.469999999999998,77.879999999999995,75.340000000000003,2.54,3.3714,622441.060000000055879,4784027.398000000044703
000333.SZ,2026.01.30,77.599999999999994,79,77.400000000000005,77.590000000000003,77.879999999999995,-0.29,-0.3724,532508.290000000037252,4168550.768000000156462
000333.SZ,2026.02.02,77.599999999999994,78.480000000000004,77,77.849999999999994,77.590000000000003,0.26,0.3351,345915.789999999979045,2696447.813999999780207
000333.SZ,2026.02.03,77.799999999999997,78.89,77.430000000000006,77.909999999999996,77.849999999999994,0.06,0.0771,345037.099999999976716,2691523.350000000093132
000333.SZ,2026.02.04,78.099999999999994,79.879999999999995,78.010000000000005,79.810000000000002,77.909999999999996,1.9,2.4387,389102.590000000025611,3080223.023000000044703
000333.SZ,2026.02.05,79.829999999999998,81.159999999999996,79.629999999999995,80.450000000000002,79.810000000000002,0.64,0.8019,429197.909999999974388,3456314.703000000212341
000333.SZ,2026.02.06,80.430000000000006,80.799999999999997,79.400000000000005,79.540000000000006,80.450000000000002,-0.91,-1.1311,312565.900000000023283,2494058.799000000115484
000333.SZ,2026.02.09,79.180000000000006,79.340000000000003,78.409999999999996,79.159999999999996,79.540000000000006,-0.38,-0.4777,334669.530000000027939,2637206.615999999921768
000333.SZ,2026.02.10,79.209999999999993,80.280000000000001,78.879999999999995,80.189999999999997,79.159999999999996,1.03,1.3012,306184.080000000016298,2442130.413000000175088
000333.SZ,2026.02.11,80,80.209999999999993,79.599999999999994,79.689999999999997,80.189999999999997,-0.5,-0.6235,198066.399999999994179,1581382.077000000048428
000333.SZ,2026.02.12,79.459999999999993,80.060000000000002,79.299999999999997,79.799999999999997,79.689999999999997,0.11,0.138,188784.410000000003492,1505278.310999999986961
000333.SZ,2026.02.13,79.510000000000005,80,78.909999999999996,79.049999999999997,79.799999999999997,-0.75,-0.9398,255102.429999999993015,2024367.757999999914318
000333.SZ,2026.02.24,80.200000000000002,80.599999999999994,79.519999999999995,79.519999999999995,79.049999999999997,0.47,0.5946,252513.929999999993015,2020103.220999999903142
000333.SZ,2026.02.25,80.280000000000001,80.769999999999995,79.290000000000006,79.700000000000002,79.519999999999995,0.18,0.2264,285523.950000000011641,2280423.703999999910593
000333.SZ,2026.02.26,80.150000000000005,80.200000000000002,78.75,79.25,79.700000000000002,-0.45,-0.5646,253270.619999999995343,2011764.283999999985098
000333.SZ,2026.02.27,79.030000000000001,79.5,78.5,78.64,79.25,-0.61,-0.7697,201603.880000000004656,1590463.838999999919906
