ts_code,trade_date,open,high,low,close,pre_close,change,pct_chg,vol,amount
002475.SZ,2023.03.01,30.019999999999999,30.929999999999999,29.949999999999999,30.899999999999998,29.940000000000001,0.96,3.2064,610365.880000000004656,1868432.208000000100582
002475.SZ,2023.03.02,30.8,30.949999999999999,30.46,30.510000000000001,30.899999999999998,-0.39,-1.2621,318176.919999999983701,974643.528999999980442
002475.SZ,2023.03.03,30.649999999999998,30.780000000000001,30,30.25,30.510000000000001,-0.26,-0.8522,386983.979999999981373,1169336.591999999945983
002475.SZ,2023.03.06,30.25,30.32,29.8,30.010000000000001,30.25,-0.24,-0.7934,350003.070000000006984,1049562.87100000004284
002475.SZ,2023.03.07,29.920000000000001,29.969999999999998,29.199999999999999,29.329999999999998,30.010000000000001,-0.68,-2.2659,408459.409999999974388,1207538.294999999925494
002475.SZ,2023.03.08,29.109999999999999,29.25,28.949999999999999,29.129999999999998,29.329999999999998,-0.2,-0.6819,347282.390000000013969,1010086.199999999953433
002475.SZ,2023.03.09,29.199999999999999,29.420000000000001,28.929999999999999,29.280000000000001,29.129999999999998,0.15,0.5149,303625.5,887301.113999999943189
002475.SZ,2023.03.10,29,29.199999999999999,28.75,28.8,29.280000000000001,-0.48,-1.6393,346352.869999999995343,1000956.368000000016763
002475.SZ,2023.03.13,28.679999999999999,28.929999999999999,28.429999999999999,28.8,28.8,0,0,341556.599999999976716,979840.337999999988824
002475.SZ,2023.03.14,28.8,28.839999999999999,27.8,28.329999999999998,28.8,-0.47,-1.6319,564230.089999999967403,1591612.182000000029802
002475.SZ,2023.03.15,28.5,29.280000000000001,28.429999999999999,28.739999999999998,28.329999999999998,0.41,1.4472,460083.270000000018626,1328237.466000000014901
002475.SZ,2023.03.16,28.449999999999999,28.649999999999998,27.679999999999999,27.719999999999998,28.739999999999998,-1.02,-3.5491,529271.46999999997206,1482057.452000000048428
002475.SZ,2023.03.17,28.010000000000001,28.32,27.5,27.589999999999999,27.719999999999998,-0.13,-0.469,447194.309999999997671,1246831.834999999962747
002475.SZ,2023.03.20,27.600000000000001,28.289999999999999,27.199999999999999,27.899999999999998,27.589999999999999,0.31,1.1236,659259.390000000013969,1837050.925000000046566
002475.SZ,2023.03.21,28,28.239999999999998,27.71,28.239999999999998,27.899999999999998,0.34,1.2186,364742.830000000016298,1023531.145999999949708
002475.SZ,2023.03.22,28.25,28.96,28.109999999999999,28.859999999999999,28.239999999999998,0.62,2.1955,497796.260000000009313,1429756.584000000031664
002475.SZ,2023.03.23,28.8,29.850000000000001,28.649999999999998,29.329999999999998,28.859999999999999,0.47,1.6286,770090.869999999995343,2264227.049000000115483
002475.SZ,2023.03.24,29.879999999999999,31.510000000000001,29.829999999999998,31.3,29.329999999999998,1.97,6.716700000000001,1789399.320000000065192,5549377.088999999687075
002475.SZ,2023.03.27,31.3,31.899999999999998,30.5,31,31.3,-0.3,-0.9585,1025543.930000000051222,3196310.533999999985098
002475.SZ,2023.03.28,30.89,30.98,29.629999999999999,29.769999999999999,31,-1.23,-3.9677,818461.880000000004656,2467551.589999999850988
002475.SZ,2023.03.29,30.16,30.649999999999998,30,30.199999999999999,29.769999999999999,0.43,1.4444,521265.169999999983701,1579515.101999999955296
002475.SZ,2023.03.30,30.739999999999998,30.989999999999998,29.850000000000001,30.449999999999999,30.199999999999999,0.25,0.8278,482365.85999999998603,1463980.199000000022351
002475.SZ,2023.03.31,30,30.539999999999999,29.8,30.309999999999998,30.449999999999999,-0.14,-0.4598,414669.700000000011641,1255259.237999999895691
002475.SZ,2023.04.03,30.309999999999998,30.719999999999998,30.190000000000001,30.579999999999998,30.309999999999998,0.27,0.8908,516529.549999999988358,1573829.487999999895691
002475.SZ,2023.04.04,30.600000000000001,31.07,30.449999999999999,30.769999999999999,30.579999999999998,0.19,0.6213,669319.349999999976716,2057747.172000000020489
002475.SZ,2023.04.06,30.399999999999998,31.949999999999999,30.269999999999999,31.3,30.769999999999999,0.53,1.7225,836329.68999999994412,2603834.023000000044703
002475.SZ,2023.04.07,31.129999999999998,31.649999999999998,30.899999999999998,31.100000000000001,31.3,-0.2,-0.639,468841.070000000006984,1461850.645000000018626
002475.SZ,2023.04.10,31.100000000000001,31.96,30.510000000000001,30.73,31.100000000000001,-0.37,-1.1897,620843.130000000004656,1939299.567999999970197
002475.SZ,2023.04.11,30.21,30.850000000000001,30.079999999999998,30.46,30.73,-0.27,-0.8786,438224.309999999997671,1334579.504999999888241
002475.SZ,2023.04.12,31.059999999999998,32.100000000000001,31.059999999999998,32.020000000000003,30.46,1.56,5.121500000000001,1206194.080000000074505,3838895.425999999977648
002475.SZ,2023.04.13,31.760000000000001,31.969999999999998,30.429999999999999,30.530000000000001,32.020000000000003,-1.49,-4.6533,754105.75,2338427.015999999828636
002475.SZ,2023.04.14,30.609999999999999,30.75,30.170000000000001,30.57,30.530000000000001,0.04,0.131,417883.190000000002328,1271956.855999999912455
002475.SZ,2023.04.17,30.399999999999998,30.399999999999998,29.48,29.690000000000001,30.57,-0.88,-2.8786,728515.069999999948777,2165731.387000000104308
002475.SZ,2023.04.18,29.3,29.75,29.089999999999999,29.530000000000001,29.690000000000001,-0.16,-0.5389,412439.789999999979045,1213885.094000000040978
002475.SZ,2023.04.19,29.5,29.57,28.719999999999998,28.87,29.530000000000001,-0.66,-2.235,550957.520000000018626,1598894.25
002475.SZ,2023.04.20,28.920000000000001,29.190000000000001,28.39,28.62,28.87,-0.25,-0.866,505490.729999999981373,1449773.834999999962747
002475.SZ,2023.04.21,28.89,29.25,27.62,27.719999999999998,28.62,-0.9,-3.1447,757593.459999999962747,2130821.183000000193715
002475.SZ,2023.04.24,27.719999999999998,27.839999999999999,26.829999999999998,27,27.719999999999998,-0.72,-2.5974,822200.660000000032596,2243541.317999999970197
002475.SZ,2023.04.25,26.899999999999998,27.05,25.760000000000001,26.019999999999999,27,-0.98,-3.6296,820435.739999999990686,2143373.763999999966472
002475.SZ,2023.04.26,26.05,27.280000000000001,26.030000000000001,26.64,26.019999999999999,0.62,2.3828,726717.43999999994412,1928541.084000000031664
002475.SZ,2023.04.27,26.370000000000001,26.379999999999998,25,25.149999999999998,26.64,-1.49,-5.5931,1401278.699999999953433,3557987.820999999996274
002475.SZ,2023.04.28,26.199999999999999,26.739999999999998,25.780000000000001,26.100000000000001,25.149999999999998,0.95,3.7773,1072720.649999999906867,2807247.070999999996274
002475.SZ,2023.05.04,26.05,26.07,25.489999999999998,25.62,26.100000000000001,-0.48,-1.8391,589504.010000000009313,1511944.169999999925494
002475.SZ,2023.05.05,25.62,25.91,25.379999999999998,25.839999999999999,25.62,0.22,0.8587,534809.68999999994412,1372848.061999999918043
002475.SZ,2023.05.08,26,26.039999999999999,25.46,25.600000000000001,25.839999999999999,-0.24,-0.9288,506522.770000000018626,1299730.137000000104308
002475.SZ,2023.05.09,25.609999999999999,26.879999999999999,25.269999999999999,26.39,25.600000000000001,0.79,3.0859,970377.680000000051222,2553638.575999999884515
002475.SZ,2023.05.10,26.149999999999998,26.649999999999998,25.899999999999998,26.600000000000001,26.39,0.21,0.7958,652148.420000000041909,1714785.500999999931082
002475.SZ,2023.05.11,26.600000000000001,26.969999999999998,26.379999999999998,26.530000000000001,26.600000000000001,-0.07,-0.2632,488513.840000000025611,1303248.280000000027939
002475.SZ,2023.05.12,26.39,26.530000000000001,26.149999999999998,26.379999999999998,26.530000000000001,-0.15,-0.5654,380447.929999999993015,1002049.047999999951571
002475.SZ,2023.05.15,26.420000000000001,26.850000000000001,26.149999999999998,26.8,26.379999999999998,0.42,1.5921,539800.410000000032596,1433526.689000000013038
002475.SZ,2023.05.16,27.379999999999998,27.5,26.66,26.859999999999999,26.8,0.06,0.2239,641277.069999999948777,1732748.68999999994412
002475.SZ,2023.05.17,26.989999999999998,27.8,26.879999999999999,27.670000000000001,26.859999999999999,0.81,3.0156,839290.670000000041909,2306203.166000000201165
002475.SZ,2023.05.18,27.66,28.14,27.41,27.5,27.670000000000001,-0.17,-0.6144,681207.43999999994412,1887691.293000000063329
002475.SZ,2023.05.19,28.3,28.530000000000001,27.780000000000001,28.120000000000001,27.5,0.62,2.2545,967381.680000000051222,2726628.896000000182539
002475.SZ,2023.05.22,28.100000000000001,28.429999999999999,27.64,27.850000000000001,28.120000000000001,-0.27,-0.9602,503078.280000000027939,1405825.422000000020489
002475.SZ,2023.05.23,27.780000000000001,28.120000000000001,27.530000000000001,27.66,27.850000000000001,-0.19,-0.6822,370065.590000000025611,1029441.729999999981373
002475.SZ,2023.05.24,27.440000000000001,28.179999999999999,27.32,27.839999999999999,27.66,0.18,0.6508,442263.020000000018626,1228687.279000000096857
002475.SZ,2023.05.25,27.739999999999998,27.96,27.399999999999998,27.679999999999999,27.839999999999999,-0.16,-0.5747,334230.229999999981373,923412.145999999949708
002475.SZ,2023.05.26,27.629999999999999,27.670000000000001,27.07,27.449999999999999,27.679999999999999,-0.23,-0.8309,345478.989999999990686,945119.937000000034458
002475.SZ,2023.05.29,27.600000000000001,27.789999999999999,27.199999999999999,27.350000000000001,27.449999999999999,-0.1,-0.3643,325512.440000000002328,893284.63600000005681
002475.SZ,2023.05.30,27.260000000000001,27.66,26.850000000000001,27.649999999999998,27.350000000000001,0.3,1.0969,469579.789999999979045,1279682.125
002475.SZ,2023.05.31,27.589999999999999,27.839999999999999,27.149999999999998,27.3,27.649999999999998,-0.35,-1.2658,475607.520000000018626,1304723.226000000024214
002475.SZ,2023.06.01,27.309999999999998,28.879999999999999,27.269999999999999,28.5,27.3,1.2,4.3956,1201977.929999999934807,3409847.552999999839812
002475.SZ,2023.06.02,28.989999999999998,29.219999999999998,28.379999999999998,28.789999999999999,28.5,0.29,1.0175,949422.530000000027939,2730744.865000000223517
002475.SZ,2023.06.05,28.780000000000001,28.8,28.21,28.350000000000001,28.789999999999999,-0.44,-1.5283,560344.520000000018626,1588795.790999999968335
002475.SZ,2023.06.06,27.71,27.789999999999999,26.149999999999998,26.269999999999999,28.350000000000001,-2.08,-7.3369,1403287.739999999990686,3739193.183000000193715
002475.SZ,2023.06.07,26.350000000000001,27.75,26.350000000000001,27.16,26.269999999999999,0.89,3.3879,1086758.639999999897554,2966631.520000000018626
002475.SZ,2023.06.08,27.179999999999999,27.57,26.780000000000001,27.41,27.16,0.25,0.9205,577657.890000000013969,1572717.665999999968335
002475.SZ,2023.06.09,27.289999999999999,27.48,26.539999999999999,27.179999999999999,27.41,-0.23,-0.8391,593894.810000000055879,1604610.773000000044703
002475.SZ,2023.06.12,27.25,27.879999999999999,27.179999999999999,27.489999999999998,27.179999999999999,0.31,1.1405,670197.530000000027939,1851458.730999999912455
002475.SZ,2023.06.13,27.469999999999998,28.879999999999999,27.46,28.760000000000001,27.489999999999998,1.27,4.619900000000001,937381.75,2648929.589999999850988
002475.SZ,2023.06.14,28.920000000000001,29.489999999999998,28.469999999999998,28.64,28.760000000000001,-0.12,-0.4172,698169.35999999998603,2016667.835999999893829
002475.SZ,2023.06.15,28.649999999999998,28.760000000000001,28.030000000000001,28.399999999999998,28.510000000000001,-0.11,-0.3858,480263.789999999979045,1362376.865999999921768
002475.SZ,2023.06.16,28.420000000000001,29.739999999999998,28.309999999999998,29.64,28.399999999999998,1.24,4.3662,1186492.590000000083819,3473898.200999999884516
002475.SZ,2023.06.19,29.559999999999998,30.100000000000001,29.379999999999998,29.89,29.64,0.25,0.8435,780326,2320365.208999999798834
002475.SZ,2023.06.20,30.679999999999999,32.079999999999998,30.609999999999999,31.579999999999998,29.89,1.69,5.6541,2269568.430000000167638,7154680.434999999590218
002475.SZ,2023.06.21,31.8,31.929999999999999,30.399999999999998,30.399999999999998,31.579999999999998,-1.18,-3.7365,963941.780000000027939,2995535.998999999836087
002475.SZ,2023.06.26,30,31.199999999999999,29.670000000000001,30.350000000000001,30.399999999999998,-0.05,-0.1645,844996.099999999976716,2576616.447999999858438
002475.SZ,2023.06.27,30.280000000000001,31.719999999999998,29.719999999999998,31.46,30.350000000000001,1.11,3.6573,1098381.459999999962747,3406357.382000000216066
002475.SZ,2023.06.28,31.39,31.39,30,30.48,31.46,-0.98,-3.1151,879052.140000000013969,2680994.867000000085681
002475.SZ,2023.06.29,30.21,32.899999999999998,30.21,32.409999999999996,30.48,1.93,6.332,1441238.71999999997206,4581219.56099999975413
002475.SZ,2023.06.30,32.829999999999998,33.929999999999999,32.299999999999997,32.450000000000002,32.409999999999996,0.04,0.1234,1203427.71999999997206,3948270.60800000000745
002475.SZ,2023.07.03,32.950000000000002,34.530000000000001,32.950000000000002,33.679999999999999,32.450000000000002,1.23,3.7904,2016505.520000000018626,6819137.230000000447034
002475.SZ,2023.07.04,33.119999999999997,34.369999999999997,32.89,34.009999999999998,33.679999999999999,0.33,0.9798,970044.760000000009313,3288509.283999999985098
002475.SZ,2023.07.05,34,34.200000000000002,33.39,33.689999999999997,34.009999999999998,-0.32,-0.9409,627262.680000000051222,2118216.765999999828636
002475.SZ,2023.07.06,33.380000000000002,33.740000000000002,32.71,33.25,33.689999999999997,-0.44,-1.306,868298.630000000004656,2878623.770000000018626
002475.SZ,2023.07.07,33.25,33.590000000000003,32.689999999999997,33.310000000000002,33.25,0.06,0.1805,445792.320000000006984,1478959.730999999912455
002475.SZ,2023.07.10,33.21,33.5,32.479999999999996,32.649999999999998,33.310000000000002,-0.66,-1.9814,581552.25,1907192.52600000007078
002475.SZ,2023.07.11,32.810000000000002,33.469999999999998,32.700000000000002,33.240000000000002,32.649999999999998,0.59,1.807,483946.010000000009313,1605051.509000000078231
002475.SZ,2023.07.12,33.130000000000002,33.539999999999999,32.630000000000002,32.75,33.240000000000002,-0.49,-1.4741,418709.090000000025611,1383017.985000000102445
002475.SZ,2023.07.13,32.950000000000002,34.689999999999997,32.909999999999996,34.420000000000001,32.75,1.67,5.0992,893638.85999999998603,3043283.615999999921768
002475.SZ,2023.07.14,34.350000000000001,34.829999999999998,34,34.170000000000001,34.420000000000001,-0.25,-0.7263,530699.729999999981373,1822575.142999999923631
002475.SZ,2023.07.17,34.189999999999997,35.200000000000002,34,34.060000000000002,34.170000000000001,-0.11,-0.3219,715497.60999999998603,2476979.933000000193715
002475.SZ,2023.07.18,34.399999999999998,35.32,33.929999999999999,34.340000000000003,34.060000000000002,0.28,0.8221,719885.93999999994412,2488542.060000000055879
002475.SZ,2023.07.19,33.899999999999998,34.399999999999998,33.229999999999996,33.560000000000002,34.340000000000003,-0.78,-2.2714,632828.890000000013969,2122759.899000000208616
002475.SZ,2023.07.20,33.75,33.939999999999997,32.240000000000002,32.369999999999997,33.560000000000002,-1.19,-3.5459,745446,2441432.083000000100582
002475.SZ,2023.07.21,32.359999999999999,32.5,31.699999999999999,32.009999999999998,32.369999999999997,-0.36,-1.1121,571251.390000000013969,1829495.915000000037252
002475.SZ,2023.07.24,31.850000000000001,32.64,31.57,32.030000000000001,32.009999999999998,0.02,0.0625,357110.049999999988358,1149487.810000000055879
002475.SZ,2023.07.25,32.649999999999998,32.899999999999998,31.920000000000001,32.060000000000002,32.030000000000001,0.03,0.0937,547523.770000000018626,1765608.317999999970197
002475.SZ,2023.07.26,31.8,32.280000000000001,31.399999999999998,32.07,32.060000000000002,0.01,0.0312,419851.659999999974388,1339344.924000000115484
002475.SZ,2023.07.27,32.049999999999997,32.219999999999998,31.21,31.359999999999999,32.07,-0.71,-2.2139,587807.339999999967403,1851412.560000000055879
002475.SZ,2023.07.28,31.32,32.039999999999999,31.149999999999998,31.82,31.359999999999999,0.46,1.4668,509156.96999999997206,1611712.019000000087544
002475.SZ,2023.07.31,31.649999999999998,32.799999999999997,31.649999999999998,32.32,31.82,0.5,1.5713,687804.57999999995809,2219041.702000000048428
002475.SZ,2023.08.01,32.350000000000001,33.75,31.940000000000001,33.25,32.32,0.93,2.8775,867630.949999999953433,2869497.195999999996274
002475.SZ,2023.08.02,33.030000000000001,33.770000000000003,32.920000000000001,33.350000000000001,33.25,0.1,0.3008,415192.390000000013969,1386553.977999999886378
002475.SZ,2023.08.03,33.049999999999997,34.89,33.049999999999997,33.829999999999998,33.350000000000001,0.48,1.4393,740959.589999999967403,2526765.257000000216066
002475.SZ,2023.08.04,33.810000000000002,34.479999999999996,33.579999999999998,33.740000000000002,33.829999999999998,-0.09,-0.266,383774.059999999997671,1299698.433999999891966
002475.SZ,2023.08.07,33.369999999999997,34.380000000000002,32.929999999999999,34.130000000000002,33.740000000000002,0.39,1.1559,498211.419999999983701,1687684.145000000018626
002475.SZ,2023.08.08,34.07,35.579999999999998,34.060000000000002,34.82,34.130000000000002,0.69,2.0217,757845.21999999997206,2642767.649000000208616
002475.SZ,2023.08.09,34.600000000000001,34.719999999999998,33.799999999999997,34.179999999999999,34.82,-0.64,-1.838,374495.320000000006984,1280822.662999999942257
002475.SZ,2023.08.10,34.030000000000001,34.369999999999997,33.729999999999996,33.990000000000001,34.179999999999999,-0.19,-0.5559,345246.400000000023283,1171896.100000000093132
002475.SZ,2023.08.11,34.25,34.299999999999997,33,33.100000000000001,33.990000000000001,-0.89,-2.6184,493597.85999999998603,1652252.574999999953433
002475.SZ,2023.08.14,32.670000000000001,33,31.899999999999998,32.549999999999997,33.100000000000001,-0.55,-1.6616,701655.770000000018626,2270142.22000000020489
002475.SZ,2023.08.15,33,33.350000000000001,32.100000000000001,32.5,32.549999999999997,-0.05,-0.1536,422185.080000000016298,1377674.102999999886378
002475.SZ,2023.08.16,32.32,32.479999999999996,31.71,31.839999999999999,32.5,-0.66,-2.0308,433186.739999999990686,1382530.716000000014901
002475.SZ,2023.08.17,31.690000000000001,31.969999999999998,31.25,31.859999999999999,31.839999999999999,0.02,0.0628,433661.5,1371932.959999999962747
002475.SZ,2023.08.18,31.839999999999999,31.879999999999999,31,31.010000000000001,31.859999999999999,-0.85,-2.6679,436750.570000000006984,1370024.264999999897554
002475.SZ,2023.08.21,31.019999999999999,31.149999999999998,30.309999999999998,30.329999999999998,31.010000000000001,-0.68,-2.1928,415481.520000000018626,1271154.507999999914318
002475.SZ,2023.08.22,30.600000000000001,32.100000000000001,30.219999999999998,31.71,30.329999999999998,1.38,4.55,581936.93999999994412,1812296.291999999899417
002475.SZ,2023.08.23,31.55,31.699999999999999,31,31.14,31.71,-0.57,-1.7975,397445.390000000013969,1244168.012000000104308
002475.SZ,2023.08.24,31.46,32.060000000000002,31.21,31.449999999999999,31.14,0.31,0.9955,526265.140000000013969,1668216.277000000001862
002475.SZ,2023.08.25,31.109999999999999,31.449999999999999,30.629999999999999,31,31.449999999999999,-0.45,-1.4308,319078.349999999976716,989199.898999999975785
002475.SZ,2023.08.28,33.590000000000003,33.590000000000003,31.780000000000001,32.060000000000002,31,1.06,3.4194,628660.130000000004656,2033021.851999999955296
002475.SZ,2023.08.29,31.829999999999998,32.979999999999996,31.66,32.39,32.060000000000002,0.33,1.0293,767478.380000000004656,2486578.805000000167638
002475.SZ,2023.08.30,32.700000000000002,33.600000000000001,32.700000000000002,32.899999999999998,32.39,0.51,1.5746,612803.040000000037252,2031951.229000000050291
002475.SZ,2023.08.31,32.899999999999998,33.100000000000001,32.5,33,32.899999999999998,0.1,0.304,396282.900000000023283,1301641.365999999921768
002475.SZ,2023.09.01,33.130000000000002,33.240000000000002,32.5,32.700000000000002,33,-0.3,-0.9091,252199.910000000003492,828312.339999999967403
002475.SZ,2023.09.04,32.880000000000002,33.32,32.700000000000002,33.130000000000002,32.700000000000002,0.43,1.315,388970.090000000025611,1284768.350000000093132
002475.SZ,2023.09.05,33.039999999999999,33.100000000000001,31.120000000000001,31.32,33.130000000000002,-1.81,-5.463300000000001,915975.21999999997206,2901934.089000000152736
002475.SZ,2023.09.06,31.269999999999999,31.379999999999998,30.71,31.239999999999998,31.32,-0.08,-0.2554,397710.85999999998603,1237450.810000000055879
002475.SZ,2023.09.07,30.699999999999999,30.699999999999999,28.8,29.940000000000001,31.239999999999998,-1.3,-4.1613,1259718.129999999888241,3740235.683000000193715
002475.SZ,2023.09.08,29.5,29.8,28.89,29.350000000000001,29.940000000000001,-0.59,-1.9706,651885,1902536.216000000014901
002475.SZ,2023.09.11,29.170000000000001,30.100000000000001,28.5,29.850000000000001,29.350000000000001,0.5,1.7036,771184.430000000051222,2276264.134999999776482
002475.SZ,2023.09.12,29.780000000000001,30.350000000000001,29.57,30.25,29.850000000000001,0.4,1.34,503205.400000000023283,1512891.23300000000745
002475.SZ,2023.09.13,29.600000000000001,29.91,28.859999999999999,29,30.25,-1.25,-4.1322,689961.630000000004656,2015768.246999999973922
002475.SZ,2023.09.14,29.289999999999999,29.359999999999999,28.679999999999999,28.690000000000001,29,-0.31,-1.069,494210.780000000027939,1429823.58199999993667
002475.SZ,2023.09.15,28.699999999999999,28.949999999999999,28.219999999999998,28.5,28.690000000000001,-0.19,-0.6623,526787.349999999976716,1500284.75
002475.SZ,2023.09.18,28.309999999999998,29.809999999999998,28.25,29.25,28.5,0.75,2.6316,620477.780000000027939,1820066.004999999888241
002475.SZ,2023.09.19,29.25,29.55,29.019999999999999,29.25,29.25,0,0,319312.030000000027939,933816.177999999956227
002475.SZ,2023.09.20,29.239999999999998,29.510000000000001,29.100000000000001,29.21,29.25,-0.04,-0.1368,239727.549999999988358,703008.140000000013969
002475.SZ,2023.09.21,29.010000000000001,29.289999999999999,28.809999999999998,28.899999999999998,29.21,-0.31,-1.0613,266297.849999999976716,771662.32999999995809
002475.SZ,2023.09.22,29.030000000000001,30.199999999999999,28.66,30.149999999999998,28.899999999999998,1.25,4.325300000000001,619655.170000000041909,1846289.253000000026077
002475.SZ,2023.09.25,30.149999999999998,30.5,29.850000000000001,29.920000000000001,30.149999999999998,-0.23,-0.7629,309744.840000000025611,932896.819000000017695
002475.SZ,2023.09.26,29.929999999999999,30.179999999999999,29.600000000000001,29.690000000000001,29.920000000000001,-0.23,-0.7687,282696.71999999997206,842595.285000000032596
002475.SZ,2023.09.27,29.510000000000001,30.149999999999998,29.5,29.929999999999999,29.690000000000001,0.24,0.8084,300319.130000000004656,898080.729000000050291
002475.SZ,2023.09.28,30.14,30.25,29.64,29.82,29.929999999999999,-0.11,-0.3675,291611.020000000018626,869976.883000000030733
002475.SZ,2023.10.09,29.780000000000001,31.579999999999998,29.3,31.21,29.82,1.39,4.6613,650723.030000000027939,1992239.148999999975785
002475.SZ,2023.10.10,31.21,31.5,30.879999999999999,30.96,31.21,-0.25,-0.801,382172.289999999979045,1188594.522000000113621
002475.SZ,2023.10.11,31,31.899999999999998,31,31.82,30.96,0.86,2.7778,556298.430000000051222,1759988.779000000096857
002475.SZ,2023.10.12,32.200000000000002,32.299999999999997,31.850000000000001,32.100000000000001,31.82,0.28,0.8799,361500.690000000002328,1158660.26300000003539
002475.SZ,2023.10.13,32.100000000000001,32.679999999999999,31.66,31.949999999999999,32.100000000000001,-0.15,-0.4673,387539.150000000023283,1243743.78499999991618
002475.SZ,2023.10.16,31.969999999999998,32.030000000000001,31.190000000000001,31.82,31.949999999999999,-0.13,-0.4069,381568.309999999997671,1211127.381999999983236
002475.SZ,2023.10.17,31.789999999999999,31.929999999999999,31.399999999999998,31.649999999999998,31.82,-0.17,-0.5343,368705.640000000013969,1165668.022000000113621
002475.SZ,2023.10.18,31.920000000000001,32,31.100000000000001,31.699999999999999,31.649999999999998,0.05,0.158,284799.270000000018626,900465.023999999975785
002475.SZ,2023.10.19,31.440000000000001,31.809999999999998,30.929999999999999,31.010000000000001,31.699999999999999,-0.69,-2.1767,423081.539999999979045,1323251.547000000020489
002475.SZ,2023.10.20,30.789999999999999,31.350000000000001,30.539999999999999,30.71,31.010000000000001,-0.3,-0.9674,262338.659999999974388,809457.494999999995343
002475.SZ,2023.10.23,31.899999999999998,32.219999999999998,30.199999999999999,31.62,30.71,0.91,2.9632,722287.760000000009313,2274398.492999999783933
002475.SZ,2023.10.24,32.159999999999996,32.219999999999998,30.489999999999998,31.339999999999999,31.62,-0.28,-0.8855,649795.21999999997206,2029341.963999999919906
002475.SZ,2023.10.25,31.600000000000001,31.89,31.089999999999999,31.16,31.339999999999999,-0.18,-0.5743,466013.239999999990686,1461234.604000000050291
002475.SZ,2023.10.26,31.16,31.3,30.519999999999999,31.219999999999998,31.16,0.06,0.1926,396293.21999999997206,1226116.017999999923631
002475.SZ,2023.10.27,31.100000000000001,32.219999999999998,30.8,32,31.219999999999998,0.78,2.4984,550192.640000000013969,1748141.932000000029802
002475.SZ,2023.10.30,32,34.429999999999999,31.920000000000001,33.780000000000001,32,1.78,5.5625,1060007.18999999994412,3543995.572000000160187
002475.SZ,2023.10.31,33.780000000000001,33.920000000000001,32.579999999999998,32.770000000000003,33.780000000000001,-1.01,-2.9899,659281.959999999962747,2178889.779000000096857
002475.SZ,2023.11.01,32.759999999999997,32.880000000000002,32.049999999999997,32.240000000000002,32.770000000000003,-0.53,-1.6173,468035.21999999997206,1512923.497999999905005
002475.SZ,2023.11.02,32.369999999999997,32.429999999999999,31.5,31.519999999999999,32.240000000000002,-0.72,-2.2333,469896.119999999995343,1496646.58199999993667
002475.SZ,2023.11.03,31.48,32.46,31.16,32,31.519999999999999,0.48,1.5228,608301.670000000041909,1946215.476999999955296
002475.SZ,2023.11.06,32.5,33.899999999999998,32.479999999999996,33.299999999999997,32,1.3,4.0625,930732.479999999981373,3091646.817999999970197
002475.SZ,2023.11.07,33.179999999999999,33.520000000000003,32.549999999999997,32.850000000000001,33.299999999999997,-0.45,-1.3514,745148.670000000041909,2444559.43999999994412
002475.SZ,2023.11.08,32.770000000000003,32.880000000000002,32.310000000000002,32.600000000000001,32.850000000000001,-0.25,-0.761,621175.819999999948777,2023443.977999999886378
002475.SZ,2023.11.09,32.479999999999996,32.590000000000003,31.780000000000001,31.920000000000001,32.600000000000001,-0.68,-2.0859,615435.040000000037252,1970399.125
002475.SZ,2023.11.10,31.989999999999998,32.5,31.71,32.409999999999996,31.920000000000001,0.49,1.5351,522543.919999999983701,1681882.972999999998137
002475.SZ,2023.11.13,32.520000000000003,32.799999999999997,31.91,32.020000000000003,32.409999999999996,-0.39,-1.2033,433837.60999999998603,1392150.902000000001862
002475.SZ,2023.11.14,32.100000000000001,32.179999999999999,31.649999999999998,31.89,32.020000000000003,-0.13,-0.406,441068.85999999998603,1405186.274999999906867
002475.SZ,2023.11.15,32.289999999999999,32.670000000000001,32,32.670000000000001,31.89,0.78,2.4459,619305.699999999953433,2005621.270000000018626
002475.SZ,2023.11.16,32.479999999999996,32.729999999999996,32.240000000000002,32.310000000000002,32.670000000000001,-0.36,-1.1019,462621.679999999993015,1500274.608999999938532
002475.SZ,2023.11.17,32.240000000000002,32.5,31.609999999999999,31.899999999999998,32.310000000000002,-0.41,-1.269,497332.119999999995343,1586325.469000000040978
002475.SZ,2023.11.20,31.89,31.899999999999998,31,31.149999999999998,31.899999999999998,-0.75,-2.3511,759779.530000000027939,2380148.876000000163912
002475.SZ,2023.11.21,31.179999999999999,31.3,30.629999999999999,30.71,31.149999999999998,-0.44,-1.4125,602259.790000000037252,1864001.620000000111758
002475.SZ,2023.11.22,30.719999999999998,30.769999999999999,30.030000000000001,30.179999999999999,30.71,-0.53,-1.7258,587978.85999999998603,1780282.068999999901279
002475.SZ,2023.11.23,30.100000000000001,31.010000000000001,29.82,30.89,30.179999999999999,0.71,2.3526,623931.270000000018626,1903571.958000000100582
002475.SZ,2023.11.24,30.73,31.23,30.329999999999998,31.059999999999998,30.89,0.17,0.5503,489933.460000000020954,1510203.705000000074505
002475.SZ,2023.11.27,31.469999999999998,31.899999999999998,31.14,31.690000000000001,31.059999999999998,0.63,2.0283,698712.310000000055879,2205796.25
002475.SZ,2023.11.28,31.679999999999999,31.949999999999999,31.399999999999998,31.739999999999998,31.690000000000001,0.05,0.1578,418550.210000000020954,1326495.104999999981373
002475.SZ,2023.11.29,31.850000000000001,31.98,31.600000000000001,31.8,31.739999999999998,0.06,0.189,326689.760000000009313,1039652.636999999987892
002475.SZ,2023.11.30,31.649999999999998,31.929999999999999,31.3,31.829999999999998,31.8,0.03,0.0943,331524.840000000025611,1052938.213999999919906
002475.SZ,2023.12.01,31.66,31.82,31.129999999999998,31.359999999999999,31.829999999999998,-0.47,-1.4766,376405.940000000002328,1182195.787999999942257
002475.SZ,2023.12.04,31.440000000000001,31.449999999999999,30.559999999999998,30.989999999999998,31.359999999999999,-0.37,-1.1798,347655.85999999998603,1077716.756000000052154
002475.SZ,2023.12.05,30.75,30.989999999999998,30.370000000000001,30.399999999999998,30.989999999999998,-0.59,-1.9038,350327.799999999988358,1072489.554999999934807
002475.SZ,2023.12.06,30.3,30.55,29.91,30.289999999999999,30.399999999999998,-0.11,-0.3618,466011.799999999988358,1406142.087000000057741
002475.SZ,2023.12.07,30.100000000000001,30.23,29.699999999999999,29.91,30.289999999999999,-0.38,-1.2545,410808.599999999976716,1229911.882999999914318
002475.SZ,2023.12.08,29.91,31.21,29.91,30.89,29.91,0.98,3.2765,558848.290000000037252,1716984.752000000094994
002475.SZ,2023.12.11,30.629999999999999,31.530000000000001,30.510000000000001,31.429999999999999,30.89,0.54,1.7481,424961.419999999983701,1316841.300999999977648
002475.SZ,2023.12.12,31.309999999999998,32.149999999999998,31.219999999999998,32,31.429999999999999,0.57,1.8136,547641.729999999981373,1747130.712000000057742
002475.SZ,2023.12.13,31.899999999999998,32.310000000000002,31.760000000000001,31.780000000000001,32,-0.22,-0.6875,358849.539999999979045,1149019.050000000046566
002475.SZ,2023.12.14,32,32.130000000000002,31.41,31.489999999999998,31.780000000000001,-0.29,-0.9125,326316.71999999997206,1035244.48300000000745
002475.SZ,2023.12.15,31.679999999999999,32.549999999999997,31.62,31.73,31.489999999999998,0.24,0.7621,498780.849999999976716,1596585.134000000078231
002475.SZ,2023.12.18,31.73,32.219999999999998,31.589999999999999,31.949999999999999,31.73,0.22,0.6934,438980.25,1404492.591000000014901
002475.SZ,2023.12.19,32,32.759999999999997,31.179999999999999,32.5,31.949999999999999,0.55,1.7214,506914.059999999997671,1636253.411000000080093
002475.SZ,2023.12.20,32.5,33.049999999999997,32.329999999999998,32.670000000000001,32.5,0.17,0.5231,549918.790000000037252,1804514.364000000059604
002475.SZ,2023.12.21,32.5,32.82,32.14,32.579999999999998,32.670000000000001,-0.09,-0.2755,434354.580000000016298,1410450.753999999957159
002475.SZ,2023.12.22,32.5,32.939999999999997,32.189999999999997,32.350000000000001,32.579999999999998,-0.23,-0.706,331808.530000000027939,1078313.739000000059604
002475.SZ,2023.12.25,32.25,32.850000000000001,32.189999999999997,32.789999999999999,32.350000000000001,0.44,1.3601,273647.520000000018626,894426.792999999946914
002475.SZ,2023.12.26,32.719999999999998,32.719999999999998,31.859999999999999,32.25,32.789999999999999,-0.54,-1.6468,269431.330000000016298,866548.716999999945983
002475.SZ,2023.12.27,32.200000000000002,32.740000000000002,32.100000000000001,32.609999999999999,32.25,0.36,1.1163,316409.830000000016298,1028648.310000000055879
002475.SZ,2023.12.28,32.75,33.659999999999996,32.64,33.200000000000002,32.609999999999999,0.59,1.8093,494463.309999999997671,1645968.950999999884515
002475.SZ,2023.12.29,33.200000000000002,34.850000000000001,33.14,34.450000000000002,33.200000000000002,1.25,3.7651,802965.930000000051222,2760421.408999999985098
002475.SZ,2024.01.02,34.439999999999997,34.96,33.950000000000002,33.979999999999996,34.450000000000002,-0.47,-1.3643,471353.409999999974388,1615427.567999999970197
002475.SZ,2024.01.03,33.689999999999997,33.929999999999999,32.409999999999996,32.670000000000001,33.979999999999996,-1.31,-3.8552,770368.540000000037252,2534226.473000000230967
002475.SZ,2024.01.04,32.600000000000001,32.799999999999997,32.170000000000001,32.5,32.670000000000001,-0.17,-0.5204,377647.669999999983701,1223579.710999999893829
002475.SZ,2024.01.05,32.799999999999997,33.329999999999998,32.200000000000002,32.5,32.5,0,0,386302.909999999974388,1265820.915000000037252
002475.SZ,2024.01.08,32.46,32.649999999999998,31.3,31.329999999999998,32.5,-1.17,-3.6,427173.140000000013969,1352044.405000000027939
002475.SZ,2024.01.09,31.55,32.299999999999997,31.269999999999999,31.46,31.329999999999998,0.13,0.4149,370693.559999999997671,1174568.317999999970197
002475.SZ,2024.01.10,31.46,31.519999999999999,30.969999999999998,31.219999999999998,31.46,-0.24,-0.7629,385053.869999999995343,1200801.46999999997206
002475.SZ,2024.01.11,31,31.46,30.629999999999999,31.3,31.219999999999998,0.08,0.2562,529657.890000000013969,1647592.779000000096857
002475.SZ,2024.01.12,31.010000000000001,31.089999999999999,30.32,30.600000000000001,31.3,-0.7,-2.2364,561661.630000000004656,1719490.145999999949708
002475.SZ,2024.01.15,30.350000000000001,30.899999999999998,30.030000000000001,30.679999999999999,30.600000000000001,0.08,0.2614,372873.900000000023283,1137104.936999999918043
002475.SZ,2024.01.16,30.399999999999998,30.600000000000001,29.929999999999999,30.289999999999999,30.679999999999999,-0.39,-1.2712,477491.270000000018626,1442796.232000000076368
002475.SZ,2024.01.17,30.199999999999999,30.199999999999999,28.399999999999998,28.399999999999998,30.289999999999999,-1.89,-6.2397,980522.040000000037252,2836256.308000000193715
002475.SZ,2024.01.18,28.199999999999999,28.8,27.75,28.719999999999998,28.399999999999998,0.32,1.1268,649723.290000000037252,1828744.328999999910593
002475.SZ,2024.01.19,28.530000000000001,29.579999999999998,28.510000000000001,29.339999999999999,28.719999999999998,0.62,2.1588,553321.449999999953433,1620327.537000000011175
002475.SZ,2024.01.22,29.73,29.940000000000001,28.579999999999998,28.929999999999999,29.339999999999999,-0.41,-1.3974,542092.050000000046566,1589908.870000000111758
002475.SZ,2024.01.23,28.920000000000001,29.48,28.559999999999998,29.269999999999999,28.929999999999999,0.34,1.1753,552578.35999999998603,1603952.894000000087544
002475.SZ,2024.01.24,29.289999999999999,29.489999999999998,28.239999999999998,29.05,29.269999999999999,-0.22,-0.7516,495899.619999999995343,1422758.882999999914318
002475.SZ,2024.01.25,29,29.289999999999999,28.609999999999999,29.129999999999998,29.05,0.08,0.2754,518524.229999999981373,1504726.631000000052154
002475.SZ,2024.01.26,29,29.059999999999998,27.600000000000001,27.82,29.129999999999998,-1.31,-4.4971,917752.020000000018626,2572233.223999999929219
002475.SZ,2024.01.29,27.82,27.920000000000001,27.079999999999998,27.16,27.82,-0.66,-2.3724,583462.790000000037252,1596066.871999999973922
002475.SZ,2024.01.30,27.019999999999999,27.3,26.449999999999999,26.519999999999999,27.16,-0.64,-2.3564,415765.739999999990686,1112621.82799999997951
002475.SZ,2024.01.31,26.449999999999999,26.449999999999999,25.199999999999999,25.489999999999998,26.519999999999999,-1.03,-3.8839,848553.530000000027939,2171478.152999999932944
002475.SZ,2024.02.01,25.469999999999998,26.239999999999998,25.059999999999998,25.850000000000001,25.489999999999998,0.36,1.4123,543420.800000000046566,1397901.938000000081956
002475.SZ,2024.02.02,25.82,26.449999999999999,24.879999999999999,25.629999999999999,25.850000000000001,-0.22,-0.8511,617107.040000000037252,1590845.567000000039115
002475.SZ,2024.02.05,25.64,27.66,25.3,26.98,25.629999999999999,1.35,5.2673,950973.869999999995343,2507389.708000000100582
002475.SZ,2024.02.06,26.539999999999999,28.260000000000001,26.5,28.219999999999998,26.98,1.24,4.596,805153.119999999995343,2236373.339999999850988
002475.SZ,2024.02.07,28.239999999999998,28.649999999999998,27.96,28.23,28.219999999999998,0.01,0.0354,633851.760000000009313,1791035.762000000104308
002475.SZ,2024.02.08,28.5,29.399999999999998,28.399999999999998,28.940000000000001,28.23,0.71,2.5151,613291.760000000009313,1781272.198000000091269
002475.SZ,2024.02.19,28.8,28.98,27.010000000000001,27.489999999999998,28.940000000000001,-1.45,-5.0104,1282919.540000000037252,3545870.083999999798834
002475.SZ,2024.02.20,27.190000000000001,27.289999999999999,26.280000000000001,26.98,27.489999999999998,-0.51,-1.8552,1116352.110000000102445,2980169.055999999865889
002475.SZ,2024.02.21,26.66,27.879999999999999,26.5,27.469999999999998,26.98,0.49,1.8162,865388.290000000037252,2372792.197000000160187
002475.SZ,2024.02.22,27.48,27.66,27.079999999999998,27.600000000000001,27.469999999999998,0.13,0.4732,605720.420000000041909,1659768.550000000046566
002475.SZ,2024.02.23,27.5,27.579999999999998,26.739999999999998,27.16,27.600000000000001,-0.44,-1.5942,1044899.050000000046566,2824126.847000000067055
002475.SZ,2024.02.26,27.07,27.859999999999999,26.71,27.429999999999999,27.16,0.27,0.9941,1021539.569999999948777,2778574.239000000059604
002475.SZ,2024.02.27,27.149999999999998,28.109999999999999,27.05,28.109999999999999,27.429999999999999,0.68,2.479,1109042.310000000055879,3064076.547999999951571
002475.SZ,2024.02.28,28.120000000000001,28.589999999999999,27.170000000000001,27.170000000000001,28.109999999999999,-0.94,-3.344,1288688.239999999990686,3577996.98300000000745
002475.SZ,2024.02.29,26.899999999999998,27.66,26.760000000000001,27.579999999999998,27.170000000000001,0.41,1.509,1213736.21999999997206,3316658.333999999798834
002475.SZ,2024.03.28,29.399999999999998,30.199999999999999,29.199999999999999,29.75,29.41,0.34,1.1561,729429.479999999981373,2170592.444999999832361
002475.SZ,2024.03.29,29.510000000000001,29.760000000000001,28.879999999999999,29.41,29.75,-0.34,-1.1429,688430.160000000032596,2013985.449000000022351
002475.SZ,2024.03.01,27.449999999999999,28.440000000000001,27.3,28.339999999999999,27.579999999999998,0.76,2.7556,1378964.330000000074505,3858537.359000000171363
002475.SZ,2024.03.04,28.579999999999998,28.82,27.66,28.010000000000001,28.339999999999999,-0.33,-1.1644,1165900.070000000065192,3272789.949000000022351
002475.SZ,2024.03.05,27.66,28.489999999999998,27.449999999999999,28.190000000000001,28.010000000000001,0.18,0.6426,1213815.43999999994412,3400763.490999999921768
002475.SZ,2024.03.06,27.75,28.679999999999999,27.3,27.96,28.190000000000001,-0.23,-0.8159,1248213.010000000009313,3481125.657999999821186
002475.SZ,2024.03.07,27.739999999999998,28.019999999999999,27.179999999999999,27.179999999999999,27.96,-0.78,-2.7897,975540.57999999995809,2684561.496999999973922
002475.SZ,2024.03.08,27.329999999999998,27.679999999999999,27.05,27.559999999999998,27.179999999999999,0.38,1.3981,856905,2347920.404000000096857
002475.SZ,2024.03.11,27.359999999999999,28.3,27.07,28.260000000000001,27.559999999999998,0.7,2.5399,1275929.18999999994412,3558325.671000000089406
002475.SZ,2024.03.12,28.239999999999998,28.760000000000001,28.120000000000001,28.489999999999998,28.260000000000001,0.23,0.8139,1031778.650000000023283,2932752.550999999977648
002475.SZ,2024.03.13,28.489999999999998,28.64,28.190000000000001,28.25,28.489999999999998,-0.24,-0.8424,614537.040000000037252,1743565.05199999990873
002475.SZ,2024.03.14,28.16,28.179999999999999,27.329999999999998,27.559999999999998,28.25,-0.69,-2.4425,886457.520000000018626,2453006.387000000104308
002475.SZ,2024.03.15,27.449999999999999,27.780000000000001,27.350000000000001,27.769999999999999,27.559999999999998,0.21,0.762,571639.979999999981373,1575093.637000000104308
002475.SZ,2024.03.18,27.8,28.179999999999999,27.609999999999999,28.039999999999999,27.769999999999999,0.27,0.9723,910106.630000000004656,2539839.819999999832361
002475.SZ,2024.03.19,28.100000000000001,29.899999999999998,27.949999999999999,29.46,28.039999999999999,1.42,5.0642,2286726.169999999925494,6701403.148000000044703
002475.SZ,2024.03.20,29.539999999999999,30.57,29.449999999999999,29.649999999999998,29.46,0.19,0.6449,1777071.389999999897554,5320563.308000000193715
002475.SZ,2024.03.21,30.059999999999998,30.350000000000001,29.600000000000001,29.73,29.649999999999998,0.08,0.2698,1131200,3383200.424000000115483
002475.SZ,2024.03.22,29.96,32.280000000000001,29.850000000000001,31.839999999999999,29.73,2.11,7.0972,2392358.149999999906867,7459121.639999999664723
002475.SZ,2024.03.25,31.5,31.600000000000001,30.359999999999999,30.469999999999998,31.839999999999999,-1.37,-4.302800000000001,1574341.030000000027939,4852813.285000000149011
002475.SZ,2024.03.26,30,31.289999999999999,29.989999999999998,30.949999999999999,30.469999999999998,0.48,1.5753,1170034.25,3602634.666000000201165
002475.SZ,2024.03.27,30.449999999999999,30.64,29.41,29.41,30.949999999999999,-1.54,-4.9758,933050.650000000023283,2790902.240999999921768
002475.SZ,2024.04.01,29.8,30,29.420000000000001,29.670000000000001,29.41,0.26,0.8841,624945.810000000055879,1856919.377000000094994
002475.SZ,2024.04.02,29.670000000000001,29.75,28.39,28.64,29.670000000000001,-1.03,-3.4715,1006559.75,2896339.356000000145286
002475.SZ,2024.04.03,28.649999999999998,29.219999999999998,28.449999999999999,28.760000000000001,28.64,0.12,0.419,688257.82999999995809,1984368.70299999997951
002475.SZ,2024.04.08,28.579999999999998,28.600000000000001,27.8,28.039999999999999,28.760000000000001,-0.72,-2.5035,798311.660000000032596,2246027.916000000201165
002475.SZ,2024.04.09,28.100000000000001,28.559999999999998,27.969999999999998,28.449999999999999,28.039999999999999,0.41,1.4622,446406.75,1262310.28900000010617
002475.SZ,2024.04.10,28.370000000000001,28.379999999999998,27.449999999999999,27.690000000000001,28.449999999999999,-0.76,-2.6714,613419.630000000004656,1702273.476000000024214
002475.SZ,2024.04.11,27.449999999999999,28.179999999999999,27.399999999999998,27.629999999999999,27.690000000000001,-0.06,-0.2167,485402.25,1349239.803000000072643
002475.SZ,2024.04.12,27.82,28.5,27.699999999999999,27.82,27.629999999999999,0.19,0.6877,620058.880000000004656,1744261.716999999945983
002475.SZ,2024.04.15,27.829999999999998,28.079999999999998,27.510000000000001,27.8,27.82,-0.02,-0.0719,574029.170000000041909,1596636.433999999891966
002475.SZ,2024.04.16,27.55,27.679999999999999,26.71,26.850000000000001,27.8,-0.95,-3.4173,795445.839999999967403,2154982.859000000171363
002475.SZ,2024.04.17,26.969999999999998,27.359999999999999,26.850000000000001,27.280000000000001,26.850000000000001,0.43,1.6015,635635.270000000018626,1724587.973999999929219
002475.SZ,2024.04.18,27.079999999999998,27.359999999999999,26.530000000000001,27.05,27.280000000000001,-0.23,-0.8431,700812.199999999953433,1888643.493000000016763
002475.SZ,2024.04.19,26.8,26.82,26.100000000000001,26.39,27.05,-0.66,-2.4399,669952.869999999995343,1770229.114999999990686
002475.SZ,2024.04.22,26.100000000000001,27.359999999999999,25.920000000000001,27.25,26.39,0.86,3.2588,737068.380000000004656,1979564.502000000094994
002475.SZ,2024.04.23,27.019999999999999,27.789999999999999,27.019999999999999,27.589999999999999,27.25,0.34,1.2477,604693.339999999967403,1661766.671000000089406
002475.SZ,2024.04.24,27.690000000000001,28.059999999999998,27.199999999999999,27.670000000000001,27.589999999999999,0.08,0.29,784690.209999999962747,2166209.970000000204891
002475.SZ,2024.04.25,28.14,29.219999999999998,28.14,28.539999999999999,27.670000000000001,0.87,3.1442,1231136.979999999981373,3532718.834999999962747
002475.SZ,2024.04.26,28.539999999999999,29.089999999999999,28.399999999999998,28.789999999999999,28.539999999999999,0.25,0.876,830634.5,2386161.535000000149011
002475.SZ,2024.04.29,29.21,30.16,29.05,29.829999999999998,28.789999999999999,1.04,3.6124,1210446.320000000065192,3595607.197999999858438
002475.SZ,2024.04.30,29.760000000000001,29.949999999999999,29.14,29.199999999999999,29.829999999999998,-0.63,-2.112,637599.959999999962747,1877974.568999999901279
002475.SZ,2024.05.06,30.3,31.170000000000001,30.3,30.989999999999998,29.199999999999999,1.79,6.1301,1415806.709999999962747,4362093.786000000312924
002475.SZ,2024.05.07,30.690000000000001,31.260000000000001,30.559999999999998,30.859999999999999,30.989999999999998,-0.13,-0.4195,581367.770000000018626,1797858.074999999953433
002475.SZ,2024.05.08,30.5,30.5,29.579999999999998,29.600000000000001,30.859999999999999,-1.26,-4.083000000000001,795330.239999999990686,2372896.262000000104308
002475.SZ,2024.05.09,29.609999999999999,30.199999999999999,29.609999999999999,29.82,29.600000000000001,0.22,0.7432,494089.900000000023283,1476124.915999999968334
002475.SZ,2024.05.10,29.850000000000001,29.96,29.170000000000001,29.5,29.82,-0.32,-1.0731,514899.260000000009313,1515276.800000000046566
002475.SZ,2024.05.13,29.39,30.949999999999999,29.3,30.579999999999998,29.5,1.08,3.661,873209.75,2657530.498000000137835
002475.SZ,2024.05.14,31.949999999999999,32.200000000000002,31.010000000000001,31.079999999999998,30.579999999999998,0.5,1.6351,1074025.18999999994412,3383702.905999999959021
002475.SZ,2024.05.15,31,31.289999999999999,30.600000000000001,30.66,31.079999999999998,-0.42,-1.3514,419071.080000000016298,1293998.460999999893829
002475.SZ,2024.05.16,31.199999999999999,32.049999999999997,30.96,31.760000000000001,30.66,1.1,3.5877,1017640.43999999994412,3222156.376999999862164
002475.SZ,2024.05.17,31.539999999999999,31.949999999999999,31.399999999999998,31.64,31.760000000000001,-0.12,-0.3778,525858.660000000032596,1665148.625999999931082
002475.SZ,2024.05.20,31.420000000000001,32,31.309999999999998,31.62,31.64,-0.02,-0.0632,475298.35999999998603,1502283.35800000000745
002475.SZ,2024.05.21,31.5,32.289999999999999,31.339999999999999,31.87,31.62,0.25,0.7906,578895.209999999962747,1850377.742000000085681
002475.SZ,2024.05.22,31.8,33,31.699999999999999,32.859999999999999,31.87,0.99,3.1064,842652.85999999998603,2748987.217999999877065
002475.SZ,2024.05.23,32.600000000000001,32.950000000000002,32.21,32.509999999999997,32.859999999999999,-0.35,-1.0651,495720.960000000020954,1612873.100000000093132
002475.SZ,2024.05.24,32.359999999999999,32.850000000000001,31.399999999999998,31.510000000000001,32.509999999999997,-1,-3.076,810326.699999999953433,2589338.578000000212341
002475.SZ,2024.05.27,31.809999999999998,32.429999999999999,31.48,31.89,31.510000000000001,0.38,1.206,557845.709999999962747,1773904.80600000009872
002475.SZ,2024.05.28,31.75,31.760000000000001,31,31.109999999999999,31.89,-0.78,-2.4459,616102.489999999990686,1926962.938000000081956
002475.SZ,2024.05.29,31.269999999999999,31.489999999999998,30.789999999999999,31.179999999999999,31.109999999999999,0.07,0.225,431613.489999999990686,1342584.227999999886378
002475.SZ,2024.05.30,31.019999999999999,32.75,30.829999999999998,32.259999999999997,31.179999999999999,1.08,3.4638,772733.18999999994412,2487336.93999999994412
002475.SZ,2024.05.31,32.200000000000002,32.740000000000002,31.699999999999999,31.789999999999999,32.259999999999997,-0.47,-1.4569,566361.319999999948777,1821116.747999999905005
002475.SZ,2024.06.03,31.64,33.100000000000001,31.609999999999999,32.509999999999997,31.789999999999999,0.72,2.2649,829834.400000000023283,2699177.157999999821186
002475.SZ,2024.06.04,32.399999999999998,32.850000000000001,32.149999999999998,32.729999999999996,32.509999999999997,0.22,0.6767,484441.10999999998603,1575657.989999999990686
002475.SZ,2024.06.05,32.579999999999998,33.490000000000002,32.5,32.880000000000002,32.729999999999996,0.15,0.4583,695647.739999999990686,2303493.634000000078231
002475.SZ,2024.06.06,33.200000000000002,33.75,32.990000000000001,33.100000000000001,32.880000000000002,0.22,0.6691,686927.21999999997206,2290997.651999999769032
002475.SZ,2024.06.07,33.060000000000002,33.100000000000001,31.850000000000001,32.200000000000002,33.100000000000001,-0.9,-2.719,777338.239999999990686,2507079.748000000137835
002475.SZ,2024.06.11,31,31.940000000000001,30.879999999999999,31.780000000000001,32.200000000000002,-0.42,-1.3043,673572.07999999995809,2120334.751000000163912
002475.SZ,2024.06.12,33.579999999999998,34,33.189999999999997,33.420000000000001,31.780000000000001,1.64,5.1605,1309099.330000000074505,4394573.91399999987334
002475.SZ,2024.06.13,33.950000000000002,34.380000000000002,33.039999999999999,33.229999999999996,33.420000000000001,-0.19,-0.5685,893483.479999999981373,3010452.012999999802559
002475.SZ,2024.06.14,33.200000000000002,34.689999999999997,33.159999999999996,34.350000000000001,33.229999999999996,1.12,3.3704,1017630.489999999990686,3473393.692999999970197
002475.SZ,2024.06.17,34.549999999999997,37.700000000000002,34.429999999999999,37,34.350000000000001,2.65,7.7147,1616777.239999999990686,5878248.629999999888241
002475.SZ,2024.06.18,37.770000000000003,38.280000000000001,36.82,37.990000000000001,37,0.99,2.6757,1607076.020000000018626,6048554.178000000305473
002475.SZ,2024.06.19,37.869999999999997,38.5,37.399999999999998,38.07,37.990000000000001,0.08,0.2106,969463.96999999997206,3678586.916999999899417
002475.SZ,2024.06.20,37.899999999999998,38.369999999999997,37.149999999999998,37.259999999999997,38.07,-0.81,-2.1277,780780.569999999948777,2935429.677999999839812
002475.SZ,2024.06.21,36.659999999999996,38,36.57,37.719999999999998,37.259999999999997,0.46,1.2346,670558.630000000004656,2513337.691999999806284
002475.SZ,2024.06.24,37.549999999999997,38.929999999999999,37.479999999999996,37.880000000000002,37.719999999999998,0.16,0.4242,1038281,3971924.083000000100582
002475.SZ,2024.06.25,37.520000000000003,37.840000000000003,36.789999999999999,37.159999999999996,37.880000000000002,-0.72,-1.9007,829361.640000000013969,3083180.796999999787658
002475.SZ,2024.06.26,37.25,38.5,37.21,38.200000000000002,37.159999999999996,1.04,2.7987,790072.93999999994412,2989094.129000000189989
002475.SZ,2024.06.27,38.100000000000001,40.219999999999998,38.009999999999998,38.850000000000001,38.200000000000002,0.65,1.7016,1248712.330000000074505,4902288.043999999761581
002475.SZ,2024.06.28,38.5,39.869999999999997,38.25,39.310000000000002,38.850000000000001,0.46,1.184,933749.489999999990686,3667487.399999999906867
002475.SZ,2024.07.01,39.200000000000002,39.5,37.929999999999999,38.909999999999996,39.310000000000002,-0.4,-1.0176,665488.630000000004656,2575664.847000000067055
002475.SZ,2024.07.02,39.490000000000002,39.859999999999999,38.82,39.090000000000003,38.909999999999996,0.18,0.4626,690652.520000000018626,2716509.617000000085681
002475.SZ,2024.07.03,39.090000000000003,39.780000000000001,38.619999999999997,38.89,39.090000000000003,-0.2,-0.5116,526072.510000000009313,2051170.080000000074505
002475.SZ,2024.07.04,38.880000000000002,39.560000000000002,38.679999999999999,38.859999999999999,38.89,-0.03,-0.0771,547280.670000000041909,2141164.149999999906867
002475.SZ,2024.07.05,39,39.060000000000002,37.89,38.729999999999996,38.859999999999999,-0.13,-0.3345,673566.160000000032596,2583811.836000000126659
002475.SZ,2024.07.08,38.75,39.659999999999996,38.5,39.369999999999997,38.729999999999996,0.64,1.6525,782296.550000000046566,3064039.455999999772757
002475.SZ,2024.07.09,39.369999999999997,41.609999999999999,39.060000000000002,41.39,39.369999999999997,2.02,5.1308,1142993.93999999994412,4665735.421000000089406
002475.SZ,2024.07.10,41.39,41.729999999999996,40.82,41.079999999999998,41.39,-0.31,-0.749,748752.599999999976716,3085524.885999999940395
002475.SZ,2024.07.11,41.049999999999997,42.939999999999997,40.590000000000003,41.780000000000001,40.780000000000001,1,2.4522,1052494.139999999897554,4391554.900000000372529
002475.SZ,2024.07.12,40.399999999999998,41.289999999999999,40.189999999999997,40.920000000000001,41.780000000000001,-0.86,-2.0584,680893.260000000009313,2772799.717999999877065
002475.SZ,2024.07.15,41.060000000000002,41.380000000000002,40.350000000000001,40.990000000000001,40.920000000000001,0.07,0.1711,474745.049999999988358,1942358.325999999884516
002475.SZ,2024.07.16,41.329999999999998,43.299999999999997,41.299999999999997,43.170000000000001,40.990000000000001,2.18,5.3184,911655.560000000055879,3874989.350000000093132
002475.SZ,2024.07.17,43,43.170000000000001,41.5,42.049999999999997,43.170000000000001,-1.12,-2.5944,707181.989999999990686,2996429.461999999824911
002475.SZ,2024.07.18,40.880000000000002,41.609999999999999,39.64,40.950000000000002,42.049999999999997,-1.1,-2.6159,1040685.380000000004656,4211742.716000000014901
002475.SZ,2024.07.19,39.719999999999998,40.96,39.689999999999997,40.149999999999998,40.950000000000002,-0.8,-1.9536,918002.839999999967403,3684921.260999999940395
002475.SZ,2024.07.22,40.060000000000002,40.060000000000002,38.630000000000002,39.719999999999998,40.149999999999998,-0.43,-1.071,837780.96999999997206,3306643.348000000230967
002475.SZ,2024.07.23,39.740000000000002,39.880000000000002,38.280000000000001,38.429999999999999,39.719999999999998,-1.29,-3.2477,703560.380000000004656,2726808.39699999988079
002475.SZ,2024.07.24,38.399999999999998,38.899999999999998,37.409999999999996,37.880000000000002,38.429999999999999,-0.55,-1.4312,701531.920000000041909,2660422.226999999955296
002475.SZ,2024.07.25,37.299999999999997,37.759999999999997,36.119999999999997,37.090000000000003,37.880000000000002,-0.79,-2.0855,761515.599999999976716,2803169.140000000130385
002475.SZ,2024.07.26,36.869999999999997,38.100000000000001,36.600000000000001,37.920000000000001,37.090000000000003,0.83,2.2378,734279.170000000041909,2758321.200999999884516
002475.SZ,2024.07.29,37.920000000000001,39.380000000000002,37.439999999999997,38.380000000000002,37.920000000000001,0.46,1.2131,740614.25,2851512.370000000111758
002475.SZ,2024.07.30,38.14,38.369999999999997,37.130000000000002,37.46,38.380000000000002,-0.92,-2.3971,595108.170000000041909,2229260.99599999981001
002475.SZ,2024.07.31,37.399999999999998,38.5,37.219999999999998,38.229999999999996,37.46,0.77,2.0555,771015.229999999981373,2935218.916999999899417
002475.SZ,2024.08.01,38.990000000000001,39.100000000000001,37.799999999999997,37.829999999999998,38.229999999999996,-0.4,-1.0463,501570.700000000011641,1915660.368999999947845
002475.SZ,2024.08.02,37.100000000000001,38.280000000000001,37,37.189999999999997,37.829999999999998,-0.64,-1.6918,503031.349999999976716,1882352.287000000011175
002475.SZ,2024.08.05,35,36.030000000000001,34.340000000000003,34.509999999999997,37.189999999999997,-2.68,-7.2062,1310978.350000000093132,4589180.290000000037252
002475.SZ,2024.08.06,35.5,35.969999999999998,34.829999999999998,35.39,34.509999999999997,0.88,2.55,600475.680000000051222,2121263.050999999977648
002475.SZ,2024.08.07,35.200000000000002,35.649999999999998,34.840000000000003,35.079999999999998,35.39,-0.31,-0.876,333975.309999999997671,1175636.337000000057742
002475.SZ,2024.08.08,34.909999999999996,35.990000000000001,34.409999999999996,35.520000000000003,35.079999999999998,0.44,1.2543,507701.960000000020954,1796470.398999999975785
002475.SZ,2024.08.09,35.859999999999999,36.880000000000002,35.789999999999999,36.329999999999998,35.520000000000003,0.81,2.2804,528990.589999999967403,1927040.757999999914318
002475.SZ,2024.08.12,36.200000000000002,36.96,36.079999999999998,36.429999999999999,36.329999999999998,0.1,0.2753,323364.940000000002328,1180919.20299999997951
002475.SZ,2024.08.13,36.299999999999997,37.32,36.299999999999997,37,36.429999999999999,0.57,1.5646,381241.010000000009313,1404964.638999999966472
002475.SZ,2024.08.14,36.990000000000001,37.310000000000002,36.399999999999998,36.57,37,-0.43,-1.1622,292337.960000000020954,1076515.365999999921768
002475.SZ,2024.08.15,36.429999999999999,37.439999999999997,36.369999999999997,36.71,36.57,0.14,0.3828,448946.539999999979045,1657492.618000000016763
002475.SZ,2024.08.16,36.96,37.439999999999997,36.869999999999997,37.039999999999999,36.71,0.33,0.8989,385969.549999999988358,1431879.104999999981373
002475.SZ,2024.08.19,37.46,37.759999999999997,36.600000000000001,36.719999999999998,37.039999999999999,-0.32,-0.8639,356623.849999999976716,1319697.290000000037252
002475.SZ,2024.08.20,36.700000000000002,37.090000000000003,36.380000000000002,36.630000000000002,36.719999999999998,-0.09,-0.2451,288549.460000000020954,1056238.43100000009872
002475.SZ,2024.08.21,36.310000000000002,38.329999999999998,36.200000000000002,37.399999999999998,36.630000000000002,0.77,2.1021,579364.819999999948777,2170789.722000000067055
002475.SZ,2024.08.22,37.600000000000001,38.060000000000002,36.700000000000002,37.799999999999997,37.399999999999998,0.4,1.0695,511122.429999999993015,1914992.682000000029802
002475.SZ,2024.08.23,37.530000000000001,37.939999999999997,37.259999999999997,37.89,37.799999999999997,0.09,0.2381,340665.669999999983701,1284706.433999999891966
002475.SZ,2024.08.26,37.920000000000001,38,36.520000000000003,37.350000000000001,37.89,-0.54,-1.4252,713162.18999999994412,2655200.552000000141561
002475.SZ,2024.08.27,37.039999999999999,37.479999999999996,36.450000000000002,36.539999999999999,37.350000000000001,-0.81,-2.1687,439290.700000000011641,1618481.513999999966472
002475.SZ,2024.08.28,36.5,37.219999999999998,36.350000000000001,36.600000000000001,36.539999999999999,0.06,0.1642,361178.849999999976716,1325186.415000000037252
002475.SZ,2024.08.29,36.5,37.600000000000001,35.600000000000001,37.229999999999996,36.600000000000001,0.63,1.7213,507891.400000000023283,1870534.740999999921768
002475.SZ,2024.08.30,37.060000000000002,40.100000000000001,37.060000000000002,39.420000000000001,37.229999999999996,2.19,5.8824,1104549.229999999981373,4332383.270999999716877
002475.SZ,2024.09.02,39.219999999999998,39.380000000000002,38.200000000000002,38.549999999999997,39.420000000000001,-0.87,-2.207,554869.130000000004656,2148528.240000000223517
002475.SZ,2024.09.03,38.340000000000003,39.159999999999996,38.159999999999996,38.630000000000002,38.549999999999997,0.08,0.2075,371639.979999999981373,1437278.502000000094994
002475.SZ,2024.09.04,37.799999999999997,38,36.5,37.840000000000003,38.630000000000002,-0.79,-2.045,651365.319999999948777,2430239.364000000059604
002475.SZ,2024.09.05,37.549999999999997,37.939999999999997,37,37.229999999999996,37.840000000000003,-0.61,-1.6121,483297.440000000002328,1806366.229000000050291
002475.SZ,2024.09.06,37.21,37.229999999999996,35.899999999999998,35.899999999999998,37.229999999999996,-1.33,-3.5724,542165.5,1966184.557000000029802
002475.SZ,2024.09.09,35.799999999999997,36.539999999999999,35.619999999999997,35.89,35.899999999999998,-0.01,-0.0279,445377.909999999974388,1606088.449000000022351
002475.SZ,2024.09.10,35.679999999999999,36.880000000000002,35.100000000000001,36.509999999999997,35.89,0.62,1.7275,512347.510000000009313,1853396.929000000003725
002475.SZ,2024.09.11,36.380000000000002,36.679999999999999,35.810000000000002,36.14,36.509999999999997,-0.37,-1.0134,316464.570000000006984,1144664.790000000037252
002475.SZ,2024.09.12,36.21,36.780000000000001,35.810000000000002,36.490000000000002,36.14,0.35,0.9685,375116.380000000004656,1362558.03900000010617
002475.SZ,2024.09.13,36.479999999999996,37.880000000000002,36.329999999999998,37.149999999999998,36.490000000000002,0.66,1.8087,483313.289999999979045,1802034.490999999921768
002475.SZ,2024.09.18,36.600000000000001,36.799999999999997,34.840000000000003,35.899999999999998,37.149999999999998,-1.25,-3.3647,617626.170000000041909,2202235.563999999780207
002475.SZ,2024.09.19,35.909999999999996,36.159999999999996,35.450000000000002,35.780000000000001,35.899999999999998,-0.12,-0.3343,441887.390000000013969,1584574.838999999919906
002475.SZ,2024.09.20,36.159999999999996,36.990000000000001,36.020000000000003,36.600000000000001,35.780000000000001,0.82,2.2918,604534.489999999990686,2213207.425999999977648
002475.SZ,2024.09.23,36.159999999999996,37.420000000000001,36.020000000000003,36.479999999999996,36.600000000000001,-0.12,-0.3279,313803.330000000016298,1153690.715000000083819
002475.SZ,2024.09.24,37,38.789999999999999,36.289999999999999,38.770000000000003,36.479999999999996,2.29,6.277400000000001,712381.030000000027939,2692513.679000000003725
002475.SZ,2024.09.25,39.329999999999998,39.689999999999997,38.280000000000001,38.46,38.770000000000003,-0.31,-0.7996,678745.660000000032596,2654197.117000000085681
002475.SZ,2024.09.26,38.399999999999998,38.700000000000002,37.350000000000001,38.420000000000001,38.46,-0.04,-0.104,1003994.390000000013969,3816399.171000000089406
002475.SZ,2024.09.27,38.429999999999999,41.189999999999997,38.399999999999998,40.479999999999996,38.420000000000001,2.06,5.3618,1205143.93999999994412,4810204.419999999925494
002475.SZ,2024.09.30,42,43.950000000000002,41.009999999999998,43.46,40.479999999999996,2.98,7.3617,1604892.370000000111758,6841666.996000000275671
002475.SZ,2024.10.08,47.810000000000002,47.810000000000002,43.229999999999996,46.329999999999998,43.46,2.87,6.6038,2046553.510000000009313,9363148.071000000461935
002475.SZ,2024.10.09,45,45.100000000000001,41.789999999999999,42.079999999999998,46.329999999999998,-4.25,-9.173299999999999,1501811.199999999953433,6533912.049999999813735
002475.SZ,2024.10.10,42.100000000000001,44.689999999999997,42.100000000000001,43.450000000000002,42.079999999999998,1.37,3.2557,1170366.669999999925494,5121025.719999999739229
002475.SZ,2024.10.11,43.39,43.450000000000002,41.509999999999997,42.200000000000002,43.450000000000002,-1.25,-2.8769,710842.760000000009313,3008618.404000000096857
002475.SZ,2024.10.14,41.850000000000001,44.049999999999997,41.850000000000001,43.990000000000001,42.200000000000002,1.79,4.2417,827991.089999999967403,3593805.899000000208616
002475.SZ,2024.10.15,43.990000000000001,45,43.299999999999997,43.600000000000001,43.990000000000001,-0.39,-0.8866,729662.85999999998603,3228800.890999999828636
002475.SZ,2024.10.16,42.880000000000002,43,41.780000000000001,42.310000000000002,43.600000000000001,-1.29,-2.9587,656477.68999999994412,2779632.344000000040978
002475.SZ,2024.10.17,42.32,43.090000000000003,41.950000000000002,41.96,42.310000000000002,-0.35,-0.8272,542293.089999999967403,2303664.924000000115484
002475.SZ,2024.10.18,42,45.21,42,44.450000000000002,41.96,2.49,5.9342,1222074.040000000037252,5381693.425999999977648
002475.SZ,2024.10.21,44.869999999999997,47.149999999999998,43.909999999999996,45.420000000000001,44.450000000000002,0.97,2.1822,1260193.070000000065192,5778409.422000000253319
002475.SZ,2024.10.22,45.420000000000001,46.990000000000001,44.420000000000001,46.049999999999997,45.420000000000001,0.63,1.3871,665568.010000000009313,3045018.325000000186264
002475.SZ,2024.10.23,45.770000000000003,46.329999999999998,44.929999999999999,45.21,46.049999999999997,-0.84,-1.8241,534753.650000000023283,2437777.061999999918043
002475.SZ,2024.10.24,44.5,44.560000000000002,43.619999999999997,43.950000000000002,45.21,-1.26,-2.787,732181.209999999962747,3219872.262999999802559
002475.SZ,2024.10.25,43.950000000000002,44.149999999999998,42.600000000000001,43.350000000000001,43.950000000000002,-0.6,-1.3652,785823.739999999990686,3392614.768000000156462
002475.SZ,2024.10.28,43.600000000000001,43.969999999999998,42.329999999999998,43.630000000000002,43.350000000000001,0.28,0.6459,603622.180000000051222,2613416.856000000145286
002475.SZ,2024.10.29,43.630000000000002,44.399999999999998,43.219999999999998,43.420000000000001,43.630000000000002,-0.21,-0.4813,656411.07999999995809,2873779.547999999951571
002475.SZ,2024.10.30,43.100000000000001,43.859999999999999,42.799999999999997,42.979999999999996,43.420000000000001,-0.44,-1.0134,586562.949999999953433,2536235.915000000037252
002475.SZ,2024.10.31,42.979999999999996,43.189999999999997,41.909999999999996,42.219999999999998,42.979999999999996,-0.76,-1.7683,758899.260000000009313,3220955.106999999843537
002475.SZ,2024.11.01,42.229999999999996,43.299999999999997,42.079999999999998,42.189999999999997,42.219999999999998,-0.03,-0.0711,594388.459999999962747,2533553.742999999783933
002475.SZ,2024.11.04,42.189999999999997,43.25,42.109999999999999,42.810000000000002,42.189999999999997,0.62,1.4695,490869.630000000004656,2096422.340000000083819
002475.SZ,2024.11.05,42.71,43.549999999999997,42.119999999999997,43.200000000000002,42.810000000000002,0.39,0.911,859136.82999999995809,3698184.436000000219792
002475.SZ,2024.11.06,43.21,43.25,41.090000000000003,41.329999999999998,43.200000000000002,-1.87,-4.328700000000001,1870469.520000000018626,7817062.351999999955296
002475.SZ,2024.11.07,40.549999999999997,40.950000000000002,40,40.929999999999999,41.329999999999998,-0.4,-0.9678,1459965.600000000093132,5888382.814000000245869
002475.SZ,2024.11.08,41.5,41.549999999999997,40.14,40.299999999999997,40.929999999999999,-0.63,-1.5392,1270298.149999999906867,5178888.519000000320374
002475.SZ,2024.11.11,40.020000000000003,40.82,39.509999999999997,40.700000000000002,40.299999999999997,0.4,0.9926,1372196.149999999906867,5520264.020999999716877
002475.SZ,2024.11.12,40.75,42.689999999999997,40.100000000000001,41.539999999999999,40.700000000000002,0.84,2.0639,1991681.139999999897554,8259616.97499999962747
002475.SZ,2024.11.13,41,41.679999999999999,40.5,41.590000000000003,41.539999999999999,0.05,0.1204,1043250.520000000018626,4287516.984000000171363
002475.SZ,2024.11.14,41.579999999999998,41.579999999999998,40,40.100000000000001,41.590000000000003,-1.49,-3.5826,828706.229999999981373,3378252.845000000204891
002475.SZ,2024.11.15,39.899999999999998,40.32,39.299999999999997,39.299999999999997,40.100000000000001,-0.8,-1.995,770599.140000000013969,3071696.125
002475.SZ,2024.11.18,39.299999999999997,39.810000000000002,38.32,38.509999999999997,39.299999999999997,-0.79,-2.0102,801792.339999999967403,3125441.186999999918043
002475.SZ,2024.11.19,38.600000000000001,38.89,37.740000000000002,38.530000000000001,38.509999999999997,0.02,0.0519,868378.589999999967403,3319633.660000000149011
002475.SZ,2024.11.20,38.539999999999999,38.719999999999998,38.179999999999999,38.590000000000003,38.530000000000001,0.06,0.1557,802781.119999999995343,3085803.304000000003725
002475.SZ,2024.11.21,38.509999999999997,39.630000000000002,38,39.229999999999996,38.590000000000003,0.64,1.6585,970588.819999999948777,3767308.387000000104308
002475.SZ,2024.11.22,39,39.630000000000002,37.600000000000001,37.649999999999998,39.229999999999996,-1.58,-4.0275,902722.849999999976716,3483981.18999999994412
002475.SZ,2024.11.25,37.659999999999996,37.799999999999997,36.310000000000002,36.659999999999996,37.649999999999998,-0.99,-2.6295,987550.18999999994412,3640404.674000000115484
002475.SZ,2024.11.26,36.810000000000002,37.880000000000002,36.659999999999996,37.159999999999996,36.659999999999996,0.5,1.3639,755553.619999999995343,2826202.313999999780207
002475.SZ,2024.11.27,37.030000000000001,39.5,36.899999999999998,39.130000000000002,37.159999999999996,1.97,5.301400000000001,1495365.280000000027939,5771038.359000000171363
002475.SZ,2024.11.28,38.859999999999999,38.939999999999997,38.14,38.200000000000002,39.130000000000002,-0.93,-2.3767,729523,2804772.467999999877065
002475.SZ,2024.11.29,38.049999999999997,39.280000000000001,38.049999999999997,38.679999999999999,38.200000000000002,0.48,1.2565,901146.010000000009313,3495824.65100000007078
002475.SZ,2024.12.02,39.189999999999997,40.850000000000001,39.179999999999999,40.560000000000002,38.679999999999999,1.88,4.860400000000001,1366203.600000000093132,5524834.213000000454485
002475.SZ,2024.12.03,40.560000000000002,40.740000000000002,39.920000000000001,40.310000000000002,40.560000000000002,-0.25,-0.6164,700546.60999999998603,2828060.680999999865889
002475.SZ,2024.12.04,40.350000000000001,40.5,39.329999999999998,39.590000000000003,40.310000000000002,-0.72,-1.7862,571379.709999999962747,2269379.055000000167638
002475.SZ,2024.12.05,39.5,39.799999999999997,38.909999999999996,39.369999999999997,39.590000000000003,-0.22,-0.5557,524038.940000000002328,2060728.936999999918043
002475.SZ,2024.12.06,39.700000000000002,40.5,39.5,40.21,39.369999999999997,0.84,2.1336,885410.420000000041909,3558019.205000000074505
002475.SZ,2024.12.09,40.21,40.590000000000003,39.649999999999998,39.880000000000002,40.21,-0.33,-0.8207,425672.150000000023283,1705033.837999999988824
002475.SZ,2024.12.10,41.25,41.829999999999998,40.649999999999998,40.89,39.880000000000002,1.01,2.5326,1310041.65999999991618,5402388.325000000186264
002475.SZ,2024.12.11,40.909999999999996,42.07,40.200000000000002,41.25,40.89,0.36,0.8804,958063.170000000041909,3948090.976999999955296
002475.SZ,2024.12.12,41.39,42.200000000000002,40.929999999999999,41.369999999999997,41.25,0.12,0.2909,706573.869999999995343,2925719.291999999899417
002475.SZ,2024.12.13,41,41.079999999999998,40.399999999999998,40.579999999999998,41.369999999999997,-0.79,-1.9096,662495.729999999981373,2695769.595999999903142
002475.SZ,2024.12.16,40.399999999999998,40.659999999999996,39.649999999999998,39.780000000000001,40.579999999999998,-0.8,-1.9714,523915.580000000016298,2094235.044999999925494
002475.SZ,2024.12.17,39.780000000000001,41.350000000000001,39.689999999999997,40.299999999999997,39.780000000000001,0.52,1.3072,720023.96999999997206,2924980.197000000160187
002475.SZ,2024.12.18,40.530000000000001,40.689999999999997,39.96,40.060000000000002,40.299999999999997,-0.24,-0.5955,454734.96999999997206,1824141.817999999970197
002475.SZ,2024.12.19,39.649999999999998,41.850000000000001,39.340000000000003,41.670000000000001,40.060000000000002,1.61,4.019000000000001,1084657.75,4462268.150000000372529
002475.SZ,2024.12.20,41.719999999999998,41.950000000000002,41.179999999999999,41.280000000000001,41.670000000000001,-0.39,-0.9359,614387.119999999995343,2548121.263999999966472
002475.SZ,2024.12.23,41.280000000000001,41.829999999999998,40.299999999999997,40.46,41.280000000000001,-0.82,-1.9864,569719.25,2328081.978000000119209
002475.SZ,2024.12.24,40.560000000000002,41.450000000000002,40.25,41.399999999999998,40.46,0.94,2.3233,595175.130000000004656,2443465.10800000000745
002475.SZ,2024.12.25,41.399999999999998,41.979999999999996,40.920000000000001,41.07,41.399999999999998,-0.33,-0.7971,468934.380000000004656,1944421.155000000027939
002475.SZ,2024.12.26,40.96,42.380000000000002,40.630000000000002,42.32,41.07,1.25,3.0436,905242.930000000051222,3803538.746999999973922
002475.SZ,2024.12.27,42.280000000000001,42.289999999999999,41.229999999999996,41.350000000000001,42.32,-0.97,-2.2921,826370.270000000018626,3444499.183999999891966
002475.SZ,2024.12.30,41.350000000000001,42.100000000000001,41.149999999999998,41.649999999999998,41.350000000000001,0.3,0.7255,585294.589999999967403,2441348.731999999843537
002475.SZ,2024.12.31,42.100000000000001,42.100000000000001,40.450000000000002,40.759999999999997,41.649999999999998,-0.89,-2.1369,640872.57999999995809,2629811.16399999987334
002475.SZ,2025.01.02,40.590000000000003,40.759999999999997,38.829999999999998,39.21,40.759999999999997,-1.55,-3.8027,691998.780000000027939,2745078.822000000160187
002475.SZ,2025.01.03,39.21,40.380000000000002,38.679999999999999,39.229999999999996,39.21,0.02,0.051,758413.599999999976716,2999349.15100000007078
002475.SZ,2025.01.06,39.240000000000002,39.990000000000001,38.719999999999998,38.990000000000001,39.229999999999996,-0.24,-0.6118,477534.890000000013969,1872510.845999999903142
002475.SZ,2025.01.07,39.189999999999997,41.020000000000003,39.100000000000001,40.46,38.990000000000001,1.47,3.7702,859222.319999999948777,3474460.649999999906867
002475.SZ,2025.01.08,40.14,40.200000000000002,38.850000000000001,39.149999999999998,40.46,-1.31,-3.2378,793783.18999999994412,3121740.430999999865889
002475.SZ,2025.01.09,39.090000000000003,39.490000000000002,38.659999999999996,39.009999999999998,39.149999999999998,-0.14,-0.3576,513048.030000000027939,2006498.054999999934807
002475.SZ,2025.01.10,38.899999999999998,39.009999999999998,37.799999999999997,38.159999999999996,39.009999999999998,-0.85,-2.1789,698491.040000000037252,2667795.342000000178813
002475.SZ,2025.01.13,37.700000000000002,38.700000000000002,37.609999999999999,37.859999999999999,38.159999999999996,-0.3,-0.7862,414231.270000000018626,1578515.754999999888241
002475.SZ,2025.01.14,38.14,39.619999999999997,37.399999999999998,39.609999999999999,37.859999999999999,1.75,4.6223,840033.60999999998603,3247577.927999999839812
002475.SZ,2025.01.15,39.149999999999998,39.46,38.539999999999999,39.07,39.609999999999999,-0.54,-1.3633,540127.699999999953433,2106706.097000000067055
002475.SZ,2025.01.16,39.469999999999998,39.740000000000002,38.799999999999997,39.219999999999998,39.07,0.15,0.3839,426706,1674538.753999999957159
002475.SZ,2025.01.17,38.740000000000002,39.71,38.630000000000002,39.159999999999996,39.219999999999998,-0.06,-0.153,434592.559999999997671,1703744.563000000081956
002475.SZ,2025.01.20,39.859999999999999,41.170000000000001,39.850000000000001,40.789999999999999,39.159999999999996,1.63,4.1624,898748.380000000004656,3663689.66399999987334
002475.SZ,2025.01.21,40.920000000000001,42.579999999999998,40.829999999999998,41.89,40.789999999999999,1.1,2.6967,849346.050000000046566,3536767.856999999843537
002475.SZ,2025.01.22,41.5,41.89,39.700000000000002,40.090000000000003,41.89,-1.8,-4.297,1193904.610000000102445,4822425.427000000141561
002475.SZ,2025.01.23,40.700000000000002,40.759999999999997,39.579999999999998,39.619999999999997,40.090000000000003,-0.47,-1.1724,698160.319999999948777,2799986.341000000014901
002475.SZ,2025.01.24,39.679999999999999,41.280000000000001,39.679999999999999,40.969999999999998,39.619999999999997,1.35,3.4074,886928.949999999953433,3603808.742000000085681
002475.SZ,2025.01.27,40.75,41.219999999999998,40.100000000000001,40.189999999999997,40.969999999999998,-0.78,-1.9038,473248.270000000018626,1915915.318999999901279
002475.SZ,2025.02.05,40.700000000000002,41.359999999999999,39.909999999999996,40.420000000000001,40.189999999999997,0.23,0.5723,715985.410000000032596,2915141.629000000189989
002475.SZ,2025.02.06,39.799999999999997,41.630000000000002,39.780000000000001,41.579999999999998,40.420000000000001,1.16,2.8699,876794.810000000055879,3600238.475000000093132
002475.SZ,2025.02.07,41.579999999999998,43.200000000000002,41.5,42.600000000000001,41.579999999999998,1.02,2.4531,1090345.979999999981373,4633013.765999999828636
002475.SZ,2025.02.10,43,43.259999999999997,42.380000000000002,42.659999999999996,42.600000000000001,0.06,0.1408,591800.089999999967403,2531358.791000000201165
002475.SZ,2025.02.11,42.679999999999999,42.969999999999998,41.880000000000002,42.229999999999996,42.659999999999996,-0.43,-1.008,438636.640000000013969,1855163.678000000072643
002475.SZ,2025.02.12,42.979999999999996,44.359999999999999,42.619999999999997,44.350000000000001,42.229999999999996,2.12,5.020100000000001,1080244.649999999906867,4727512.281000000424683
002475.SZ,2025.02.13,44.359999999999999,44.439999999999997,43.299999999999997,43.409999999999996,44.350000000000001,-0.94,-2.1195,662624.560000000055879,2900819.046999999787658
002475.SZ,2025.02.14,43.399999999999998,43.990000000000001,43.200000000000002,43.530000000000001,43.409999999999996,0.12,0.2764,424747.590000000025611,1849179.114000000059604
002475.SZ,2025.02.17,43.799999999999997,43.969999999999998,42.420000000000001,42.770000000000003,43.530000000000001,-0.76,-1.7459,722703.459999999962747,3102003.919999999925494
002475.SZ,2025.02.18,42.71,43.179999999999999,41.929999999999999,42.090000000000003,42.770000000000003,-0.68,-1.5899,568752.060000000055879,2425228.794000000227242
002475.SZ,2025.02.19,42.109999999999999,42.869999999999997,41.979999999999996,42.75,42.090000000000003,0.66,1.5681,581223.729999999981373,2462531.717999999877065
002475.SZ,2025.02.20,42.600000000000001,44.329999999999998,42.530000000000001,43.950000000000002,42.75,1.2,2.807,835035.82999999995809,3660808.373999999836087
002475.SZ,2025.02.21,43.96,45.380000000000002,43.770000000000003,44.979999999999996,43.950000000000002,1.03,2.3436,987271,4402765.057000000029802
002475.SZ,2025.02.24,44.979999999999996,46.14,44.350000000000001,44.899999999999998,44.979999999999996,-0.08,-0.1779,634776.989999999990686,2867210.759000000078231
002475.SZ,2025.02.25,44.200000000000002,47,43.990000000000001,46.179999999999999,44.899999999999998,1.28,2.8508,911926.869999999995343,4187616.242000000085681
002475.SZ,2025.02.26,46.039999999999999,46.179999999999999,44.679999999999999,44.950000000000002,46.179999999999999,-1.23,-2.6635,670233.68999999994412,3031406.283999999985098
002475.SZ,2025.02.27,45.009999999999998,45.200000000000002,44.079999999999998,44.579999999999998,44.950000000000002,-0.37,-0.8231,550014.25,2453864.637999999802559
002475.SZ,2025.02.28,44.32,44.450000000000002,43,43.149999999999998,44.579999999999998,-1.43,-3.2077,535683.910000000032596,2339938.726999999955296
002475.SZ,2025.03.03,43.979999999999996,43.979999999999996,41.899999999999998,42.310000000000002,43.149999999999998,-0.84,-1.9467,532952.920000000041909,2274783.984999999869614
002475.SZ,2025.03.04,41.929999999999999,42.219999999999998,41.469999999999998,41.850000000000001,42.310000000000002,-0.46,-1.0872,466196.239999999990686,1951184.570000000065192
002475.SZ,2025.03.05,41.969999999999998,42.490000000000002,41.439999999999997,41.909999999999996,41.850000000000001,0.06,0.1434,491780.5,2061881.286000000080093
002475.SZ,2025.03.06,42.149999999999998,42.950000000000002,42.149999999999998,42.369999999999997,41.909999999999996,0.46,1.0976,655337.849999999976716,2784636.589000000152736
002475.SZ,2025.03.07,42.409999999999996,42.579999999999998,41.32,41.530000000000001,42.369999999999997,-0.84,-1.9825,665115.760000000009313,2786193.023000000044703
002475.SZ,2025.03.10,41.299999999999997,41.64,40.57,41.079999999999998,41.530000000000001,-0.45,-1.0836,721415.630000000004656,2947723.36200000019744
002475.SZ,2025.03.11,40.5,40.649999999999998,39.700000000000002,40.270000000000003,41.079999999999998,-0.81,-1.9718,799443.680000000051222,3205706.430999999865889
002475.SZ,2025.03.12,40.229999999999996,40.96,39.560000000000002,40.549999999999997,40.270000000000003,0.28,0.6953,837443.290000000037252,3374346.259999999776482
002475.SZ,2025.03.13,40.600000000000001,40.859999999999999,40.240000000000002,40.369999999999997,40.549999999999997,-0.18,-0.4439,540422.390000000013969,2188742.25
002475.SZ,2025.03.14,40.200000000000002,41.240000000000002,40.009999999999998,41,40.369999999999997,0.63,1.5606,859912.449999999953433,3515359.69400000013411
002475.SZ,2025.03.17,41.299999999999997,41.369999999999997,40.530000000000001,40.670000000000001,41,-0.33,-0.8049,589084.300000000046566,2400289.271000000182539
002475.SZ,2025.03.18,40.71,40.990000000000001,40.380000000000002,40.859999999999999,40.670000000000001,0.19,0.4672,598911.729999999981373,2440209.990000000223517
002475.SZ,2025.03.19,40.619999999999997,40.880000000000002,40,40.729999999999996,40.859999999999999,-0.13,-0.3182,584472.569999999948777,2363325.242000000085681
002475.SZ,2025.03.20,40.859999999999999,40.869999999999997,40.32,40.420000000000001,40.729999999999996,-0.31,-0.7611,376800.520000000018626,1530040.597999999998137
002475.SZ,2025.03.21,40.649999999999998,41.189999999999997,39.600000000000001,39.859999999999999,40.420000000000001,-0.56,-1.3855,644421.569999999948777,2592809.766999999992549
002475.SZ,2025.03.24,39.939999999999997,41.340000000000003,39.880000000000002,41.060000000000002,39.859999999999999,1.2,3.0105,903183.380000000004656,3693446.598000000230967
002475.SZ,2025.03.25,41.009999999999998,41.200000000000002,40.46,40.780000000000001,41.060000000000002,-0.28,-0.6819,416234.390000000013969,1695844.78900000010617
002475.SZ,2025.03.26,40.780000000000001,41.07,40.649999999999998,40.759999999999997,40.780000000000001,-0.02,-0.049,303314.200000000011641,1238959.999000000068917
002475.SZ,2025.03.27,40.679999999999999,41.100000000000001,40.329999999999998,40.780000000000001,40.759999999999997,0.02,0.0491,292037.799999999988358,1191469.512000000104308
002475.SZ,2025.03.28,40.799999999999997,41.5,40.520000000000003,41.21,40.780000000000001,0.43,1.0544,497873.320000000006984,2045454.662999999942257
002475.SZ,2025.03.31,41,41.39,40.409999999999996,40.89,41.21,-0.32,-0.7765,412134.349999999976716,1684704.253999999957159
002475.SZ,2025.04.01,40.89,41.149999999999998,40.409999999999996,40.439999999999997,40.89,-0.45,-1.1005,380610.010000000009313,1546945.685000000055879
002475.SZ,2025.04.02,40.420000000000001,40.700000000000002,38.700000000000002,39.350000000000001,40.439999999999997,-1.09,-2.6954,1028381.060000000055879,4058599.131000000052154
002475.SZ,2025.04.03,37.229999999999996,37.429999999999999,35.420000000000001,35.420000000000001,39.350000000000001,-3.93,-9.987299999999999,2233027.339999999850988,8003539.895999999716877
002475.SZ,2025.04.07,31.879999999999999,31.879999999999999,31.879999999999999,31.879999999999999,35.420000000000001,-3.54,-9.9944,454870,1450125.560000000055879
002475.SZ,2025.04.08,29.190000000000001,30,28.690000000000001,29,31.879999999999999,-2.88,-9.033899999999999,2823764.680000000167638,8156305.834999999962747
002475.SZ,2025.04.09,27.839999999999999,29.46,27.109999999999999,28.679999999999999,29,-0.32,-1.1034,2635132.350000000093132,7469385.701000000350177
002475.SZ,2025.04.10,31.55,31.55,30.350000000000001,30.73,28.679999999999999,2.05,7.147800000000001,2898769.020000000018626,9030336.179999999701976
002475.SZ,2025.04.11,30.010000000000001,33,29.64,32.179999999999999,30.73,1.45,4.7185,2762098.910000000149011,8623901.339999999850988
002475.SZ,2025.04.14,33.909999999999996,34.429999999999999,31.489999999999998,32.200000000000002,32.179999999999999,0.02,0.0622,3528631.069999999832361,11506239.053999999538064
002475.SZ,2025.04.15,31.600000000000001,31.62,30.5,30.809999999999998,32.200000000000002,-1.39,-4.3168,1966043.820000000065192,6077454.172000000253319
002475.SZ,2025.04.16,30.059999999999998,30.170000000000001,29.25,29.589999999999999,30.809999999999998,-1.22,-3.9598,1814178.270000000018626,5385566.086000000126659
002475.SZ,2025.04.17,29.489999999999998,29.879999999999999,29.350000000000001,29.46,29.589999999999999,-0.13,-0.4393,1003293.180000000051222,2967875.217000000178813
002475.SZ,2025.04.18,29.46,30.05,29.46,29.949999999999999,29.46,0.49,1.6633,992199.089999999967403,2961451.143999999854713
002475.SZ,2025.04.21,29.989999999999998,30.989999999999998,29.769999999999999,30.87,29.949999999999999,0.92,3.0718,1193436.46999999997206,3632231.35399999981746
002475.SZ,2025.04.22,30.629999999999999,31.07,30.170000000000001,30.3,30.87,-0.57,-1.8465,1031460.089999999967403,3139583.729999999981373
002475.SZ,2025.04.23,31.899999999999998,32.179999999999999,30.96,31.530000000000001,30.3,1.23,4.059400000000001,2013354.090000000083819,6343222.065000000409781
002475.SZ,2025.04.24,31.5,31.510000000000001,30.719999999999998,30.760000000000001,31.530000000000001,-0.77,-2.4421,1075001.030000000027939,3333508.538000000175088
002475.SZ,2025.04.25,31,32,31,31.609999999999999,30.760000000000001,0.85,2.7633,1624303.96999999997206,5144752.379999999888241
002475.SZ,2025.04.28,31.809999999999998,31.929999999999999,30.899999999999998,30.949999999999999,31.609999999999999,-0.66,-2.0879,1009146.290000000037252,3151247.228000000119209
002475.SZ,2025.04.29,30.8,30.949999999999999,30.39,30.530000000000001,30.949999999999999,-0.42,-1.357,887066.25,2716087.535000000149011
002475.SZ,2025.04.30,30.589999999999999,31.100000000000001,30.39,30.850000000000001,30.530000000000001,0.32,1.0481,1238442.75,3812272.580000000074505
002475.SZ,2025.05.06,30.989999999999998,31.850000000000001,30.899999999999998,31.809999999999998,30.850000000000001,0.96,3.1118,1376577.260000000009313,4326017.980999999679624
002475.SZ,2025.05.07,32.450000000000002,33.159999999999996,31.219999999999998,31.519999999999999,31.809999999999998,-0.29,-0.9117,1638626.959999999962747,5223223.649000000208616
002475.SZ,2025.05.08,31.41,33,31.32,32.740000000000002,31.519999999999999,1.22,3.8706,2102536.279999999795109,6843239.36600000038743
002475.SZ,2025.05.09,32.509999999999997,32.520000000000003,31.699999999999999,32.079999999999998,32.740000000000002,-0.66,-2.0159,1312280.320000000065192,4206692.094999999739229
002475.SZ,2025.05.12,33.350000000000001,34.469999999999998,32.880000000000002,34.119999999999997,32.079999999999998,2.04,6.3591,2752465.979999999981373,9200878.06900000013411
002475.SZ,2025.05.13,35.490000000000002,35.490000000000002,33.630000000000002,33.799999999999997,34.119999999999997,-0.32,-0.9379,2869195.629999999888241,9870473.584000000730156
002475.SZ,2025.05.14,33.649999999999998,33.939999999999997,33.030000000000001,33.520000000000003,33.799999999999997,-0.28,-0.8284,1822080.169999999925494,6094580.542999999597668
002475.SZ,2025.05.15,33.549999999999997,33.549999999999997,32.619999999999997,32.659999999999996,33.520000000000003,-0.86,-2.5656,1194600.560000000055879,3927343.842000000178813
002475.SZ,2025.05.16,32.5,32.780000000000001,32.409999999999996,32.5,32.659999999999996,-0.16,-0.4899,839028.46999999997206,2734254.058000000193715
002475.SZ,2025.05.19,32.39,32.39,31.699999999999999,32.229999999999996,32.5,-0.27,-0.8308,1032060.770000000018626,3296746.779999999795108
002475.SZ,2025.05.20,32.079999999999998,32.649999999999998,31.859999999999999,32.600000000000001,32.229999999999996,0.37,1.148,952180.880000000004656,3077663.929000000003725
002475.SZ,2025.05.21,32.399999999999998,32.420000000000001,32.060000000000002,32.119999999999997,32.600000000000001,-0.48,-1.4724,959794.410000000032596,3086281.302999999839812
002475.SZ,2025.05.22,31.850000000000001,32.07,31.739999999999998,31.769999999999999,32.119999999999997,-0.35,-1.0897,678682.910000000032596,2161876.191999999806284
002475.SZ,2025.05.23,31.699999999999999,32.030000000000001,31.3,31.3,31.769999999999999,-0.47,-1.4794,940134.920000000041909,2970257.973999999929219
002475.SZ,2025.05.26,30.5,31.280000000000001,30.379999999999998,31.239999999999998,31.3,-0.06,-0.1917,1102679.070000000065192,3404917.098000000230967
002475.SZ,2025.05.27,31.030000000000001,31.109999999999999,30.429999999999999,30.519999999999999,31.239999999999998,-0.72,-2.3047,987978.050000000046566,3027491.578000000212341
002475.SZ,2025.05.28,30.71,30.89,30.309999999999998,30.39,30.519999999999999,-0.13,-0.426,662413.020000000018626,2024475.645999999949708
002475.SZ,2025.05.29,31.010000000000001,31.519999999999999,31.010000000000001,31.41,30.39,1.02,3.3564,1487912.729999999981373,4661225.81900000013411
002475.SZ,2025.05.30,30.89,30.89,30.350000000000001,30.399999999999998,31.41,-1.01,-3.2155,1108520.810000000055879,3382102.388999999966472
002475.SZ,2025.06.03,30.190000000000001,30.46,30.120000000000001,30.32,30.399999999999998,-0.08,-0.2632,589992.910000000032596,1789426.645999999949708
002475.SZ,2025.06.04,30.379999999999998,30.98,30.3,30.8,30.32,0.48,1.5831,839239.32999999995809,2579308.768000000156462
002475.SZ,2025.06.05,30.850000000000001,31.859999999999999,30.829999999999998,31.629999999999999,30.8,0.83,2.6948,1420893.090000000083819,4455372.110999999567866
002475.SZ,2025.06.06,31.41,31.55,31.170000000000001,31.32,31.629999999999999,-0.31,-0.9801,853422.890000000013969,2672851.415000000037252
002475.SZ,2025.06.09,31.699999999999999,32.079999999999998,31.530000000000001,31.929999999999999,31.32,0.61,1.9476,960081.640000000013969,3058275.405999999959021
002475.SZ,2025.06.10,31.789999999999999,32.200000000000002,31.350000000000001,31.780000000000001,31.929999999999999,-0.15,-0.4698,1198222.350000000093132,3810618.393000000156462
002475.SZ,2025.06.11,31.899999999999998,32.539999999999999,31.8,31.969999999999998,31.780000000000001,0.19,0.5979,989539.849999999976716,3179019.577000000048428
002475.SZ,2025.06.12,31.649999999999998,32.159999999999996,31.55,31.839999999999999,31.969999999999998,-0.13,-0.4066,718273.369999999995343,2291824.378000000026077
002475.SZ,2025.06.13,31.600000000000001,31.98,31.199999999999999,31.25,31.839999999999999,-0.59,-1.853,800574.619999999995343,2517333.046999999787658
002475.SZ,2025.06.16,31.05,32.049999999999997,31.019999999999999,31.91,31.25,0.66,2.112,960957.569999999948777,3052267.760999999940395
002475.SZ,2025.06.17,31.91,32.799999999999997,31.829999999999998,32.670000000000001,31.91,0.76,2.3817,1536130.790000000037252,4998428.887000000104308
002475.SZ,2025.06.18,32.409999999999996,33.049999999999997,32.399999999999998,32.939999999999997,32.670000000000001,0.27,0.8264,1183175.199999999953433,3886671.308000000193715
002475.SZ,2025.06.19,32.96,33.340000000000003,32.619999999999997,32.719999999999998,32.939999999999997,-0.22,-0.6679,1061691.639999999897554,3497212.069999999832361
002475.SZ,2025.06.20,32.649999999999998,33.490000000000002,32.590000000000003,33.21,32.719999999999998,0.49,1.4976,1191426.850000000093132,3949672.870000000111758
002475.SZ,2025.06.23,32.990000000000001,33.770000000000003,32.880000000000002,33.189999999999997,33.21,-0.02,-0.0602,936486.630000000004656,3121733.432000000029802
002475.SZ,2025.06.24,33.299999999999997,33.560000000000002,33.009999999999998,33.229999999999996,33.189999999999997,0.04,0.1205,1005406.449999999953433,3337390.354999999981373
002475.SZ,2025.06.25,33.259999999999997,33.280000000000001,32.770000000000003,33.240000000000002,33.229999999999996,0.01,0.0301,1049007.590000000083819,3460741.467999999877065
002475.SZ,2025.06.26,33.240000000000002,33.549999999999997,32.950000000000002,32.969999999999998,33.240000000000002,-0.27,-0.8123,837724.82999999995809,2786154.334999999962747
002475.SZ,2025.06.27,32.979999999999996,34.100000000000001,32.689999999999997,33.869999999999997,32.969999999999998,0.9,2.7298,1549363.830000000074505,5218421.989000000059604
002475.SZ,2025.06.30,33.950000000000002,34.780000000000001,33.950000000000002,34.689999999999997,33.869999999999997,0.82,2.421,1266863.120000000111758,4377077.239000000059604
002475.SZ,2025.07.01,34.789999999999999,34.96,34.259999999999997,34.71,34.689999999999997,0.02,0.0577,781658.369999999995343,2703071.305999999865889
002475.SZ,2025.07.02,34.590000000000003,34.590000000000003,33.850000000000001,33.920000000000001,34.71,-0.79,-2.276,711858.32999999995809,2419827.416000000201165
002475.SZ,2025.07.03,33.990000000000001,36.179999999999999,33.990000000000001,35.770000000000003,33.920000000000001,1.85,5.454,1918363.169999999925494,6774927.11699999962002
002475.SZ,2025.07.04,35.619999999999997,35.670000000000001,35.25,35.289999999999999,35.770000000000003,-0.48,-1.3419,863845.910000000032596,3057264.304000000003725
002475.SZ,2025.07.07,35.280000000000001,35.280000000000001,34.25,34.75,35.289999999999999,-0.54,-1.5302,883632.810000000055879,3056920.478000000119209
002475.SZ,2025.07.08,34.600000000000001,35.469999999999998,34.590000000000003,35.359999999999999,34.75,0.61,1.7554,885171.849999999976716,3118524.498000000137835
002475.SZ,2025.07.09,35.39,35.950000000000002,35.119999999999997,35.299999999999997,35.359999999999999,-0.06,-0.1697,844986.790000000037252,2998487.617000000085681
002475.SZ,2025.07.10,35.200000000000002,35.990000000000001,35.130000000000002,35.759999999999997,35.299999999999997,0.46,1.3031,837023.71999999997206,2982205.575999999884515
002475.SZ,2025.07.11,35.880000000000002,36,35.409999999999996,35.759999999999997,35.759999999999997,0,0,802634.93999999994412,2870070.347000000067055
002475.SZ,2025.07.14,35.579999999999998,35.670000000000001,34.909999999999996,35.359999999999999,35.560000000000002,-0.2,-0.5624,506331.380000000004656,1789863.006999999983236
002475.SZ,2025.07.15,35.399999999999998,36.899999999999998,35.340000000000003,36.780000000000001,35.359999999999999,1.42,4.0158,1455287.290000000037252,5279131.620000000111758
002475.SZ,2025.07.16,36.609999999999999,37.689999999999997,36.5,37.049999999999997,36.780000000000001,0.27,0.7341,1186524.840000000083819,4422970.731999999843537
002475.SZ,2025.07.17,37,39.619999999999997,36.89,39.399999999999998,37.049999999999997,2.35,6.342800000000001,1694452.879999999888241,6562532.35800000000745
002475.SZ,2025.07.18,39.350000000000001,39.829999999999998,38.539999999999999,38.729999999999996,39.399999999999998,-0.67,-1.7005,1359440.649999999906867,5315102.285000000149011
002475.SZ,2025.07.21,38.75,38.979999999999996,37.82,38.659999999999996,38.729999999999996,-0.07,-0.1807,1026899.020000000018626,3932374.604999999981373
002475.SZ,2025.07.22,38.189999999999997,38.450000000000002,37.780000000000001,38.090000000000003,38.659999999999996,-0.57,-1.4744,914188.260000000009313,3481265.540000000037252
002475.SZ,2025.07.23,37.909999999999996,38.5,37.679999999999999,37.96,38.090000000000003,-0.13,-0.3413,682219.010000000009313,2601928.802999999839812
002475.SZ,2025.07.24,37.799999999999997,38,37.299999999999997,37.869999999999997,37.96,-0.09,-0.2371,980315.43999999994412,3684466.149999999906867
002475.SZ,2025.07.25,37.89,38.549999999999997,37.789999999999999,38.329999999999998,37.869999999999997,0.46,1.2147,819626.790000000037252,3137604.86200000019744
002475.SZ,2025.07.28,38.399999999999998,38.469999999999998,37.409999999999996,37.759999999999997,38.329999999999998,-0.57,-1.4871,937407.550000000046566,3540657.759000000078231
002475.SZ,2025.07.29,37.549999999999997,37.609999999999999,36.829999999999998,37.57,37.759999999999997,-0.19,-0.5032,952939.57999999995809,3548773.907000000122934
002475.SZ,2025.07.30,37.299999999999997,38.399999999999998,36.909999999999996,37.740000000000002,37.57,0.17,0.4525,924273.089999999967403,3487636.330000000074505
002475.SZ,2025.07.31,37.429999999999999,38,36.46,36.630000000000002,37.740000000000002,-1.11,-2.9412,1006222.07999999995809,3740230.941000000108033
002475.SZ,2025.08.01,36.719999999999998,37.369999999999997,36.280000000000001,36.64,36.630000000000002,0.01,0.0273,750004.170000000041909,2757967.41399999987334
002475.SZ,2025.08.04,36.119999999999997,36.39,35.799999999999997,36.240000000000002,36.64,-0.4,-1.0917,802425.550000000046566,2891254.069999999832361
002475.SZ,2025.08.05,36.380000000000002,36.609999999999999,36.130000000000002,36.469999999999998,36.240000000000002,0.23,0.6347,568648,2069672.759000000078231
002475.SZ,2025.08.06,36.380000000000002,36.380000000000002,35.880000000000002,36.21,36.469999999999998,-0.26,-0.7129,639854.18999999994412,2310885.966000000014901
002475.SZ,2025.08.07,38,38.659999999999996,37,37.020000000000003,36.21,0.81,2.237,1831704.540000000037252,6922956.076000000350177
002475.SZ,2025.08.08,37,37,36.429999999999999,36.439999999999997,37.020000000000003,-0.58,-1.5667,742804.229999999981373,2722198.489000000059604
002475.SZ,2025.08.11,36.490000000000002,38.200000000000002,36.490000000000002,38.009999999999998,36.439999999999997,1.57,4.308500000000001,1414796.709999999962747,5351015.629999999888241
002475.SZ,2025.08.12,37.96,38.619999999999997,37.740000000000002,38.170000000000001,38.009999999999998,0.16,0.4209,764526.260000000009313,2921966.268999999854713
002475.SZ,2025.08.13,38.340000000000003,38.979999999999996,37.82,38.350000000000001,38.170000000000001,0.18,0.4716,1058070.280000000027939,4068295.554000000003725
002475.SZ,2025.08.14,38.5,39.049999999999997,38.21,38.479999999999996,38.350000000000001,0.13,0.339,979234.550000000046566,3779698.853000000119209
002475.SZ,2025.08.15,38.100000000000001,38.82,37.979999999999996,38.590000000000003,38.479999999999996,0.11,0.2859,874170.020000000018626,3363990.013999999966472
002475.SZ,2025.08.18,38.600000000000001,40.359999999999999,38.289999999999999,39.590000000000003,38.590000000000003,1,2.5913,1538959.209999999962747,6098343.355000000447034
002475.SZ,2025.08.19,39.600000000000001,39.75,38.609999999999999,39.100000000000001,39.590000000000003,-0.49,-1.2377,1088495.899999999906867,4259042.372999999672174
002475.SZ,2025.08.20,38.990000000000001,40.75,38.219999999999998,40.049999999999997,39.100000000000001,0.95,2.4297,1327847.340000000083819,5282232.775999999605119
002475.SZ,2025.08.21,40.100000000000001,42.429999999999999,39.810000000000002,42.189999999999997,40.049999999999997,2.14,5.343300000000001,2006844.280000000027939,8301490.957999999634921
002475.SZ,2025.08.22,41.46,42.880000000000002,41.329999999999998,42.700000000000002,42.189999999999997,0.51,1.2088,1401672.820000000065192,5900362.775999999605119
002475.SZ,2025.08.25,43.380000000000002,44.289999999999999,42.130000000000002,42.950000000000002,42.700000000000002,0.25,0.5855,1523545.120000000111758,6570702.104000000283122
002475.SZ,2025.08.26,43.200000000000002,46.799999999999997,43.200000000000002,45.600000000000001,42.950000000000002,2.65,6.17,2223219.819999999832361,10000629.71199999935925
002475.SZ,2025.08.27,45.020000000000003,47.170000000000001,44.899999999999998,44.979999999999996,45.600000000000001,-0.62,-1.3596,2009690.199999999953433,9278340.404999999329447
002475.SZ,2025.08.28,44.990000000000001,46.100000000000001,44.350000000000001,46.100000000000001,44.979999999999996,1.12,2.49,1653241.260000000009313,7484800.173999999649822
002475.SZ,2025.08.29,46.090000000000003,47.359999999999999,45.170000000000001,45.979999999999996,46.100000000000001,-0.12,-0.2603,1730294.030000000027939,7971168.565999999642372
002475.SZ,2025.09.01,46.100000000000001,46.799999999999997,44.899999999999998,45.270000000000003,45.979999999999996,-0.71,-1.5441,1406210.090000000083819,6401671.201000000350177
002475.SZ,2025.09.02,45.079999999999998,45.590000000000003,43.5,43.799999999999997,45.270000000000003,-1.47,-3.2472,1480183.379999999888241,6557335.184000000357627
002475.SZ,2025.09.03,44.009999999999998,44.429999999999999,42.990000000000001,43.219999999999998,43.799999999999997,-0.58,-1.3242,1008899.46999999997206,4402641.695000000298023
002475.SZ,2025.09.04,43.71,45.689999999999997,43.5,44.39,43.219999999999998,1.17,2.7071,2006376.620000000111758,8941490.726999999955296
002475.SZ,2025.09.05,44.359999999999999,47.200000000000002,43.700000000000002,47.200000000000002,44.39,2.81,6.330300000000001,2281915.299999999813735,10489291.67600000090897
002475.SZ,2025.09.08,49.090000000000003,51.920000000000001,48.780000000000001,49.75,47.200000000000002,2.55,5.4025,2891255.120000000111758,14557101.684000000357627
002475.SZ,2025.09.09,49.780000000000001,50.75,47.479999999999996,47.71,49.75,-2.04,-4.100500000000001,1881293.229999999981373,9103502.528000000864267
002475.SZ,2025.09.10,46.280000000000001,48.969999999999998,45.82,48.090000000000003,47.71,0.38,0.7965,2018773.360000000102445,9549391.986999999731779
002475.SZ,2025.09.11,47.200000000000002,52.899999999999998,46.509999999999997,52.899999999999998,48.090000000000003,4.81,10.0021,2842144.040000000037252,14306453.448000000789761
002475.SZ,2025.09.12,54.200000000000002,55.659999999999996,52.46,52.71,52.899999999999998,-0.19,-0.3592,4258492.059999999590218,23093057.572000000625848
002475.SZ,2025.09.15,52.14,54.229999999999996,52.07,52.740000000000002,52.71,0.03,0.0569,2494998.060000000055879,13237384.439999999478459
002475.SZ,2025.09.16,52.659999999999996,54.200000000000002,52.149999999999998,52.39,52.740000000000002,-0.35,-0.6636,2003490.15999999991618,10610989.503000000491738
002475.SZ,2025.09.17,52.630000000000002,52.990000000000001,51.5,52.009999999999998,52.39,-0.38,-0.7253,1949552.340000000083819,10192389.842000000178813
002475.SZ,2025.09.18,51.5,54.939999999999997,51.100000000000001,53.109999999999999,52.009999999999998,1.1,2.115,3155362.160000000149011,16692440.412000000476837
002475.SZ,2025.09.19,54.310000000000002,57.909999999999996,54.030000000000001,55.409999999999996,53.109999999999999,2.3,4.3306,3197039.979999999981373,17827566.85700000077486
002475.SZ,2025.09.22,60.950000000000002,60.950000000000002,60.130000000000002,60.950000000000002,55.409999999999996,5.54,9.9982,902793.510000000009313,5501600.825000000186264
002475.SZ,2025.09.23,67.049999999999997,67.049999999999997,63.659999999999996,65.700000000000002,60.950000000000002,4.75,7.793300000000001,5541238.740000000223517,36353840.907999999821186
002475.SZ,2025.09.24,64.230000000000003,72.200000000000002,63.700000000000002,70.200000000000002,65.700000000000002,4.5,6.849300000000001,4516355.589999999850988,29906689.611000001430511
002475.SZ,2025.09.25,69.799999999999997,71.579999999999998,68.200000000000002,68.739999999999994,70.200000000000002,-1.46,-2.0798,3317715.379999999888241,22988862.614999998360872
002475.SZ,2025.09.26,68.719999999999998,68.780000000000001,64.159999999999996,64.25,68.739999999999994,-4.490000000000001,-6.531900000000001,3320908.930000000167638,21965504.719999998807907
002475.SZ,2025.09.29,64.25,65.359999999999999,62.679999999999999,64.799999999999997,64.25,0.55,0.856,2628524.790000000037252,16918393.241999998688697
002475.SZ,2025.09.30,65.400000000000005,66.379999999999995,63.759999999999997,64.689999999999997,64.799999999999997,-0.11,-0.1698,2295290.529999999795108,14884453.178999999538064
002475.SZ,2025.10.09,63.840000000000003,66.150000000000005,63.359999999999999,65.299999999999997,64.689999999999997,0.61,0.943,2616509.819999999832361,17046509.785999998450279
002475.SZ,2025.10.10,64.5,64.950000000000002,60.21,60.799999999999997,65.299999999999997,-4.5,-6.891300000000001,2609550.859999999869614,16258524.770999999716877
002475.SZ,2025.10.13,55.119999999999997,58.369999999999997,55.119999999999997,57.75,60.799999999999997,-3.05,-5.0164,2672903.020000000018626,15306475.401000000536441
002475.SZ,2025.10.14,58.799999999999997,59.969999999999998,54.549999999999997,55.009999999999998,57.75,-2.74,-4.744600000000001,2485990.859999999869614,14241316.173000000417232
002475.SZ,2025.10.15,55.039999999999999,58.380000000000002,53.880000000000002,58.200000000000002,55.009999999999998,3.19,5.7989,2425273.950000000186264,13673494.56900000013411
002475.SZ,2025.10.16,58.039999999999999,61.600000000000001,57.729999999999996,59.200000000000002,58.200000000000002,1,1.7182,2563255.419999999925494,15334036.992000000551342
002475.SZ,2025.10.17,59.25,59.25,55.399999999999998,55.490000000000002,59.200000000000002,-3.71,-6.2669,1792402.300000000046566,10165620.025000000372529
002475.SZ,2025.10.20,56.859999999999999,57.850000000000001,56.439999999999997,57.149999999999998,55.490000000000002,1.66,2.9915,1625195.639999999897554,9272508.356000000610947
002475.SZ,2025.10.21,59,62.869999999999997,58.950000000000002,61.149999999999998,57.149999999999998,4,6.999100000000001,2929365.700000000186264,17821150.489999998360872
002475.SZ,2025.10.22,60.100000000000001,61.149999999999998,59.530000000000001,60.109999999999999,61.149999999999998,-1.04,-1.7007,1324250.229999999981373,7986543.311999999918043
002475.SZ,2025.10.23,59.299999999999997,60.450000000000002,58.280000000000001,60.14,60.109999999999999,0.03,0.0499,1097409.530000000027939,6524692.837000000290572
002475.SZ,2025.10.24,60.89,64.150000000000005,60.659999999999996,63.909999999999996,60.14,3.77,6.2687,2344457.790000000037252,14736755.292999999597668
002475.SZ,2025.10.27,65.879999999999995,65.989999999999994,63.530000000000001,65.400000000000005,63.909999999999996,1.49,2.3314,2339920.560000000055879,15195422.274000000208616
002475.SZ,2025.10.28,64.700000000000002,65.799999999999997,64,64.659999999999996,65.400000000000005,-0.74,-1.1315,1426327.800000000046566,9262740.419999999925494
002475.SZ,2025.10.29,65.909999999999996,67.480000000000004,65.170000000000001,67.280000000000001,64.659999999999996,2.62,4.052,1800527.830000000074505,11983703.878000000491738
002475.SZ,2025.10.30,67.099999999999994,67.290000000000006,63.659999999999996,65.040000000000006,67.280000000000001,-2.24,-3.3294,1787884.110000000102445,11675786.63800000026822
002475.SZ,2025.10.31,66.200000000000002,66.879999999999995,63,63,65.040000000000006,-2.04,-3.1365,1734152.389999999897554,11158675.823999999091029
002475.SZ,2025.11.03,62.799999999999997,62.96,60.689999999999997,62.920000000000001,63,-0.08,-0.127,1404142.709999999962747,8693261.073999999091029
002475.SZ,2025.11.04,62.5,62.840000000000003,60.060000000000002,60.539999999999999,62.920000000000001,-2.38,-3.7826,1289905.760000000009313,7901104.870000000111758
002475.SZ,2025.11.05,58.600000000000001,61.46,58.359999999999999,60.979999999999996,60.539999999999999,0.44,0.7268,1121728.65999999991618,6760397.260999999940395
002475.SZ,2025.11.06,60.979999999999996,61.859999999999999,59.799999999999997,61.659999999999996,60.979999999999996,0.68,1.1151,1324713.21999999997206,8075585.074000000022351
002475.SZ,2025.11.07,60.719999999999998,61,59.840000000000003,59.899999999999998,61.659999999999996,-1.76,-2.8544,1053633.68999999994412,6346313.297000000253319
002475.SZ,2025.11.10,59.5,60.200000000000002,57.21,58.399999999999998,59.899999999999998,-1.5,-2.5042,1535275.790000000037252,8911656.167999999597668
002475.SZ,2025.11.11,58.979999999999996,59.149999999999998,56.229999999999996,56.490000000000002,58.399999999999998,-1.91,-3.2705,1084897.179999999934807,6189292.992999999783933
002475.SZ,2025.11.12,56.439999999999997,58.46,56.369999999999997,57.770000000000003,56.490000000000002,1.28,2.2659,1357175.290000000037252,7815417.070000000298023
002475.SZ,2025.11.13,57.200000000000002,58.350000000000001,56.880000000000002,57.380000000000002,57.770000000000003,-0.39,-0.6751,939952.71999999997206,5397445.321999999694526
002475.SZ,2025.11.14,56.659999999999996,58.229999999999996,56.100000000000001,56.509999999999997,57.380000000000002,-0.87,-1.5162,1017544.260000000009313,5829324.294999999925494
002475.SZ,2025.11.17,56.490000000000002,57.439999999999997,56.119999999999997,56.549999999999997,56.509999999999997,0.04,0.0708,741856.380000000004656,4205657.009999999776482
002475.SZ,2025.11.18,56.119999999999997,57.75,55.399999999999998,56.609999999999999,56.549999999999997,0.06,0.1061,1054028.879999999888241,5974063.196999999694526
002475.SZ,2025.11.19,57,57.939999999999997,56.409999999999996,56.75,56.609999999999999,0.14,0.2473,935329.839999999967403,5330936.919999999925494
002475.SZ,2025.11.20,58.100000000000001,58.200000000000002,55.679999999999999,55.75,56.75,-1,-1.7621,959812.209999999962747,5436030.225999999791383
002475.SZ,2025.11.21,54,54.280000000000001,52.799999999999997,52.850000000000001,55.75,-2.9,-5.201800000000001,1499996.060000000055879,8020601.929999999701976
002475.SZ,2025.11.24,53.189999999999997,53.850000000000001,52.200000000000002,53.25,52.850000000000001,0.4,0.7569,957030,5077293.74100000038743
002475.SZ,2025.11.25,54.219999999999998,56.39,54.039999999999999,55.700000000000002,53.25,2.45,4.600900000000001,1450759.830000000074505,8050188.475999999791383
002475.SZ,2025.11.26,55.32,58.850000000000001,54.909999999999996,57.600000000000001,55.700000000000002,1.9,3.4111,1591539.18999999994412,9136365.853000000119209
002475.SZ,2025.11.27,57.700000000000002,59.130000000000002,56.799999999999997,56.96,57.600000000000001,-0.64,-1.1111,1263804.239999999990686,7319810.270999999716877
002475.SZ,2025.11.28,56.82,58.179999999999999,56.75,57.780000000000001,56.96,0.82,1.4396,962577.550000000046566,5543542.167000000365078
002475.SZ,2025.12.01,57.850000000000001,59.289999999999999,56.399999999999998,58.609999999999999,57.780000000000001,0.83,1.4365,1377362.280000000027939,7969904.520999999716877
002475.SZ,2025.12.02,58.57,61.5,58.179999999999999,60,58.609999999999999,1.39,2.3716,1813965.040000000037252,10920312.512000000104308
002475.SZ,2025.12.03,60.079999999999998,60.399999999999998,58.450000000000002,58.82,60,-1.18,-1.9667,1080866.43999999994412,6408961.26300000026822
002475.SZ,2025.12.04,58.609999999999999,59.729999999999996,57.109999999999999,59.630000000000002,58.82,0.81,1.3771,1038908.57999999995809,6085818.536999999545514
002475.SZ,2025.12.05,59.619999999999997,59.679999999999999,58.71,59.25,59.630000000000002,-0.38,-0.6373,716995.670000000041909,4248662.542000000365078
002475.SZ,2025.12.08,59.100000000000001,60.71,58.740000000000002,60.079999999999998,59.25,0.83,1.4008,1114480.520000000018626,6690195.48300000000745
002475.SZ,2025.12.09,60.07,61.509999999999997,59.600000000000001,60.600000000000001,60.079999999999998,0.52,0.8655,1106581.489999999990686,6714668.917000000365078
002475.SZ,2025.12.10,59.899999999999998,59.899999999999998,58.020000000000003,59.530000000000001,60.600000000000001,-1.07,-1.7657,956685.140000000013969,5632613.696000000461935
002475.SZ,2025.12.11,59.479999999999996,61.299999999999997,58.189999999999997,58.25,59.530000000000001,-1.28,-2.1502,876398.489999999990686,5200843.713999999687075
002475.SZ,2025.12.12,58.229999999999996,60.880000000000002,57.600000000000001,60.380000000000002,58.25,2.13,3.6567,1321918.919999999925494,7900964.055999999865889
002475.SZ,2025.12.15,59.549999999999997,59.670000000000001,57.289999999999999,57.359999999999999,60.380000000000002,-3.02,-5.0017,1226734.929999999934807,7143771.178000000305473
002475.SZ,2025.12.16,56.700000000000002,57.89,56.32,57.329999999999998,57.359999999999999,-0.03,-0.0523,724959.560000000055879,4138588.438000000081956
002475.SZ,2025.12.17,57.149999999999998,58.789999999999999,57.079999999999998,58.659999999999996,57.329999999999998,1.33,2.3199,761785.660000000032596,4427953.757000000216066
002475.SZ,2025.12.18,57.829999999999998,58.170000000000001,56.96,56.979999999999996,58.659999999999996,-1.68,-2.864,599646.770000000018626,3442857.271000000182539
002475.SZ,2025.12.19,57.21,57.869999999999997,56.75,56.780000000000001,56.979999999999996,-0.2,-0.351,618461.489999999990686,3534311.770000000018626
002475.SZ,2025.12.22,57.100000000000001,58.259999999999997,56.990000000000001,57.729999999999996,56.780000000000001,0.95,1.6731,777262.560000000055879,4485816.559000000357627
002475.SZ,2025.12.23,57.549999999999997,58.600000000000001,57.429999999999999,58.049999999999997,57.729999999999996,0.32,0.5543,775056,4507631.680999999865889
002475.SZ,2025.12.24,58.179999999999999,59.619999999999997,57.609999999999999,59.289999999999999,58.049999999999997,1.24,2.1361,918592.709999999962747,5404246.112999999895691
002475.SZ,2025.12.25,59,59.950000000000002,58.25,59.429999999999999,59.289999999999999,0.14,0.2361,794110.489999999990686,4697050.389999999664723
002475.SZ,2025.12.26,59.179999999999999,59.200000000000002,58.369999999999997,58.399999999999998,59.429999999999999,-1.03,-1.7331,742665,4354917.583999999798834
002475.SZ,2025.12.29,58.100000000000001,59.359999999999999,57.909999999999996,58.219999999999998,58.399999999999998,-0.18,-0.3082,930550.530000000027939,5441701.496000000275671
002475.SZ,2025.12.30,57.979999999999996,59.380000000000002,57.179999999999999,58.07,58.219999999999998,-0.15,-0.2576,991647.280000000027939,5783619.69400000013411
002475.SZ,2025.12.31,58.549999999999997,58.649999999999998,56.399999999999998,56.71,58.07,-1.36,-2.342,1049051.729999999981373,6003869.90500000026077
002475.SZ,2026.01.05,57.119999999999997,59.490000000000002,57.109999999999999,58.549999999999997,56.71,1.84,3.2446,1594552.830000000074505,9358442.265000000596046
002475.SZ,2026.01.06,58.880000000000002,59.5,57.82,59.219999999999998,58.549999999999997,0.67,1.1443,1415399.75,8330556.572999999858438
002475.SZ,2026.01.07,59,59.100000000000001,56.799999999999997,57.549999999999997,59.219999999999998,-1.67,-2.82,1873573.96999999997206,10829848.832000000402331
002475.SZ,2026.01.08,57.020000000000003,57.060000000000002,54.770000000000003,55.159999999999996,57.549999999999997,-2.39,-4.1529,2401116.950000000186264,13264652.378000000491738
002475.SZ,2026.01.09,54.850000000000001,56.299999999999997,54,55.649999999999998,55.159999999999996,0.49,0.8883,1540790.070000000065192,8518973.94400000013411
002475.SZ,2026.01.12,55.200000000000002,55.600000000000001,54,55.429999999999999,55.649999999999998,-0.22,-0.3953,1883904.850000000093132,10301185.31900000013411
002475.SZ,2026.01.13,55.649999999999998,56.549999999999997,54.340000000000003,54.579999999999998,55.429999999999999,-0.85,-1.5335,1334982.43999999994412,7385100.189000000245869
002475.SZ,2026.01.14,54.200000000000002,54.799999999999997,53.46,53.579999999999998,54.579999999999998,-1,-1.8322,1699138.780000000027939,9190861.21199999935925
002475.SZ,2026.01.15,53.340000000000003,57.57,53.229999999999996,57.369999999999997,53.579999999999998,3.79,7.073500000000001,2628471.299999999813735,14597266.865000000223517
002475.SZ,2026.01.16,58.280000000000001,59.909999999999996,57.909999999999996,58.079999999999998,57.369999999999997,0.71,1.2376,2599903.089999999850988,15284928.360999999567866
002475.SZ,2026.01.19,58.100000000000001,60.479999999999996,57.799999999999997,57.859999999999999,58.079999999999998,-0.22,-0.3788,1957199.590000000083819,11530425.06900000013411
002475.SZ,2026.01.20,57.899999999999998,58.329999999999998,55.310000000000002,57.46,57.859999999999999,-0.4,-0.6913,1772259.550000000046566,10048349.855000000447034
002475.SZ,2026.01.21,56.649999999999998,58.299999999999997,56.600000000000001,57.060000000000002,57.46,-0.4,-0.6961,1117199.479999999981373,6424873.922000000253319
002475.SZ,2026.01.22,57.429999999999999,58.350000000000001,56.100000000000001,56.409999999999996,57.060000000000002,-0.65,-1.1392,1498042.100000000093132,8531018.706000000238418
002475.SZ,2026.01.23,56.630000000000002,56.630000000000002,55,55.5,56.409999999999996,-0.91,-1.6132,1449253.679999999934807,8052423.541000000201165
002475.SZ,2026.01.26,55.380000000000002,55.399999999999998,54.009999999999998,54.090000000000003,55.5,-1.41,-2.5405,1271111.560000000055879,6917918.137000000104308
002475.SZ,2026.01.27,54.32,54.789999999999999,52.859999999999999,53.719999999999998,54.090000000000003,-0.37,-0.684,1227843.129999999888241,6608414.372000000439584
002475.SZ,2026.01.28,53.700000000000002,54.950000000000002,52.82,53.280000000000001,53.719999999999998,-0.44,-0.8191,1511948.699999999953433,8124725.548000000417232
002475.SZ,2026.01.29,53,53.130000000000002,51.729999999999996,51.89,53.280000000000001,-1.39,-2.6089,1472605.899999999906867,7686631.74199999962002
002475.SZ,2026.01.30,51.609999999999999,52.5,51.020000000000003,51.689999999999997,51.89,-0.2,-0.3854,1085588.120000000111758,5631865.24100000038743
002475.SZ,2026.02.02,51.990000000000001,53.600000000000001,51.990000000000001,52.219999999999998,51.689999999999997,0.53,1.0253,1384862.340000000083819,7315678.565000000409781
002475.SZ,2026.02.03,52.829999999999998,53.39,51.25,52.46,52.219999999999998,0.24,0.4596,1046637.96999999997206,5464439.701999999582767
002475.SZ,2026.02.04,52.009999999999998,52.049999999999997,50.649999999999998,51.899999999999998,52.46,-0.56,-1.0675,1244423.800000000046566,6390867.495000000111758
002475.SZ,2026.02.05,51.5,52.579999999999998,51.420000000000001,51.700000000000002,51.899999999999998,-0.2,-0.3854,759859.410000000032596,3948087.322999999858438
002475.SZ,2026.02.06,51.369999999999997,52.009999999999998,50.700000000000002,51.170000000000001,51.700000000000002,-0.53,-1.0251,724911.459999999962747,3723195.003000000026077
002475.SZ,2026.02.09,51.990000000000001,52,51.329999999999998,51.719999999999998,51.170000000000001,0.55,1.0748,775300.35999999998603,4004057.333000000100582
002475.SZ,2026.02.10,51.689999999999997,51.979999999999996,51.369999999999997,51.689999999999997,51.719999999999998,-0.03,-0.058,746830.5,3859138.594000000040978
002475.SZ,2026.02.11,51.39,51.920000000000001,51.020000000000003,51.149999999999998,51.689999999999997,-0.54,-1.0447,689452.489999999990686,3542639.012000000104308
002475.SZ,2026.02.12,51.100000000000001,51.329999999999998,50.299999999999997,50.429999999999999,50.990000000000001,-0.56,-1.0983,970240.069999999948777,4903262.372000000439584
002475.SZ,2026.02.13,49.909999999999996,51.079999999999998,49.259999999999997,50.799999999999997,50.429999999999999,0.37,0.7337,1144925.989999999990686,5776476.63800000026822
002475.SZ,2026.02.24,51.409999999999996,51.490000000000002,50.509999999999997,50.630000000000002,50.799999999999997,-0.17,-0.3346,844153.390000000013969,4300015.32799999974668
002475.SZ,2026.02.25,50.549999999999997,51.929999999999999,50.469999999999998,51.579999999999998,50.630000000000002,0.95,1.8764,1247047.830000000074505,6391742.055999999865889
002475.SZ,2026.02.26,51.590000000000003,51.630000000000002,51.039999999999999,51.159999999999996,51.579999999999998,-0.42,-0.8143,1064250.639999999897554,5454795.825000000186264
002475.SZ,2026.02.27,50.649999999999998,50.689999999999997,49.32,50.219999999999998,51.159999999999996,-0.94,-1.8374,1272715.5,6349492.766999999992549
