ts_code,trade_date,open,high,low,close,pre_close,change,pct_chg,vol,amount
002594.SZ,2023.03.01,260.75,266.54000000000002,257.75999999999999,265.5,260.800000000000011,4.700000000000001,1.8021,143657.60999999998603,3781045.100999999791383
002594.SZ,2023.03.02,266.120000000000004,268.129999999999995,262,263.709999999999979,265.5,-1.79,-0.6742,114904.960000000006402,3043464.759999999776482
002594.SZ,2023.03.03,264.990000000000009,265.230000000000018,262.079999999999984,263.79000000000002,263.709999999999979,0.08,0.0303,63981.610000000000582,1686348.718000000109896
002594.SZ,2023.03.06,264,264.629999999999995,258,264.269999999999981,263.79000000000002,0.48,0.182,112124.470000000001164,2932174.904999999795108
002594.SZ,2023.03.07,264.180000000000006,266.990000000000009,260.5,260.680000000000006,264.269999999999981,-3.59,-1.3585,105932.880000000004656,2789608.646000000182539
002594.SZ,2023.03.08,258.5,259.79000000000002,255,256.990000000000009,260.680000000000006,-3.69,-1.4155,120897.60000000000582,3104294.280999999959021
002594.SZ,2023.03.09,256.5,259.829999999999984,254.00999999999999,256.069999999999993,256.990000000000009,-0.92,-0.358,96731.429999999993015,2481897.867999999783933
002594.SZ,2023.03.10,252,253,242.300000000000011,243.139999999999986,256.069999999999993,-12.929999999999999,-5.049400000000001,283464.080000000016298,6951755.743999999947845
002594.SZ,2023.03.13,241.719999999999998,242.949999999999988,237,240.490000000000009,243.139999999999986,-2.65,-1.0899,167343.410000000003492,4010230.472000000067055
002594.SZ,2023.03.14,240,242.5,233.030000000000001,239.979999999999989,240.490000000000009,-0.51,-0.2121,198568.160000000003492,4715842.057000000029802
002594.SZ,2023.03.15,241.5,242.479999999999989,237.409999999999996,238.620000000000004,239.979999999999989,-1.36,-0.5667,120714.589999999996507,2895736.123999999836087
002594.SZ,2023.03.16,235,239.620000000000004,234,234.789999999999992,238.620000000000004,-3.83,-1.6051,118370.25,2793057.410999999847263
002594.SZ,2023.03.17,236.780000000000001,240.979999999999989,235.530000000000001,237.909999999999996,234.789999999999992,3.12,1.3288,135002.619999999995343,3213067.916000000201165
002594.SZ,2023.03.20,237.909999999999996,239.360000000000013,234.599999999999994,235.569999999999993,237.909999999999996,-2.34,-0.9836,86323.330000000001746,2041533.810999999986961
002594.SZ,2023.03.21,236.889999999999986,239.50999999999999,234.789999999999992,239.50999999999999,235.569999999999993,3.94,1.6725,108872.690000000002328,2585297.268000000156462
002594.SZ,2023.03.22,242.199999999999988,247.580000000000012,242.080000000000012,243.199999999999988,239.50999999999999,3.69,1.5406,155339.320000000006984,3800940.796000000089406
002594.SZ,2023.03.23,242.990000000000009,245.5,239.5,245.490000000000009,243.199999999999988,2.29,0.9416,97461.039999999993597,2374450.293000000063329
002594.SZ,2023.03.24,245.5,247.629999999999995,243.490000000000009,246.02000000000001,245.490000000000009,0.53,0.2159,81018.259999999994761,1990565.42699999990873
002594.SZ,2023.03.27,245.990000000000009,245.990000000000009,240.300000000000011,243.650000000000005,246.02000000000001,-2.37,-0.9633,92495.360000000000582,2246213.086000000126659
002594.SZ,2023.03.28,244.5,245.669999999999987,242.400000000000005,245.00999999999999,243.650000000000005,1.36,0.5582,81845.039999999993597,1998797.290999999968335
002594.SZ,2023.03.29,246.550000000000011,250.25,246.550000000000011,247.699999999999988,245.00999999999999,2.69,1.0979,144302.619999999995343,3588758.348999999929219
002594.SZ,2023.03.30,250,257.199999999999988,250,257.199999999999988,247.699999999999988,9.5,3.8353,209267.220000000001164,5317797.712000000290572
002594.SZ,2023.03.31,258.970000000000027,260.860000000000013,255,256.019999999999981,257.199999999999988,-1.18,-0.4588,167007.60999999998603,4304295.451999999582767
002594.SZ,2023.04.03,256,258.240000000000009,252.25999999999999,255.919999999999987,256.019999999999981,-0.1,-0.0391,133691.25,3412119.592999999877065
002594.SZ,2023.04.04,255.810000000000002,255.810000000000002,247.990000000000009,250.919999999999987,255.919999999999987,-5,-1.9537,137744.329999999987194,3448255.050999999977648
002594.SZ,2023.04.06,248,250.879999999999995,245.680000000000006,250,250.919999999999987,-0.92,-0.3667,81942.270000000004074,2036216.982000000076368
002594.SZ,2023.04.07,250.050000000000011,252.129999999999995,248.330000000000012,249.280000000000001,250,-0.72,-0.288,68722.910000000003492,1718631.441000000108033
002594.SZ,2023.04.10,249.280000000000001,251.199999999999988,246,251,249.280000000000001,1.72,0.69,98057.910000000003492,2436804.938999999780207
002594.SZ,2023.04.11,252.150000000000005,254.490000000000009,248.599999999999994,249.830000000000012,251,-1.17,-0.4661,87455.119999999995343,2194591.845000000204891
002594.SZ,2023.04.12,248.800000000000011,248.800000000000011,243.330000000000012,243.400000000000005,249.830000000000012,-6.43,-2.5738,112329.699999999997089,2751446.16399999987334
002594.SZ,2023.04.13,240.580000000000012,243,237.77000000000001,242.819999999999993,243.400000000000005,-0.58,-0.2383,80964.639999999999417,1952037.226000000024214
002594.SZ,2023.04.14,243.400000000000005,247.469999999999998,242.990000000000009,246.060000000000002,242.819999999999993,3.24,1.3343,105506.440000000002328,2589957.802999999839812
002594.SZ,2023.04.17,245,249.680000000000006,244.210000000000007,249.439999999999997,246.060000000000002,3.38,1.3736,90393.85000000000582,2244153.586999999824911
002594.SZ,2023.04.18,250.400000000000005,252.180000000000006,248.439999999999997,249,249.439999999999997,-0.44,-0.1764,78432.199999999997089,1961474.845999999903142
002594.SZ,2023.04.19,249,253.199999999999988,246.090000000000003,250.849999999999994,249,1.85,0.743,111927.470000000001164,2793037.791000000201165
002594.SZ,2023.04.20,249.930000000000006,249.930000000000006,245,245.02000000000001,250.849999999999994,-5.83,-2.3241,100308.30000000000291,2470721.410000000149011
002594.SZ,2023.04.21,244.5,248.949999999999988,243,243,245.02000000000001,-2.02,-0.8244,104052.479999999995925,2553937.671999999787658
002594.SZ,2023.04.24,244.099999999999994,258.600000000000022,243.180000000000006,253.490000000000009,243,10.49,4.316900000000001,267017.340000000025611,6747607.047000000253319
002594.SZ,2023.04.25,251,251.800000000000011,242.199999999999988,244.300000000000011,253.490000000000009,-9.189999999999999,-3.6254,187418.730000000010477,4589549.73300000000745
002594.SZ,2023.04.26,243,254.539999999999992,241,251,244.300000000000011,6.700000000000001,2.7425,174492.040000000008149,4353221.179999999701976
002594.SZ,2023.04.27,250,258.990000000000009,249.550000000000011,258.920000000000015,251,7.92,3.1554,242464.380000000004656,6228404.692999999970197
002594.SZ,2023.04.28,261.470000000000027,262.970000000000027,254,255.860000000000013,258.920000000000015,-3.06,-1.1818,191944.799999999988358,4933612.984000000171363
002594.SZ,2023.05.04,255,257.610000000000013,251.400000000000005,252.52000000000001,255.860000000000013,-3.34,-1.3054,118124.270000000004074,3002183.827000000048428
002594.SZ,2023.05.05,252.550000000000011,253.800000000000011,247.949999999999988,250.069999999999993,252.52000000000001,-2.45,-0.9702,102439.589999999996507,2560075.787000000011175
002594.SZ,2023.05.08,253,259.100000000000022,252.52000000000001,254.030000000000001,250.069999999999993,3.96,1.5836,121626.199999999997089,3104234.524000000208616
002594.SZ,2023.05.09,250.039999999999992,253.360000000000013,249,250.110000000000013,254.030000000000001,-3.92,-1.5431,89884.830000000001746,2253697.879000000189989
002594.SZ,2023.05.10,251,262.180000000000006,249.199999999999988,259.79000000000002,250.110000000000013,9.679999999999999,3.8703,253690.890000000013969,6542224.183000000193715
002594.SZ,2023.05.11,260.769999999999981,269.800000000000011,258.680000000000006,263.75,259.79000000000002,3.96,1.5243,214236.869999999995343,5669565.808000000193715
002594.SZ,2023.05.12,266,268.25,259.519999999999981,260.100000000000022,263.75,-3.65,-1.3839,104573.529999999998835,2750523.183999999891966
002594.SZ,2023.05.15,260.100000000000022,266.550000000000011,258.699999999999988,264.899999999999977,260.100000000000022,4.8,1.8454,136926.269999999989522,3615695.77600000007078
002594.SZ,2023.05.16,264.389999999999986,267.420000000000015,263.199999999999988,265.129999999999995,264.899999999999977,0.23,0.0868,81639.309999999997671,2162966.660999999847263
002594.SZ,2023.05.17,264.990000000000009,265.800000000000011,259.00999999999999,261,265.129999999999995,-4.13,-1.5577,89556.05000000000291,2336687.603000000119209
002594.SZ,2023.05.18,262.300000000000011,263.879999999999995,256.560000000000002,259.079999999999984,261,-1.92,-0.7356,100696.649999999994179,2610927.791000000201165
002594.SZ,2023.05.19,258.180000000000006,260.920000000000015,256.300000000000011,259.180000000000006,259.079999999999984,0.1,0.0386,60105.819999999999708,1557739.695000000065192
002594.SZ,2023.05.22,260.920000000000015,266,257.079999999999984,265.100000000000022,259.180000000000006,5.92,2.2841,120165.210000000006402,3160916.356999999843537
002594.SZ,2023.05.23,265.04000000000002,266.879999999999995,262.930000000000006,262.930000000000006,265.100000000000022,-2.17,-0.8186,90619.399999999994179,2401159.868999999947845
002594.SZ,2023.05.24,261.600000000000022,265,259.519999999999981,261.910000000000024,262.930000000000006,-1.02,-0.3879,68092.949999999997089,1787131.273000000044703
002594.SZ,2023.05.25,261.959999999999979,263.850000000000022,255.139999999999986,255.599999999999994,261.910000000000024,-6.31,-2.4092,132078.950000000011641,3413072.493999999947845
002594.SZ,2023.05.26,253,253,242.800000000000011,246.990000000000009,255.599999999999994,-8.609999999999999,-3.3685,185813.399999999994179,4583193.889999999664723
002594.SZ,2023.05.29,250,250.550000000000011,242,244.930000000000006,246.990000000000009,-2.06,-0.834,124722.910000000003492,3051361.333000000100582
002594.SZ,2023.05.30,245.949999999999988,255,245.830000000000012,252.199999999999988,244.930000000000006,7.27,2.9682,166880.579999999987194,4201064.906999999657273
002594.SZ,2023.05.31,252.199999999999988,254.900000000000005,249.650000000000005,253.659999999999996,252.199999999999988,1.46,0.5789,118381.169999999998253,2995495.154000000096857
002594.SZ,2023.06.01,253.659999999999996,257.879999999999995,253.229999999999989,255.449999999999988,253.659999999999996,1.79,0.7057,86735.710000000006402,2217698.925999999977648
002594.SZ,2023.06.02,257.879999999999995,259.589999999999975,255.599999999999994,259.060000000000002,255.449999999999988,3.61,1.4132,110679.75,2854069.098000000230967
002594.SZ,2023.06.05,259,259.060000000000002,251.669999999999987,258.319999999999993,259.060000000000002,-0.74,-0.2856,104794.520000000004074,2682476.683999999891966
002594.SZ,2023.06.06,257.949999999999988,265,256.180000000000006,260.879999999999995,258.319999999999993,2.56,0.991,128981.110000000000582,3371155.484999999869614
002594.SZ,2023.06.07,262,263.439999999999997,255.5,256.550000000000011,260.879999999999995,-4.33,-1.6598,100490.279999999998835,2598158.541000000201165
002594.SZ,2023.06.08,256.189999999999997,258.839999999999975,254.469999999999998,255,256.550000000000011,-1.55,-0.6042,64454.260000000002037,1650438.58199999993667
002594.SZ,2023.06.09,258.800000000000011,259.100000000000022,252.5,258,255,3,1.1765,107484.009999999994761,2753073.834999999962747
002594.SZ,2023.06.12,256.5,263,255.5,260.50999999999999,258,2.51,0.9729,102891.210000000006402,2682484.319999999832361
002594.SZ,2023.06.13,260.5,262,257.129999999999995,261.220000000000027,260.50999999999999,0.71,0.2725,81511.470000000001164,2117925.896000000182539
002594.SZ,2023.06.14,262.680000000000006,265.389999999999986,261.5,263,261.220000000000027,1.78,0.6814,125776,3318766.725999999791383
002594.SZ,2023.06.15,263.5,275.00999999999999,263.29000000000002,271.879999999999995,263,8.88,3.3764,243961.070000000006984,6622887.118999999947845
002594.SZ,2023.06.16,273.860000000000013,275.860000000000013,270,271.079999999999984,271.879999999999995,-0.8,-0.2942,152296.820000000006984,4146755.899000000208616
002594.SZ,2023.06.19,271.079999999999984,274.990000000000009,267.879999999999995,269.209999999999979,271.079999999999984,-1.87,-0.6898,123564.75,3342857.529000000096857
002594.SZ,2023.06.20,269.00999999999999,269.199999999999988,264.899999999999977,268.25,269.209999999999979,-0.96,-0.3566,102366.160000000003492,2734002.024999999906867
002594.SZ,2023.06.21,267.00999999999999,273.279999999999972,266.25,267.779999999999972,268.25,-0.47,-0.1752,107811.759999999994761,2906861.070999999996274
002594.SZ,2023.06.26,262.430000000000006,268.689999999999997,262.300000000000011,262.889999999999986,267.779999999999972,-4.89,-1.8261,101512.220000000001164,2681452.52199999988079
002594.SZ,2023.06.27,262.019999999999981,263.850000000000022,257.079999999999984,260.050000000000011,262.889999999999986,-2.84,-1.0803,99028.649999999994179,2570404.964000000152736
002594.SZ,2023.06.28,260,262.5,258.100000000000022,260.25,260.050000000000011,0.2,0.0769,57269.510000000002037,1489543.300999999977648
002594.SZ,2023.06.29,260.25,260.779999999999972,255.229999999999989,255.699999999999988,260.25,-4.55,-1.7483,83485.05000000000291,2148587.117000000085681
002594.SZ,2023.06.30,254.129999999999995,260,253.699999999999988,258.269999999999981,255.699999999999988,2.57,1.0051,75724.360000000000582,1952424.865999999921768
002594.SZ,2023.07.03,258.879999999999995,269.269999999999981,258.879999999999995,267.480000000000018,258.269999999999981,9.21,3.566,162565.059999999997671,4313305.225999999791383
002594.SZ,2023.07.04,268.5,275,266.50999999999999,271.5,267.480000000000018,4.02,1.5029,157120.019999999989522,4271284.304999999701976
002594.SZ,2023.07.05,271.50999999999999,272.480000000000018,265.689999999999997,267,271.5,-4.5,-1.6575,93033.130000000004656,2493339.683000000193715
002594.SZ,2023.07.06,267,272,266.800000000000011,268.100000000000022,267,1.1,0.412,83711.85000000000582,2249759.123000000137835
002594.SZ,2023.07.07,267,267.660000000000024,264.110000000000013,264.399999999999977,268.100000000000022,-3.7,-1.3801,62191.5,1650354.364000000059604
002594.SZ,2023.07.10,267,269.5,262.75,263.550000000000011,264.399999999999977,-0.85,-0.3215,68877.619999999995343,1824432.453999999910593
002594.SZ,2023.07.11,265,270.689999999999997,263.800000000000011,269.329999999999984,263.550000000000011,5.780000000000001,2.1931,102405.199999999997089,2744333.129000000189989
002594.SZ,2023.07.12,270.5,271.149999999999977,264.660000000000024,265.610000000000013,269.329999999999984,-3.72,-1.3812,87031.949999999997089,2328017.075999999884516
002594.SZ,2023.07.13,267.5,269.5,265.00999999999999,267.829999999999984,265.610000000000013,2.22,0.8358,82753.009999999994761,2213414.441000000108033
002594.SZ,2023.07.14,267.800000000000011,267.800000000000011,263.5,264.410000000000025,267.829999999999984,-3.42,-1.2769,102722.029999999998835,2718639.361000000033527
002594.SZ,2023.07.17,267,267,262.350000000000022,264.490000000000009,264.410000000000025,0.08,0.0303,78926.630000000004656,2086663.750999999931082
002594.SZ,2023.07.18,265.25,267.569999999999993,260.5,265.480000000000018,264.490000000000009,0.99,0.3743,98456.479999999995925,2603934.532000000122934
002594.SZ,2023.07.19,265.490000000000009,265.899999999999977,262.740000000000009,264.829999999999984,265.480000000000018,-0.65,-0.2448,50250,1328126.186999999918043
002594.SZ,2023.07.20,265.5,269.5,264,264.949999999999988,264.829999999999984,0.12,0.0453,91270.509999999994761,2434017.185000000055879
002594.SZ,2023.07.21,264,264.800000000000011,261.550000000000011,264.319999999999993,264.949999999999988,-0.63,-0.2378,75287.029999999998835,1979318.621999999973922
002594.SZ,2023.07.24,261.00999999999999,262.769999999999981,257.490000000000009,257.5,264.319999999999993,-6.820000000000001,-2.5802,95950.369999999995343,2491708.305999999865889
002594.SZ,2023.07.25,262.680000000000006,266.990000000000009,262.649999999999977,264.589999999999975,257.5,7.09,2.7534,173882.839999999996507,4604657.752000000327825
002594.SZ,2023.07.26,263.75999999999999,263.75999999999999,260.600000000000022,262.089999999999974,264.589999999999975,-2.5,-0.9449,65864.880000000004656,1723363.550999999977648
002594.SZ,2023.07.27,264.5,265.769999999999981,260.800000000000011,261.629999999999995,262.089999999999974,-0.46,-0.1755,112650.690000000002328,2962230.532000000122934
002594.SZ,2023.07.28,260,267.649999999999977,258.220000000000027,267,260.490000000000009,6.51,2.4991,173308.25,4584230.666000000201165
002594.SZ,2023.07.31,270,276.579999999999984,269.879999999999995,272,267,5,1.8727,215060.160000000003492,5874722.582999999634921
002594.SZ,2023.08.01,271.75999999999999,272.75999999999999,266.5,268.5,272,-3.5,-1.2868,120339.929999999993015,3239067.594000000040978
002594.SZ,2023.08.02,270.699999999999988,272,266.360000000000013,268,268.5,-0.5,-0.1862,87393.509999999994761,2346829.430999999865889
002594.SZ,2023.08.03,267.279999999999972,268.480000000000018,265.50999999999999,268.230000000000018,268,0.23,0.0858,66169.880000000004656,1766952.895999999949708
002594.SZ,2023.08.04,268.990000000000009,270.069999999999993,266.649999999999977,268.300000000000011,268.230000000000018,0.07,0.0261,88053.149999999994179,2358257.628000000026077
002594.SZ,2023.08.07,267.930000000000006,267.930000000000006,265.189999999999997,266.990000000000009,268.300000000000011,-1.31,-0.4883,64203.80000000000291,1710317.722999999998137
002594.SZ,2023.08.08,265.199999999999988,266.5,262.50999999999999,263.300000000000011,266.990000000000009,-3.69,-1.3821,91711.880000000004656,2419517.104999999981373
002594.SZ,2023.08.09,262,263.5,260.230000000000018,262.899999999999977,263.300000000000011,-0.4,-0.1519,72499.369999999995343,1897124.688000000081956
002594.SZ,2023.08.10,263,264.870000000000004,260.740000000000009,262.699999999999988,262.899999999999977,-0.2,-0.0761,60016.099999999998544,1575799.641000000061467
002594.SZ,2023.08.11,262.689999999999997,262.699999999999988,259.00999999999999,259.25,262.699999999999988,-3.45,-1.3133,86125.279999999998835,2242256.361000000033527
002594.SZ,2023.08.14,255,256.990000000000009,243.490000000000009,245.819999999999993,259.25,-13.429999999999999,-5.1803,252890.35000000000582,6237439.722000000067055
002594.SZ,2023.08.15,245.819999999999993,246.129999999999995,241.900000000000005,244.539999999999992,245.819999999999993,-1.28,-0.5207,115021.289999999993597,2804377.793000000063329
002594.SZ,2023.08.16,243.280000000000001,245.5,242.210000000000007,244.199999999999988,244.539999999999992,-0.34,-0.139,79979.360000000000582,1953463.841999999945983
002594.SZ,2023.08.17,243.370000000000004,246.340000000000003,240.400000000000005,246.00999999999999,244.199999999999988,1.81,0.7412,86835.55000000000291,2118628.433000000193715
002594.SZ,2023.08.18,245.560000000000002,245.560000000000002,240,240.289999999999992,246.00999999999999,-5.72,-2.3251,98466.5,2385483.842999999877065
002594.SZ,2023.08.21,239.800000000000011,239.879999999999995,234.050000000000011,234.409999999999996,240.289999999999992,-5.88,-2.447,127879.199999999997089,3022536.162000000011175
002594.SZ,2023.08.22,237.969999999999998,238.5,230.900000000000005,234.539999999999992,234.409999999999996,0.13,0.0555,112115.889999999999417,2620973.083000000100582
002594.SZ,2023.08.23,234.539999999999992,234.539999999999992,230.030000000000001,230.090000000000003,234.539999999999992,-4.450000000000001,-1.8973,81237.55000000000291,1882331.986000000033527
002594.SZ,2023.08.24,231.00999999999999,237,231.00999999999999,234.900000000000005,230.090000000000003,4.81,2.0905,106810.589999999996507,2501734.160999999847263
002594.SZ,2023.08.25,233.280000000000001,234.330000000000012,231.5,232.599999999999994,234.900000000000005,-2.3,-0.9791,66775.259999999994761,1554437.027000000001862
002594.SZ,2023.08.28,248,248,234.25,235.530000000000001,232.599999999999994,2.93,1.2597,133527.35999999998603,3189524.811000000219792
002594.SZ,2023.08.29,236.810000000000002,247.5,236.810000000000002,246.710000000000007,235.530000000000001,11.179999999999999,4.7467,213223.45999999999185,5201525.919999999925494
002594.SZ,2023.08.30,249.330000000000012,251.469999999999998,247.840000000000003,249.800000000000011,246.710000000000007,3.09,1.2525,152187.35000000000582,3798606.950999999884515
002594.SZ,2023.08.31,250.50999999999999,250.990000000000009,248,249.400000000000005,249.800000000000011,-0.4,-0.1601,88733.960000000006402,2214559.03899999987334
002594.SZ,2023.09.01,253,254.469999999999998,248,249.120000000000004,249.400000000000005,-0.28,-0.1123,77771.830000000001746,1949444.068999999901279
002594.SZ,2023.09.04,251.599999999999994,253,248.879999999999995,252.449999999999988,249.120000000000004,3.33,1.3367,96511.60000000000582,2427791.469000000040978
002594.SZ,2023.09.05,252.199999999999988,252.199999999999988,248.689999999999997,249.030000000000001,252.449999999999988,-3.42,-1.3547,74570.5,1864915.959999999962747
002594.SZ,2023.09.06,250,252.300000000000011,249.300000000000011,250.449999999999988,249.030000000000001,1.42,0.5702,65928.559999999997671,1653726.027000000001862
002594.SZ,2023.09.07,250.419999999999987,250.419999999999987,248.110000000000013,248.400000000000005,250.449999999999988,-2.05,-0.8185,60913.019999999996798,1517662.851999999955296
002594.SZ,2023.09.08,247.00999999999999,247.00999999999999,242.689999999999997,244.050000000000011,248.400000000000005,-4.35,-1.7512,67634.399999999994179,1651599.178000000072643
002594.SZ,2023.09.11,243.699999999999988,248.5,242.199999999999988,247.00999999999999,244.050000000000011,2.96,1.2129,76513.440000000002328,1876707.031999999890103
002594.SZ,2023.09.12,248.699999999999988,253.370000000000004,247.099999999999994,251.990000000000009,247.00999999999999,4.980000000000001,2.0161,119532.399999999994179,3004363.22899999981746
002594.SZ,2023.09.13,252,254.280000000000001,250.400000000000005,251.550000000000011,251.990000000000009,-0.44,-0.1746,91478.970000000001164,2305291.959999999962747
002594.SZ,2023.09.14,246.800000000000011,246.949999999999988,242,243.629999999999995,251.550000000000011,-7.92,-3.1485,152580.25,3722930.908999999985098
002594.SZ,2023.09.15,244,246.840000000000003,241.50999999999999,244.289999999999992,243.629999999999995,0.66,0.2709,82255.949999999997089,2010812.283999999985098
002594.SZ,2023.09.18,244.5,251.199999999999988,244.289999999999992,247.379999999999995,244.289999999999992,3.09,1.2649,96405.220000000001164,2395846.503000000026077
002594.SZ,2023.09.19,246,248.280000000000001,243.800000000000011,247.169999999999987,247.379999999999995,-0.21,-0.0849,62396.930000000000291,1533948.92699999990873
002594.SZ,2023.09.20,245,246.280000000000001,244,244,247.169999999999987,-3.17,-1.2825,54497.099999999998544,1332673.932999999960884
002594.SZ,2023.09.21,243,243.870000000000004,238.550000000000011,239.680000000000006,244,-4.320000000000001,-1.7705,92964.619999999995343,2232606.209999999962747
002594.SZ,2023.09.22,239.52000000000001,245.659999999999996,238.5,245.050000000000011,239.680000000000006,5.370000000000001,2.2405,96763.960000000006402,2356419.361000000033527
002594.SZ,2023.09.25,246.830000000000012,246.979999999999989,244.349999999999994,245.800000000000011,245.050000000000011,0.75,0.3061,64786.80000000000291,1592828.379999999888241
002594.SZ,2023.09.26,245,245,238.300000000000011,238.5,245.800000000000011,-7.3,-2.9699,118462.630000000004656,2846103.700000000186264
002594.SZ,2023.09.27,239.110000000000013,242.219999999999998,237.789999999999992,237.830000000000012,238.5,-0.67,-0.2809,75733.669999999998253,1808518.865999999921768
002594.SZ,2023.09.28,238.800000000000011,239.5,236.050000000000011,236.699999999999988,237.830000000000012,-1.13,-0.4751,85257.679999999993015,2022931.183999999891966
002594.SZ,2023.10.09,236.699999999999988,238.50999999999999,229.659999999999996,237.969999999999998,236.699999999999988,1.27,0.5365,91790.710000000006402,2162900.14699999988079
002594.SZ,2023.10.10,237.960000000000008,240.02000000000001,237,237.909999999999996,237.969999999999998,-0.06,-0.0252,63936.610000000000582,1524841.111000000033527
002594.SZ,2023.10.11,241.960000000000008,242.5,238,238.590000000000003,237.909999999999996,0.68,0.2858,76683.729999999995925,1838352.973999999929219
002594.SZ,2023.10.12,240.400000000000005,245.5,239,244.449999999999988,238.590000000000003,5.860000000000001,2.4561,139340.940000000002328,3391600.251000000163912
002594.SZ,2023.10.13,241.900000000000005,242.77000000000001,239.800000000000011,240.360000000000013,244.449999999999988,-4.09,-1.6731,66445.229999999995925,1598611.952000000048428
002594.SZ,2023.10.16,240.400000000000005,241.080000000000012,236.5,237.50999999999999,240.360000000000013,-2.85,-1.1857,66022.210000000006402,1573224.652999999932944
002594.SZ,2023.10.17,237.52000000000001,239.990000000000009,236.5,238,237.50999999999999,0.49,0.2063,49163.589999999996507,1169236.111999999964609
002594.SZ,2023.10.18,245.599999999999994,251,244,249.069999999999993,238,11.07,4.6513,307862.840000000025611,7646061.770999999716877
002594.SZ,2023.10.19,246.949999999999988,247.969999999999998,240.340000000000003,240.599999999999994,249.069999999999993,-8.47,-3.4007,147753.279999999998835,3595894.52199999988079
002594.SZ,2023.10.20,240,241.800000000000011,238.210000000000007,239.199999999999988,240.599999999999994,-1.4,-0.5819,85658.610000000000582,2050294.970999999903142
002594.SZ,2023.10.23,240,240,236.199999999999988,238.650000000000005,239.199999999999988,-0.55,-0.2299,73536.830000000001746,1747793.906999999890103
002594.SZ,2023.10.24,239.300000000000011,240.5,234.669999999999987,235.550000000000011,238.650000000000005,-3.1,-1.299,110778.919999999998253,2614866.69400000013411
002594.SZ,2023.10.25,237.969999999999998,240.00999999999999,236.219999999999998,237.400000000000005,235.550000000000011,1.85,0.7854,83675.729999999995925,1993861.82799999997951
002594.SZ,2023.10.26,236.060000000000002,238.800000000000011,235.699999999999988,238.610000000000013,237.400000000000005,1.21,0.5097,73199.35000000000582,1738279.510000000009313
002594.SZ,2023.10.27,238,243.5,237.52000000000001,241.949999999999988,238.610000000000013,3.34,1.3998,103205.559999999997671,2490630.305000000167638
002594.SZ,2023.10.30,239.50999999999999,244.990000000000009,238.699999999999988,244.599999999999994,241.949999999999988,2.65,1.0953,117295.470000000001164,2849732.929000000003725
002594.SZ,2023.10.31,243.5,243.990000000000009,237.5,238.539999999999992,244.599999999999994,-6.06,-2.4775,127204.75,3044814.888999999966472
002594.SZ,2023.11.01,238,238,235.419999999999987,236.199999999999988,238.539999999999992,-2.34,-0.981,93390.419999999998253,2206820.550999999977648
002594.SZ,2023.11.02,237.860000000000013,237.879999999999995,234.800000000000011,234.800000000000011,236.199999999999988,-1.4,-0.5927,85414.160000000003492,2015702.320999999996274
002594.SZ,2023.11.03,235.50999999999999,239.150000000000005,234.879999999999995,238.650000000000005,234.800000000000011,3.85,1.6397,90679.419999999998253,2154652.390999999828636
002594.SZ,2023.11.06,240.50999999999999,243.430000000000006,240,242.900000000000005,238.650000000000005,4.25,1.7809,143547.85999999998603,3472633.479999999981373
002594.SZ,2023.11.07,243,244.300000000000011,240.50999999999999,240.969999999999998,242.900000000000005,-1.93,-0.7946,94512.929999999993015,2287202.177000000141561
002594.SZ,2023.11.08,240.360000000000013,240.860000000000013,239.180000000000006,240,240.969999999999998,-0.97,-0.4025,80128.139999999999417,1921682.141000000061467
002594.SZ,2023.11.09,240,240.75,238.340000000000003,239.300000000000011,240,-0.7,-0.2917,73182.740000000005238,1750698.708000000100582
002594.SZ,2023.11.10,239,239,235.659999999999996,236.960000000000008,239.300000000000011,-2.34,-0.9779,81901.899999999994179,1940054.003000000026077
002594.SZ,2023.11.13,237.879999999999995,238.180000000000006,235.099999999999994,237.120000000000004,236.960000000000008,0.16,0.0675,69738.460000000006402,1649215.950999999884515
002594.SZ,2023.11.14,237.300000000000011,238.199999999999988,236.599999999999994,237.629999999999995,237.120000000000004,0.51,0.2151,55216.55000000000291,1310694.854000000050291
002594.SZ,2023.11.15,239.900000000000005,240,238.300000000000011,238.639999999999986,237.629999999999995,1.01,0.425,78691.669999999998253,1881360.641000000061467
002594.SZ,2023.11.16,239.800000000000011,239.800000000000011,237.219999999999998,238.300000000000011,238.639999999999986,-0.34,-0.1425,61690.069999999999708,1471253.077000000048428
002594.SZ,2023.11.17,237,238.590000000000003,236,236.75999999999999,238.300000000000011,-1.54,-0.6462,59462.290000000000873,1408060.178000000072643
002594.SZ,2023.11.20,235.800000000000011,236.5,234.580000000000012,235,236.75999999999999,-1.76,-0.7434,76770.940000000002328,1804923.943999999901279
002594.SZ,2023.11.21,235.689999999999997,236.680000000000006,233.659999999999996,234.199999999999988,235,-0.8,-0.3404,82386.339999999996507,1937039.108999999938532
002594.SZ,2023.11.22,233.5,233.5,229.879999999999995,230,234.199999999999988,-4.200000000000001,-1.7933,105571.080000000001746,2440478.827000000048428
002594.SZ,2023.11.23,230.5,231.280000000000001,227.120000000000004,228.830000000000012,230,-1.17,-0.5087,105763.940000000002328,2425947.586000000126659
002594.SZ,2023.11.24,228.800000000000011,228.800000000000011,215.400000000000005,216.849999999999994,228.830000000000012,-11.98,-5.2353,280659.479999999981373,6162803.841000000014901
002594.SZ,2023.11.27,212,212,205,208.900000000000005,216.849999999999994,-7.950000000000001,-3.6661,215480.869999999995343,4487132.026999999769032
002594.SZ,2023.11.28,208.919999999999987,211.77000000000001,207.00999999999999,209.909999999999996,208.900000000000005,1.01,0.4835,122211.429999999993015,2562912.237999999895691
002594.SZ,2023.11.29,209.879999999999995,209.900000000000005,201.389999999999986,201.979999999999989,209.909999999999996,-7.93,-3.7778,219246.299999999988358,4464902.231999999843537
002594.SZ,2023.11.30,201.599999999999994,202.729999999999989,198.449999999999988,199.150000000000005,201.979999999999989,-2.83,-1.4011,187242.149999999994179,3745049.006000000052154
002594.SZ,2023.12.01,200.479999999999989,200.819999999999993,192.810000000000002,197.050000000000011,199.150000000000005,-2.1,-1.0545,194189.85000000000582,3799477.66399999987334
002594.SZ,2023.12.04,197.050000000000011,199.289999999999992,193.599999999999994,196.389999999999986,197.050000000000011,-0.66,-0.3349,117613.149999999994179,2317283.540000000037252
002594.SZ,2023.12.05,197,199.960000000000008,195.610000000000013,196.340000000000003,196.389999999999986,-0.05,-0.0255,152372.470000000001164,3021632.365000000223517
002594.SZ,2023.12.06,196.349999999999994,201.240000000000009,196,201.189999999999997,196.340000000000003,4.85,2.4702,176347.369999999995343,3523669.817999999970197
002594.SZ,2023.12.07,201.189999999999997,201.199999999999988,197.300000000000011,199.449999999999988,201.189999999999997,-1.74,-0.8649,103169.240000000005238,2051259.486000000033527
002594.SZ,2023.12.08,199.030000000000001,200.360000000000013,198.319999999999993,198.550000000000011,199.449999999999988,-0.9,-0.4512,77700.190000000002328,1547061.881999999983236
002594.SZ,2023.12.11,196.75,199.580000000000012,194.639999999999986,199.189999999999997,198.550000000000011,0.64,0.3223,101086.35000000000582,1989856.428000000072643
002594.SZ,2023.12.12,198.180000000000006,198.729999999999989,196.120000000000004,196.330000000000012,199.189999999999997,-2.86,-1.4358,79797.210000000006402,1572793.710999999893829
002594.SZ,2023.12.13,195.819999999999993,195.819999999999993,191.719999999999998,191.800000000000011,196.330000000000012,-4.530000000000001,-2.3073,117534.919999999998253,2270646.820999999996274
002594.SZ,2023.12.14,193,196.180000000000006,191.110000000000013,191.180000000000006,191.800000000000011,-0.62,-0.3233,92496.699999999997089,1787086.925000000046566
002594.SZ,2023.12.15,193.080000000000012,194.389999999999986,191.080000000000012,193.280000000000001,191.180000000000006,2.1,1.0984,101841.339999999996507,1966549.057000000029802
002594.SZ,2023.12.18,191.060000000000002,192.5,188.310000000000002,189.060000000000002,193.280000000000001,-4.22,-2.1834,100511.470000000001164,1906643.036000000080093
002594.SZ,2023.12.19,188.530000000000001,188.680000000000006,186.159999999999996,188,189.060000000000002,-1.06,-0.5607,79369.720000000001164,1487629.709000000031664
002594.SZ,2023.12.20,188.330000000000012,189.330000000000012,184.870000000000004,184.879999999999995,188,-3.12,-1.6596,84924.820000000006984,1585187.696999999927356
002594.SZ,2023.12.21,183.330000000000012,189.979999999999989,182.849999999999994,189.680000000000006,184.879999999999995,4.8,2.5963,133149.429999999993015,2494208.947000000160187
002594.SZ,2023.12.22,189.900000000000005,195.379999999999995,188.039999999999992,192.25,189.680000000000006,2.57,1.3549,117997.660000000003492,2267509.851999999955296
002594.SZ,2023.12.25,193,194.199999999999988,190.210000000000007,192.180000000000006,192.25,-0.07,-0.0364,53769.860000000000582,1032287.275000000023283
002594.SZ,2023.12.26,192.159999999999996,192.159999999999996,190,191.75,192.180000000000006,-0.43,-0.2237,41380.330000000001746,790091.023000000044703
002594.SZ,2023.12.27,193,193.5,190.699999999999988,191.449999999999988,191.75,-0.3,-0.1565,61364.019999999996798,1174486.10800000000745
002594.SZ,2023.12.28,191.030000000000001,198.659999999999996,190.659999999999996,198.050000000000011,191.449999999999988,6.6,3.4474,138777.799999999988358,2722971.140000000130385
002594.SZ,2023.12.29,198.969999999999998,199.800000000000011,197.150000000000005,198,198.050000000000011,-0.05,-0.0252,80367.289999999993597,1591969.845999999903142
002594.SZ,2024.01.02,199.610000000000013,199.620000000000004,192.370000000000004,192.599999999999994,198,-5.400000000000001,-2.7273,113928.320000000006984,2212162.399999999906867
002594.SZ,2024.01.03,192.5,193.870000000000004,190.699999999999988,193.169999999999987,192.599999999999994,0.57,0.296,84485.960000000006402,1624093.05600000009872
002594.SZ,2024.01.04,194.340000000000003,194.650000000000005,191.099999999999994,193.02000000000001,193.169999999999987,-0.15,-0.0777,89870.360000000000582,1731882.120000000111758
002594.SZ,2024.01.05,192.469999999999998,197.5,191.129999999999995,192.680000000000006,193.02000000000001,-0.34,-0.1761,112401.880000000004656,2187835.615000000223517
002594.SZ,2024.01.08,192.800000000000011,193.659999999999996,189.150000000000005,189.400000000000005,192.680000000000006,-3.28,-1.7023,81078.389999999999417,1543893.918999999994412
002594.SZ,2024.01.09,191,196,190.199999999999988,192.860000000000013,189.400000000000005,3.46,1.8268,112186.509999999994761,2167747.851999999955296
002594.SZ,2024.01.10,191.699999999999988,193.300000000000011,189.599999999999994,190.289999999999992,192.860000000000013,-2.57,-1.3326,71416.229999999995925,1364589.162000000011175
002594.SZ,2024.01.11,190.199999999999988,198.699999999999988,188.810000000000002,196.780000000000001,190.289999999999992,6.490000000000001,3.4106,159861.739999999990686,3120354.836000000126659
002594.SZ,2024.01.12,196.780000000000001,198.25,195.289999999999992,195.870000000000004,196.780000000000001,-0.91,-0.4624,87022.639999999999417,1711086.655999999959021
002594.SZ,2024.01.15,194.719999999999998,197,192.419999999999987,194.610000000000013,195.870000000000004,-1.26,-0.6433,70219.929999999993015,1364639.692000000039115
002594.SZ,2024.01.16,193.900000000000005,196.550000000000011,193.069999999999993,195.300000000000011,194.610000000000013,0.69,0.3546,83808.60000000000582,1633959.523000000044703
002594.SZ,2024.01.17,194.199999999999988,194.550000000000011,186.800000000000011,186.800000000000011,195.300000000000011,-8.5,-4.3523,160794.70999999999185,3050944.390000000130385
002594.SZ,2024.01.18,185.650000000000005,191,184.909999999999996,190.479999999999989,186.800000000000011,3.68,1.97,114591.649999999994179,2150839.668000000063329
002594.SZ,2024.01.19,189.490000000000009,192.960000000000008,188.699999999999988,189.340000000000003,190.479999999999989,-1.14,-0.5985,80905.160000000003492,1540978.199000000022351
002594.SZ,2024.01.22,188.870000000000004,191.300000000000011,184.560000000000002,185.340000000000003,189.340000000000003,-4,-2.1126,132239.730000000010477,2487370.78899999987334
002594.SZ,2024.01.23,185,188.960000000000008,184.300000000000011,187.849999999999994,185.340000000000003,2.51,1.3543,110725.619999999995343,2072060.503999999957159
002594.SZ,2024.01.24,189.280000000000001,189.849999999999994,184.080000000000012,188.699999999999988,187.849999999999994,0.85,0.4525,96641.210000000006402,1805379.381999999983236
002594.SZ,2024.01.25,188.879999999999995,190.900000000000005,185.659999999999996,189.900000000000005,188.699999999999988,1.2,0.6359,130769.080000000001746,2470818.453000000212341
002594.SZ,2024.01.26,189,189,185.5,185.860000000000013,189.900000000000005,-4.04,-2.1274,115854.639999999999417,2160578.27600000007078
002594.SZ,2024.01.29,185.900000000000005,186,178.310000000000002,178.439999999999997,185.860000000000013,-7.42,-3.9923,146042.519999999989522,2647388.166000000201165
002594.SZ,2024.01.30,173.080000000000012,175.479999999999989,170.300000000000011,171.969999999999998,178.439999999999997,-6.47,-3.6259,190761.179999999993015,3296016.841000000014901
002594.SZ,2024.01.31,171.090000000000003,175.280000000000001,170.319999999999993,170.729999999999989,171.969999999999998,-1.24,-0.7211,125368.410000000003492,2155163.736000000033527
002594.SZ,2024.02.01,170,173,168.360000000000013,170.889999999999986,170.729999999999989,0.16,0.0937,116650.740000000005238,1996429.637000000104308
002594.SZ,2024.02.02,170.960000000000008,171.879999999999995,163.00999999999999,167,170.889999999999986,-3.89,-2.2763,147991.70999999999185,2485326.236000000033527
002594.SZ,2024.02.05,165,171.780000000000001,162.77000000000001,168,167,1,0.5988,186216.200000000011641,3122618.402999999932944
002594.SZ,2024.02.06,166,176.110000000000013,165.5,175.870000000000004,168,7.87,4.6845,176189.75,3054635.572999999858438
002594.SZ,2024.02.07,177.25,183,176.099999999999994,179.560000000000002,175.870000000000004,3.69,2.0981,160093.700000000011641,2880398.921999999787658
002594.SZ,2024.02.08,181.490000000000009,183.349999999999994,180.699999999999988,181.169999999999987,179.560000000000002,1.61,0.8966,119245.660000000003492,2168509.149999999906867
002594.SZ,2024.02.19,183.879999999999995,185.349999999999994,181.840000000000003,183.5,181.169999999999987,2.33,1.2861,119687.070000000006984,2192419.552999999839812
002594.SZ,2024.02.20,183.5,183.680000000000006,177,179.02000000000001,183.5,-4.480000000000001,-2.4414,113357.360000000000582,2023820.071999999927356
002594.SZ,2024.02.21,177.099999999999994,185.599999999999994,176.659999999999996,183,179.02000000000001,3.98,2.2232,147692.980000000010477,2700340.930999999865889
002594.SZ,2024.02.22,182.900000000000005,183.639999999999986,181.25999999999999,182.990000000000009,183,-0.01,-0.0055,80906.130000000004656,1476863.325999999884516
002594.SZ,2024.02.23,182.990000000000009,183.990000000000009,180.830000000000012,182.680000000000006,182.990000000000009,-0.31,-0.1694,91174.899999999994179,1660682.307999999960884
002594.SZ,2024.02.26,186,190.129999999999995,185.550000000000011,186,182.680000000000006,3.32,1.8174,155460.760000000009313,2912982.359999999869614
002594.SZ,2024.02.27,187.449999999999988,193.930000000000006,187.199999999999988,193.699999999999988,186,7.700000000000001,4.139800000000001,206342.649999999994179,3958101.887000000104308
002594.SZ,2024.02.28,196,196.52000000000001,188,188,193.699999999999988,-5.700000000000001,-2.9427,168291.529999999998835,3223632.043000000063329
002594.SZ,2024.02.29,187.00999999999999,191.610000000000013,186.189999999999997,191.199999999999988,188,3.2,1.7021,122362.889999999999417,2323915.657000000122934
002594.SZ,2024.03.28,209.849999999999994,211.840000000000003,206.00999999999999,208.379999999999995,211.979999999999989,-3.6,-1.6983,159435.309999999997671,3327175.191999999806284
002594.SZ,2024.03.29,208.430000000000006,208.52000000000001,201.169999999999987,203.060000000000002,208.379999999999995,-5.320000000000001,-2.553,141381.079999999987194,2873380.486000000033527
002594.SZ,2024.03.01,190.900000000000005,192.979999999999989,188.77000000000001,192.180000000000006,191.199999999999988,0.98,0.5126,122158.279999999998835,2336111.333999999798834
002594.SZ,2024.03.04,190,191.699999999999988,188.099999999999994,189.27000000000001,192.180000000000006,-2.91,-1.5142,126865.10000000000582,2401200.046000000089406
002594.SZ,2024.03.05,187.5,191.650000000000005,185.5,190.819999999999993,189.27000000000001,1.55,0.8189,149624.429999999993015,2826124.074000000022351
002594.SZ,2024.03.06,190,192.979999999999989,189,191.650000000000005,190.819999999999993,0.83,0.435,100100.399999999994179,1914828.108999999938532
002594.SZ,2024.03.07,192.060000000000002,193.960000000000008,188.800000000000011,188.889999999999986,191.650000000000005,-2.76,-1.4401,101326.880000000004656,1935953.172000000020489
002594.SZ,2024.03.08,188.300000000000011,190.150000000000005,187.25,188.090000000000003,188.889999999999986,-0.8,-0.4235,67149.679999999993015,1263993.368000000016763
002594.SZ,2024.03.11,188,199.900000000000005,188,198.740000000000009,188.090000000000003,10.65,5.662200000000001,278080.460000000020954,5440726.383000000379979
002594.SZ,2024.03.12,201,206.659999999999996,197.77000000000001,205.099999999999994,198.740000000000009,6.360000000000001,3.2002,245028.920000000012805,4958824.423000000417232
002594.SZ,2024.03.13,206.919999999999987,210.400000000000005,205.830000000000012,206.360000000000013,205.099999999999994,1.26,0.6143,177812.910000000003492,3691839.469000000040978
002594.SZ,2024.03.14,208.419999999999987,215.360000000000013,208.419999999999987,212.080000000000012,206.360000000000013,5.72,2.7719,211352.190000000002328,4497086.169999999925494
002594.SZ,2024.03.15,210,211.379999999999995,206.180000000000006,209.469999999999998,212.080000000000012,-2.61,-1.2307,146628.019999999989522,3057950.743999999947845
002594.SZ,2024.03.18,211.849999999999994,218.25,211.610000000000013,218.030000000000001,209.469999999999998,8.56,4.0865,196981.820000000006984,4250885.883999999612569
002594.SZ,2024.03.19,218.030000000000001,219.849999999999994,214.389999999999986,216.800000000000011,218.030000000000001,-1.23,-0.5641,146972.679999999993015,3194716.172999999951571
002594.SZ,2024.03.20,217.00999999999999,220.780000000000001,217.00999999999999,218.479999999999989,216.800000000000011,1.68,0.7749,96805.229999999995925,2118610.339000000152736
002594.SZ,2024.03.21,218.919999999999987,219.800000000000011,217,218.949999999999988,218.479999999999989,0.47,0.2151,88667.089999999996507,1938901.10800000000745
002594.SZ,2024.03.22,218.949999999999988,218.969999999999998,215.199999999999988,216.949999999999988,218.949999999999988,-2,-0.9135,104671.610000000000582,2266796.544000000227242
002594.SZ,2024.03.25,216.370000000000004,217.789999999999992,212.849999999999994,214.199999999999988,216.949999999999988,-2.75,-1.2676,99109.399999999994179,2133902.461999999824911
002594.SZ,2024.03.26,216,219.990000000000009,215.27000000000001,219.599999999999994,214.199999999999988,5.400000000000001,2.521,131346.269999999989522,2864082.717000000178813
002594.SZ,2024.03.27,219.610000000000013,219.699999999999988,210.00999999999999,211.979999999999989,219.599999999999994,-7.62,-3.4699,188848.980000000010477,4058093.22000000020489
002594.SZ,2024.04.01,203.060000000000002,212.979999999999989,203.060000000000002,212.00999999999999,203.060000000000002,8.949999999999999,4.407600000000001,142909.269999999989522,2995671.850999999791383
002594.SZ,2024.04.02,212.00999999999999,217.300000000000011,211.800000000000011,212.340000000000003,212.00999999999999,0.33,0.1557,107584.789999999993597,2301699.126000000163912
002594.SZ,2024.04.03,210.5,211.110000000000013,207.550000000000011,208.159999999999996,212.340000000000003,-4.18,-1.9685,83633.789999999993597,1747159.20699999993667
002594.SZ,2024.04.08,207,215,206.389999999999986,212,208.159999999999996,3.84,1.8447,128227.179999999993015,2722271.578000000212341
002594.SZ,2024.04.09,211.75,214.990000000000009,211.349999999999994,212.080000000000012,212,0.08,0.0377,84208.460000000006402,1791256.313000000081956
002594.SZ,2024.04.10,214.300000000000011,214.5,210,211.840000000000003,212.080000000000012,-0.24,-0.1132,72410.85000000000582,1537375.543000000063329
002594.SZ,2024.04.11,209,215.439999999999997,207.800000000000011,212.979999999999989,211.840000000000003,1.14,0.5381,100853.949999999997089,2130444.828000000212341
002594.SZ,2024.04.12,212,217.189999999999997,209.539999999999992,210.599999999999994,212.979999999999989,-2.38,-1.1175,114917.889999999999417,2453371.046999999787658
002594.SZ,2024.04.15,210,215.5,209.090000000000003,213.620000000000004,210.599999999999994,3.02,1.434,113331.919999999998253,2418635.356999999843537
002594.SZ,2024.04.16,212.400000000000005,215.349999999999994,210.710000000000007,211.629999999999995,213.620000000000004,-1.99,-0.9316,98323.039999999993597,2090984.649999999906867
002594.SZ,2024.04.17,211,213.180000000000006,209.599999999999994,213,211.629999999999995,1.37,0.6474,96921.619999999995343,2046775.945000000065192
002594.SZ,2024.04.18,212,216.5,209.400000000000005,213.599999999999994,213,0.6,0.2817,133997.559999999997671,2863779.538000000175088
002594.SZ,2024.04.19,212.189999999999997,212.870000000000004,207.060000000000002,210.129999999999995,213.599999999999994,-3.47,-1.6245,111770.429999999993015,2342512.356000000145286
002594.SZ,2024.04.22,210,211.530000000000001,208.099999999999994,208.560000000000002,210.129999999999995,-1.57,-0.7472,64694.779999999998835,1353615.962999999988824
002594.SZ,2024.04.23,208.550000000000011,208.560000000000002,203.990000000000009,205.039999999999992,208.560000000000002,-3.52,-1.6878,87299.940000000002328,1793533.843000000109896
002594.SZ,2024.04.24,206.889999999999986,208.800000000000011,204.5,207.419999999999987,205.039999999999992,2.38,1.1607,74978.919999999998253,1546983.915999999968334
002594.SZ,2024.04.25,207.400000000000005,211.50999999999999,206.620000000000004,208.939999999999997,207.419999999999987,1.52,0.7328,94683.839999999996507,1980120.668999999994412
002594.SZ,2024.04.26,210,219.75999999999999,210,219.370000000000004,208.939999999999997,10.429999999999999,4.991900000000001,253453.779999999998835,5502292.293999999761581
002594.SZ,2024.04.29,221.080000000000012,225.400000000000005,218.729999999999989,221.379999999999995,219.370000000000004,2.01,0.9163,191675.929999999993015,4256800.048000000417232
002594.SZ,2024.04.30,223.5,224.379999999999995,218.5,218.5,221.379999999999995,-2.88,-1.3009,115559.660000000003492,2542063.035000000149011
002594.SZ,2024.05.06,225,228.389999999999986,223.5,226.300000000000011,218.5,7.8,3.5698,186778.869999999995343,4226418.53899999987334
002594.SZ,2024.05.07,226.300000000000011,231.990000000000009,224.039999999999992,229.879999999999995,226.300000000000011,3.58,1.582,144190.480000000010477,3301364.339999999850988
002594.SZ,2024.05.08,228.539999999999992,228.879999999999995,226,226.229999999999989,229.879999999999995,-3.65,-1.5878,91131.779999999998835,2070673.827000000048428
002594.SZ,2024.05.09,226.300000000000011,228.400000000000005,226.150000000000005,228.150000000000005,226.229999999999989,1.92,0.8487,79007.35000000000582,1796491.172999999951571
002594.SZ,2024.05.10,227,229.52000000000001,226,227.800000000000011,228.150000000000005,-0.35,-0.1534,80613.30000000000291,1833828.036000000080093
002594.SZ,2024.05.13,225.199999999999988,227.360000000000013,222.580000000000012,225.699999999999988,227.800000000000011,-2.1,-0.9219,82481.160000000003492,1857506.898999999975785
002594.SZ,2024.05.14,225.710000000000007,227.569999999999993,224.110000000000013,224.909999999999996,225.699999999999988,-0.79,-0.35,62618.529999999998835,1414943.425000000046566
002594.SZ,2024.05.15,224.5,226,218.300000000000011,219.139999999999986,224.909999999999996,-5.77,-2.5655,99733.509999999994761,2204936.672999999951571
002594.SZ,2024.05.16,219.150000000000005,219.960000000000008,216.610000000000013,218.310000000000002,219.139999999999986,-0.83,-0.3788,87157.220000000001164,1901165.662000000011175
002594.SZ,2024.05.17,219.389999999999986,220.330000000000012,217.659999999999996,219.590000000000003,218.310000000000002,1.28,0.5863,71486.660000000003492,1564639.158000000054016
002594.SZ,2024.05.20,218.479999999999989,224,218.479999999999989,222.870000000000004,219.590000000000003,3.28,1.4937,75958.570000000006984,1688534.368000000016763
002594.SZ,2024.05.21,221.979999999999989,221.990000000000009,217.419999999999987,218.780000000000001,222.870000000000004,-4.09,-1.8352,84080.429999999993015,1838619.341000000014901
002594.SZ,2024.05.22,218.189999999999997,219.5,215.159999999999996,216.919999999999987,218.780000000000001,-1.86,-0.8502,88398.169999999998253,1916325.810000000055879
002594.SZ,2024.05.23,215.849999999999994,215.849999999999994,213.50999999999999,214.949999999999988,216.919999999999987,-1.97,-0.9082,62287.230000000003201,1336506.236999999964609
002594.SZ,2024.05.24,213.979999999999989,214,208.800000000000011,209.300000000000011,214.949999999999988,-5.650000000000001,-2.6285,102875.520000000004074,2166851.356000000145286
002594.SZ,2024.05.27,210,210.800000000000011,206.599999999999994,208.349999999999994,209.300000000000011,-0.95,-0.4539,76045.509999999994761,1580461.906999999890103
002594.SZ,2024.05.28,208.800000000000011,208.909999999999996,206.580000000000012,207.379999999999995,208.349999999999994,-0.97,-0.4656,60946.459999999999126,1265112.510999999940395
002594.SZ,2024.05.29,211,226,210.990000000000009,224.699999999999988,207.379999999999995,17.32,8.3518,302647.770000000018626,6633165.251000000163912
002594.SZ,2024.05.30,224.419999999999987,229.379999999999995,223.900000000000005,227.860000000000013,224.699999999999988,3.16,1.4063,223791.809999999997671,5070762.671000000089406
002594.SZ,2024.05.31,228.800000000000011,231.599999999999994,226.990000000000009,229.02000000000001,227.860000000000013,1.16,0.5091,185429.839999999996507,4264400.52199999988079
002594.SZ,2024.06.03,229.00999999999999,240.479999999999989,225.990000000000009,237.099999999999994,229.02000000000001,8.08,3.5281,270145.890000000013969,6370453.739000000059604
002594.SZ,2024.06.04,236.900000000000005,239.800000000000011,235.949999999999988,238.150000000000005,237.099999999999994,1.05,0.4429,157429.160000000003492,3744672.009999999776482
002594.SZ,2024.06.05,238.479999999999989,246.300000000000011,238.479999999999989,240.789999999999992,238.150000000000005,2.64,1.1085,194433.950000000011641,4732184.008999999612569
002594.SZ,2024.06.06,241.199999999999988,243.800000000000011,237.5,238.5,240.789999999999992,-2.29,-0.951,175865.420000000012805,4227834.836000000126659
002594.SZ,2024.06.07,239.030000000000001,241.389999999999986,232.129999999999995,235.5,238.5,-3,-1.2579,182593.980000000010477,4304211.408999999985098
002594.SZ,2024.06.11,234.629999999999995,246,234.330000000000012,244.629999999999995,235.5,9.13,3.8769,221596.929999999993015,5386278.076000000350177
002594.SZ,2024.06.12,241.629999999999995,247.550000000000011,241.629999999999995,242.900000000000005,244.629999999999995,-1.73,-0.7072,187331.970000000001164,4573251.957000000402331
002594.SZ,2024.06.13,248.800000000000011,258.279999999999972,248.110000000000013,252.990000000000009,242.900000000000005,10.089999999999999,4.154,292519.280000000027939,7423395.269999999552965
002594.SZ,2024.06.14,251.479999999999989,253.930000000000006,246.530000000000001,253.050000000000011,252.990000000000009,0.06,0.0237,202609.760000000009313,5066109.11699999962002
002594.SZ,2024.06.17,252,259.870000000000004,250.870000000000004,257.209999999999979,253.050000000000011,4.160000000000001,1.6439,208648.799999999988358,5371512.59999999962747
002594.SZ,2024.06.18,255.599999999999994,257.300000000000011,253,255.639999999999986,257.209999999999979,-1.57,-0.6104,128789.110000000000582,3282495.367000000085681
002594.SZ,2024.06.19,256,258,253.409999999999996,254,255.639999999999986,-1.64,-0.6415,99108.110000000000582,2529117.364000000059604
002594.SZ,2024.06.20,252.879999999999995,253.77000000000001,249.300000000000011,251.5,254,-2.5,-0.9843,116199.940000000002328,2921098.947999999858438
002594.SZ,2024.06.21,251.990000000000009,254.370000000000004,247.810000000000002,250.669999999999987,251.5,-0.83,-0.33,116330.119999999995343,2916085.594000000040978
002594.SZ,2024.06.24,250,253.979999999999989,247.780000000000001,249.939999999999997,250.669999999999987,-0.73,-0.2912,108423.020000000004074,2719528.810000000055879
002594.SZ,2024.06.25,252,258.740000000000009,250.360000000000013,254.00999999999999,249.939999999999997,4.070000000000001,1.6284,195746.429999999993015,4998561.939000000245869
002594.SZ,2024.06.26,252,254.300000000000011,249.379999999999995,252.719999999999998,254.00999999999999,-1.29,-0.5079,111916.759999999994761,2814435.214000000152736
002594.SZ,2024.06.27,251.02000000000001,252.360000000000013,248.419999999999987,249.5,252.719999999999998,-3.22,-1.2741,82910.839999999996507,2074271.452000000048428
002594.SZ,2024.06.28,248,252.129999999999995,246.879999999999995,250.25,249.5,0.75,0.3006,92982.070000000006984,2324520.984000000171363
002594.SZ,2024.07.01,250.25,251.849999999999994,242.5,246.800000000000011,250.25,-3.45,-1.3786,129273.320000000006984,3179627.870000000111758
002594.SZ,2024.07.02,246.870000000000004,247.699999999999988,243.050000000000011,243.969999999999998,246.800000000000011,-2.83,-1.1467,102627.369999999995343,2515326.294999999925494
002594.SZ,2024.07.03,243.960000000000008,245.379999999999995,240,243.099999999999994,243.969999999999998,-0.87,-0.3566,96574.029999999998835,2340645.421000000089406
002594.SZ,2024.07.04,245,249.689999999999997,244.5,244.629999999999995,243.099999999999994,1.53,0.6294,99196.339999999996507,2449191.850999999791383
002594.SZ,2024.07.05,243.169999999999987,244.5,238.879999999999995,242.030000000000001,244.629999999999995,-2.6,-1.0628,95664.779999999998835,2308221.433000000193715
002594.SZ,2024.07.08,241.800000000000011,248.219999999999998,241.180000000000006,244.990000000000009,242.030000000000001,2.96,1.223,105374.660000000003492,2591239.967000000178813
002594.SZ,2024.07.09,245.199999999999988,253.50999999999999,241.50999999999999,252.599999999999994,244.990000000000009,7.610000000000001,3.1062,140762.549999999988358,3506898.660999999847263
002594.SZ,2024.07.10,252.490000000000009,256.529999999999972,251.5,252.5,252.599999999999994,-0.1,-0.0396,109282.559999999997671,2767913.671999999787658
002594.SZ,2024.07.11,255,256.25999999999999,251.680000000000006,253.060000000000002,252.5,0.56,0.2218,100359.449999999997089,2546645.36200000019744
002594.SZ,2024.07.12,253.52000000000001,264,251.889999999999986,262.620000000000004,253.060000000000002,9.56,3.7778,188863.220000000001164,4891988.72499999962747
002594.SZ,2024.07.15,262.300000000000011,264.800000000000011,260.610000000000013,261.709999999999979,262.620000000000004,-0.91,-0.3465,98715.520000000004074,2590423.501999999862164
002594.SZ,2024.07.16,260.610000000000013,262.199999999999988,256.350000000000022,258.990000000000009,261.709999999999979,-2.72,-1.0393,117587.679999999993015,3043326.155999999959021
002594.SZ,2024.07.17,259,261.519999999999981,256.620000000000004,259.50999999999999,258.990000000000009,0.52,0.2008,105191.710000000006402,2726321.475000000093132
002594.SZ,2024.07.18,257.899999999999977,262.899999999999977,257.50999999999999,261.430000000000006,259.50999999999999,1.92,0.7399,95322.039999999993597,2487441.703999999910593
002594.SZ,2024.07.19,260.5,266,259.740000000000009,264.060000000000002,261.430000000000006,2.63,1.006,136213.790000000008149,3593320.512000000104308
002594.SZ,2024.07.22,264.100000000000022,270.100000000000022,264.100000000000022,265.610000000000013,264.060000000000002,1.55,0.587,100749.55000000000291,2688874.27600000007078
002594.SZ,2024.07.23,264.990000000000009,265.410000000000025,253,253.229999999999989,265.610000000000013,-12.38,-4.661,167410.489999999990686,4318283.785000000149011
002594.SZ,2024.07.24,253.229999999999989,255.150000000000005,248.490000000000009,249.990000000000009,253.229999999999989,-3.24,-1.2795,118640.05000000000291,2976544.504999999888241
002594.SZ,2024.07.25,249.969999999999998,254.539999999999992,247.5,250.389999999999986,249.990000000000009,0.4,0.16,101104.199999999997089,2533958.368999999947845
002594.SZ,2024.07.26,252.969999999999998,257.629999999999995,251.150000000000005,254.949999999999988,250.389999999999986,4.56,1.8212,124841.649999999994179,3180235.007000000216066
002594.SZ,2024.07.29,252.930000000000006,253,246.580000000000012,249.099999999999994,251.849999999999994,-2.75,-1.0919,78859.320000000006984,1960649.993999999947845
002594.SZ,2024.07.30,247.590000000000003,247.800000000000011,241.620000000000004,243.909999999999996,249.099999999999994,-5.190000000000001,-2.0835,110393.389999999999417,2686057.41399999987334
002594.SZ,2024.07.31,242.610000000000013,248.02000000000001,242.569999999999993,247.050000000000011,243.909999999999996,3.14,1.2874,87490.029999999998835,2153504.527999999932944
002594.SZ,2024.08.01,248,248.740000000000009,240,244.199999999999988,247.050000000000011,-2.85,-1.1536,103634.880000000004656,2519341.334999999962747
002594.SZ,2024.08.02,241.990000000000009,242.25999999999999,234.599999999999994,234.780000000000001,244.199999999999988,-9.419999999999999,-3.8575,145671.170000000012805,3453944.603000000119209
002594.SZ,2024.08.05,230.840000000000003,236.669999999999987,230.00999999999999,231.180000000000006,234.780000000000001,-3.6,-1.5334,105268.35000000000582,2457359.662000000011175
002594.SZ,2024.08.06,234,234.620000000000004,225.979999999999989,228.939999999999997,231.180000000000006,-2.24,-0.9689,129101.509999999994761,2955783.827000000048428
002594.SZ,2024.08.07,229.039999999999992,231,226.469999999999998,228.949999999999988,228.939999999999997,0.01,0.0044,82021.860000000000582,1882919.962999999988824
002594.SZ,2024.08.08,227.800000000000011,227.800000000000011,223.5,226.449999999999988,228.949999999999988,-2.5,-1.0919,85357.410000000003492,1925911.439000000013038
002594.SZ,2024.08.09,228.060000000000002,235.879999999999995,228.039999999999992,231.620000000000004,226.449999999999988,5.17,2.2831,119852.179999999993015,2790790.70699999993667
002594.SZ,2024.08.12,232.00999999999999,233.490000000000009,229.5,230.400000000000005,231.620000000000004,-1.22,-0.5267,53779.010000000002037,1242071.531999999890103
002594.SZ,2024.08.13,230.360000000000013,230.389999999999986,226,228.729999999999989,230.400000000000005,-1.67,-0.7248,60436.5,1378452.593000000109896
002594.SZ,2024.08.14,228.599999999999994,228.599999999999994,225.199999999999988,226.599999999999994,228.729999999999989,-2.13,-0.9312,56329.849999999998544,1276584.732000000076368
002594.SZ,2024.08.15,226.569999999999993,232.5,224.879999999999995,231.490000000000009,226.599999999999994,4.89,2.158,88545.380000000004656,2039684.341999999945983
002594.SZ,2024.08.16,232.110000000000013,238.319999999999993,230.5,235.110000000000013,231.490000000000009,3.62,1.5638,102218.580000000001746,2406276.094000000040978
002594.SZ,2024.08.19,235.25,238.979999999999989,235.00999999999999,235.419999999999987,235.110000000000013,0.31,0.1319,70182.419999999998253,1662452.527000000001862
002594.SZ,2024.08.20,236,237.330000000000012,233.430000000000006,236.479999999999989,235.419999999999987,1.06,0.4503,62484.220000000001164,1475807.675999999977648
002594.SZ,2024.08.21,234.659999999999996,243.129999999999995,232,241,236.479999999999989,4.52,1.9114,111043.380000000004656,2658947.674000000115484
002594.SZ,2024.08.22,241,242.77000000000001,239.620000000000004,240.52000000000001,241,-0.48,-0.1992,62488.449999999997089,1506260.847999999998137
002594.SZ,2024.08.23,239.800000000000011,241.300000000000011,238.150000000000005,239.340000000000003,240.52000000000001,-1.18,-0.4906,49786.019999999996798,1193437.030000000027939
002594.SZ,2024.08.26,239.5,243,237.710000000000007,239.409999999999996,239.340000000000003,0.07,0.0292,56513.419999999998253,1354660.287999999942257
002594.SZ,2024.08.27,237.50999999999999,241.280000000000001,236.5,240.800000000000011,239.409999999999996,1.39,0.5806,50926.459999999999126,1219258.016000000061467
002594.SZ,2024.08.28,240.27000000000001,240.280000000000001,232.800000000000011,236.849999999999994,240.800000000000011,-3.95,-1.6404,89040.699999999997089,2098577.18999999994412
002594.SZ,2024.08.29,233.330000000000012,236.5,231.300000000000011,234.849999999999994,236.849999999999994,-2,-0.8444,79384.869999999995343,1858678.050999999977648
002594.SZ,2024.08.30,237.979999999999989,251.789999999999992,237.25999999999999,249.419999999999987,234.849999999999994,14.57,6.204,193027.920000000012805,4764660.206000000238418
002594.SZ,2024.09.02,248.02000000000001,250.419999999999987,241,241.099999999999994,249.419999999999987,-8.32,-3.3357,101134.820000000006984,2468600.915000000037252
002594.SZ,2024.09.03,240.400000000000005,247.449999999999988,240.400000000000005,247.080000000000012,241.099999999999994,5.980000000000001,2.4803,101819.899999999994179,2497421.913000000175088
002594.SZ,2024.09.04,245.5,251.900000000000005,245.439999999999997,250.319999999999993,247.080000000000012,3.24,1.3113,100605.960000000006402,2506778.350999999791383
002594.SZ,2024.09.05,250,255.599999999999994,249.599999999999994,252.849999999999994,250.319999999999993,2.53,1.0107,100125.55000000000291,2542189.362999999895691
002594.SZ,2024.09.06,252.860000000000013,255.099999999999994,251.419999999999987,251.599999999999994,252.849999999999994,-1.25,-0.4944,78141.520000000004074,1982245.01300000003539
002594.SZ,2024.09.09,249.479999999999989,253.960000000000008,248.580000000000012,249.979999999999989,251.599999999999994,-1.62,-0.6439,70851.259999999994761,1774845.243999999947845
002594.SZ,2024.09.10,250,252.800000000000011,248.620000000000004,249.650000000000005,249.979999999999989,-0.33,-0.132,61248.290000000000873,1533462.723999999929219
002594.SZ,2024.09.11,250,260.600000000000022,249.439999999999997,258.100000000000022,249.650000000000005,8.449999999999999,3.3847,155361.480000000010477,4001603.969000000040978
002594.SZ,2024.09.12,258.699999999999988,260,257,257.00999999999999,258.100000000000022,-1.09,-0.4223,77251.080000000001746,1995755.898999999975785
002594.SZ,2024.09.13,257.199999999999988,258,254.849999999999994,254.990000000000009,257.00999999999999,-2.02,-0.786,56991.610000000000582,1458587.905999999959021
002594.SZ,2024.09.18,255.02000000000001,259.329999999999984,254.099999999999994,258.430000000000006,254.990000000000009,3.44,1.3491,66819.809999999997671,1715595.537999999942257
002594.SZ,2024.09.19,259.00999999999999,259.379999999999995,253.300000000000011,255.360000000000013,258.430000000000006,-3.07,-1.1879,91043.229999999995925,2326365.31900000013411
002594.SZ,2024.09.20,255.379999999999995,258.800000000000011,252.879999999999995,256.100000000000022,255.360000000000013,0.74,0.2898,89897.929999999993015,2292829.765000000130385
002594.SZ,2024.09.23,255.949999999999988,256.959999999999979,248.789999999999992,250,256.100000000000022,-6.1,-2.3819,107582.729999999995925,2712153.560000000055879
002594.SZ,2024.09.24,253,255.5,246.75999999999999,254.289999999999992,250,4.29,1.716,156494.540000000008149,3949080.822999999858438
002594.SZ,2024.09.25,258,269.660000000000024,257.660000000000024,262.800000000000011,254.289999999999992,8.509999999999999,3.3466,205710.339999999996507,5442651.981999999843537
002594.SZ,2024.09.26,264,269.699999999999988,262.100000000000022,269.610000000000013,262.800000000000011,6.81,2.5913,149066.410000000003492,3960197.85399999981746
002594.SZ,2024.09.27,273,291.990000000000009,271.5,283.990000000000009,269.610000000000013,14.38,5.3336,309922.400000000023283,8683447.958000000566244
002594.SZ,2024.09.30,290,308.079999999999984,290,307.310000000000002,283.990000000000009,23.32,8.2116,388804.590000000025611,11640545.413000000640749
002594.SZ,2024.10.08,338.04000000000002,338.04000000000002,307.310000000000002,327.379999999999995,307.310000000000002,20.07,6.5309,443439.390000000013969,14484952.067999999970197
002594.SZ,2024.10.09,315,320.709999999999979,300.5,305.689999999999997,327.379999999999995,-21.690000000000001,-6.625300000000001,325918.580000000016298,10166970.122999999672174
002594.SZ,2024.10.10,310,322,309.980000000000018,315.889999999999986,305.689999999999997,10.199999999999999,3.3367,250166.869999999995343,7918647.496000000275671
002594.SZ,2024.10.11,314.019999999999981,314.019999999999981,296.00999999999999,300.050000000000011,315.889999999999986,-15.839999999999999,-5.014400000000001,186418.489999999990686,5671879.377000000327825
002594.SZ,2024.10.14,300.990000000000009,309.980000000000018,300.199999999999988,307,300.050000000000011,6.950000000000001,2.3163,172364.820000000006984,5268100.40500000026077
002594.SZ,2024.10.15,305.5,308.379999999999995,298,298,307,-9,-2.9316,122149.020000000004074,3695577.334999999962747
002594.SZ,2024.10.16,293,295.980000000000018,287,289.79000000000002,298,-8.21,-2.755,150321.869999999995343,4362898.826999999582767
002594.SZ,2024.10.17,292.50999999999999,297.850000000000022,289.120000000000004,289.420000000000015,289.79000000000002,-0.37,-0.1277,102456.539999999993597,3005198.740000000223517
002594.SZ,2024.10.18,289.449999999999988,306.199999999999988,288.079999999999984,300.300000000000011,289.420000000000015,10.88,3.7592,191092.420000000012805,5674148.205000000074505
002594.SZ,2024.10.21,303,308.600000000000022,300.899999999999977,306.449999999999988,300.300000000000011,6.150000000000001,2.048,157816.019999999989522,4819617.23300000000745
002594.SZ,2024.10.22,305,310.120000000000004,303,304.75,306.449999999999988,-1.7,-0.5547,103732.660000000003492,3174859.558999999891966
002594.SZ,2024.10.23,304.75,311.800000000000011,302.680000000000006,308.879999999999995,304.75,4.13,1.3552,126695,3911383.61200000019744
002594.SZ,2024.10.24,308.879999999999995,309.970000000000027,302.579999999999984,303.680000000000006,308.879999999999995,-5.200000000000001,-1.6835,96885.139999999999417,2959755.260999999940395
002594.SZ,2024.10.25,304,311.800000000000011,304,308.139999999999986,303.680000000000006,4.46,1.4687,139820.369999999995343,4306245.201000000350177
002594.SZ,2024.10.28,309,309,301.75,305.100000000000022,308.139999999999986,-3.04,-0.9866,109324.389999999999417,3323177.976999999955296
002594.SZ,2024.10.29,309,310.279999999999972,303.800000000000011,305.399999999999977,305.100000000000022,0.3,0.0983,118545.610000000000582,3635542.203000000212341
002594.SZ,2024.10.30,303,307.50999999999999,301.5,305.550000000000011,305.399999999999977,0.15,0.0491,108448.199999999997089,3301164.356999999843537
002594.SZ,2024.10.31,302.00999999999999,302.990000000000009,293,293.189999999999997,305.550000000000011,-12.359999999999999,-4.045200000000001,240851.989999999990686,7127704.550999999977648
002594.SZ,2024.11.01,293.199999999999988,295.600000000000022,290.100000000000022,290.310000000000002,293.189999999999997,-2.88,-0.9823,143040.85999999998603,4174457.395000000018626
002594.SZ,2024.11.04,296,308.920000000000015,295.610000000000013,306.980000000000018,290.310000000000002,16.670000000000001,5.7421,217318.890000000013969,6600399.61699999962002
002594.SZ,2024.11.05,304.060000000000002,308.439999999999997,300.5,307.5,306.980000000000018,0.52,0.1694,167819.980000000010477,5124245.708999999798834
002594.SZ,2024.11.06,308,309.75,298,300.360000000000013,307.5,-7.14,-2.322,184861.200000000011641,5611830.833999999798834
002594.SZ,2024.11.07,295.029999999999972,301.879999999999995,294,301.779999999999972,300.360000000000013,1.42,0.4728,150675.920000000012805,4484370.172000000253319
002594.SZ,2024.11.08,307.120000000000004,307.519999999999981,297,297.899999999999977,301.779999999999972,-3.88,-1.2857,166715.720000000001164,5022195.68599999975413
002594.SZ,2024.11.11,295,299.470000000000027,292.600000000000022,299.29000000000002,297.899999999999977,1.39,0.4666,180859.299999999988358,5349190.917000000365078
002594.SZ,2024.11.12,300.149999999999977,310,299.310000000000002,300.810000000000002,299.29000000000002,1.52,0.5079,246557.45999999999185,7520312.654000000096857
002594.SZ,2024.11.13,298,301.329999999999984,295.300000000000011,300.569999999999993,300.810000000000002,-0.24,-0.0798,145115.790000000008149,4326957.543999999761581
002594.SZ,2024.11.14,300,300.300000000000011,294,294.75,300.569999999999993,-5.820000000000001,-1.9363,124582.899999999994179,3690676.830999999772757
002594.SZ,2024.11.15,294.79000000000002,295.79000000000002,288.019999999999981,290,294.75,-4.75,-1.6115,153235.940000000002328,4471450.173999999649822
002594.SZ,2024.11.18,290.00999999999999,292.949999999999988,286.660000000000024,288.680000000000006,290,-1.32,-0.4552,116205.949999999997089,3364288.893999999854713
002594.SZ,2024.11.19,288.680000000000006,291.480000000000018,282.019999999999981,287.990000000000009,288.680000000000006,-0.69,-0.239,131946.690000000002328,3785016.709999999962747
002594.SZ,2024.11.20,288.00999999999999,290.399999999999977,285.5,288.459999999999979,287.990000000000009,0.47,0.1632,106016.929999999993015,3049973.686000000219792
002594.SZ,2024.11.21,288.470000000000027,288.490000000000009,284,286,288.459999999999979,-2.46,-0.8528,95532.940000000002328,2727230.001000000163912
002594.SZ,2024.11.22,285.5,285.860000000000013,278,278.490000000000009,286,-7.51,-2.6259,125141.779999999998835,3529973.029000000096857
002594.SZ,2024.11.25,283,289.360000000000013,280.889999999999986,283,278.490000000000009,4.51,1.6194,174533.149999999994179,4981714.332000000402331
002594.SZ,2024.11.26,280,286,277.879999999999995,281.00999999999999,283,-1.99,-0.7032,95206.449999999997089,2686423.188999999780207
002594.SZ,2024.11.27,279.279999999999972,281,277,281,281.00999999999999,-0.01,-0.0036,110002.809999999997671,3068303.751999999862164
002594.SZ,2024.11.28,281.199999999999988,281.560000000000002,273,274.579999999999984,281,-6.42,-2.2847,158589.220000000001164,4365779.156999999657273
002594.SZ,2024.11.29,273,277.879999999999995,272.050000000000011,274.829999999999984,274.579999999999984,0.25,0.091,128004.60000000000582,3516186.179000000003725
002594.SZ,2024.12.02,276.610000000000013,284,274.079999999999984,282.399999999999977,274.829999999999984,7.570000000000001,2.7544,151357.20999999999185,4255616.768000000156462
002594.SZ,2024.12.03,284.800000000000011,285.879999999999995,280.579999999999984,282.649999999999977,282.399999999999977,0.25,0.0885,91449.710000000006402,2585320.047999999951571
002594.SZ,2024.12.04,281.339999999999974,283.329999999999984,278.800000000000011,279.980000000000018,282.649999999999977,-2.67,-0.9446,85012.860000000000582,2389151.936999999918043
002594.SZ,2024.12.05,277.189999999999997,278.480000000000018,274.310000000000002,275.25999999999999,279.980000000000018,-4.72,-1.6858,90267.710000000006402,2486214.936999999918043
002594.SZ,2024.12.06,275.670000000000015,281.980000000000018,274.00999999999999,280.279999999999972,275.25999999999999,5.02,1.8237,124698.399999999994179,3469413.044999999925494
002594.SZ,2024.12.09,279.230000000000018,283.990000000000009,277.680000000000006,280.490000000000009,280.279999999999972,0.21,0.0749,92152.679999999993015,2590143.544000000227242
002594.SZ,2024.12.10,293,294,282,282.550000000000011,280.490000000000009,2.06,0.7344,175929.149999999994179,5057037.510999999940395
002594.SZ,2024.12.11,282.029999999999972,283.870000000000004,279.399999999999977,280.769999999999981,282.550000000000011,-1.78,-0.63,93359.880000000004656,2623997.225999999791383
002594.SZ,2024.12.12,280.100000000000022,283.680000000000006,278.399999999999977,283.680000000000006,280.769999999999981,2.91,1.0364,100133.949999999997089,2816818.035000000149011
002594.SZ,2024.12.13,281.329999999999984,281.620000000000004,276.420000000000015,276.50999999999999,283.680000000000006,-7.17,-2.5275,112358.630000000004656,3130392.699000000022351
002594.SZ,2024.12.16,276.519999999999981,278.180000000000006,273.579999999999984,274.949999999999988,276.50999999999999,-1.56,-0.5642,71490.259999999994761,1967314.53900000010617
002594.SZ,2024.12.17,274.920000000000015,285.660000000000024,273.980000000000018,282.800000000000011,274.949999999999988,7.85,2.8551,175682.070000000006984,4960329.885999999940395
002594.SZ,2024.12.18,283.25,286.879999999999995,282.629999999999995,284.649999999999977,282.800000000000011,1.85,0.6542,84106.380000000004656,2397657.884999999776482
002594.SZ,2024.12.19,281.810000000000002,286.939999999999997,280,285.399999999999977,284.649999999999977,0.75,0.2635,86728.520000000004074,2465377.214000000152736
002594.SZ,2024.12.20,285.00999999999999,286.75,280.199999999999988,280.199999999999988,285.399999999999977,-5.200000000000001,-1.822,96707.110000000000582,2730666.916999999899417
002594.SZ,2024.12.23,280.5,283.29000000000002,278.879999999999995,280.699999999999988,280.199999999999988,0.5,0.1784,81515.960000000006402,2291275.853000000119209
002594.SZ,2024.12.24,279.889999999999986,288.50999999999999,279.129999999999995,288.420000000000015,280.699999999999988,7.72,2.7503,142287.380000000004656,4072070.487999999895691
002594.SZ,2024.12.25,288.730000000000018,291.360000000000013,285.699999999999988,285.920000000000015,288.420000000000015,-2.5,-0.8668,83391.029999999998835,2405517.151999999769032
002594.SZ,2024.12.26,285.920000000000015,286.800000000000011,284,284.860000000000013,285.920000000000015,-1.06,-0.3707,67604.55000000000291,1928774.41400000010617
002594.SZ,2024.12.27,286.800000000000011,287.550000000000011,283,286.279999999999972,284.860000000000013,1.42,0.4985,78683.190000000002328,2249658.027999999932944
002594.SZ,2024.12.30,287.199999999999988,289.5,283.329999999999984,284.990000000000009,286.279999999999972,-1.29,-0.4506,82946.809999999997671,2371257.35399999981746
002594.SZ,2024.12.31,285,286.5,282,282.660000000000024,284.990000000000009,-2.33,-0.8176,77619.759999999994761,2201903.43999999994412
002594.SZ,2025.01.02,283,283.079999999999984,269.420000000000015,271.100000000000022,282.660000000000024,-11.56,-4.0897,168784.040000000008149,4624073.917999999597668
002594.SZ,2025.01.03,271.5,274.589999999999975,268.240000000000009,270.730000000000018,271.100000000000022,-0.37,-0.1365,99364.759999999994761,2693072.229999999981373
002594.SZ,2025.01.06,271.939999999999997,273.889999999999986,269.029999999999972,271.279999999999972,270.730000000000018,0.55,0.2032,82446.830000000001746,2236590.143999999854713
002594.SZ,2025.01.07,271.279999999999972,277.730000000000018,267.5,274.029999999999972,271.279999999999972,2.75,1.0137,95722.179999999993015,2627167.273000000044703
002594.SZ,2025.01.08,272.990000000000009,273.990000000000009,265.810000000000002,269.180000000000006,274.029999999999972,-4.85,-1.7699,109082.470000000001164,2933447.141999999992549
002594.SZ,2025.01.09,269,271.699999999999988,266.660000000000024,269.389999999999986,269.180000000000006,0.21,0.078,65612.880000000004656,1766873.66400000010617
002594.SZ,2025.01.10,269,270.389999999999986,264.779999999999972,266.019999999999981,269.389999999999986,-3.37,-1.251,80548.210000000006402,2147363.100000000093132
002594.SZ,2025.01.13,263,268.470000000000027,262.209999999999979,266,266.019999999999981,-0.02,-0.0075,67213.75,1787448.696999999927356
002594.SZ,2025.01.14,266.339999999999974,277.149999999999977,266.00999999999999,276.300000000000011,266,10.3,3.8722,125789.729999999995925,3438827.617000000085681
002594.SZ,2025.01.15,276.199999999999988,277.310000000000002,274.5,274.689999999999997,276.300000000000011,-1.61,-0.5827,62335.830000000001746,1718769.122999999905005
002594.SZ,2025.01.16,274.699999999999988,277.329999999999984,270.529999999999972,272.75999999999999,274.689999999999997,-1.93,-0.7026,72571.75,1984685.718000000109896
002594.SZ,2025.01.17,273.519999999999981,279.199999999999988,272.480000000000018,276.600000000000022,272.75999999999999,3.84,1.4078,86141.529999999998835,2376770.799999999813735
002594.SZ,2025.01.20,279,286.430000000000006,278.920000000000015,284.430000000000006,276.600000000000022,7.83,2.8308,135797.089999999996507,3863727.458000000100582
002594.SZ,2025.01.21,285,287.430000000000006,283,286.050000000000011,284.430000000000006,1.62,0.5696,76441.440000000002328,2184132.796999999787658
002594.SZ,2025.01.22,285,286.300000000000011,279.800000000000011,282.5,286.050000000000011,-3.55,-1.241,81056.889999999999417,2287303.620000000111758
002594.SZ,2025.01.23,284.980000000000018,285,277,277.110000000000013,282.5,-5.39,-1.908,96173.919999999998253,2690601.16399999987334
002594.SZ,2025.01.24,276.50999999999999,280.5,276,279.079999999999984,277.110000000000013,1.97,0.7109,68143.669999999998253,1898979.250999999931082
002594.SZ,2025.01.27,279.089999999999974,280.120000000000004,274.5,274.5,279.079999999999984,-4.58,-1.6411,63407.680000000000291,1755529.340000000083819
002594.SZ,2025.02.05,282.730000000000018,286.75,281.600000000000022,282.800000000000011,274.5,8.3,3.0237,145350.899999999994179,4128876.836000000126659
002594.SZ,2025.02.06,282.810000000000002,311.079999999999984,282.449999999999988,311.079999999999984,282.800000000000011,28.280000000000001,10,381458.679999999993015,11416508.783999999985098
002594.SZ,2025.02.07,320,330,314,326.899999999999977,311.079999999999984,15.82,5.0855,487075.260000000009313,15691989.048000000417232
002594.SZ,2025.02.10,326.910000000000024,332,321.579999999999984,330.129999999999995,326.899999999999977,3.23,0.9881,272711.400000000023283,8908518.537000000476837
002594.SZ,2025.02.11,339.300000000000011,340.300000000000011,326.00999999999999,329.899999999999977,330.129999999999995,-0.23,-0.0697,280363.559999999997671,9315885.529999999329447
002594.SZ,2025.02.12,327.5,346.939999999999997,322.649999999999977,345.050000000000011,329.899999999999977,15.15,4.5923,279357.21999999997206,9451048.633999999612569
002594.SZ,2025.02.13,341.199999999999988,346.350000000000022,339.5,341.300000000000011,345.050000000000011,-3.75,-1.0868,199839.85000000000582,6859997.621000000275671
002594.SZ,2025.02.14,341.519999999999981,359.600000000000022,341.519999999999981,356.050000000000011,341.300000000000011,14.75,4.3217,243644.60999999998603,8574633.632999999448657
002594.SZ,2025.02.17,356.050000000000011,358.800000000000011,344.5,348.5,356.050000000000011,-7.55,-2.1205,232015.089999999996507,8111345.838999999687075
002594.SZ,2025.02.18,351.399999999999977,363.480000000000018,348.839999999999975,356.220000000000027,348.5,7.72,2.2152,251797.380000000004656,8977762.526000000536441
002594.SZ,2025.02.19,353.519999999999981,360,353,358.5,356.220000000000027,2.28,0.6401,161917.820000000006984,5784129.669999999925494
002594.SZ,2025.02.20,363.480000000000018,367.660000000000024,358.199999999999988,362.779999999999972,358.5,4.280000000000001,1.1939,156937.170000000012805,5695876.65500000026077
002594.SZ,2025.02.21,366,386.5,365.230000000000018,383,362.779999999999972,20.219999999999998,5.5736,239292.450000000011641,9089497.618000000715255
002594.SZ,2025.02.24,385,388.660000000000024,373.480000000000018,376.279999999999972,383,-6.72,-1.7546,199407.470000000001164,7586289.373999999836087
002594.SZ,2025.02.25,370,380,368.810000000000002,372.490000000000009,376.279999999999972,-3.79,-1.0072,161102.519999999989522,6008878.408999999985098
002594.SZ,2025.02.26,372.490000000000009,375.800000000000011,365,372.100000000000022,372.490000000000009,-0.39,-0.1047,138528.95999999999185,5125594.764999999664723
002594.SZ,2025.02.27,382,383.990000000000009,371.00999999999999,375.5,372.100000000000022,3.4,0.9137,168446.140000000013969,6350435.990000000223517
002594.SZ,2025.02.28,371.100000000000022,374.769999999999981,359.00999999999999,361.819999999999993,375.5,-13.679999999999999,-3.6431,239304.290000000008149,8762214.822000000625848
002594.SZ,2025.03.03,369,370,357.79000000000002,360.209999999999979,361.819999999999993,-1.61,-0.445,152078.220000000001164,5524500.39699999988079
002594.SZ,2025.03.04,340.029999999999972,348,338.029999999999972,344.839999999999975,360.209999999999979,-15.369999999999999,-4.267000000000001,263453.299999999988358,9062924.960000000894069
002594.SZ,2025.03.05,347,355.189999999999997,347,353.959999999999979,344.839999999999975,9.119999999999999,2.6447,139068.85999999998603,4885879.811999999918043
002594.SZ,2025.03.06,360.180000000000006,362.170000000000015,357,358.930000000000006,353.959999999999979,4.97,1.4041,114600.990000000005238,4120637.645000000018626
002594.SZ,2025.03.07,358.899999999999977,361,355.240000000000009,356.399999999999977,358.930000000000006,-2.53,-0.7049,87584.130000000004656,3131517.604999999981373
002594.SZ,2025.03.10,355.899999999999977,357.389999999999986,349,351,356.399999999999977,-5.400000000000001,-1.5152,99176.60000000000582,3484351.089000000152736
002594.SZ,2025.03.11,345,351.769999999999981,344.879999999999995,350.379999999999995,351,-0.62,-0.1766,95369.970000000001164,3314689.325999999884516
002594.SZ,2025.03.12,354.449999999999988,359.879999999999995,351,351,350.379999999999995,0.62,0.177,129510.559999999997671,4593312.532999999821186
002594.SZ,2025.03.13,351.870000000000004,357.360000000000013,351.129999999999995,354.5,351,3.5,0.9972,102210.85000000000582,3624758.941000000108033
002594.SZ,2025.03.14,357,377.180000000000006,355.620000000000004,375.939999999999997,354.5,21.440000000000001,6.048,224697.179999999993015,8292987.453999999910593
002594.SZ,2025.03.17,382.319999999999993,383,375.959999999999979,380.25,375.939999999999997,4.31,1.1465,133068.869999999995343,5060211.612999999895691
002594.SZ,2025.03.18,388.550000000000011,390,380.00999999999999,384.569999999999993,380.25,4.320000000000001,1.1361,173338.779999999998835,6672881.109000000171363
002594.SZ,2025.03.19,384.529999999999972,399,382.54000000000002,397.069999999999993,384.569999999999993,12.5,3.2504,188351.5,7404859.764999999664723
002594.SZ,2025.03.20,400,403.399999999999977,395.990000000000009,399.990000000000009,397.069999999999993,2.92,0.7354,159412.839999999996507,6372989.565000000409781
002594.SZ,2025.03.21,393.00999999999999,393.310000000000002,370,372,399.990000000000009,-27.989999999999998,-6.9977,282106.760000000009313,10685254.370999999344348
002594.SZ,2025.03.24,377,378.5,367.860000000000013,375.360000000000013,372,3.36,0.9032,147894.049999999988358,5522974.120000000111758
002594.SZ,2025.03.25,377.980000000000018,379.600000000000022,368.980000000000018,369.589999999999975,375.360000000000013,-5.77,-1.5372,123085.360000000000582,4595791.802000000141561
002594.SZ,2025.03.26,369.589999999999975,379,368,376.00999999999999,369.589999999999975,6.42,1.7371,120204.839999999996507,4503762.855000000447034
002594.SZ,2025.03.27,376.100000000000022,391.279999999999972,376.089999999999974,386.5,376.00999999999999,10.49,2.7898,144394.369999999995343,5554865.371000000275671
002594.SZ,2025.03.28,386.5,390.800000000000011,381.5,382.5,386.5,-4,-1.0349,114939.820000000006984,4428715.748999999836087
002594.SZ,2025.03.31,380,383.279999999999972,374,374.899999999999977,382.5,-7.6,-1.9869,115783.910000000003492,4370400.298999999649822
002594.SZ,2025.04.01,377.769999999999981,377.870000000000004,364.360000000000013,365.5,374.899999999999977,-9.4,-2.5073,154071.989999999990686,5663384.879999999888241
002594.SZ,2025.04.02,365,365.670000000000015,358.879999999999995,360.5,365.5,-5,-1.368,117100.410000000003492,4226638.862999999895691
002594.SZ,2025.04.03,355.5,361.529999999999972,354.25999999999999,357.50999999999999,360.5,-2.99,-0.8294,101023.220000000001164,3618676.870000000111758
002594.SZ,2025.04.07,333.339999999999974,337.699999999999988,321.75999999999999,321.75999999999999,357.50999999999999,-35.75,-9.9997,273498.400000000023283,8911483.834000000730156
002594.SZ,2025.04.08,321.75999999999999,335.879999999999995,318,327.50999999999999,321.75999999999999,5.75,1.787,274643.510000000009313,8924529.993000000715255
002594.SZ,2025.04.09,319.800000000000011,328,313.660000000000024,324.600000000000022,327.50999999999999,-2.91,-0.8885,211938.559999999997671,6822376.377000000327825
002594.SZ,2025.04.10,334.5,347.060000000000002,334,336.399999999999977,324.600000000000022,11.8,3.6352,210895.779999999998835,7165511.480999999679625
002594.SZ,2025.04.11,337,357.550000000000011,336.399999999999977,354.980000000000018,336.399999999999977,18.579999999999998,5.5232,189944.929999999993015,6621821.826999999582767
002594.SZ,2025.04.14,363.199999999999988,363.699999999999988,355.600000000000022,359,354.980000000000018,4.02,1.1325,142069.170000000012805,5115484.103000000119209
002594.SZ,2025.04.15,364.600000000000022,365,357.329999999999984,359.970000000000027,359,0.97,0.2702,116515.570000000006984,4195947.008999999612569
002594.SZ,2025.04.16,356.620000000000004,357,348.100000000000022,352.149999999999977,359.970000000000027,-7.820000000000001,-2.1724,131827.929999999993015,4618462.218000000342726
002594.SZ,2025.04.17,349.939999999999997,353.449999999999988,346.670000000000015,349.680000000000006,352.149999999999977,-2.47,-0.7014,85288.639999999999417,2985985.219000000040978
002594.SZ,2025.04.18,347.899999999999977,347.899999999999977,344,346,349.680000000000006,-3.68,-1.0524,73860.130000000004656,2553879.766999999992549
002594.SZ,2025.04.21,346,349.870000000000004,345.240000000000009,348.75999999999999,346,2.76,0.7977,74953.410000000003492,2609226.234999999869614
002594.SZ,2025.04.22,348.75999999999999,356.930000000000006,346.779999999999972,354.839999999999975,348.75999999999999,6.08,1.7433,112122.059999999997671,3956085.868999999947845
002594.SZ,2025.04.23,377,378,367.230000000000018,371.990000000000009,354.839999999999975,17.149999999999998,4.8332,247926.890000000013969,9216822.109999999403953
002594.SZ,2025.04.24,372.480000000000018,374.600000000000022,363.350000000000022,366,371.990000000000009,-5.990000000000001,-1.6103,150892.10999999998603,5557113.199000000022351
002594.SZ,2025.04.25,370,375.300000000000011,368.100000000000022,370.829999999999984,366,4.83,1.3197,133869.420000000012805,4975314.90500000026077
002594.SZ,2025.04.28,367.129999999999995,367.129999999999995,356.560000000000002,360,370.829999999999984,-10.83,-2.9205,179783.200000000011641,6459136.360000000335276
002594.SZ,2025.04.29,359.100000000000022,360.629999999999995,353,355,360,-5,-1.3889,118983.070000000006984,4237606.410000000149011
002594.SZ,2025.04.30,354.899999999999977,354.930000000000006,349.300000000000011,353.089999999999974,355,-1.91,-0.538,130479.470000000001164,4599074.535000000149011
002594.SZ,2025.05.06,360,362.300000000000011,355.920000000000015,359.959999999999979,353.089999999999974,6.87,1.9457,148293.529999999998835,5326196.143000000156462
002594.SZ,2025.05.07,365,365.680000000000006,358.139999999999986,359.199999999999988,359.959999999999979,-0.76,-0.2111,108839.899999999994179,3937980.382000000216066
002594.SZ,2025.05.08,356.519999999999981,361.980000000000018,355.699999999999988,359.279999999999972,359.199999999999988,0.08,0.0223,83381.690000000002328,2994908.336999999824911
002594.SZ,2025.05.09,360.75,366,359.300000000000011,363.220000000000027,359.279999999999972,3.94,1.0966,143726.160000000003492,5218995.470999999903142
002594.SZ,2025.05.12,365,370.279999999999972,360.579999999999984,370.279999999999972,363.220000000000027,7.06,1.9437,161370.170000000012805,5890708.993999999947845
002594.SZ,2025.05.13,376,376.579999999999984,366.029999999999972,366.5,370.279999999999972,-3.78,-1.0208,131771.070000000006984,4874657.843999999575316
002594.SZ,2025.05.14,366.5,373.100000000000022,363.360000000000013,373.100000000000022,366.5,6.6,1.8008,135693.070000000006984,5012059.707000000402331
002594.SZ,2025.05.15,373,385,369.279999999999972,376.800000000000011,373.100000000000022,3.7,0.9917,208801.369999999995343,7894571.014999999664723
002594.SZ,2025.05.16,375.029999999999972,390.990000000000009,373.579999999999984,389.170000000000015,376.800000000000011,12.369999999999999,3.2829,229327.940000000002328,8858484.48399999924004
002594.SZ,2025.05.19,388,388,377,382.810000000000002,389.170000000000015,-6.360000000000001,-1.6342,161372.809999999997671,6159126.22400000039488
002594.SZ,2025.05.20,383.5,394.800000000000011,381.5,394.800000000000011,382.810000000000002,11.99,3.1321,172099.910000000003492,6705400.029000000096857
002594.SZ,2025.05.21,393.939999999999997,404,391.00999999999999,400,394.800000000000011,5.200000000000001,1.3171,199478.85999999998603,7967115.092000000178813
002594.SZ,2025.05.22,399.980000000000018,405.560000000000002,398,398.800000000000011,400,-1.2,-0.3,146362.799999999988358,5868800.083999999798834
002594.SZ,2025.05.23,399,416.980000000000018,398.129999999999995,405,398.800000000000011,6.200000000000001,1.5547,235574.179999999993015,9627525.187999999150633
002594.SZ,2025.05.26,401.810000000000002,403,380,381,405,-24,-5.925900000000001,309550.630000000004656,12014228.946000000461935
002594.SZ,2025.05.27,375.879999999999995,381,368.879999999999995,372.410000000000025,381,-8.589999999999999,-2.2546,230275.440000000002328,8594833.865000000223517
002594.SZ,2025.05.28,372.410000000000025,372.949999999999988,362.069999999999993,362.879999999999995,372.410000000000025,-9.529999999999999,-2.559,177753.880000000004656,6513230.208999999798834
002594.SZ,2025.05.29,359.589999999999975,366,355.079999999999984,361.129999999999995,362.879999999999995,-1.75,-0.4823,192061.130000000004656,6942900.394999999552965
002594.SZ,2025.05.30,357.019999999999981,358.800000000000011,351.300000000000011,352.300000000000011,361.129999999999995,-8.83,-2.4451,190559.910000000003492,6733498.591000000014901
002594.SZ,2025.06.03,351.25,357.990000000000009,349,356,352.300000000000011,3.7,1.0502,181892.700000000011641,6453885.813000000081956
002594.SZ,2025.06.04,359.5,364.319999999999993,358.149999999999977,360.519999999999981,356,4.52,1.2697,146904.10000000000582,5311224.036999999545514
002594.SZ,2025.06.05,362.389999999999986,362.740000000000009,356.029999999999972,360.75,360.519999999999981,0.23,0.0638,108612.75,3908084.317999999970197
002594.SZ,2025.06.06,361,362.379999999999995,357.5,359.959999999999979,360.75,-0.79,-0.219,89697.679999999993015,3228098.168000000063329
002594.SZ,2025.06.09,356.120000000000004,356.410000000000025,345.110000000000013,348.139999999999986,359.959999999999979,-11.82,-3.2837,255091.339999999996507,8932441.523000000044703
002594.SZ,2025.06.10,349.600000000000022,355,348.230000000000018,353.129999999999995,348.139999999999986,4.990000000000001,1.4333,171785.880000000004656,6042960.183000000193715
002594.SZ,2025.06.11,354.00999999999999,365.980000000000018,354.00999999999999,361.990000000000009,353.129999999999995,8.859999999999999,2.509,203106.739999999990686,7326544.793999999761581
002594.SZ,2025.06.12,359.889999999999986,359.889999999999986,353.00999999999999,353.240000000000009,361.990000000000009,-8.75,-2.4172,144046.95999999999185,5117764.843999999575316
002594.SZ,2025.06.13,349.5,349.910000000000024,341.490000000000009,346,353.240000000000009,-7.240000000000001,-2.0496,210239.869999999995343,7256548.253999999724328
002594.SZ,2025.06.16,345.990000000000009,347.04000000000002,340.800000000000011,344.430000000000006,346,-1.57,-0.4538,102284.05000000000291,3508947.839000000152736
002594.SZ,2025.06.17,344,346.399999999999977,342.399999999999977,343.740000000000009,344.430000000000006,-0.69,-0.2003,70045.30000000000291,2408912.94400000013411
002594.SZ,2025.06.18,342.819999999999993,349.199999999999988,341.970000000000027,346.949999999999988,343.740000000000009,3.21,0.9338,102896.970000000001164,3565398.001999999862164
002594.SZ,2025.06.19,344.029999999999972,345.29000000000002,340.350000000000022,340.5,346.949999999999988,-6.450000000000001,-1.8591,100381.210000000006402,3437688.887000000104308
002594.SZ,2025.06.20,340.029999999999972,342.970000000000027,339.800000000000011,340.25,340.5,-0.25,-0.0734,73538.160000000003492,2507526.430000000167638
002594.SZ,2025.06.23,336.850000000000022,339.709999999999979,333.600000000000022,338.199999999999988,340.25,-2.05,-0.6025,94593.339999999996507,3185477.390999999828636
002594.SZ,2025.06.24,341.230000000000018,346.199999999999988,341.230000000000018,343.379999999999995,338.199999999999988,5.18,1.5316,144712.589999999996507,4979495.31900000013411
002594.SZ,2025.06.25,345.990000000000009,349.730000000000018,343.019999999999981,349.269999999999981,343.379999999999995,5.89,1.7153,125738.270000000004074,4352301.719999999739229
002594.SZ,2025.06.26,344.310000000000002,344.310000000000002,336.829999999999984,337.439999999999997,349.269999999999981,-11.83,-3.3871,204932.140000000013969,6967640.373999999836087
002594.SZ,2025.06.27,334,336.720000000000027,333.439999999999997,334.240000000000009,337.439999999999997,-3.2,-0.9483,138617.489999999990686,4633461.707999999634921
002594.SZ,2025.06.30,334.240000000000009,334.240000000000009,328.589999999999975,331.910000000000024,334.240000000000009,-2.33,-0.6971,144003.440000000002328,4768270.277999999932944
002594.SZ,2025.07.01,330.300000000000011,333.350000000000022,328.79000000000002,331.339999999999974,331.910000000000024,-0.57,-0.1717,88518.039999999993597,2931303.336999999824911
002594.SZ,2025.07.02,332,333.860000000000013,328.930000000000006,330.660000000000024,331.339999999999974,-0.68,-0.2052,93270.110000000000582,3083342.649999999906867
002594.SZ,2025.07.03,330.980000000000018,335.25,330.670000000000015,334.560000000000002,330.660000000000024,3.9,1.1795,123497.809999999997671,4123732.530999999959021
002594.SZ,2025.07.04,332.550000000000011,334.990000000000009,329.769999999999981,331,334.560000000000002,-3.56,-1.0641,104103.55000000000291,3454495.462999999988824
002594.SZ,2025.07.07,329.199999999999988,330.490000000000009,328.439999999999997,328.589999999999975,331,-2.41,-0.7281,88207.720000000001164,2901015.557000000029802
002594.SZ,2025.07.08,327,329.779999999999972,325.720000000000027,326.879999999999995,328.589999999999975,-1.71,-0.5204,116918.139999999999417,3825413.668000000063329
002594.SZ,2025.07.09,326.899999999999977,328.209999999999979,325.779999999999972,325.800000000000011,326.879999999999995,-1.08,-0.3304,121633.110000000000582,3969384.129999999888241
002594.SZ,2025.07.10,325.810000000000002,326.089999999999974,318.850000000000022,321.230000000000018,325.800000000000011,-4.570000000000001,-1.4027,210022.059999999997671,6741345.468000000342726
002594.SZ,2025.07.11,319.899999999999977,326.850000000000022,319.019999999999981,323.910000000000024,321.230000000000018,2.68,0.8343,168269.829999999987194,5456832.018000000156462
002594.SZ,2025.07.14,323.910000000000024,323.910000000000024,317.560000000000002,318.490000000000009,323.910000000000024,-5.42,-1.6733,172309.140000000013969,5502331.854000000283122
002594.SZ,2025.07.15,318.199999999999988,325,318,323.050000000000011,318.490000000000009,4.56,1.4318,162790.940000000002328,5252631.321999999694526
002594.SZ,2025.07.16,323.060000000000002,325.910000000000024,323.060000000000002,323.720000000000027,323.050000000000011,0.67,0.2074,110758.35000000000582,3594544.237999999895691
002594.SZ,2025.07.17,325,328.720000000000027,324.100000000000022,328.019999999999981,323.720000000000027,4.3,1.3283,156891.35000000000582,5138610.961000000126659
002594.SZ,2025.07.18,329.129999999999995,329.5,325.25,329.110000000000013,328.019999999999981,1.09,0.3323,136866.489999999990686,4482466.754999999888241
002594.SZ,2025.07.21,327.990000000000009,334.120000000000004,327.25999999999999,334.120000000000004,329.110000000000013,5.01,1.5223,153945.029999999998835,5102459.145999999716877
002594.SZ,2025.07.22,335,342.00999999999999,333.209999999999979,341.689999999999997,334.120000000000004,7.570000000000001,2.2657,214164.170000000012805,7227731.007000000216066
002594.SZ,2025.07.23,342.089999999999974,343,337,338.069999999999993,341.689999999999997,-3.62,-1.0594,158907.35000000000582,5395840.274000000208616
002594.SZ,2025.07.24,338.079999999999984,346.54000000000002,337.629999999999995,342.720000000000027,338.069999999999993,4.650000000000001,1.3755,189063.269999999989522,6489370.095999999903142
002594.SZ,2025.07.25,341,341.399999999999977,335,337.930000000000006,342.720000000000027,-4.79,-1.3976,157040.760000000009313,5307866.610999999567866
002594.SZ,2025.07.28,337.930000000000006,339.100000000000022,335.529999999999972,337,337.930000000000006,-0.93,-0.2752,117056.699999999997089,3947000.993999999947845
002594.SZ,2025.07.29,112.010000000000005,112.5,109.769999999999995,111.420000000000001,111.010000000000005,0.41,0.3693,387359.840000000025611,4322742.014999999664723
002594.SZ,2025.07.30,108.049999999999997,111.159999999999996,107.120000000000004,108.700000000000002,111.420000000000001,-2.72,-2.4412,524834.270000000018626,5743878.667999999597668
002594.SZ,2025.07.31,108.200000000000002,108.200000000000002,105,105.239999999999994,108.700000000000002,-3.46,-3.1831,599499.430000000051222,6344900.791000000201165
002594.SZ,2025.08.01,104.950000000000002,106.239999999999994,104.359999999999999,105.799999999999997,105.239999999999994,0.56,0.5321,362336.919999999983701,3816659.558000000193715
002594.SZ,2025.08.04,104,105.14,102.569999999999993,104.879999999999995,105.799999999999997,-0.92,-0.8696,412936.940000000002328,4293903.589999999850988
002594.SZ,2025.08.05,104.879999999999995,105.209999999999993,103.780000000000001,104.859999999999999,104.879999999999995,-0.02,-0.0191,338349.85999999998603,3539636.640000000130385
002594.SZ,2025.08.06,104.859999999999999,105,103.900000000000005,104.349999999999994,104.859999999999999,-0.51,-0.4864,305619.599999999976716,3184784.992999999783933
002594.SZ,2025.08.07,104.269999999999996,106.430000000000006,104.159999999999996,105.329999999999998,104.349999999999994,0.98,0.9391,428762.979999999981373,4526612.773000000044703
002594.SZ,2025.08.08,105,105.030000000000001,103.909999999999996,103.930000000000006,105.329999999999998,-1.4,-1.3292,326614.60999999998603,3405317.251999999862164
002594.SZ,2025.08.11,103.879999999999995,105.659999999999996,103.230000000000003,105.519999999999995,103.930000000000006,1.59,1.5299,356697.900000000023283,3741329.572000000160187
002594.SZ,2025.08.12,105.400000000000005,106.430000000000006,104.700000000000002,105.670000000000001,105.519999999999995,0.15,0.1422,312195.039999999979045,3302639.095999999903142
002594.SZ,2025.08.13,106.290000000000006,107.650000000000005,105.840000000000003,106.829999999999998,105.670000000000001,1.16,1.0978,459830.140000000013969,4908744.877000000327825
002594.SZ,2025.08.14,107.370000000000004,107.5,105.790000000000006,106.370000000000004,106.829999999999998,-0.46,-0.4306,419547.929999999993015,4478119.016999999992549
002594.SZ,2025.08.15,105.849999999999994,106.64,105.319999999999993,106.069999999999993,106.370000000000004,-0.3,-0.282,361353.460000000020954,3831047.052000000141561
002594.SZ,2025.08.18,105.659999999999996,109.489999999999994,105.659999999999996,108.370000000000004,106.069999999999993,2.3,2.1684,619251.729999999981373,6680761.815999999642372
002594.SZ,2025.08.19,108.670000000000001,108.920000000000001,107.180000000000006,107.629999999999995,108.370000000000004,-0.74,-0.6828,389735.190000000002328,4205349.328999999910593
002594.SZ,2025.08.20,107.180000000000006,108.260000000000005,106.010000000000005,108.25,107.629999999999995,0.62,0.576,385053.450000000011641,4130459.251999999862164
002594.SZ,2025.08.21,107.799999999999997,108.829999999999998,107,107.099999999999994,108.25,-1.15,-1.0624,449463.780000000027939,4843670.254999999888241
002594.SZ,2025.08.22,107.109999999999999,110.969999999999998,107.109999999999999,110.659999999999996,107.099999999999994,3.56,3.324,763120.050000000046566,8351469.725999999791383
002594.SZ,2025.08.25,111.310000000000002,112.489999999999994,110.310000000000002,111.609999999999999,110.659999999999996,0.95,0.8585,611627.57999999995809,6803182.883000000379979
002594.SZ,2025.08.26,111.75,114.689999999999997,110.709999999999993,113.75,111.609999999999999,2.14,1.9174,692915.849999999976716,7850511.029000000096857
002594.SZ,2025.08.27,113.959999999999993,114.060000000000002,110.659999999999996,110.680000000000006,113.75,-3.07,-2.6989,689746.930000000051222,7761766.930999999865889
002594.SZ,2025.08.28,109.39,110.189999999999997,107.109999999999999,109.319999999999993,110.680000000000006,-1.36,-1.2288,762521.989999999990686,8278465.956000000238418
002594.SZ,2025.08.29,108.879999999999995,116.590000000000003,108.120000000000004,114.060000000000002,109.319999999999993,4.740000000000001,4.3359,1144901.93999999994412,12973326.091000000014901
002594.SZ,2025.09.01,108.5,111.480000000000004,108.5,109.700000000000002,114.060000000000002,-4.360000000000001,-3.8225,1329867.379999999888241,14546890.246999999508261
002594.SZ,2025.09.02,108.790000000000006,111.099999999999994,108.599999999999994,110.019999999999996,109.700000000000002,0.32,0.2917,773224.099999999976716,8495472.755000000819563
002594.SZ,2025.09.03,110.5,110.730000000000004,107.010000000000005,107.209999999999993,110.019999999999996,-2.81,-2.5541,735223.270000000018626,7975948.716000000014901
002594.SZ,2025.09.04,106.590000000000003,107.090000000000003,103.709999999999993,104,107.209999999999993,-3.21,-2.9941,815740.739999999990686,8588835.880999999120831
002594.SZ,2025.09.05,103.859999999999999,107.5,103.109999999999999,107.260000000000005,104,3.26,3.1346,787523.849999999976716,8307907.947999999858438
002594.SZ,2025.09.08,106.150000000000005,107.129999999999995,105.510000000000005,106.25,107.260000000000005,-1.01,-0.9416,555923.449999999953433,5910440.231999999843537
002594.SZ,2025.09.09,106,107.200000000000002,105.269999999999996,105.489999999999994,106.25,-0.76,-0.7153,381636.21999999997206,4049249.507000000216066
002594.SZ,2025.09.10,105.519999999999995,106.450000000000002,105.019999999999996,105.200000000000002,105.489999999999994,-0.29,-0.2749,322368.950000000011641,3401353.898000000044703
002594.SZ,2025.09.11,105.25,106.599999999999994,104.89,106.590000000000003,105.200000000000002,1.39,1.3213,537781.489999999990686,5683446.689000000245869
002594.SZ,2025.09.12,106.599999999999994,107.579999999999998,105.900000000000005,105.909999999999996,106.590000000000003,-0.68,-0.638,455910.179999999993015,4859782.578999999910593
002594.SZ,2025.09.15,106,110.849999999999994,106,108.700000000000002,105.909999999999996,2.79,2.6343,974804.069999999948777,10620465.040999999269843
002594.SZ,2025.09.16,109,109,107.219999999999998,107.799999999999997,108.700000000000002,-0.9,-0.828,533160.209999999962747,5753437.963999999687075
002594.SZ,2025.09.17,108.200000000000002,112,108.200000000000002,110.989999999999994,107.799999999999997,3.19,2.9592,981239.709999999962747,10827682.691999999806284
002594.SZ,2025.09.18,110.989999999999994,112.799999999999997,108.560000000000002,109.709999999999993,110.989999999999994,-1.28,-1.1533,934013.800000000046566,10362193.292999999597668
002594.SZ,2025.09.19,109.799999999999997,110.799999999999997,109,109.090000000000003,109.709999999999993,-0.62,-0.5651,472977.479999999981373,5188176.203999999910593
002594.SZ,2025.09.22,108.870000000000004,108.909999999999996,107.150000000000005,107.989999999999994,109.090000000000003,-1.1,-1.0083,491559.229999999981373,5293961.57799999974668
002594.SZ,2025.09.23,107.450000000000002,107.689999999999997,104.64,105.599999999999994,107.989999999999994,-2.39,-2.2132,650962.619999999995343,6888232.046000000089406
002594.SZ,2025.09.24,105,105.829999999999998,104,105.709999999999993,105.599999999999994,0.11,0.1042,548162.270000000018626,5758922.304999999701976
002594.SZ,2025.09.25,105.340000000000003,108.799999999999997,104.870000000000004,107.5,105.709999999999993,1.79,1.6933,693482.040000000037252,7421942.40500000026077
002594.SZ,2025.09.26,107.450000000000002,111.230000000000003,107,107.290000000000006,107.5,-0.21,-0.1953,756612.069999999948777,8250492.997000000439584
002594.SZ,2025.09.29,107,109.14,106.39,108.609999999999999,107.290000000000006,1.32,1.2303,613983.680000000051222,6621874.266999999992549
002594.SZ,2025.09.30,108.189999999999997,109.980000000000004,107.760000000000005,109.209999999999993,108.609999999999999,0.6,0.5524,567755.5,6200518.75
002594.SZ,2025.10.09,108.670000000000001,112.480000000000004,108.069999999999993,110.599999999999994,109.209999999999993,1.39,1.2728,1008721.96999999997206,11196004.666999999433755
002594.SZ,2025.10.10,110.549999999999997,110.549999999999997,107.579999999999998,107.790000000000006,110.599999999999994,-2.81,-2.5407,590102.530000000027939,6420415.51300000026822
002594.SZ,2025.10.13,105,105.980000000000004,104.099999999999994,105.689999999999997,107.790000000000006,-2.1,-1.9482,744429.800000000046566,7841774.365000000223517
002594.SZ,2025.10.14,106.680000000000006,109.359999999999999,105.620000000000004,105.989999999999994,105.689999999999997,0.3,0.2838,767786.270000000018626,8244228.529000000096857
002594.SZ,2025.10.15,106.450000000000002,107.510000000000005,105.5,107.099999999999994,105.989999999999994,1.11,1.0473,475791.330000000016298,5063179.651999999769032
002594.SZ,2025.10.16,107,109.299999999999997,106.510000000000005,106.959999999999993,107.099999999999994,-0.14,-0.1307,523096.380000000004656,5628738.803999999538064
002594.SZ,2025.10.17,106.599999999999994,106.629999999999995,104.260000000000005,104.430000000000006,106.959999999999993,-2.53,-2.3654,625724.93999999994412,6576614.911000000312924
002594.SZ,2025.10.20,105.219999999999998,105.629999999999995,104.079999999999998,104.519999999999995,104.430000000000006,0.09,0.0862,355614.520000000018626,3721699.722000000067055
002594.SZ,2025.10.21,104.689999999999997,105.069999999999993,104.239999999999994,104.760000000000005,104.519999999999995,0.24,0.2296,299074.190000000002328,3133789.475000000093132
002594.SZ,2025.10.22,104.099999999999994,104.319999999999993,103.370000000000004,103.780000000000001,104.760000000000005,-0.98,-0.9355,357874.190000000002328,3715302.135999999940395
002594.SZ,2025.10.23,103.299999999999997,103.730000000000004,102,103.689999999999997,103.780000000000001,-0.09,-0.0867,378603.419999999983701,3889661.811000000219792
002594.SZ,2025.10.24,103.980000000000004,104.370000000000004,103.609999999999999,103.760000000000005,103.689999999999997,0.07,0.0675,305542.679999999993015,3173964.302000000141561
002594.SZ,2025.10.27,104,104.969999999999998,103.879999999999995,104.010000000000005,103.760000000000005,0.25,0.2409,345987.840000000025611,3607756.848000000230967
002594.SZ,2025.10.28,104.019999999999996,104.319999999999993,103.5,103.719999999999998,104.010000000000005,-0.29,-0.2788,265415.830000000016298,2755526.046999999787658
002594.SZ,2025.10.29,103.730000000000004,105.180000000000006,103,104.519999999999995,103.719999999999998,0.8,0.7713,397340.400000000023283,4128608.368999999947845
002594.SZ,2025.10.30,104,104.859999999999999,103.5,103.609999999999999,104.519999999999995,-0.91,-0.8706,358989.450000000011641,3733925.603000000119209
002594.SZ,2025.10.31,101,101.319999999999993,100,100.790000000000006,103.609999999999999,-2.82,-2.7217,637052.589999999967403,6418551.105999999679625
002594.SZ,2025.11.03,100.790000000000006,100.989999999999994,98.5,99.599999999999994,100.790000000000006,-1.19,-1.1807,551670.209999999962747,5472679.665000000037252
002594.SZ,2025.11.04,99,99.540000000000006,97.709999999999993,97.799999999999997,99.599999999999994,-1.8,-1.8072,435017.039999999979045,4274197.47400000039488
002594.SZ,2025.11.05,96.659999999999996,96.659999999999996,94.730000000000004,95.799999999999997,97.799999999999997,-2,-2.045,587215.099999999976716,5617215.878999999724328
002594.SZ,2025.11.06,95.579999999999998,97.75,95.400000000000005,97.519999999999995,95.799999999999997,1.72,1.7954,402003.669999999983701,3897723.836000000126659
002594.SZ,2025.11.07,97,98.150000000000005,96.829999999999998,97.200000000000002,97.519999999999995,-0.32,-0.3281,322560.729999999981373,3145817.990999999921768
002594.SZ,2025.11.10,97.349999999999994,100.349999999999994,97.349999999999994,99.39,97.200000000000002,2.19,2.2531,554876.900000000023283,5513238.813000000081956
002594.SZ,2025.11.11,99.5,99.780000000000001,98.14,98.709999999999993,99.39,-0.68,-0.6842,319857.880000000004656,3161124.109999999869614
002594.SZ,2025.11.12,98.799999999999997,98.989999999999994,97.540000000000006,97.769999999999995,98.709999999999993,-0.94,-0.9523,260643.35000000000582,2555847.683999999891966
002594.SZ,2025.11.13,97.010000000000005,100.5,97.010000000000005,99.829999999999998,97.769999999999995,2.06,2.107,579990.21999999997206,5759429.264000000432133
002594.SZ,2025.11.14,99,100.5,98.329999999999998,98.370000000000004,99.829999999999998,-1.46,-1.4625,342984.659999999974388,3396134.916000000201165
002594.SZ,2025.11.17,97.799999999999997,98.590000000000003,97.25,98.079999999999998,98.370000000000004,-0.29,-0.2948,207247.589999999996507,2029207.779000000096857
002594.SZ,2025.11.18,97.540000000000006,97.849999999999994,96.019999999999996,96.489999999999994,98.079999999999998,-1.59,-1.6211,304756.450000000011641,2949162.765000000130385
002594.SZ,2025.11.19,96.400000000000005,96.659999999999996,95.010000000000005,95.170000000000001,96.489999999999994,-1.32,-1.368,348292.349999999976716,3327809.283999999985098
002594.SZ,2025.11.20,95.170000000000001,95.5,93.5,93.609999999999999,95.170000000000001,-1.56,-1.6392,391810.869999999995343,3692348.084999999962747
002594.SZ,2025.11.21,92.489999999999994,94.39,91.700000000000002,92.700000000000002,93.609999999999999,-0.91,-0.9721,451713.130000000004656,4182916.492999999783933
002594.SZ,2025.11.24,93.099999999999994,94.409999999999996,92.200000000000002,93.930000000000006,92.700000000000002,1.23,1.3269,327302.130000000004656,3064736.739000000059604
002594.SZ,2025.11.25,94,95.379999999999995,93.700000000000002,93.909999999999996,93.930000000000006,-0.02,-0.0213,277488.869999999995343,2620855.757999999914318
002594.SZ,2025.11.26,94.75,95.439999999999997,94.450000000000002,95.090000000000003,93.909999999999996,1.18,1.2565,306576.96999999997206,2914626.393000000156462
002594.SZ,2025.11.27,94.599999999999994,95.159999999999996,94.219999999999998,94.290000000000006,95.090000000000003,-0.8,-0.8413,202279.95999999999185,1915349.540999999968335
002594.SZ,2025.11.28,94.599999999999994,95.230000000000003,94.200000000000002,95.170000000000001,94.290000000000006,0.88,0.9333,219350.619999999995343,2080615.709999999962747
002594.SZ,2025.12.01,95.39,96.299999999999997,95.14,95.769999999999995,95.170000000000001,0.6,0.6305,233712.720000000001164,2237016.41399999987334
002594.SZ,2025.12.02,96.420000000000001,97.799999999999997,96.25,96.620000000000004,95.769999999999995,0.85,0.8875,359217.460000000020954,3483571.734999999869614
002594.SZ,2025.12.03,96.64,96.650000000000005,94.89,95.049999999999997,96.620000000000004,-1.57,-1.6249,231572.839999999996507,2207429.345999999903142
002594.SZ,2025.12.04,94.920000000000001,95.290000000000006,94.200000000000002,95.239999999999994,95.049999999999997,0.19,0.1999,166141.640000000013969,1576759.405000000027939
002594.SZ,2025.12.05,95.290000000000006,96.219999999999998,94.709999999999993,95.980000000000004,95.239999999999994,0.74,0.777,211618.470000000001164,2021250.209000000031664
002594.SZ,2025.12.08,96.209999999999993,97.150000000000005,96.209999999999993,96.530000000000001,95.980000000000004,0.55,0.573,247804.980000000010477,2397261.754000000189989
002594.SZ,2025.12.09,96.209999999999993,96.659999999999996,95.700000000000002,96.030000000000001,96.530000000000001,-0.5,-0.518,163227.019999999989522,1568057.38800000003539
002594.SZ,2025.12.10,95.599999999999994,96.650000000000005,94.900000000000005,96.469999999999998,96.030000000000001,0.44,0.4582,198402.239999999990686,1902988.179999999934807
002594.SZ,2025.12.11,96.980000000000004,97.120000000000004,95.849999999999994,96.230000000000003,96.469999999999998,-0.24,-0.2488,250907.670000000012805,2422448.208000000100582
002594.SZ,2025.12.12,96.200000000000002,97.700000000000002,95.650000000000005,97,96.230000000000003,0.77,0.8002,554620.880000000004656,5390456.375
002594.SZ,2025.12.15,96.549999999999997,97.159999999999996,95.530000000000001,95.530000000000001,97,-1.47,-1.5155,293300.989999999990686,2824248.327000000048428
002594.SZ,2025.12.16,95.5,95.700000000000002,94.14,94.25,95.530000000000001,-1.28,-1.3399,258767.70999999999185,2450336.535999999847263
002594.SZ,2025.12.17,94.5,95.700000000000002,93.680000000000006,95.209999999999993,94.25,0.96,1.0186,272825,2584139.145000000018626
002594.SZ,2025.12.18,94.39,94.599999999999994,93.5,93.530000000000001,95.209999999999993,-1.68,-1.7645,252797.339999999996507,2376126.961999999824911
002594.SZ,2025.12.19,94,95.269999999999996,93.730000000000004,94.230000000000003,93.530000000000001,0.7,0.7484,272067.940000000002328,2573037.717999999877065
002594.SZ,2025.12.22,94.700000000000002,95.359999999999999,94.25,94.370000000000004,94.230000000000003,0.14,0.1486,206234.820000000006984,1952361.85800000000745
002594.SZ,2025.12.23,94.5,95.5,94.5,94.810000000000002,94.370000000000004,0.44,0.4662,236617.410000000003492,2247679.864000000059604
002594.SZ,2025.12.24,94.799999999999997,94.799999999999997,94.049999999999997,94.420000000000001,94.810000000000002,-0.39,-0.4113,192809.950000000011641,1819358.259000000078231
002594.SZ,2025.12.25,94.430000000000006,95.230000000000003,94.120000000000004,94.840000000000003,94.420000000000001,0.42,0.4448,182201.630000000004656,1725723.851000000024214
002594.SZ,2025.12.26,95.280000000000001,101.450000000000002,95.25,100.010000000000005,94.840000000000003,5.17,5.4513,1020958.949999999953433,10178557.96199999935925
002594.SZ,2025.12.29,100.5,101.299999999999997,99.599999999999994,100.209999999999993,100.010000000000005,0.2,0.2,519166.960000000020954,5209488.141999999992549
002594.SZ,2025.12.30,99.260000000000005,100.150000000000005,98.739999999999994,99.75,100.209999999999993,-0.46,-0.459,318756.380000000004656,3174697.986000000033527
002594.SZ,2025.12.31,99.980000000000004,100.200000000000002,97.379999999999995,97.719999999999998,99.75,-2.03,-2.0351,402858.869999999995343,3955310.311000000219792
002594.SZ,2026.01.05,98.400000000000005,99.480000000000004,97.900000000000005,98.109999999999999,97.719999999999998,0.39,0.3991,382625.210000000020954,3762797.878000000026077
002594.SZ,2026.01.06,98.219999999999998,100.5,98.120000000000004,99.989999999999994,98.109999999999999,1.88,1.9162,521784.85999999998603,5185026.166000000201165
002594.SZ,2026.01.07,99.959999999999993,99.959999999999993,97.060000000000002,97.599999999999994,99.989999999999994,-2.39,-2.3902,560848.810000000055879,5502570.730999999679625
002594.SZ,2026.01.08,97.200000000000002,97.200000000000002,96.329999999999998,96.879999999999995,97.599999999999994,-0.72,-0.7377,300654.75,2908439.429000000003725
002594.SZ,2026.01.09,97.049999999999997,97.950000000000002,96.900000000000005,97.010000000000005,96.879999999999995,0.13,0.1342,350340.580000000016298,3412630.185000000055879
002594.SZ,2026.01.12,97.010000000000005,98,96.299999999999997,97.469999999999998,97.010000000000005,0.46,0.4742,425257.190000000002328,4125432.529000000096857
002594.SZ,2026.01.13,99,99.599999999999994,96.879999999999995,97.189999999999997,97.469999999999998,-0.28,-0.2873,498722.71999999997206,4905229.941999999806284
002594.SZ,2026.01.14,96.810000000000002,97.739999999999994,95.510000000000005,96.099999999999994,97.189999999999997,-1.09,-1.1215,514749.729999999981373,4975154.61600000038743
002594.SZ,2026.01.15,96.079999999999998,96.64,95.599999999999994,95.670000000000001,96.099999999999994,-0.43,-0.4475,295635.460000000020954,2835803.089999999850988
002594.SZ,2026.01.16,96.700000000000002,97.439999999999997,95.599999999999994,95.859999999999999,95.670000000000001,0.19,0.1986,384588.020000000018626,3705328.916000000201165
002594.SZ,2026.01.19,96.810000000000002,97.299999999999997,95.769999999999995,96.189999999999997,95.859999999999999,0.33,0.3443,334927.150000000023283,3227653.86200000019744
002594.SZ,2026.01.20,96.219999999999998,96.260000000000005,94.680000000000006,94.739999999999994,96.189999999999997,-1.45,-1.5074,389149.46999999997206,3699337.566000000108033
002594.SZ,2026.01.21,94.010000000000005,94.939999999999997,94,94.099999999999994,94.739999999999994,-0.64,-0.6755,308333.929999999993015,2910327.666000000201165
002594.SZ,2026.01.22,94.719999999999998,95.129999999999995,93.89,94.120000000000004,94.099999999999994,0.02,0.0213,291014.25,2741536.604999999981373
002594.SZ,2026.01.23,94.239999999999994,94.359999999999999,93.510000000000005,93.650000000000005,94.120000000000004,-0.47,-0.4994,383302.71999999997206,3598066.421000000089406
002594.SZ,2026.01.26,93.650000000000005,93.659999999999996,92.5,92.629999999999995,93.650000000000005,-1.02,-1.0892,375459.60999999998603,3485372.554000000003725
002594.SZ,2026.01.27,92.670000000000001,92.989999999999994,91.799999999999997,91.810000000000002,92.629999999999995,-0.82,-0.8852,362980.919999999983701,3340756.009999999776482
002594.SZ,2026.01.28,91.799999999999997,93.5,90.010000000000005,93.340000000000003,91.810000000000002,1.53,1.6665,715566.180000000051222,6553150.01300000026822
002594.SZ,2026.01.29,92.659999999999996,92.920000000000001,91.609999999999999,92.310000000000002,93.340000000000003,-1.03,-1.1035,371824.809999999997671,3423462.524999999906867
002594.SZ,2026.01.30,92.269999999999996,92.269999999999996,90.700000000000002,90.89,92.310000000000002,-1.42,-1.5383,329175.599999999976716,3001871.203999999910593
002594.SZ,2026.02.02,88,89.090000000000003,86.969999999999998,87.049999999999997,90.89,-3.84,-4.2249,646973.849999999976716,5676850.726999999955296
002594.SZ,2026.02.03,87.200000000000002,87.400000000000005,85.879999999999995,87.370000000000004,87.049999999999997,0.32,0.3676,377826.849999999976716,3275997.179000000003725
002594.SZ,2026.02.04,86.989999999999994,89.329999999999998,86.450000000000002,89.14,87.370000000000004,1.77,2.0259,376504.710000000020954,3322530.225000000093132
002594.SZ,2026.02.05,88.5,91.230000000000003,88.329999999999998,90.109999999999999,89.14,0.97,1.0882,354240.309999999997671,3184480.192999999970197
002594.SZ,2026.02.06,89.39,90.659999999999996,89,89.819999999999993,90.109999999999999,-0.29,-0.3218,247087.790000000008149,2217096.984999999869614
002594.SZ,2026.02.09,90.5,90.650000000000005,89.829999999999998,90.060000000000002,89.819999999999993,0.24,0.2672,208179.510000000009313,1875980.03900000010617
002594.SZ,2026.02.10,90,91.569999999999993,89.840000000000003,90.810000000000002,90.060000000000002,0.75,0.8328,267604.809999999997671,2434219.975000000093132
002594.SZ,2026.02.11,90.879999999999995,92.950000000000002,90.879999999999995,92.280000000000001,90.810000000000002,1.47,1.6188,396949.590000000025611,3662117.779000000096857
002594.SZ,2026.02.12,92.290000000000006,92.349999999999994,91.079999999999998,91.159999999999996,92.280000000000001,-1.12,-1.2137,230313.320000000006984,2106032.226999999955296
002594.SZ,2026.02.13,90.049999999999997,91.090000000000003,89.879999999999995,90.269999999999996,91.159999999999996,-0.89,-0.9763,217338.869999999995343,1963579.416999999899417
002594.SZ,2026.02.24,91.980000000000004,91.989999999999994,90.609999999999999,90.870000000000004,90.269999999999996,0.6,0.6647,206444.579999999987194,1879888.760999999940395
002594.SZ,2026.02.25,90.89,92.790000000000006,90.89,91.450000000000002,90.870000000000004,0.58,0.6383,324780.099999999976716,2985714.580000000074505
002594.SZ,2026.02.26,91.400000000000005,91.400000000000005,89.609999999999999,89.849999999999994,91.450000000000002,-1.6,-1.7496,291018.940000000002328,2619922.211000000126659
002594.SZ,2026.02.27,89.400000000000005,89.939999999999997,89.099999999999994,89.319999999999993,89.849999999999994,-0.53,-0.5899,219340.829999999987194,1962319.078999999910593
