ts_code,trade_date,open,high,low,close,pre_close,change,pct_chg,vol,amount
300059.SZ,2023.03.01,20.920000000000001,21.399999999999998,20.8,21.280000000000001,20.920000000000001,0.36,1.7208,1755122.860000000102445,3720076.563000000081956
300059.SZ,2023.03.02,21.170000000000001,21.260000000000001,21.010000000000001,21.07,21.280000000000001,-0.21,-0.9868,918192.319999999948777,1939465.669999999925494
300059.SZ,2023.03.03,21.21,21.449999999999999,20.949999999999999,21.350000000000001,21.07,0.28,1.3289,1230574.580000000074505,2616790.695999999996274
300059.SZ,2023.03.06,21.329999999999998,21.329999999999998,20.850000000000001,20.96,21.350000000000001,-0.39,-1.8267,1196199.929999999934807,2510314.012999999802559
300059.SZ,2023.03.07,20.87,21,20.05,20.059999999999998,20.96,-0.9,-4.2939,2414697.810000000055879,4934373.097000000067055
300059.SZ,2023.03.08,20.05,20.190000000000001,19.91,20.14,20.059999999999998,0.08,0.3988,1143909.149999999906867,2296670.722000000067055
300059.SZ,2023.03.09,20.170000000000001,20.219999999999998,19.859999999999999,20,20.14,-0.14,-0.6951,1187759.600000000093132,2379249.535000000149011
300059.SZ,2023.03.10,19.82,20.170000000000001,19.8,19.879999999999999,20,-0.12,-0.6,1203697.479999999981373,2404968.447999999858438
300059.SZ,2023.03.13,19.760000000000001,20.14,19.760000000000001,20.100000000000001,19.879999999999999,0.22,1.1066,1028447.10999999998603,2059660.786000000080093
300059.SZ,2023.03.14,20.019999999999999,20.100000000000001,19.600000000000001,19.969999999999998,20.100000000000001,-0.13,-0.6468,1120041.030000000027939,2227570.399999999906867
300059.SZ,2023.03.15,20.149999999999998,20.350000000000001,20.010000000000001,20.010000000000001,19.969999999999998,0.04,0.2003,1105883.419999999925494,2233406.666000000201165
300059.SZ,2023.03.16,19.899999999999998,20.030000000000001,19.66,19.719999999999998,20.010000000000001,-0.29,-1.4493,1196961.979999999981373,2373090.063999999780207
300059.SZ,2023.03.17,20,20.55,20,20.309999999999998,19.719999999999998,0.59,2.9919,2252593.819999999832361,4571646.831000000238418
300059.SZ,2023.03.20,20.239999999999998,20.440000000000001,19.920000000000001,19.98,20.309999999999998,-0.33,-1.6248,1593084.590000000083819,3215847.760999999940395
300059.SZ,2023.03.21,20.100000000000001,20.3,19.96,20.179999999999999,19.98,0.2,1.001,1337357.68999999994412,2689094.631000000052154
300059.SZ,2023.03.22,20.149999999999998,20.23,18.75,19,20.179999999999999,-1.18,-5.847400000000001,5159512.900000000372529,9943231.765000000596046
300059.SZ,2023.03.23,18.75,19.579999999999998,18.719999999999998,19.55,19,0.55,2.8947,2833337.959999999962747,5463034.451000000350177
300059.SZ,2023.03.24,19.879999999999999,20.3,19.809999999999998,20.239999999999998,19.55,0.69,3.5294,3293769.759999999776482,6628186.191999999806284
300059.SZ,2023.03.27,20.07,21.100000000000001,20.07,20.62,20.239999999999998,0.38,1.8775,3661211.509999999776482,7570230.417000000365078
300059.SZ,2023.03.28,20.440000000000001,20.559999999999998,19.780000000000001,19.929999999999999,20.62,-0.69,-3.3463,2178111.089999999850988,4362837.640999999828636
300059.SZ,2023.03.29,20,20.149999999999998,19.82,19.969999999999998,19.929999999999999,0.04,0.2007,1344564.330000000074505,2689855.359000000171363
300059.SZ,2023.03.30,19.96,20.149999999999998,19.629999999999999,20.039999999999999,19.969999999999998,0.07,0.3505,1531143.179999999934807,3044046.416000000201165
300059.SZ,2023.03.31,20,20.14,19.760000000000001,20.030000000000001,20.039999999999999,-0.01,-0.0499,1680316.800000000046566,3354723.850000000093132
300059.SZ,2023.04.03,20.05,23.05,20.030000000000001,22.89,20.030000000000001,2.86,14.2786,9340107.28999999910593,20458316.723999999463558
300059.SZ,2023.04.04,23,23.839999999999999,22.440000000000001,22.699999999999999,22.89,-0.19,-0.8301,6342572.209999999962747,14567386.353000000119209
300059.SZ,2023.04.06,22.21,22.420000000000001,21.699999999999999,22.030000000000001,22.699999999999999,-0.67,-2.9515,3700879.790000000037252,8141135.455000000074505
300059.SZ,2023.04.07,22.149999999999998,22.859999999999999,21.87,22.449999999999999,22.030000000000001,0.42,1.9065,3333929.830000000074505,7476572.235000000335276
300059.SZ,2023.04.10,22.73,22.929999999999999,21.679999999999999,21.780000000000001,22.449999999999999,-0.67,-2.9844,3128823.850000000093132,6950675.173000000417232
300059.SZ,2023.04.11,21.949999999999999,22.3,21.5,21.760000000000001,21.780000000000001,-0.02,-0.0918,2663732.25,5837061.134999999776482
300059.SZ,2023.04.12,21.989999999999998,22.649999999999998,21.75,22.170000000000001,21.760000000000001,0.41,1.8842,3136660.490000000223517,6963737.406000000424683
300059.SZ,2023.04.13,21.91,22.010000000000001,21.46,21.57,22.170000000000001,-0.6,-2.7064,2272568.330000000074505,4930485.82799999974668
300059.SZ,2023.04.14,21.579999999999998,21.75,21.289999999999999,21.589999999999999,21.57,0.02,0.0927,1880560.139999999897554,4046703.875
300059.SZ,2023.04.17,21.41,22.07,21.41,21.829999999999998,21.589999999999999,0.24,1.1116,2992301.22000000020489,6522778.532999999821186
300059.SZ,2023.04.18,18.120000000000001,18.370000000000001,17.940000000000001,18.030000000000001,18.129999999999998,-0.1,-0.5516,2582801.580000000074505,4678624.696000000461935
300059.SZ,2023.04.19,17.89,17.949999999999999,17.66,17.690000000000001,18.030000000000001,-0.34,-1.8857,2362169.279999999795109,4195470.503999999724328
300059.SZ,2023.04.20,17.679999999999999,17.98,17.469999999999998,17.969999999999998,17.690000000000001,0.28,1.5828,2466299.950000000186264,4382156.256000000052154
300059.SZ,2023.04.21,17.850000000000001,17.899999999999998,17.010000000000001,17.030000000000001,17.969999999999998,-0.94,-5.230900000000001,3338188.799999999813735,5794004.379999999888241
300059.SZ,2023.04.24,16.55,16.649999999999998,15.83,16,17.030000000000001,-1.03,-6.0482,4728879.139999999664723,7643330.13800000026822
300059.SZ,2023.04.25,16,16.219999999999998,15.759999999999999,16.079999999999998,16,0.08,0.5,2742464.68999999994412,4387074.003999999724328
300059.SZ,2023.04.26,15.949999999999999,16.030000000000001,15.689999999999999,15.859999999999999,16.079999999999998,-0.22,-1.3682,2082212.790000000037252,3304259.540000000037252
300059.SZ,2023.04.27,15.8,15.849999999999999,15.349999999999999,15.679999999999999,15.859999999999999,-0.18,-1.1349,2837097.620000000111758,4433899.325000000186264
300059.SZ,2023.04.28,15.75,16.350000000000001,15.71,16.089999999999999,15.679999999999999,0.41,2.6148,2701297.649999999906867,4332836.989000000059604
300059.SZ,2023.05.04,15.939999999999999,16.129999999999998,15.73,15.97,16.089999999999999,-0.12,-0.7458,2148450.339999999850988,3422732.214999999850988
300059.SZ,2023.05.05,15.99,16.399999999999998,15.91,16,15.97,0.03,0.1879,3055661.850000000093132,4928202.484000000171363
300059.SZ,2023.05.08,15.949999999999999,16.350000000000001,15.66,16.120000000000001,16,0.12,0.75,3603943.049999999813735,5774449.875
300059.SZ,2023.05.09,16.170000000000001,17.420000000000001,15.96,16.57,16.120000000000001,0.45,2.7916,7206104.259999999776482,12118721.195000000298023
300059.SZ,2023.05.10,16.3,16.449999999999999,15.949999999999999,16.120000000000001,16.57,-0.45,-2.7158,3375762.120000000111758,5456552.139999999664723
300059.SZ,2023.05.11,16.100000000000001,16.239999999999998,16.019999999999999,16.059999999999998,16.120000000000001,-0.06,-0.3722,1834056.40999999991618,2952075.683999999891966
300059.SZ,2023.05.12,16,16.059999999999998,15.599999999999999,15.619999999999999,16.059999999999998,-0.44,-2.7397,2359487.640000000130385,3730096.290000000037252
300059.SZ,2023.05.15,15.55,16.100000000000001,15.419999999999999,16.079999999999998,15.619999999999999,0.46,2.9449,2469200.390000000130385,3893624.888999999966472
300059.SZ,2023.05.16,16.05,16.170000000000001,15.849999999999999,15.89,16.079999999999998,-0.19,-1.1816,1690144.540000000037252,2700672.033999999985098
300059.SZ,2023.05.17,15.81,15.96,15.72,15.82,15.89,-0.07,-0.4405,1366135.520000000018626,2161404.476999999955296
300059.SZ,2023.05.18,15.82,15.929999999999999,15.66,15.73,15.82,-0.09,-0.5689,1532613.560000000055879,2420679.98300000000745
300059.SZ,2023.05.19,15.65,15.83,15.539999999999999,15.689999999999999,15.73,-0.04,-0.2543,1290838.580000000074505,2022293.145000000018626
300059.SZ,2023.05.22,15.699999999999999,15.83,15.619999999999999,15.779999999999999,15.689999999999999,0.09,0.5736,1184707.65999999991618,1864318.563000000081956
300059.SZ,2023.05.23,15.789999999999999,15.8,15.599999999999999,15.609999999999999,15.779999999999999,-0.17,-1.0773,1103844.360000000102445,1730269.960999999893829
300059.SZ,2023.05.24,15.519999999999999,15.599999999999999,15.33,15.33,15.609999999999999,-0.28,-1.7937,1798138.65999999991618,2777641.118999999947845
300059.SZ,2023.05.25,15.259999999999999,15.41,14.9,15.099999999999999,15.33,-0.23,-1.5003,2568678.140000000130385,3883863.268999999854713
300059.SZ,2023.05.26,15.099999999999999,15.23,14.98,15.14,15.099999999999999,0.04,0.2649,1252597.239999999990686,1892517.982000000076368
300059.SZ,2023.05.29,15.099999999999999,15.179999999999999,14.519999999999999,14.609999999999999,15.14,-0.53,-3.5007,3264338.930000000167638,4816630.514000000432133
300059.SZ,2023.05.30,14.58,14.63,14.109999999999999,14.429999999999999,14.609999999999999,-0.18,-1.232,3586646.799999999813735,5136163.168999999761581
300059.SZ,2023.05.31,14.369999999999999,14.419999999999999,14.009999999999999,14.019999999999999,14.429999999999999,-0.41,-2.8413,2936247.089999999850988,4152299.361000000033527
300059.SZ,2023.06.01,14.019999999999999,14.39,13.98,14.199999999999999,14.019999999999999,0.18,1.2839,2614687.649999999906867,3720213.859000000171363
300059.SZ,2023.06.02,14.199999999999999,14.56,14.179999999999999,14.519999999999999,14.199999999999999,0.32,2.2535,2372385.450000000186264,3423366.535000000149011
300059.SZ,2023.06.05,14.47,14.529999999999999,14.349999999999999,14.429999999999999,14.519999999999999,-0.09,-0.6198,1491338.229999999981373,2149457.018000000156462
300059.SZ,2023.06.06,14.4,14.519999999999999,14.14,14.16,14.429999999999999,-0.27,-1.8711,1956850.229999999981373,2800959.748999999836087
300059.SZ,2023.06.07,14.189999999999999,14.48,14.189999999999999,14.289999999999999,14.16,0.13,0.9181,1736204.600000000093132,2490762.649999999906867
300059.SZ,2023.06.08,14.23,14.58,14.13,14.46,14.289999999999999,0.17,1.1896,1993054.679999999934807,2865908.209999999962747
300059.SZ,2023.06.09,14.41,14.419999999999999,14.13,14.23,14.46,-0.23,-1.5906,2290530.720000000204891,3261826.171999999787658
300059.SZ,2023.06.12,14.16,14.25,14,14.16,14.23,-0.07,-0.4919,2126002.089999999850988,3003197.078999999910593
300059.SZ,2023.06.13,14.109999999999999,14.449999999999999,14.109999999999999,14.369999999999999,14.16,0.21,1.4831,2341515.049999999813735,3354037.691000000108033
300059.SZ,2023.06.14,14.4,14.58,14.23,14.259999999999999,14.369999999999999,-0.11,-0.7655,2432371.700000000186264,3500581.600999999791383
300059.SZ,2023.06.15,14.3,14.679999999999999,14.269999999999999,14.65,14.259999999999999,0.39,2.7349,3931119.990000000223517,5709338.723000000230967
300059.SZ,2023.06.16,14.699999999999999,14.9,14.539999999999999,14.859999999999999,14.65,0.21,1.4334,3394752.850000000093132,4996183.141999999992549
300059.SZ,2023.06.19,14.849999999999999,14.91,14.65,14.73,14.859999999999999,-0.13,-0.8748,2604700.5,3846553.27199999988079
300059.SZ,2023.06.20,14.679999999999999,14.949999999999999,14.65,14.74,14.73,0.01,0.0679,2332800.22000000020489,3445760.172999999951571
300059.SZ,2023.06.21,14.699999999999999,14.769999999999999,14.3,14.3,14.74,-0.44,-2.9851,2453882.979999999981373,3554733.788000000175088
300059.SZ,2023.06.26,14.089999999999999,14.23,13.98,14.009999999999999,14.3,-0.29,-2.028,2124668.540000000037252,2988446.895000000018626
300059.SZ,2023.06.27,14.009999999999999,14.22,14,14.16,14.009999999999999,0.15,1.0707,1402169.790000000037252,1978117.662999999942257
300059.SZ,2023.06.28,14.15,14.179999999999999,13.92,14.099999999999999,14.16,-0.06,-0.4237,1493220.46999999997206,2097137.027999999932944
300059.SZ,2023.06.29,14.05,14.13,13.98,14.009999999999999,14.099999999999999,-0.09,-0.6383,1379506.870000000111758,1935544.574999999953433
300059.SZ,2023.06.30,13.98,14.339999999999999,13.96,14.199999999999999,14.009999999999999,0.19,1.3562,2049649.879999999888241,2908657.320999999996274
300059.SZ,2023.07.03,14.259999999999999,14.529999999999999,14.189999999999999,14.449999999999999,14.199999999999999,0.25,1.7606,1937520.40999999991618,2787338.694999999832361
300059.SZ,2023.07.04,14.4,14.49,14.3,14.449999999999999,14.449999999999999,0,0,1543012.620000000111758,2220965.45699999993667
300059.SZ,2023.07.05,14.41,14.41,14.23,14.24,14.449999999999999,-0.21,-1.4533,1209021.229999999981373,1729169.683999999891966
300059.SZ,2023.07.06,14.199999999999999,14.3,14.089999999999999,14.099999999999999,14.24,-0.14,-0.9831,1326505.949999999953433,1878964.857000000076368
300059.SZ,2023.07.07,14.05,14.199999999999999,13.98,14.019999999999999,14.099999999999999,-0.08,-0.5674,1740800.830000000074505,2446213.722000000067055
300059.SZ,2023.07.10,14.089999999999999,14.25,14.05,14.089999999999999,14.019999999999999,0.07,0.4993,1395999.270000000018626,1974213.355999999912455
300059.SZ,2023.07.11,14.119999999999999,14.189999999999999,14.06,14.179999999999999,14.089999999999999,0.09,0.6388,1240160.389999999897554,1752762.385000000009313
300059.SZ,2023.07.12,14.169999999999999,14.25,13.97,14,14.179999999999999,-0.18,-1.2694,1749097.18999999994412,2465066.063999999780207
300059.SZ,2023.07.13,14.08,14.519999999999999,14.07,14.49,14,0.49,3.5,4049041.149999999906867,5836158.378999999724328
300059.SZ,2023.07.14,14.429999999999999,14.539999999999999,14.39,14.41,14.49,-0.08,-0.5521,1700329.830000000074505,2456760.251999999862164
300059.SZ,2023.07.17,14.359999999999999,14.359999999999999,14.16,14.24,14.41,-0.17,-1.1797,1345234.879999999888241,1914828.634000000078231
300059.SZ,2023.07.18,14.259999999999999,14.39,14.22,14.31,14.24,0.07,0.4916,1156917.989999999990686,1654853.40100000007078
300059.SZ,2023.07.19,14.25,14.39,14.23,14.369999999999999,14.31,0.06,0.4193,1201509.350000000093132,1720300.668000000063329
300059.SZ,2023.07.20,14.449999999999999,14.49,14.21,14.22,14.369999999999999,-0.15,-1.0438,1446583.620000000111758,2073926.601000000024214
300059.SZ,2023.07.21,14.16,14.33,14.13,14.21,14.22,-0.01,-0.0703,1262648.810000000055879,1794007.111999999964609
300059.SZ,2023.07.24,14.109999999999999,14.21,14.07,14.089999999999999,14.21,-0.12,-0.8445,1243441.65999999991618,1755557.796000000089406
300059.SZ,2023.07.25,14.81,15.269999999999999,14.619999999999999,15.099999999999999,14.089999999999999,1.01,7.1682,8265865.410000000149011,12319394.067999999970197
300059.SZ,2023.07.26,14.98,15.029999999999999,14.71,14.839999999999999,15.099999999999999,-0.26,-1.7219,3468211.089999999850988,5154265.975999999791383
300059.SZ,2023.07.27,14.92,14.98,14.64,14.669999999999999,14.839999999999999,-0.17,-1.1456,2215562.22000000020489,3279627.978000000119209
300059.SZ,2023.07.28,14.609999999999999,16.350000000000001,14.56,16.14,14.669999999999999,1.47,10.0204,10512915.490000000223517,16512039.039000000804662
300059.SZ,2023.07.31,16.399999999999998,16.71,16.039999999999999,16.079999999999998,16.14,-0.06,-0.3717,8878070,14532143.228000000119209
300059.SZ,2023.08.01,15.88,16.329999999999998,15.789999999999999,15.91,16.079999999999998,-0.17,-1.0572,4611942.719999999739229,7395015.536999999545514
300059.SZ,2023.08.02,15.849999999999999,16.64,15.82,16.170000000000001,15.91,0.26,1.6342,5157661.019999999552965,8389215.541999999433755
300059.SZ,2023.08.03,16.370000000000001,16.96,16.079999999999998,16.920000000000001,16.170000000000001,0.75,4.638200000000001,6824017.25,11318019.36600000038743
300059.SZ,2023.08.04,17.5,17.899999999999998,16.949999999999999,16.96,16.920000000000001,0.04,0.2364,11552851.640000000596046,20126631.260999999940395
300059.SZ,2023.08.07,16.530000000000001,16.87,16.420000000000001,16.73,16.96,-0.23,-1.3561,5190367.84999999962747,8639121.357999999076128
300059.SZ,2023.08.08,16.559999999999998,17.05,16.149999999999998,16.62,16.73,-0.11,-0.6575,5235445.28000000026077,8694051.52199999988079
300059.SZ,2023.08.09,16.510000000000001,16.929999999999999,16.510000000000001,16.57,16.62,-0.05,-0.3008,2972260.740000000223517,4953161.286000000312924
300059.SZ,2023.08.10,16.530000000000001,17,16.530000000000001,16.969999999999998,16.57,0.4,2.414,4335257.089999999850988,7271474.626000000163912
300059.SZ,2023.08.11,16.71,16.719999999999998,16.089999999999999,16.120000000000001,16.969999999999998,-0.85,-5.0088,5833318.950000000186264,9563154.901000000536441
300059.SZ,2023.08.14,15.699999999999999,16.089999999999999,15.63,15.89,16.120000000000001,-0.23,-1.4268,3453464.600000000093132,5499153.939000000245869
300059.SZ,2023.08.15,15.8,16.57,15.8,16.510000000000001,15.89,0.62,3.9018,4802575.129999999888241,7834652.190999999642372
300059.SZ,2023.08.16,16.190000000000001,16.8,16.079999999999998,16.260000000000001,16.510000000000001,-0.25,-1.5142,4107085.120000000111758,6738355.735000000335276
300059.SZ,2023.08.17,16.14,16.350000000000001,15.839999999999999,16.23,16.260000000000001,-0.03,-0.1845,3674174.830000000074505,5918473.38800000026822
300059.SZ,2023.08.18,16.25,16.600000000000001,16.05,16.07,16.23,-0.16,-0.9858,3055413.979999999981373,4988651.290000000037252
300059.SZ,2023.08.21,15.779999999999999,15.9,15.32,15.359999999999999,16.07,-0.71,-4.4182,4272098.929999999701976,6639503.031999999657273
300059.SZ,2023.08.22,15.5,15.869999999999999,15.32,15.66,15.359999999999999,0.3,1.9531,3267280.089999999850988,5084312.200000000186264
300059.SZ,2023.08.23,15.5,15.58,15.339999999999999,15.339999999999999,15.66,-0.32,-2.0434,2001232.300000000046566,3089386.793000000063329
300059.SZ,2023.08.24,15.48,15.92,15.429999999999999,15.619999999999999,15.339999999999999,0.28,1.8253,3049335.430000000167638,4776520.930999999865889
300059.SZ,2023.08.25,15.699999999999999,15.96,15.66,15.789999999999999,15.619999999999999,0.17,1.0883,2794987.259999999776482,4414442.121000000275671
300059.SZ,2023.08.28,18.399999999999998,18.399999999999998,16.32,16.399999999999998,15.789999999999999,0.61,3.8632,11969649.25,20643360.274000000208616
300059.SZ,2023.08.29,16.149999999999998,16.969999999999998,15.96,16.66,16.399999999999998,0.26,1.5854,6788412.679999999701976,11160850.345000000670552
300059.SZ,2023.08.30,16.469999999999998,16.539999999999999,16.179999999999999,16.219999999999998,16.66,-0.44,-2.6411,4054000.850000000093132,6620363.902999999932944
300059.SZ,2023.08.31,16.199999999999999,16.329999999999998,15.869999999999999,15.869999999999999,16.219999999999998,-0.35,-2.1578,2781441.399999999906867,4460391.174999999813735
300059.SZ,2023.09.01,15.99,16.199999999999999,15.89,15.98,15.869999999999999,0.11,0.6931,2270338,3641616.751000000163912
300059.SZ,2023.09.04,16.05,16.179999999999999,15.839999999999999,16.100000000000001,15.98,0.12,0.7509,2313355.509999999776482,3712059.368999999947845
300059.SZ,2023.09.05,15.99,16,15.839999999999999,15.89,16.100000000000001,-0.21,-1.3043,1725334.100000000093132,2742897.387000000104308
300059.SZ,2023.09.06,15.81,15.82,15.57,15.73,15.89,-0.16,-1.0069,2008972.260000000009313,3153399.464000000152736
300059.SZ,2023.09.07,15.699999999999999,15.859999999999999,15.599999999999999,15.64,15.73,-0.09,-0.5722,1782047.169999999925494,2803875.871999999973922
300059.SZ,2023.09.08,15.599999999999999,15.75,15.48,15.679999999999999,15.64,0.04,0.2558,1474618.830000000074505,2298909.148000000044703
300059.SZ,2023.09.11,15.679999999999999,15.949999999999999,15.529999999999999,15.82,15.679999999999999,0.14,0.8929,2285210.479999999981373,3602474.475000000093132
300059.SZ,2023.09.12,15.75,15.759999999999999,15.589999999999999,15.599999999999999,15.82,-0.22,-1.3906,1489527.010000000009313,2333337.052000000141561
300059.SZ,2023.09.13,15.57,15.65,15.31,15.38,15.599999999999999,-0.22,-1.4103,1628437.459999999962747,2516420.674999999813735
300059.SZ,2023.09.14,15.429999999999999,15.47,15.31,15.41,15.38,0.03,0.1951,1173507.739999999990686,1805217.654000000096857
300059.SZ,2023.09.15,15.46,15.539999999999999,15.33,15.39,15.41,-0.02,-0.1298,1362365.370000000111758,2102953.85399999981746
300059.SZ,2023.09.18,15.31,15.519999999999999,15.179999999999999,15.4,15.39,0.01,0.065,1295226.629999999888241,1993884.635999999940395
300059.SZ,2023.09.19,15.369999999999999,15.419999999999999,15.22,15.31,15.4,-0.09,-0.5844,1221512.290000000037252,1872291.253000000026077
300059.SZ,2023.09.20,15.269999999999999,15.369999999999999,15.21,15.25,15.31,-0.06,-0.3919,970491.260000000009313,1485847.472999999998137
300059.SZ,2023.09.21,15.21,15.339999999999999,14.92,14.949999999999999,15.25,-0.3,-1.9672,1732892.669999999925494,2616980.714999999850988
300059.SZ,2023.09.22,14.89,15.599999999999999,14.89,15.56,14.949999999999999,0.61,4.080300000000001,2858320.020000000018626,4384869.088999999687075
300059.SZ,2023.09.25,15.4,15.4,15.15,15.199999999999999,15.56,-0.36,-2.3136,1736818.810000000055879,2647419.313999999780207
300059.SZ,2023.09.26,15.189999999999999,15.269999999999999,15.14,15.169999999999999,15.199999999999999,-0.03,-0.1974,1101225.959999999962747,1673117.872999999905005
300059.SZ,2023.09.27,15.15,15.279999999999999,15.13,15.179999999999999,15.169999999999999,0.01,0.0659,1204064.280000000027939,1830982.077000000048428
300059.SZ,2023.09.28,15.25,15.289999999999999,15.15,15.199999999999999,15.179999999999999,0.02,0.1318,1020500.199999999953433,1551457.314000000013038
300059.SZ,2023.10.09,15.08,15.21,14.9,15.119999999999999,15.199999999999999,-0.08,-0.5263,1339213.199999999953433,2014152.658000000054016
300059.SZ,2023.10.10,15.21,15.33,15.119999999999999,15.13,15.119999999999999,0.01,0.0661,1141528.030000000027939,1736751.468000000109896
300059.SZ,2023.10.11,15.22,15.349999999999999,15.13,15.23,15.13,0.1,0.6609,1381746.669999999925494,2104582.009999999776482
300059.SZ,2023.10.12,15.55,15.589999999999999,15.31,15.369999999999999,15.23,0.14,0.9192,1663003.959999999962747,2563796.012000000104308
300059.SZ,2023.10.13,15.21,15.269999999999999,15.08,15.13,15.369999999999999,-0.24,-1.5615,1192365.96999999997206,1809157.554999999934807
300059.SZ,2023.10.16,15.14,15.16,14.91,14.96,15.13,-0.17,-1.1236,1290502.139999999897554,1938196.466999999945983
300059.SZ,2023.10.17,14.99,15.279999999999999,14.929999999999999,15.13,14.96,0.17,1.1364,1515680.229999999981373,2294116.654999999795108
300059.SZ,2023.10.18,15,15.15,14.96,15.019999999999999,15.13,-0.11,-0.727,1074029.729999999981373,1617275.870000000111758
300059.SZ,2023.10.19,14.949999999999999,15.23,14.949999999999999,14.97,15.019999999999999,-0.05,-0.3329,1741288.320000000065192,2625799.393000000156462
300059.SZ,2023.10.20,14.8,15.08,14.75,14.96,14.97,-0.01,-0.0668,1304163.620000000111758,1951327.419999999925494
300059.SZ,2023.10.23,14.859999999999999,14.92,14.38,14.539999999999999,14.96,-0.42,-2.8075,1961021.21999999997206,2860005.541000000201165
300059.SZ,2023.10.24,14.609999999999999,15.109999999999999,14.56,14.99,14.539999999999999,0.45,3.0949,2410383,3576936.330000000074505
300059.SZ,2023.10.25,15.119999999999999,15.13,14.88,14.91,14.99,-0.08,-0.5337,1727812.179999999934807,2588174.591000000014901
300059.SZ,2023.10.26,14.81,14.89,14.689999999999999,14.839999999999999,14.91,-0.07,-0.4695,1327067.360000000102445,1962538.654000000096857
300059.SZ,2023.10.27,14.72,15.14,14.689999999999999,15.06,14.839999999999999,0.22,1.4825,1823655.360000000102445,2723264.822999999858438
300059.SZ,2023.10.30,14.96,15.24,14.929999999999999,15.189999999999999,15.06,0.13,0.8632,1924072.679999999934807,2909224.007000000216066
300059.SZ,2023.10.31,15.14,15.38,15.099999999999999,15.269999999999999,15.189999999999999,0.08,0.5267,1773754.739999999990686,2704693.782999999821186
300059.SZ,2023.11.01,15.349999999999999,15.49,15.169999999999999,15.189999999999999,15.269999999999999,-0.08,-0.5239,1214710.530000000027939,1852916.317999999970197
300059.SZ,2023.11.02,15.23,15.31,15.05,15.05,15.189999999999999,-0.14,-0.9217,1159270.320000000065192,1759625.379999999888241
300059.SZ,2023.11.03,15.109999999999999,15.419999999999999,15.089999999999999,15.359999999999999,15.05,0.31,2.0598,1857262.43999999994412,2842849.85399999981746
300059.SZ,2023.11.06,15.65,15.929999999999999,15.519999999999999,15.789999999999999,15.359999999999999,0.43,2.7995,3426303.399999999906867,5389511.34900000039488
300059.SZ,2023.11.07,15.679999999999999,15.789999999999999,15.609999999999999,15.669999999999999,15.789999999999999,-0.12,-0.76,2135178.509999999776482,3350651.098000000230967
300059.SZ,2023.11.08,15.66,15.73,15.46,15.57,15.669999999999999,-0.1,-0.6382,1687786.919999999925494,2631844.973999999929219
300059.SZ,2023.11.09,15.57,15.669999999999999,15.519999999999999,15.539999999999999,15.57,-0.03,-0.1927,1133651.800000000046566,1766053.736999999964609
300059.SZ,2023.11.10,15.47,15.589999999999999,15.38,15.429999999999999,15.539999999999999,-0.11,-0.7079,1199589.330000000074505,1854253.408999999985098
300059.SZ,2023.11.13,15.449999999999999,15.49,15.359999999999999,15.439999999999999,15.429999999999999,0.01,0.0648,1144865.870000000111758,1765441.32799999997951
300059.SZ,2023.11.14,15.47,15.759999999999999,15.429999999999999,15.55,15.439999999999999,0.11,0.7124,2094392.879999999888241,3262575.333999999798834
300059.SZ,2023.11.15,15.72,15.779999999999999,15.509999999999999,15.539999999999999,15.55,-0.01,-0.0643,1676610.590000000083819,2622244.436999999918043
300059.SZ,2023.11.16,15.5,15.56,15.279999999999999,15.289999999999999,15.539999999999999,-0.25,-1.6088,1393873.709999999962747,2147321.609999999869614
300059.SZ,2023.11.17,15.279999999999999,15.349999999999999,15.199999999999999,15.3,15.289999999999999,0.01,0.0654,1075428.929999999934807,1641597.486999999964609
300059.SZ,2023.11.20,15.289999999999999,15.3,15.05,15.25,15.3,-0.05,-0.3268,1314325.429999999934807,1995955.256999999983236
300059.SZ,2023.11.21,15.31,15.46,15.199999999999999,15.199999999999999,15.25,-0.05,-0.3279,1579496.600000000093132,2424602.083000000100582
300059.SZ,2023.11.22,15.15,15.23,15,15,15.199999999999999,-0.2,-1.3158,1254260.510000000009313,1894493.774999999906867
300059.SZ,2023.11.23,15,15.06,14.91,15.05,15,0.05,0.3333,990124.96999999997206,1483722.456000000005587
300059.SZ,2023.11.24,15.029999999999999,15.029999999999999,14.849999999999999,14.88,15.05,-0.17,-1.1296,1048540.140000000013969,1562663.625999999931082
300059.SZ,2023.11.27,14.81,14.869999999999999,14.699999999999999,14.82,14.88,-0.06,-0.4032,1035227.849999999976716,1528451.112999999895691
300059.SZ,2023.11.28,14.8,14.88,14.72,14.81,14.82,-0.01,-0.0675,914778.089999999967403,1354719.976999999955296
300059.SZ,2023.11.29,14.83,14.859999999999999,14.599999999999999,14.63,14.81,-0.18,-1.2154,991342.430000000051222,1456968.43100000009872
300059.SZ,2023.11.30,14.669999999999999,14.759999999999999,14.589999999999999,14.64,14.63,0.01,0.0684,957278.780000000027939,1404047.425000000046566
300059.SZ,2023.12.01,14.64,14.769999999999999,14.49,14.72,14.64,0.08,0.5464,1281620.010000000009313,1874272.560999999986961
300059.SZ,2023.12.04,14.699999999999999,14.869999999999999,14.619999999999999,14.72,14.72,0,0,1183502.600000000093132,1743815.970999999903142
300059.SZ,2023.12.05,14.689999999999999,14.689999999999999,14.47,14.48,14.72,-0.24,-1.6304,1189256.260000000009313,1732557.08199999993667
300059.SZ,2023.12.06,14.449999999999999,14.539999999999999,14.369999999999999,14.41,14.48,-0.07,-0.4834,1144145.070000000065192,1653472.780999999959021
300059.SZ,2023.12.07,14.359999999999999,14.529999999999999,14.32,14.46,14.41,0.05,0.347,1086574.570000000065192,1569074.99600000004284
300059.SZ,2023.12.08,14.449999999999999,14.519999999999999,14.349999999999999,14.369999999999999,14.46,-0.09,-0.6224,1146095.419999999925494,1654776.689000000013038
300059.SZ,2023.12.11,14.3,14.65,14.13,14.58,14.369999999999999,0.21,1.4614,2025994.389999999897554,2907365.246999999973922
300059.SZ,2023.12.12,14.5,14.589999999999999,14.449999999999999,14.509999999999999,14.58,-0.07,-0.4801,1013974.209999999962747,1470604.699999999953433
300059.SZ,2023.12.13,14.49,14.49,14.179999999999999,14.179999999999999,14.509999999999999,-0.33,-2.2743,1245172.65999999991618,1780851.891999999992549
300059.SZ,2023.12.14,14.269999999999999,14.349999999999999,14.13,14.15,14.179999999999999,-0.03,-0.2116,950402.71999999997206,1351947.746999999973922
300059.SZ,2023.12.15,14.199999999999999,14.339999999999999,14.13,14.179999999999999,14.15,0.03,0.212,1060130.810000000055879,1508266.027000000001862
300059.SZ,2023.12.18,14.13,14.289999999999999,14.109999999999999,14.16,14.179999999999999,-0.02,-0.141,1063940.360000000102445,1510181.111999999964609
300059.SZ,2023.12.19,14.15,14.24,14.06,14.169999999999999,14.16,0.01,0.0706,1081582.530000000027939,1530008.208000000100582
300059.SZ,2023.12.20,14.169999999999999,14.199999999999999,13.849999999999999,13.859999999999999,14.169999999999999,-0.31,-2.1877,1386243.979999999981373,1940958.102999999886378
300059.SZ,2023.12.21,13.8,14.029999999999999,13.699999999999999,13.92,13.859999999999999,0.06,0.4329,1260294.169999999925494,1752495.787999999942257
300059.SZ,2023.12.22,13.89,14.009999999999999,13.759999999999999,13.89,13.92,-0.03,-0.2155,1162806.209999999962747,1615559.485000000102445
300059.SZ,2023.12.25,13.859999999999999,13.92,13.81,13.859999999999999,13.89,-0.03,-0.216,678998.959999999962747,940682.319999999948777
300059.SZ,2023.12.26,13.859999999999999,13.89,13.65,13.689999999999999,13.859999999999999,-0.17,-1.2266,859581.96999999997206,1180930.649999999906867
300059.SZ,2023.12.27,13.689999999999999,13.74,13.009999999999999,13.419999999999999,13.689999999999999,-0.27,-1.9722,2342975.209999999962747,3119754.938999999780207
300059.SZ,2023.12.28,13.349999999999999,14.099999999999999,13.32,13.96,13.419999999999999,0.54,4.0238,2523411.850000000093132,3486315.836000000126659
300059.SZ,2023.12.29,13.91,14.109999999999999,13.9,14.039999999999999,13.96,0.08,0.5731,1520285.389999999897554,2130239.154000000096857
300059.SZ,2024.01.02,14.039999999999999,14.05,13.789999999999999,13.8,14.039999999999999,-0.24,-1.7094,1064376.43999999994412,1477596.645000000018626
300059.SZ,2024.01.03,13.81,13.859999999999999,13.56,13.71,13.8,-0.09,-0.6522,1213634.679999999934807,1662576.102999999886378
300059.SZ,2024.01.04,13.699999999999999,13.71,13.4,13.46,13.71,-0.25,-1.8235,1374691.879999999888241,1855462.567999999970197
300059.SZ,2024.01.05,13.439999999999999,13.609999999999999,13.22,13.279999999999999,13.46,-0.18,-1.3373,1433098.889999999897554,1922418.18999999994412
300059.SZ,2024.01.08,13.21,13.339999999999999,13.029999999999999,13.07,13.279999999999999,-0.21,-1.5813,1419887.739999999990686,1867603.033000000054016
300059.SZ,2024.01.09,13.07,13.23,12.97,13.099999999999999,13.07,0.03,0.2295,1188094.550000000046566,1554956.162000000011175
300059.SZ,2024.01.10,13.029999999999999,13.189999999999999,12.91,12.98,13.099999999999999,-0.12,-0.916,1119932.979999999981373,1461625.820999999996274
300059.SZ,2024.01.11,12.96,13.259999999999999,12.88,13.169999999999999,12.98,0.19,1.4638,1590514.40999999991618,2084916.668000000063329
300059.SZ,2024.01.12,13.099999999999999,13.169999999999999,12.949999999999999,12.949999999999999,13.169999999999999,-0.22,-1.6705,1277011.389999999897554,1668870.712999999988824
300059.SZ,2024.01.15,12.88,13.08,12.81,12.83,12.949999999999999,-0.12,-0.9266,1189662.90999999991618,1533737.756000000052154
300059.SZ,2024.01.16,12.789999999999999,12.96,12.599999999999999,12.929999999999999,12.83,0.1,0.7794,1813375.540000000037252,2318335.34500000020489
300059.SZ,2024.01.17,12.82,12.839999999999999,12.429999999999999,12.429999999999999,12.929999999999999,-0.5,-3.867,1874318.929999999934807,2369736.055999999865889
300059.SZ,2024.01.18,12.32,12.88,12.279999999999999,12.82,12.429999999999999,0.39,3.1376,2794325.669999999925494,3512233.015999999828636
300059.SZ,2024.01.19,12.71,12.8,12.63,12.699999999999999,12.82,-0.12,-0.936,1448929.699999999953433,1841834.341999999945983
300059.SZ,2024.01.22,12.669999999999999,12.779999999999999,12.3,12.41,12.699999999999999,-0.29,-2.2835,2034770.18999999994412,2568074.046999999787658
300059.SZ,2024.01.23,12.419999999999999,12.839999999999999,12.359999999999999,12.71,12.41,0.3,2.4174,2173214.069999999832361,2753585.399000000208616
300059.SZ,2024.01.24,12.8,13.38,12.55,13.269999999999999,12.71,0.56,4.406,3567731.430000000167638,4621885.111999999731779
300059.SZ,2024.01.25,13.099999999999999,13.519999999999999,13.029999999999999,13.349999999999999,13.269999999999999,0.08,0.6029,3201998.350000000093132,4251856.190000000409781
300059.SZ,2024.01.26,13.25,13.359999999999999,13.089999999999999,13.119999999999999,13.349999999999999,-0.23,-1.7228,2395877.75,3166067.646000000182539
300059.SZ,2024.01.29,13.119999999999999,13.21,12.82,12.82,13.119999999999999,-0.3,-2.2866,1709189.790000000037252,2220778.412000000011175
300059.SZ,2024.01.30,12.72,12.9,12.539999999999999,12.56,12.82,-0.26,-2.0281,1592304.280000000027939,2027490.823000000091269
300059.SZ,2024.01.31,12.519999999999999,12.689999999999999,12.439999999999999,12.48,12.56,-0.08,-0.6369,1583445.030000000027939,1988501.229000000050291
300059.SZ,2024.02.01,12.419999999999999,12.89,12.41,12.689999999999999,12.48,0.21,1.6827,2008944.050000000046566,2550873.03899999987334
300059.SZ,2024.02.02,12.66,12.759999999999999,12.089999999999999,12.449999999999999,12.689999999999999,-0.24,-1.8913,2435755.410000000149011,3029456.919000000227242
300059.SZ,2024.02.05,12.3,12.63,11.83,12.33,12.449999999999999,-0.12,-0.9639,2862609.169999999925494,3513090.69400000013411
300059.SZ,2024.02.06,12.189999999999999,13.279999999999999,12.119999999999999,13.199999999999999,12.33,0.87,7.056,3376731.390000000130385,4351404.587000000290572
300059.SZ,2024.02.07,13.039999999999999,13.269999999999999,13.019999999999999,13.13,13.199999999999999,-0.07,-0.5303,2872257.319999999832361,3776896.748000000137835
300059.SZ,2024.02.08,13.3,13.47,13.23,13.269999999999999,13.13,0.14,1.0663,2748024.589999999850988,3660680.066000000108033
300059.SZ,2024.02.19,13.349999999999999,13.349999999999999,13.029999999999999,13.23,13.269999999999999,-0.04,-0.3014,1991513.770000000018626,2625167.736000000033527
300059.SZ,2024.02.20,13.179999999999999,13.46,13.119999999999999,13.339999999999999,13.23,0.11,0.8314,2165075.930000000167638,2880267.050999999977648
300059.SZ,2024.02.21,13.23,14.089999999999999,13.169999999999999,13.619999999999999,13.339999999999999,0.28,2.099,4185011.870000000111758,5741236.315999999642372
300059.SZ,2024.02.22,13.5,13.82,13.47,13.73,13.619999999999999,0.11,0.8076,2535116.5,3461261.049999999813735
300059.SZ,2024.02.23,13.75,13.82,13.65,13.73,13.73,0,0,2053784.530000000027939,2819493.490999999921768
300059.SZ,2024.02.26,13.73,13.759999999999999,13.539999999999999,13.55,13.73,-0.18,-1.311,2034038,2775443.617999999783933
300059.SZ,2024.02.27,13.75,14.029999999999999,13.699999999999999,14.019999999999999,13.55,0.47,3.4686,3461022.410000000149011,4794110.365000000223517
300059.SZ,2024.02.28,14.189999999999999,14.359999999999999,13.63,13.64,14.019999999999999,-0.38,-2.7104,4248433.480000000447034,5973198.174999999813735
300059.SZ,2024.02.29,13.63,14.07,13.599999999999999,14.039999999999999,13.64,0.4,2.9326,3145819,4363296.798000000417232
300059.SZ,2024.03.28,12.759999999999999,13.06,12.759999999999999,12.88,12.789999999999999,0.09,0.7037,1507826.040000000037252,1944636.648000000044703
300059.SZ,2024.03.29,12.83,12.9,12.759999999999999,12.89,12.88,0.01,0.0776,1142305.780000000027939,1467113.68999999994412
300059.SZ,2024.03.01,13.99,14.169999999999999,13.83,14,14.039999999999999,-0.04,-0.2849,2853507.720000000204891,3981584.560000000055879
300059.SZ,2024.03.04,13.949999999999999,13.97,13.75,13.83,14,-0.17,-1.2143,1943817.030000000027939,2690056.342999999877065
300059.SZ,2024.03.05,13.769999999999999,13.869999999999999,13.71,13.74,13.83,-0.09,-0.6508,1683969.010000000009313,2320067.78899999987334
300059.SZ,2024.03.06,13.73,13.98,13.699999999999999,13.789999999999999,13.74,0.05,0.3639,1858424.830000000074505,2571065.822999999858438
300059.SZ,2024.03.07,13.75,13.88,13.55,13.57,13.789999999999999,-0.22,-1.5954,1975333.929999999934807,2706685.904999999795108
300059.SZ,2024.03.08,13.58,13.66,13.46,13.56,13.57,-0.01,-0.0737,1344550.90999999991618,1821455.959999999962747
300059.SZ,2024.03.11,13.589999999999999,13.789999999999999,13.519999999999999,13.789999999999999,13.56,0.23,1.6962,2082204.620000000111758,2848753.179000000003725
300059.SZ,2024.03.12,13.849999999999999,14.08,13.779999999999999,13.96,13.789999999999999,0.17,1.2328,2887106.22000000020489,4015299.441000000108033
300059.SZ,2024.03.13,13.939999999999999,13.949999999999999,13.71,13.769999999999999,13.96,-0.19,-1.361,1953198.129999999888241,2695513.930999999865889
300059.SZ,2024.03.14,13.72,13.869999999999999,13.539999999999999,13.63,13.769999999999999,-0.14,-1.0167,1640365.43999999994412,2246901.580999999772757
300059.SZ,2024.03.15,13.63,13.71,13.48,13.66,13.63,0.03,0.2201,1657301.129999999888241,2252331.024000000208616
300059.SZ,2024.03.18,13.699999999999999,14.07,13.669999999999999,13.97,13.66,0.31,2.2694,3225804.470000000204891,4487742.245000000111758
300059.SZ,2024.03.19,13.9,13.9,13.71,13.71,13.97,-0.26,-1.8611,2052849.290000000037252,2833099.859999999869614
300059.SZ,2024.03.20,13.689999999999999,13.779999999999999,13.619999999999999,13.72,13.71,0.01,0.0729,1545079.370000000111758,2116508.953000000212341
300059.SZ,2024.03.21,13.759999999999999,14.06,13.759999999999999,13.839999999999999,13.72,0.12,0.8746,2932438.049999999813735,4081855.299000000115483
300059.SZ,2024.03.22,13.789999999999999,13.8,13.55,13.55,13.839999999999999,-0.29,-2.0954,2143479.850000000093132,2922991.373999999836087
300059.SZ,2024.03.25,13.39,13.519999999999999,13.15,13.169999999999999,13.55,-0.38,-2.8044,2070162.959999999962747,2753908.495000000111758
300059.SZ,2024.03.26,13.15,13.25,13.019999999999999,13.14,13.169999999999999,-0.03,-0.2278,1442902.070000000065192,1894022.199000000022351
300059.SZ,2024.03.27,13.099999999999999,13.109999999999999,12.789999999999999,12.789999999999999,13.14,-0.35,-2.6636,1564381.429999999934807,2021851.027000000001862
300059.SZ,2024.04.01,13.039999999999999,13.14,13.029999999999999,13.089999999999999,12.89,0.2,1.5516,1434979.060000000055879,1876723.90100000007078
300059.SZ,2024.04.02,13.089999999999999,13.109999999999999,12.91,12.949999999999999,13.089999999999999,-0.14,-1.0695,1197351.75,1554893.760999999940395
300059.SZ,2024.04.03,12.92,12.96,12.8,12.81,12.949999999999999,-0.14,-1.0811,1087907.260000000009313,1397751.063000000081956
300059.SZ,2024.04.08,12.699999999999999,12.71,12.509999999999999,12.529999999999999,12.81,-0.28,-2.1858,1436061.760000000009313,1808852.678000000072643
300059.SZ,2024.04.09,12.539999999999999,12.65,12.509999999999999,12.609999999999999,12.529999999999999,0.08,0.6385,897313.770000000018626,1129772.982000000076368
300059.SZ,2024.04.10,12.609999999999999,12.619999999999999,12.339999999999999,12.419999999999999,12.609999999999999,-0.19,-1.5067,1233379.419999999925494,1535023.590000000083819
300059.SZ,2024.04.11,12.33,12.48,12.279999999999999,12.32,12.419999999999999,-0.1,-0.8052,1190300.239999999990686,1473020.492000000085681
300059.SZ,2024.04.12,12.339999999999999,12.369999999999999,12.07,12.099999999999999,12.32,-0.22,-1.7857,1385026.800000000046566,1688186.223999999929219
300059.SZ,2024.04.15,12.109999999999999,12.689999999999999,12.089999999999999,12.449999999999999,12.099999999999999,0.35,2.8926,2566214.75,3183539.074000000022351
300059.SZ,2024.04.16,12.349999999999999,12.519999999999999,12.189999999999999,12.24,12.449999999999999,-0.21,-1.6867,1739267.18999999994412,2150002.561999999918043
300059.SZ,2024.04.17,12.289999999999999,12.56,12.24,12.529999999999999,12.24,0.29,2.3693,1976848.649999999906867,2459183.742000000085681
300059.SZ,2024.04.18,12.48,12.75,12.4,12.47,12.529999999999999,-0.06,-0.4789,2218064.040000000037252,2788347.183999999891966
300059.SZ,2024.04.19,12.39,12.5,12.31,12.33,12.47,-0.14,-1.1227,1261704.120000000111758,1562492.895000000018626
300059.SZ,2024.04.22,12.349999999999999,12.529999999999999,12.32,12.38,12.33,0.05,0.4055,1041479.60999999998603,1292821.540999999968335
300059.SZ,2024.04.23,12.369999999999999,12.5,12.359999999999999,12.439999999999999,12.339999999999999,0.1,0.8104,1081514.90999999991618,1343256.683999999891966
300059.SZ,2024.04.24,12.429999999999999,12.47,12.33,12.449999999999999,12.439999999999999,0.01,0.0804,1149046,1426642.648000000044703
300059.SZ,2024.04.25,12.4,12.48,12.259999999999999,12.349999999999999,12.449999999999999,-0.1,-0.8032,1200561.110000000102445,1483095.908999999985098
300059.SZ,2024.04.26,12.65,13.199999999999999,12.509999999999999,13.119999999999999,12.349999999999999,0.77,6.2348,4877064.200000000186264,6267321.705000000074505
300059.SZ,2024.04.29,13.05,13.38,12.98,13.25,13.119999999999999,0.13,0.9909,4181878.839999999850988,5524541.343000000342726
300059.SZ,2024.04.30,13.15,13.289999999999999,13.039999999999999,13.05,13.25,-0.2,-1.5094,2034359,2669970.782999999821186
300059.SZ,2024.05.06,13.279999999999999,13.57,13.21,13.25,13.05,0.2,1.5326,2972696.580000000074505,3969291.162000000011175
300059.SZ,2024.05.07,13.21,13.269999999999999,13.13,13.179999999999999,13.25,-0.07,-0.5283,1623536.18999999994412,2141717.848999999929219
300059.SZ,2024.05.08,13.16,13.179999999999999,12.92,12.96,13.179999999999999,-0.22,-1.6692,1431147.770000000018626,1862502.370000000111758
300059.SZ,2024.05.09,12.97,13.169999999999999,12.97,13.08,12.96,0.12,0.9259,1408171.149999999906867,1841882.93999999994412
300059.SZ,2024.05.10,13.089999999999999,13.189999999999999,12.99,13.109999999999999,13.08,0.03,0.2294,1593607.899999999906867,2086168.574000000022351
300059.SZ,2024.05.13,13.039999999999999,13.14,12.849999999999999,13.009999999999999,13.109999999999999,-0.1,-0.7628,1622575.560000000055879,2110370.291000000201165
300059.SZ,2024.05.14,13.009999999999999,13.099999999999999,12.929999999999999,13.05,13.009999999999999,0.04,0.3075,1423153.889999999897554,1851328.347000000067055
300059.SZ,2024.05.15,13.099999999999999,13.109999999999999,12.689999999999999,12.71,13.05,-0.34,-2.6054,1985981.959999999962747,2550114.842999999877065
300059.SZ,2024.05.16,12.769999999999999,13.029999999999999,12.699999999999999,12.82,12.71,0.11,0.8655,1967218.290000000037252,2532584.387000000104308
300059.SZ,2024.05.17,12.769999999999999,13.089999999999999,12.759999999999999,13.07,12.82,0.25,1.9501,1842245.260000000009313,2381307.086999999824911
300059.SZ,2024.05.20,13.009999999999999,13.289999999999999,12.99,13.099999999999999,13.07,0.03,0.2295,2158011.410000000149011,2838758.797999999951571
300059.SZ,2024.05.21,13.05,13.189999999999999,12.99,13.039999999999999,13.099999999999999,-0.06,-0.458,1358673.879999999888241,1777550.415999999968335
300059.SZ,2024.05.22,13.009999999999999,13.109999999999999,12.97,13.05,13.039999999999999,0.01,0.0767,1149877.959999999962747,1498775.540999999968335
300059.SZ,2024.05.23,12.99,13,12.71,12.759999999999999,13.05,-0.29,-2.2222,1621190.550000000046566,2079637.429999999934807
300059.SZ,2024.05.24,12.72,12.779999999999999,12.5,12.529999999999999,12.759999999999999,-0.23,-1.8025,1373055.15999999991618,1732090.617000000085681
300059.SZ,2024.05.27,12.519999999999999,12.689999999999999,12.48,12.669999999999999,12.529999999999999,0.14,1.1173,1123949.96999999997206,1414538.753000000026077
300059.SZ,2024.05.28,12.609999999999999,12.71,12.519999999999999,12.529999999999999,12.669999999999999,-0.14,-1.105,892249.68999999994412,1123394.662999999942257
300059.SZ,2024.05.29,12.529999999999999,12.63,12.439999999999999,12.49,12.529999999999999,-0.04,-0.3192,827952.209999999962747,1038013.157000000006519
300059.SZ,2024.05.30,12.429999999999999,12.5,12.39,12.439999999999999,12.49,-0.05,-0.4003,871857.280000000027939,1083830.546000000089406
300059.SZ,2024.05.31,12.5,12.589999999999999,12.41,12.41,12.439999999999999,-0.03,-0.2412,1015521.18999999994412,1268141.273999999975785
300059.SZ,2024.06.03,12.33,12.4,12.22,12.3,12.41,-0.11,-0.8864,1279312.870000000111758,1572294.682999999960884
300059.SZ,2024.06.04,12.289999999999999,12.419999999999999,12.259999999999999,12.39,12.3,0.09,0.7317,1175315.929999999934807,1452451.878999999957159
300059.SZ,2024.06.05,12.369999999999999,12.47,12.31,12.359999999999999,12.39,-0.03,-0.2421,981507.18999999994412,1216688.996999999973922
300059.SZ,2024.06.06,12.369999999999999,12.429999999999999,12.24,12.259999999999999,12.359999999999999,-0.1,-0.8091,1225252.68999999994412,1508476.338999999919906
300059.SZ,2024.06.07,12.3,12.359999999999999,11.96,12.16,12.259999999999999,-0.1,-0.8157,1500354.989999999990686,1824210.125999999931082
300059.SZ,2024.06.11,12.089999999999999,12.22,12.05,12.119999999999999,12.16,-0.04,-0.3289,1027172.43999999994412,1247994.968000000109896
300059.SZ,2024.06.12,12.109999999999999,12.31,12.08,12.179999999999999,12.119999999999999,0.06,0.495,1121418.379999999888241,1365898.433999999891966
300059.SZ,2024.06.13,12.179999999999999,12.259999999999999,12.14,12.169999999999999,12.179999999999999,-0.01,-0.0821,927012.25,1129331.286000000080093
300059.SZ,2024.06.14,12.14,12.41,12.029999999999999,12.339999999999999,12.169999999999999,0.17,1.3969,2337720.540000000037252,2860798.56499999994412
300059.SZ,2024.06.17,12.22,12.369999999999999,12.189999999999999,12.339999999999999,12.339999999999999,0,0,1265781.429999999934807,1557867.341000000014901
300059.SZ,2024.06.18,12.349999999999999,12.439999999999999,12.32,12.38,12.339999999999999,0.04,0.3241,1265352.120000000111758,1566422.597999999998137
300059.SZ,2024.06.19,12.39,12.39,12.16,12.189999999999999,12.38,-0.19,-1.5347,1041772.180000000051222,1277727.402999999932944
300059.SZ,2024.06.20,12.179999999999999,12.189999999999999,11.939999999999999,11.939999999999999,12.189999999999999,-0.25,-2.0509,1477666.020000000018626,1778852.260999999940395
300059.SZ,2024.06.21,11.949999999999999,12.05,11.849999999999999,11.939999999999999,11.939999999999999,0,0,1174194.320000000065192,1401730.997999999905005
300059.SZ,2024.06.24,11.849999999999999,11.97,11.8,11.8,11.939999999999999,-0.14,-1.1725,1113825.820000000065192,1322310.060999999986961
300059.SZ,2024.06.25,11.779999999999999,11.839999999999999,11.509999999999999,11.539999999999999,11.8,-0.26,-2.2034,1523401.75,1775730.20699999993667
300059.SZ,2024.06.26,11.509999999999999,11.73,11.439999999999999,11.689999999999999,11.539999999999999,0.15,1.2998,1193789.510000000009313,1385293.068999999901279
300059.SZ,2024.06.27,11.619999999999999,11.63,11.339999999999999,11.339999999999999,11.689999999999999,-0.35,-2.994,1284322.929999999934807,1475640.773999999975785
300059.SZ,2024.06.28,11.32,11.439999999999999,10.349999999999999,10.56,11.339999999999999,-0.78,-6.878300000000001,4166152.419999999925494,4525769.407999999821186
300059.SZ,2024.07.01,10.48,10.73,10.33,10.47,10.56,-0.09,-0.8523,2408741.120000000111758,2524741.523000000044703
300059.SZ,2024.07.02,10.49,10.57,10.23,10.269999999999999,10.47,-0.2,-1.9102,2214497.68999999994412,2306228.979999999981373
300059.SZ,2024.07.03,10.279999999999999,10.38,10,10.259999999999999,10.269999999999999,-0.01,-0.0974,2719517.359999999869614,2767464.677000000141561
300059.SZ,2024.07.04,10.23,10.359999999999999,10.13,10.13,10.259999999999999,-0.13,-1.2671,1506043.479999999981373,1538406.351000000024214
300059.SZ,2024.07.05,10.109999999999999,10.279999999999999,10.06,10.21,10.13,0.08,0.7897,1458826.010000000009313,1484763.543000000063329
300059.SZ,2024.07.08,10.15,10.189999999999999,9.929999999999999,9.96,10.21,-0.25,-2.4486,1644104.729999999981373,1650284.83199999993667
300059.SZ,2024.07.09,9.98,10.21,9.869999999999999,10.13,9.96,0.17,1.7068,2138942.890000000130385,2150374.979999999981373
300059.SZ,2024.07.10,10.06,10.3,10.029999999999999,10.119999999999999,10.13,-0.01,-0.0987,1524608.120000000111758,1550173.818999999901279
300059.SZ,2024.07.11,10.3,10.589999999999999,10.23,10.429999999999999,10.119999999999999,0.31,3.0632,2540237.089999999850988,2645763.875
300059.SZ,2024.07.12,10.41,10.47,10.32,10.359999999999999,10.429999999999999,-0.07,-0.6711,1276222.280000000027939,1324453.466999999945983
300059.SZ,2024.07.15,10.31,10.4,10.269999999999999,10.33,10.359999999999999,-0.03,-0.2896,988324.050000000046566,1021346.253999999957159
300059.SZ,2024.07.16,10.339999999999999,10.48,10.289999999999999,10.449999999999999,10.33,0.12,1.1617,1339593.120000000111758,1396260.492000000085681
300059.SZ,2024.07.17,10.449999999999999,10.589999999999999,10.419999999999999,10.5,10.449999999999999,0.05,0.4785,1507445.919999999925494,1583897.040000000037252
300059.SZ,2024.07.18,10.47,10.589999999999999,10.369999999999999,10.539999999999999,10.5,0.04,0.381,1484562.43999999994412,1556252.28900000010617
300059.SZ,2024.07.19,10.48,10.75,10.48,10.699999999999999,10.539999999999999,0.16,1.518,1791079.570000000065192,1908209.496999999973922
300059.SZ,2024.07.22,10.859999999999999,10.9,10.57,10.689999999999999,10.699999999999999,-0.01,-0.0935,1939132.479999999981373,2077274.601999999955296
300059.SZ,2024.07.23,10.619999999999999,10.669999999999999,10.339999999999999,10.349999999999999,10.689999999999999,-0.34,-3.1805,1589709.080000000074505,1671063.92699999990873
300059.SZ,2024.07.24,10.33,10.369999999999999,10.109999999999999,10.14,10.349999999999999,-0.21,-2.029,1618384.540000000037252,1653866.185000000055879
300059.SZ,2024.07.25,10.109999999999999,10.33,10.08,10.269999999999999,10.14,0.13,1.2821,1464041.120000000111758,1501276.959000000031665
300059.SZ,2024.07.26,10.279999999999999,10.65,10.259999999999999,10.519999999999999,10.269999999999999,0.25,2.4343,1627670.379999999888241,1709272.229000000050291
300059.SZ,2024.07.29,10.47,10.519999999999999,10.39,10.4,10.519999999999999,-0.12,-1.1407,911293.819999999948777,952011.923999999999068
300059.SZ,2024.07.30,10.359999999999999,10.439999999999999,10.3,10.38,10.4,-0.02,-0.1923,1048106.650000000023283,1087728.514999999897554
300059.SZ,2024.07.31,10.4,11.39,10.38,11.14,10.38,0.76,7.3218,4844677.389999999664723,5325308.785000000149011
300059.SZ,2024.08.01,11,11.119999999999999,10.939999999999999,10.98,11.14,-0.16,-1.4363,2455328.160000000149011,2707916.816000000108033
300059.SZ,2024.08.02,10.929999999999999,11.08,10.73,10.779999999999999,10.98,-0.2,-1.8215,1789986.370000000111758,1947816.878999999957159
300059.SZ,2024.08.05,10.699999999999999,11.05,10.689999999999999,10.73,10.779999999999999,-0.05,-0.4638,2095202.290000000037252,2275619.614000000059604
300059.SZ,2024.08.06,10.869999999999999,10.92,10.619999999999999,10.75,10.73,0.02,0.1864,1588949.520000000018626,1706135.475000000093132
300059.SZ,2024.08.07,10.71,10.83,10.619999999999999,10.679999999999999,10.75,-0.07,-0.6512,1214321.870000000111758,1299540.510999999940395
300059.SZ,2024.08.08,10.64,10.88,10.57,10.669999999999999,10.679999999999999,-0.01,-0.0936,1593419.570000000065192,1704161.593000000109896
300059.SZ,2024.08.09,10.73,10.759999999999999,10.46,10.46,10.669999999999999,-0.21,-1.9681,1553362.870000000111758,1645542.722999999998137
300059.SZ,2024.08.12,10.529999999999999,10.689999999999999,10.48,10.55,10.46,0.09,0.8604,1401138.370000000111758,1482831.722999999998137
300059.SZ,2024.08.13,10.56,10.73,10.47,10.72,10.55,0.17,1.6114,1428033.5,1515321.128000000026077
300059.SZ,2024.08.14,10.65,10.75,10.64,10.65,10.72,-0.07,-0.653,1242392.15999999991618,1326913.036000000080093
300059.SZ,2024.08.15,10.619999999999999,10.83,10.609999999999999,10.669999999999999,10.65,0.02,0.1878,2335212.479999999981373,2502145.876000000163912
300059.SZ,2024.08.16,10.609999999999999,10.65,10.519999999999999,10.57,10.669999999999999,-0.1,-0.9372,1328057.949999999953433,1404501.468000000109896
300059.SZ,2024.08.19,10.55,10.71,10.529999999999999,10.609999999999999,10.57,0.04,0.3784,1132543.530000000027939,1203841.916999999899417
300059.SZ,2024.08.20,10.609999999999999,10.66,10.5,10.519999999999999,10.609999999999999,-0.09,-0.8483,1216429.330000000074505,1286733.999000000068917
300059.SZ,2024.08.21,10.47,10.56,10.429999999999999,10.509999999999999,10.519999999999999,-0.01,-0.0951,782954.810000000055879,822281.989999999990686
300059.SZ,2024.08.22,10.55,10.58,10.179999999999999,10.189999999999999,10.509999999999999,-0.32,-3.0447,1691113.530000000027939,1746002.459999999962747
300059.SZ,2024.08.23,10.199999999999999,10.38,10.189999999999999,10.3,10.189999999999999,0.11,1.0795,1355242.429999999934807,1393113.972999999998137
300059.SZ,2024.08.26,10.3,10.419999999999999,10.269999999999999,10.33,10.3,0.03,0.2913,945200.780000000027939,977374.037000000011175
300059.SZ,2024.08.27,10.3,10.32,10.169999999999999,10.21,10.33,-0.12,-1.1617,824312.770000000018626,841642.964000000036321
300059.SZ,2024.08.28,10.179999999999999,10.259999999999999,10.109999999999999,10.22,10.21,0.01,0.0979,839135.46999999997206,855287.780000000027939
300059.SZ,2024.08.29,10.189999999999999,10.439999999999999,10.179999999999999,10.39,10.22,0.17,1.6634,1353469.100000000093132,1401245.80199999990873
300059.SZ,2024.08.30,10.39,10.96,10.349999999999999,10.8,10.39,0.41,3.9461,3452666.310000000055879,3719405.31900000013411
300059.SZ,2024.09.02,10.74,10.779999999999999,10.39,10.4,10.8,-0.4,-3.7037,2016129.899999999906867,2126806.388999999966472
300059.SZ,2024.09.03,10.349999999999999,10.529999999999999,10.339999999999999,10.46,10.4,0.06,0.5769,1308934.739999999990686,1365458.077000000048428
300059.SZ,2024.09.04,10.359999999999999,10.57,10.349999999999999,10.46,10.46,0,0,1125028.520000000018626,1179633.736999999964609
300059.SZ,2024.09.05,10.47,10.699999999999999,10.47,10.65,10.46,0.19,1.8164,1488530.629999999888241,1580923.392999999923631
300059.SZ,2024.09.06,10.8,10.88,10.539999999999999,10.56,10.65,-0.09,-0.8451,2165132.22000000020489,2317913.177999999839812
300059.SZ,2024.09.09,10.48,10.65,10.419999999999999,10.55,10.56,-0.01,-0.0947,1309103.520000000018626,1379306.178000000072643
300059.SZ,2024.09.10,10.56,10.599999999999999,10.349999999999999,10.519999999999999,10.55,-0.03,-0.2844,1225406.879999999888241,1281992.45299999997951
300059.SZ,2024.09.11,10.48,10.57,10.46,10.529999999999999,10.519999999999999,0.01,0.0951,940123.57999999995809,988136.986999999964609
300059.SZ,2024.09.12,10.529999999999999,10.589999999999999,10.429999999999999,10.449999999999999,10.529999999999999,-0.08,-0.7597,968415.910000000032596,1017637.315999999991618
300059.SZ,2024.09.13,10.449999999999999,10.539999999999999,10.38,10.38,10.449999999999999,-0.07,-0.6699,968291.209999999962747,1011898.287999999942257
300059.SZ,2024.09.18,10.4,10.47,10.31,10.429999999999999,10.38,0.05,0.4817,928580.430000000051222,964672.707999999984167
300059.SZ,2024.09.19,10.509999999999999,11.06,10.46,10.759999999999999,10.429999999999999,0.33,3.164,3454168.950000000186264,3720765.152999999932944
300059.SZ,2024.09.20,10.66,10.779999999999999,10.63,10.759999999999999,10.759999999999999,0,0,1719761.330000000074505,1839359.95299999997951
300059.SZ,2024.09.23,10.769999999999999,10.83,10.679999999999999,10.73,10.759999999999999,-0.03,-0.2788,1094177.139999999897554,1176058.977999999886378
300059.SZ,2024.09.24,10.939999999999999,11.97,10.74,11.96,10.73,1.23,11.4632,8212805.669999999925494,9422277.623999999836087
300059.SZ,2024.09.25,12.32,12.8,12.16,12.419999999999999,11.96,0.46,3.8462,9169733.990000000223517,11425846.226999999955296
300059.SZ,2024.09.26,12.259999999999999,14.289999999999999,12.25,14.099999999999999,12.419999999999999,1.68,13.5266,10933872.78999999910593,14357403.682000000029802
300059.SZ,2024.09.27,14.759999999999999,16.920000000000001,14.529999999999999,16.920000000000001,14.099999999999999,2.82,20,18026541.899999998509883,28163847.793000001460313
300059.SZ,2024.09.30,19.489999999999998,20.3,19.16,20.3,16.920000000000001,3.38,19.976400000000001,15369515.820000000298023,30597718.302999999374151
300059.SZ,2024.10.08,24.359999999999999,24.359999999999999,22.769999999999999,24.359999999999999,20.3,4.06,20,13667677.570000000298023,33078472.089999999850988
300059.SZ,2024.10.09,24,29,22.609999999999999,24.899999999999998,24.359999999999999,0.54,2.2167,34623505.969999998807907,90037647.343999996781349
300059.SZ,2024.10.10,24.100000000000001,24.559999999999998,19.920000000000001,20.55,24.899999999999998,-4.35,-17.469899999999999,23863266.679999999701976,51973140.575000002980232
300059.SZ,2024.10.11,19.510000000000001,21.5,19.510000000000001,20.850000000000001,20.55,0.3,1.4599,14583065.619999999180436,30143290.043999999761581
300059.SZ,2024.10.14,20.649999999999998,21.600000000000001,18.89,21.07,20.850000000000001,0.22,1.0552,16536439.150000000372529,33397212.08900000154972
300059.SZ,2024.10.15,20.3,21.260000000000001,20.129999999999998,20.16,21.07,-0.91,-4.318900000000001,11437951.240000000223517,23638885.421000000089406
300059.SZ,2024.10.16,19.64,21.07,19.64,20.379999999999998,20.16,0.22,1.0913,11287697.759999999776482,22883131.840999998152256
300059.SZ,2024.10.17,20.519999999999999,20.929999999999999,19.859999999999999,19.899999999999998,20.379999999999998,-0.48,-2.3553,10250685.990000000223517,20858527.817999999970197
300059.SZ,2024.10.18,19.839999999999999,23.879999999999999,19.559999999999998,22.949999999999999,19.899999999999998,3.05,15.326599999999999,24874024.5,54244873.273000001907348
300059.SZ,2024.10.21,21.91,22.899999999999998,21.850000000000001,22.25,22.949999999999999,-0.7,-3.0501,16843056.570000000298023,37552280.403999999165534
300059.SZ,2024.10.22,22.100000000000001,23.269999999999999,22,22.629999999999999,22.25,0.38,1.7079,12709582.28999999910593,28758797.640000000596046
300059.SZ,2024.10.23,22.879999999999999,23.719999999999998,22.280000000000001,22.519999999999999,22.629999999999999,-0.11,-0.4861,13998657.59999999962747,32078993.405000001192092
300059.SZ,2024.10.24,22.199999999999999,22.8,21.899999999999998,22.190000000000001,22.519999999999999,-0.33,-1.4654,8835484.28999999910593,19669635.199000000953674
300059.SZ,2024.10.25,22.25,23.359999999999999,22,22.699999999999999,22.190000000000001,0.51,2.2983,11503089.550000000745058,26028612.421999998390674
300059.SZ,2024.10.28,22.48,22.940000000000001,22.399999999999998,22.66,22.699999999999999,-0.04,-0.1762,7618521.259999999776482,17260726.611999999731779
300059.SZ,2024.10.29,22.82,23.14,22.100000000000001,22.179999999999999,22.66,-0.48,-2.1183,9054297.949999999254941,20458360.791000001132488
300059.SZ,2024.10.30,21.899999999999998,22.219999999999998,21.32,21.57,22.179999999999999,-0.61,-2.7502,8453140.509999999776482,18377925.241999998688697
300059.SZ,2024.10.31,21.579999999999998,24.5,21.39,23.190000000000001,21.57,1.62,7.5104,19478776.429999999701976,45130903.729999996721744
300059.SZ,2024.11.01,22.8,24.239999999999998,22.739999999999998,23,23.190000000000001,-0.19,-0.8193,15831915.830000000074505,37175032.45499999821186
300059.SZ,2024.11.04,23,25,22.769999999999999,24.780000000000001,23,1.78,7.7391,14909580.78999999910593,35516483.806999996304512
300059.SZ,2024.11.05,25.010000000000001,28.609999999999999,24.109999999999999,27.350000000000001,24.780000000000001,2.57,10.371299999999999,20848157.300000000745058,55269637.530000001192092
300059.SZ,2024.11.06,27.629999999999999,29.5,26,26.440000000000001,27.350000000000001,-0.91,-3.3272,20553706.089999999850988,56805929.141000002622604
300059.SZ,2024.11.07,25.75,30,25.75,30,26.440000000000001,3.56,13.464399999999999,21388769.28999999910593,59716940.181000001728534
300059.SZ,2024.11.08,31,31,28.019999999999999,28.239999999999998,30,-1.76,-5.8667,18256952.570000000298023,53516291.821000002324581
300059.SZ,2024.11.11,27.600000000000001,29.190000000000001,27.600000000000001,28.699999999999999,28.239999999999998,0.46,1.6289,10566847.31000000052154,30147097.635000001639127
300059.SZ,2024.11.12,28.71,29.120000000000001,27.600000000000001,28.350000000000001,28.699999999999999,-0.35,-1.2195,11009864.640000000596046,31251870.484000001102685
300059.SZ,2024.11.13,28.010000000000001,28.679999999999999,27.420000000000001,28.179999999999999,28.350000000000001,-0.17,-0.5996,8398931.490000000223517,23531753.370000001043081
300059.SZ,2024.11.14,28,28.420000000000001,27.399999999999998,27.41,28.179999999999999,-0.77,-2.7324,7428856.59999999962747,20736004.978000000119209
300059.SZ,2024.11.15,27.339999999999999,27.55,25.589999999999999,25.629999999999999,27.41,-1.78,-6.494,11396456.009999999776482,30195067.879999998956918
300059.SZ,2024.11.18,25.600000000000001,26.5,24.809999999999998,25.829999999999998,25.629999999999999,0.2,0.7803,9686996.939999999478459,24847822.962999999523162
300059.SZ,2024.11.19,25.929999999999999,27.120000000000001,25.649999999999998,26.969999999999998,25.829999999999998,1.14,4.4135,10048142.550000000745058,26410930.250999998301267
300059.SZ,2024.11.20,26.55,27.120000000000001,26.399999999999998,26.670000000000001,26.969999999999998,-0.3,-1.1123,7156019.25,19103572.291999999433755
300059.SZ,2024.11.21,26.5,27.949999999999999,26.46,27.39,26.670000000000001,0.72,2.6997,9635015.589999999850988,26191780.552999999374151
300059.SZ,2024.11.22,27.149999999999998,27.66,25.73,25.899999999999998,27.39,-1.49,-5.4399,9245168.730000000447034,24723464.289000000804662
300059.SZ,2024.11.25,25.760000000000001,26.089999999999999,24.82,25.370000000000001,25.899999999999998,-0.53,-2.0463,7117159.620000000111758,18026887.969000000506639
300059.SZ,2024.11.26,25.370000000000001,25.98,25.100000000000001,25.14,25.370000000000001,-0.23,-0.9066,5321035.450000000186264,13567748.825999999418854
300059.SZ,2024.11.27,25,26.5,24.859999999999999,26.41,25.14,1.27,5.051700000000001,8603075.160000000149011,22180953.28099999949336
300059.SZ,2024.11.28,26.41,26.539999999999999,25.739999999999998,25.780000000000001,26.41,-0.63,-2.3855,6177662.139999999664723,16111721.447000000625848
300059.SZ,2024.11.29,25.780000000000001,28.879999999999999,25.780000000000001,27.260000000000001,25.780000000000001,1.48,5.7409,13252220.269999999552965,36130428.074000000953674
300059.SZ,2024.12.02,26.8,27.789999999999999,26.699999999999999,27.46,27.260000000000001,0.2,0.7337,8277176.290000000037252,22643098.826000001281499
300059.SZ,2024.12.03,27.350000000000001,27.949999999999999,26.91,27.359999999999999,27.46,-0.1,-0.3642,7141623.219999999739229,19532944.767999999225139
300059.SZ,2024.12.04,27.100000000000001,27.66,26.809999999999998,26.929999999999999,27.359999999999999,-0.43,-1.5716,5763573.660000000149011,15670348.335000000894069
300059.SZ,2024.12.05,26.829999999999998,27.769999999999999,26.789999999999999,27.48,26.929999999999999,0.55,2.0423,6311506.820000000298023,17292196.561999998986721
300059.SZ,2024.12.06,27.399999999999998,28.440000000000001,27.149999999999998,27.839999999999999,27.48,0.36,1.31,8999560.449999999254941,25116729.868999999016523
300059.SZ,2024.12.09,27.57,28.14,27.199999999999999,27.539999999999999,27.839999999999999,-0.3,-1.0776,5740585,15865793.660000000149011
300059.SZ,2024.12.10,30,30,27.789999999999999,28,27.539999999999999,0.46,1.6703,13897989.09999999962747,40306053.344999998807907
300059.SZ,2024.12.11,27.850000000000001,28.289999999999999,27.370000000000001,27.649999999999998,28,-0.35,-1.25,6475469.089999999850988,17974631.355000000447034
300059.SZ,2024.12.12,27.600000000000001,28.3,27.379999999999998,27.91,27.649999999999998,0.26,0.9403,6578229.809999999590218,18306815.364999998360872
300059.SZ,2024.12.13,27.579999999999998,27.579999999999998,26.339999999999999,26.41,27.91,-1.5,-5.3744,9012205.429999999701976,24323145.432999998331069
300059.SZ,2024.12.16,26.199999999999999,26.23,25.55,25.75,26.41,-0.66,-2.4991,5658128.900000000372529,14633294.311000000685453
300059.SZ,2024.12.17,25.719999999999998,26.280000000000001,25.649999999999998,25.879999999999999,25.75,0.13,0.5049,4710759.889999999664723,12212581.475999999791383
300059.SZ,2024.12.18,26,26.149999999999998,25.699999999999999,25.809999999999998,25.879999999999999,-0.07,-0.2705,3273521.930000000167638,8473280.921000000089406
300059.SZ,2024.12.19,25.379999999999998,26.05,25.260000000000001,25.850000000000001,25.809999999999998,0.04,0.155,3508310.669999999925494,9037169.791999999433755
300059.SZ,2024.12.20,25.859999999999999,26.489999999999998,25.769999999999999,26.109999999999999,25.850000000000001,0.26,1.0058,4390278.589999999850988,11468783.02199999988079
300059.SZ,2024.12.23,25.89,26.39,25.739999999999998,25.899999999999998,26.109999999999999,-0.21,-0.8043,3523175.899999999906867,9177889.373999999836087
300059.SZ,2024.12.24,25.920000000000001,26.329999999999998,25.760000000000001,26.289999999999999,25.899999999999998,0.39,1.5058,3935739.43999999994412,10275409.951999999582767
300059.SZ,2024.12.25,26.329999999999998,26.370000000000001,25.839999999999999,26.100000000000001,26.289999999999999,-0.19,-0.7227,3210912.509999999776482,8379226.561999999918043
300059.SZ,2024.12.26,26.089999999999999,26.260000000000001,25.920000000000001,26.07,26.100000000000001,-0.03,-0.1149,2826093.209999999962747,7383461.168999999761581
300059.SZ,2024.12.27,26.079999999999998,27.179999999999999,25.96,26.55,26.07,0.48,1.8412,6766872.490000000223517,17957896.750999998301267
300059.SZ,2024.12.30,26.399999999999998,27.16,26.329999999999998,27.16,26.55,0.61,2.2976,5837461.580000000074505,15674390.684000000357627
300059.SZ,2024.12.31,27.010000000000001,27.190000000000001,25.8,25.82,27.16,-1.34,-4.9337,6539325.709999999962747,17319751.361999999731779
300059.SZ,2025.01.02,25.579999999999998,25.66,23.519999999999999,23.989999999999998,25.82,-1.83,-7.087500000000001,8937696.669999999925494,21955486.318999998271465
300059.SZ,2025.01.03,23.920000000000001,23.989999999999998,22.859999999999999,22.859999999999999,23.989999999999998,-1.13,-4.710300000000001,6621087.940000000409782,15395241.696000000461935
300059.SZ,2025.01.06,22.589999999999999,23,22.399999999999998,22.539999999999999,22.859999999999999,-0.32,-1.3998,4233747.370000000111758,9592894.528999999165534
300059.SZ,2025.01.07,22.62,23.05,22.41,23.010000000000001,22.539999999999999,0.47,2.0852,4215493.959999999962747,9589671.346999999135732
300059.SZ,2025.01.08,22.789999999999999,23.05,21.96,22.559999999999998,23.010000000000001,-0.45,-1.9557,5778177.950000000186264,12977134.868000000715255
300059.SZ,2025.01.09,22.48,22.87,22.329999999999998,22.489999999999998,22.559999999999998,-0.07,-0.3103,2992003.129999999888241,6766497.055999999865889
300059.SZ,2025.01.10,22.489999999999998,22.690000000000001,21.879999999999999,21.879999999999999,22.489999999999998,-0.61,-2.7123,3352470.669999999925494,7479416.742999999783933
300059.SZ,2025.01.13,21.46,22.339999999999999,21.46,22.120000000000001,21.879999999999999,0.24,1.0969,3368406.379999999888241,7397444.292000000365078
300059.SZ,2025.01.14,22.420000000000001,23.89,22.219999999999998,23.859999999999999,22.120000000000001,1.74,7.8662,8798739.820000000298023,20478466.015999998897314
300059.SZ,2025.01.15,23.55,23.66,23.23,23.32,23.859999999999999,-0.54,-2.2632,4489053.84999999962747,10509548.065999999642372
300059.SZ,2025.01.16,23.55,23.969999999999998,23.07,23.39,23.32,0.07,0.3002,4473025.080000000074505,10511127.822000000625848
300059.SZ,2025.01.17,23.25,23.739999999999998,23.179999999999999,23.440000000000001,23.39,0.05,0.2138,3635276.379999999888241,8540687.876000000163912
300059.SZ,2025.01.20,23.780000000000001,23.96,23.329999999999998,23.510000000000001,23.440000000000001,0.07,0.2986,4143183.100000000093132,9802738.642999999225139
300059.SZ,2025.01.21,23.8,23.98,23.260000000000001,23.850000000000001,23.510000000000001,0.34,1.4462,4366910.870000000111758,10327800.395999999716877
300059.SZ,2025.01.22,23.62,23.789999999999999,23.370000000000001,23.670000000000001,23.850000000000001,-0.18,-0.7547,3596647.379999999888241,8470112.899000000208616
300059.SZ,2025.01.23,24.399999999999998,25.199999999999999,23.73,23.73,23.670000000000001,0.06,0.2535,8530898.699999999254941,20823362.129000000655651
300059.SZ,2025.01.24,23.57,24.199999999999999,23.559999999999998,24.089999999999999,23.73,0.36,1.5171,4729396.660000000149011,11357392.83699999935925
300059.SZ,2025.01.27,24.089999999999999,24.149999999999998,22.929999999999999,22.940000000000001,24.089999999999999,-1.15,-4.7738,4614556.919999999925494,10809937.324999999254941
300059.SZ,2025.02.05,23.3,23.350000000000001,22.899999999999998,22.989999999999998,22.940000000000001,0.05,0.218,3134682.229999999981373,7245772.125
300059.SZ,2025.02.06,22.89,23.87,22.780000000000001,23.690000000000001,22.989999999999998,0.7,3.0448,4783465.820000000298023,11213047.472999999299645
300059.SZ,2025.02.07,23.539999999999999,25.079999999999998,23.510000000000001,24.280000000000001,23.690000000000001,0.59,2.4905,9336071.830000000074505,22655603.028000000864267
300059.SZ,2025.02.10,24.280000000000001,24.510000000000001,24.030000000000001,24.339999999999999,24.280000000000001,0.06,0.2471,4937142.53000000026077,11988437.533999999985098
300059.SZ,2025.02.11,24.289999999999999,24.289999999999999,23.780000000000001,23.940000000000001,24.339999999999999,-0.4,-1.6434,4067321.560000000055879,9745085.023000000044703
300059.SZ,2025.02.12,23.850000000000001,24.690000000000001,23.839999999999999,24.539999999999999,23.940000000000001,0.6,2.5063,5046451.799999999813735,12210834.687999999150633
300059.SZ,2025.02.13,24.3,24.789999999999999,24.109999999999999,24.16,24.539999999999999,-0.38,-1.5485,5508430.139999999664723,13428395.782999999821186
300059.SZ,2025.02.14,24.030000000000001,24.359999999999999,23.899999999999998,24.219999999999998,24.16,0.06,0.2483,3962256.060000000055879,9564838.960999999195337
300059.SZ,2025.02.17,24.559999999999998,24.73,24.16,24.370000000000001,24.219999999999998,0.15,0.6193,4793366.700000000186264,11724275.351999999955296
300059.SZ,2025.02.18,24.199999999999999,24.269999999999999,23.280000000000001,23.329999999999998,24.370000000000001,-1.04,-4.2675,5138122.5,12229148.713999999687075
300059.SZ,2025.02.19,23.3,23.96,23.260000000000001,23.82,23.329999999999998,0.49,2.1003,4209937.419999999925494,9973690.259999999776482
300059.SZ,2025.02.20,23.719999999999998,23.829999999999998,23.489999999999998,23.57,23.82,-0.25,-1.0495,2958360.22000000020489,6987387.622999999672174
300059.SZ,2025.02.21,23.649999999999998,24.519999999999999,23.339999999999999,24.350000000000001,23.57,0.78,3.3093,7552708.730000000447034,18191960.958000000566244
300059.SZ,2025.02.24,24.23,24.530000000000001,23.879999999999999,24.120000000000001,24.350000000000001,-0.23,-0.9446,4873934.219999999739229,11793967.701999999582767
300059.SZ,2025.02.25,23.75,24.05,23.629999999999999,23.699999999999999,24.120000000000001,-0.42,-1.7413,3459575.009999999776482,8239757.940999999642372
300059.SZ,2025.02.26,23.8,24.489999999999998,23.609999999999999,24.399999999999998,23.699999999999999,0.7,2.9536,6228896.84999999962747,14991737.997999999672174
300059.SZ,2025.02.27,24.199999999999999,24.379999999999998,23.670000000000001,24.129999999999998,24.399999999999998,-0.27,-1.1066,5763511.360000000335276,13839782.607999999076128
300059.SZ,2025.02.28,23.929999999999999,24.239999999999998,23.179999999999999,23.23,24.129999999999998,-0.9,-3.7298,4677473.589999999850988,11069093.801999999210238
300059.SZ,2025.03.03,23.23,23.449999999999999,22.780000000000001,22.949999999999999,23.23,-0.28,-1.2053,3473313.629999999888241,8032886.85800000000745
300059.SZ,2025.03.04,22.780000000000001,23.089999999999999,22.71,22.98,22.949999999999999,0.03,0.1307,2219291.339999999850988,5093128.742999999783933
300059.SZ,2025.03.05,22.949999999999999,23.179999999999999,22.769999999999999,22.98,22.98,0,0,2677566.720000000204891,6149550.514999999664723
300059.SZ,2025.03.06,23.21,24.179999999999999,23.199999999999999,23.929999999999999,22.98,0.95,4.134000000000001,7120486.709999999962747,16947203.631000000983476
300059.SZ,2025.03.07,23.679999999999999,23.75,23.329999999999998,23.41,23.929999999999999,-0.52,-2.173,3888683.470000000204891,9161945.309000000357627
300059.SZ,2025.03.10,23.359999999999999,23.429999999999999,23.079999999999998,23.269999999999999,23.41,-0.14,-0.598,2239749.080000000074505,5199219.406000000424683
300059.SZ,2025.03.11,22.949999999999999,23.39,22.91,23.379999999999998,23.269999999999999,0.11,0.4727,2375561.479999999981373,5509809.303000000305473
300059.SZ,2025.03.12,23.46,24.05,23.359999999999999,23.609999999999999,23.379999999999998,0.23,0.9837,4167680.609999999869614,9879883.537000000476837
300059.SZ,2025.03.13,23.5,23.739999999999998,23.170000000000001,23.350000000000001,23.609999999999999,-0.26,-1.1012,2876501.430000000167638,6739338.266999999992549
300059.SZ,2025.03.14,23.469999999999998,25.129999999999998,23.420000000000001,24.429999999999999,23.350000000000001,1.08,4.625300000000001,10796203.550000000745058,26272703.276000000536441
300059.SZ,2025.03.17,24.190000000000001,24.350000000000001,23.96,24.079999999999998,24.429999999999999,-0.35,-1.4327,4692484.230000000447034,11314462.377000000327825
300059.SZ,2025.03.18,24.309999999999998,24.370000000000001,24.010000000000001,24.129999999999998,24.079999999999998,0.05,0.2076,2682559.120000000111758,6475616.449000000022351
300059.SZ,2025.03.19,24.120000000000001,24.25,23.949999999999999,24.030000000000001,24.129999999999998,-0.1,-0.4144,2813602.740000000223517,6766577.559000000357627
300059.SZ,2025.03.20,24.059999999999998,24.07,23.690000000000001,23.809999999999998,24.030000000000001,-0.22,-0.9155,2506706.600000000093132,5983610.859000000171363
300059.SZ,2025.03.21,23.71,23.91,23.23,23.269999999999999,23.809999999999998,-0.54,-2.268,3308992.990000000223517,7778007.075000000186264
300059.SZ,2025.03.24,23.260000000000001,23.32,22.929999999999999,23.269999999999999,23.269999999999999,0,0,2626628.18999999994412,6077282.014000000432133
300059.SZ,2025.03.25,23.3,23.32,22.899999999999998,22.929999999999999,23.269999999999999,-0.34,-1.4611,2070916.050000000046566,4771278.066999999806284
300059.SZ,2025.03.26,22.98,23.23,22.96,22.969999999999998,22.929999999999999,0.04,0.1744,1656005.479999999981373,3817536.422999999951571
300059.SZ,2025.03.27,22.899999999999998,23.25,22.780000000000001,22.98,22.969999999999998,0.01,0.0435,2047424.929999999934807,4715409.95299999974668
300059.SZ,2025.03.28,23.039999999999999,23.179999999999999,22.899999999999998,23,22.98,0.02,0.087,1791404.840000000083819,4123235.415000000037252
300059.SZ,2025.03.31,22.82,22.98,22.39,22.579999999999998,23,-0.42,-1.8261,2631445.589999999850988,5950019.382000000216066
300059.SZ,2025.04.01,22.679999999999999,22.780000000000001,22.149999999999998,22.199999999999999,22.579999999999998,-0.38,-1.6829,2979504.529999999795108,6675487.218000000342726
300059.SZ,2025.04.02,22.199999999999999,22.649999999999998,22.149999999999998,22.440000000000001,22.199999999999999,0.24,1.0811,2236954.209999999962747,5025251.688000000081956
300059.SZ,2025.04.03,22.190000000000001,22.649999999999998,22.170000000000001,22.449999999999999,22.440000000000001,0.01,0.0446,1944455.870000000111758,4368318.242999999783933
300059.SZ,2025.04.07,21,21.449999999999999,18.179999999999999,19.329999999999998,22.449999999999999,-3.12,-13.8976,8468045.84999999962747,16888038.811999998986721
300059.SZ,2025.04.08,19.66,20.149999999999998,19.440000000000001,19.699999999999999,19.329999999999998,0.37,1.9141,5205690.240000000223517,10290949.994000000879168
300059.SZ,2025.04.09,19.46,20.75,19.019999999999999,20.5,19.699999999999999,0.8,4.060900000000001,6151752.790000000037252,12354608.028999999165534
300059.SZ,2025.04.10,21,21.179999999999999,20.48,20.5,20.5,0,0,5204105.959999999962747,10831319.154999999329447
300059.SZ,2025.04.11,20.350000000000001,20.87,20.329999999999998,20.579999999999998,20.5,0.08,0.3902,3181844.410000000149011,6540367.649000000208616
300059.SZ,2025.04.14,20.71,20.829999999999998,20.559999999999998,20.600000000000001,20.579999999999998,0.02,0.0972,2363680.18999999994412,4884591.650000000372529
300059.SZ,2025.04.15,20.539999999999999,20.539999999999999,20.309999999999998,20.440000000000001,20.600000000000001,-0.16,-0.7767,1687248.459999999962747,3442858.348999999929219
300059.SZ,2025.04.16,20.289999999999999,20.41,19.98,20.32,20.379999999999998,-0.06,-0.2944,1982696.600000000093132,4006073.811999999918043
300059.SZ,2025.04.17,20.199999999999999,20.440000000000001,20.16,20.25,20.32,-0.07,-0.3445,1556376.120000000111758,3162151.800999999977648
300059.SZ,2025.04.18,20.199999999999999,20.57,20.16,20.48,20.25,0.23,1.1358,1954427.149999999906867,3986796.364000000059604
300059.SZ,2025.04.21,20.3,20.769999999999999,20.269999999999999,20.629999999999999,20.48,0.15,0.7324,1948439.139999999897554,4008909.279999999795109
300059.SZ,2025.04.22,20.539999999999999,20.739999999999998,20.489999999999998,20.55,20.629999999999999,-0.08,-0.3878,1681165.800000000046566,3461159.796999999787658
300059.SZ,2025.04.23,20.699999999999999,20.839999999999999,20.559999999999998,20.62,20.55,0.07,0.3406,2185045.540000000037252,4521040.610000000335276
300059.SZ,2025.04.24,20.600000000000001,20.719999999999998,20.39,20.48,20.62,-0.14,-0.679,1796597.419999999925494,3689419.015999999828636
300059.SZ,2025.04.25,20.579999999999998,20.829999999999998,20.5,20.699999999999999,20.48,0.22,1.0742,2662966.410000000149011,5515523.735000000335276
300059.SZ,2025.04.28,20.649999999999998,20.71,20.489999999999998,20.559999999999998,20.699999999999999,-0.14,-0.6763,1568216.800000000046566,3227016.353000000119209
300059.SZ,2025.04.29,20.559999999999998,20.649999999999998,20.449999999999999,20.489999999999998,20.559999999999998,-0.07,-0.3405,1363575.639999999897554,2800724.53899999987334
300059.SZ,2025.04.30,20.530000000000001,20.8,20.429999999999999,20.57,20.489999999999998,0.08,0.3904,1913051.120000000111758,3948031.591000000014901
300059.SZ,2025.05.06,20.699999999999999,21.079999999999998,20.609999999999999,20.989999999999998,20.57,0.42,2.0418,3281601.240000000223517,6867607.337000000290572
300059.SZ,2025.05.07,22,22.579999999999998,21.100000000000001,21.25,20.989999999999998,0.26,1.2387,6512920.940000000409782,14131316.008999999612569
300059.SZ,2025.05.08,21.089999999999999,21.39,21.039999999999999,21.219999999999998,21.25,-0.03,-0.1412,2677464.950000000186264,5688789.916000000201165
300059.SZ,2025.05.09,21.21,21.269999999999999,20.769999999999999,20.829999999999998,21.219999999999998,-0.39,-1.8379,2203757.029999999795109,4607385.584999999962747
300059.SZ,2025.05.12,21.059999999999998,21.969999999999998,20.89,21.719999999999998,20.829999999999998,0.89,4.272700000000001,5248646.240000000223517,11248063.535000000149011
300059.SZ,2025.05.13,21.899999999999998,21.899999999999998,21.420000000000001,21.449999999999999,21.719999999999998,-0.27,-1.2431,3206484.75,6933044.216000000014901
300059.SZ,2025.05.14,21.420000000000001,23.280000000000001,21.21,22.530000000000001,21.449999999999999,1.08,5.035000000000001,8840209.439999999478459,19674701.307999998331069
300059.SZ,2025.05.15,22.16,22.3,21.8,21.82,22.530000000000001,-0.71,-3.1514,4158057.799999999813735,9157960.739000000059604
300059.SZ,2025.05.16,21.760000000000001,21.969999999999998,21.510000000000001,21.530000000000001,21.82,-0.29,-1.3291,2299941.75,4972142.237999999895691
300059.SZ,2025.05.19,21.489999999999998,21.649999999999998,21.269999999999999,21.5,21.530000000000001,-0.03,-0.1393,1719714.419999999925494,3688317.134000000078231
300059.SZ,2025.05.20,21.579999999999998,21.71,21.449999999999999,21.519999999999999,21.5,0.02,0.093,1977811.760000000009313,4262763.69400000013411
300059.SZ,2025.05.21,21.46,21.64,21.350000000000001,21.379999999999998,21.519999999999999,-0.14,-0.6506,1962405.479999999981373,4214269.60800000000745
300059.SZ,2025.05.22,21.3,21.440000000000001,21.179999999999999,21.23,21.379999999999998,-0.15,-0.7016,1615666.459999999962747,3435139.885999999940395
300059.SZ,2025.05.23,21.16,21.379999999999998,20.760000000000001,20.780000000000001,21.23,-0.45,-2.1196,2706666.620000000111758,5697965.656000000424683
300059.SZ,2025.05.26,20.71,20.859999999999999,20.670000000000001,20.8,20.780000000000001,0.02,0.0962,1592372,3304055.628000000026077
300059.SZ,2025.05.27,20.8,20.850000000000001,20.629999999999999,20.690000000000001,20.8,-0.11,-0.5288,1283459.780000000027939,2662153.104999999981373
300059.SZ,2025.05.28,20.75,20.780000000000001,20.469999999999998,20.5,20.690000000000001,-0.19,-0.9183,1320526.649999999906867,2719571.592999999877065
300059.SZ,2025.05.29,20.539999999999999,20.969999999999998,20.5,20.850000000000001,20.5,0.35,1.7073,2179626.330000000074505,4534311.133999999612569
300059.SZ,2025.05.30,20.739999999999998,20.75,20.519999999999999,20.62,20.850000000000001,-0.23,-1.1031,1558466.149999999906867,3214187.489000000059604
300059.SZ,2025.06.03,20.48,20.879999999999999,20.440000000000001,20.66,20.62,0.04,0.194,1681363.760000000009313,3475602.967000000178813
300059.SZ,2025.06.04,20.649999999999998,21.129999999999998,20.57,20.940000000000001,20.66,0.28,1.3553,2470883.700000000186264,5167756.330000000074505
300059.SZ,2025.06.05,20.969999999999998,21.260000000000001,20.859999999999999,21.129999999999998,20.940000000000001,0.19,0.9074,2383023.870000000111758,5011383.196000000461935
300059.SZ,2025.06.06,21.129999999999998,21.190000000000001,20.87,20.89,21.129999999999998,-0.24,-1.1358,1707078.330000000074505,3583426.089000000152736
300059.SZ,2025.06.09,21.010000000000001,21.579999999999998,21,21.46,20.89,0.57,2.7286,3942525.430000000167638,8438986.73399999924004
300059.SZ,2025.06.10,21.39,21.489999999999998,20.769999999999999,20.969999999999998,21.46,-0.49,-2.2833,2956596.080000000074505,6240789.063000000081956
300059.SZ,2025.06.11,21.05,21.899999999999998,20.989999999999998,21.489999999999998,20.969999999999998,0.52,2.4797,4647896.610000000335276,10007737.342000000178813
300059.SZ,2025.06.12,21.309999999999998,22.079999999999998,21.3,21.649999999999998,21.489999999999998,0.16,0.7445,4027992.290000000037252,8732900.047000000253319
300059.SZ,2025.06.13,21.48,21.64,21.269999999999999,21.329999999999998,21.649999999999998,-0.32,-1.4781,3089201.379999999888241,6617099.360000000335276
300059.SZ,2025.06.16,21.329999999999998,21.769999999999999,21.329999999999998,21.73,21.329999999999998,0.4,1.8753,2694927.93999999994412,5827122.593000000342726
300059.SZ,2025.06.17,21.75,21.780000000000001,21.579999999999998,21.71,21.73,-0.02,-0.092,1999927.379999999888241,4330488.658999999985098
300059.SZ,2025.06.18,21.629999999999999,21.679999999999999,21.3,21.5,21.71,-0.21,-0.9673,1990720.840000000083819,4273003.773000000044703
300059.SZ,2025.06.19,21.449999999999999,21.46,20.859999999999999,20.929999999999999,21.5,-0.57,-2.6512,2626455.060000000055879,5541018.264000000432133
300059.SZ,2025.06.20,21,21.05,20.690000000000001,20.71,20.929999999999999,-0.22,-1.0511,1639366.989999999990686,3415733.487999999895691
300059.SZ,2025.06.23,20.600000000000001,21.019999999999999,20.519999999999999,20.929999999999999,20.71,0.22,1.0623,1997780.620000000111758,4158272.933999999891966
300059.SZ,2025.06.24,21,22.100000000000001,20.929999999999999,21.809999999999998,20.929999999999999,0.88,4.204500000000001,6091340.34999999962747,13215275.330000000074505
300059.SZ,2025.06.25,21.89,24.440000000000001,21.809999999999998,24,21.809999999999998,2.19,10.041299999999999,14426468.279999999329447,33234532.64699999988079
300059.SZ,2025.06.26,23.519999999999999,23.780000000000001,23.05,23.129999999999998,24,-0.87,-3.625,9530583.869999999180436,22290289.804000001400709
300059.SZ,2025.06.27,23.16,24.149999999999998,23,23.039999999999999,23.129999999999998,-0.09,-0.3891,8263584.299999999813735,19429214.506000000983476
300059.SZ,2025.06.30,23.05,23.199999999999999,22.73,23.129999999999998,23.039999999999999,0.09,0.3906,4434661,10200885.528999999165534
300059.SZ,2025.07.01,23.100000000000001,23.120000000000001,22.679999999999999,22.879999999999999,23.129999999999998,-0.25,-1.0808,3104073.770000000018626,7096299.967000000178813
300059.SZ,2025.07.02,22.89,23.030000000000001,22.609999999999999,22.71,22.879999999999999,-0.17,-0.743,2538283.93999999994412,5783334.18599999975413
300059.SZ,2025.07.03,22.739999999999998,22.989999999999998,22.71,22.879999999999999,22.71,0.17,0.7486,2872657.740000000223517,6567067.713999999687075
300059.SZ,2025.07.04,22.8,23.46,22.62,22.8,22.879999999999999,-0.08,-0.3497,5203311.950000000186264,11968107.629000000655651
300059.SZ,2025.07.07,22.66,22.920000000000001,22.649999999999998,22.75,22.8,-0.05,-0.2193,2496617.310000000055879,5692621.877999999560415
300059.SZ,2025.07.08,22.73,23.269999999999999,22.71,23.149999999999998,22.75,0.4,1.7582,4178848.810000000055879,9633695.61600000038743
300059.SZ,2025.07.09,23.16,23.350000000000001,22.859999999999999,22.929999999999999,23.149999999999998,-0.22,-0.9503,3394849.209999999962747,7835324.046000000089406
300059.SZ,2025.07.10,22.850000000000001,23.339999999999999,22.8,23.149999999999998,22.929999999999999,0.22,0.9594,3907103.43999999994412,9037908.535000000149011
300059.SZ,2025.07.11,23.289999999999999,24.589999999999999,23.059999999999998,23.859999999999999,23.149999999999998,0.71,3.067,10988630.84999999962747,26314406.885000001639127
300059.SZ,2025.07.14,23.969999999999998,23.969999999999998,23.530000000000001,23.62,23.859999999999999,-0.24,-1.0059,4191570.839999999850988,9936660.423000000417232
300059.SZ,2025.07.15,23.62,23.940000000000001,23.379999999999998,23.530000000000001,23.62,-0.09,-0.381,3652496.509999999776482,8621353.177999999374151
300059.SZ,2025.07.16,23.600000000000001,23.71,23.260000000000001,23.420000000000001,23.530000000000001,-0.11,-0.4675,2614532.22000000020489,6133735.002000000327825
300059.SZ,2025.07.17,23.399999999999998,23.649999999999998,23.359999999999999,23.600000000000001,23.420000000000001,0.18,0.7686,2816149.830000000074505,6616962.24100000038743
300059.SZ,2025.07.18,23.600000000000001,23.699999999999999,23.39,23.519999999999999,23.600000000000001,-0.08,-0.339,2630520.350000000093132,6194386.610000000335276
300059.SZ,2025.07.21,23.179999999999999,23.5,22.850000000000001,23.350000000000001,23.519999999999999,-0.17,-0.7228,4796391.230000000447034,11143195.006999999284744
300059.SZ,2025.07.22,23.449999999999999,23.769999999999999,23.260000000000001,23.539999999999999,23.350000000000001,0.19,0.8137,4570954.240000000223517,10742489.970000000670552
300059.SZ,2025.07.23,23.75,24.32,23.64,23.71,23.539999999999999,0.17,0.7222,8038893.379999999888241,19249274.782000001519918
300059.SZ,2025.07.24,23.600000000000001,24.449999999999999,23.539999999999999,24.32,23.71,0.61,2.5728,7128598.889999999664723,17192057.721999999135732
300059.SZ,2025.07.25,24.55,24.679999999999999,23.920000000000001,23.989999999999998,24.32,-0.33,-1.3569,4710019.610000000335276,11390699.10899999924004
300059.SZ,2025.07.28,24.019999999999999,24.449999999999999,23.920000000000001,24.120000000000001,23.989999999999998,0.13,0.5419,3946331.899999999906867,9541819.255999999120831
300059.SZ,2025.07.29,23.949999999999999,24.179999999999999,23.579999999999998,24.179999999999999,24.120000000000001,0.06,0.2488,4110596.240000000223517,9818209.853000000119209
300059.SZ,2025.07.30,24.109999999999999,24.25,23.600000000000001,23.809999999999998,24.179999999999999,-0.37,-1.5302,3985599.379999999888241,9548770.525000000372529
300059.SZ,2025.07.31,23.670000000000001,24.039999999999999,23.100000000000001,23.23,23.809999999999998,-0.58,-2.436,4434648.639999999664723,10437835.809000000357627
300059.SZ,2025.08.01,23.199999999999999,23.469999999999998,23.059999999999998,23.170000000000001,23.23,-0.06,-0.2583,2666163.870000000111758,6196831.583999999798834
300059.SZ,2025.08.04,23.010000000000001,23.359999999999999,23,23.350000000000001,23.170000000000001,0.18,0.7769,2060184.550000000046566,4789741.479000000283122
300059.SZ,2025.08.05,23.46,23.64,23.309999999999998,23.629999999999999,23.350000000000001,0.28,1.1991,2786411.859999999869614,6548166.292999999597668
300059.SZ,2025.08.06,23.579999999999998,23.690000000000001,23.449999999999999,23.629999999999999,23.629999999999999,0,0,2099509.200000000186264,4948975.908999999985098
300059.SZ,2025.08.07,23.690000000000001,23.850000000000001,23.429999999999999,23.539999999999999,23.629999999999999,-0.09,-0.3809,2771974.970000000204891,6547246.736999999731779
300059.SZ,2025.08.08,23.46,23.469999999999998,23.199999999999999,23.199999999999999,23.539999999999999,-0.34,-1.4444,2356086.680000000167638,5490472.673999999649822
300059.SZ,2025.08.11,23.170000000000001,23.969999999999998,23.170000000000001,23.8,23.199999999999999,0.6,2.5862,4649607.759999999776482,11043760.973999999463558
300059.SZ,2025.08.12,23.780000000000001,24.079999999999998,23.66,23.989999999999998,23.8,0.19,0.7983,3657654.299999999813735,8732463.291999999433755
300059.SZ,2025.08.13,24.149999999999998,24.8,23.859999999999999,24.579999999999998,23.989999999999998,0.59,2.4594,8357733.75,20381611.688000001013278
300059.SZ,2025.08.14,24.579999999999998,25.089999999999999,24.350000000000001,24.359999999999999,24.579999999999998,-0.22,-0.895,7567900.59999999962747,18672264.923000000417232
300059.SZ,2025.08.15,24.309999999999998,27.199999999999999,24.289999999999999,26.760000000000001,24.359999999999999,2.4,9.852199999999999,16970798.420000001788139,44212171.538000002503395
300059.SZ,2025.08.18,26.98,28.969999999999998,26.25,27.850000000000001,26.760000000000001,1.09,4.0732,16382483.910000000149011,45044000.478000000119209
300059.SZ,2025.08.19,27.39,27.859999999999999,26.829999999999998,26.899999999999998,27.850000000000001,-0.95,-3.4111,9022578.199999999254941,24656743.77199999988079
300059.SZ,2025.08.20,26.64,27.079999999999998,26.32,27.079999999999998,26.899999999999998,0.18,0.6691,6654322.459999999962747,17817596.32099999859929
300059.SZ,2025.08.21,27.359999999999999,27.449999999999999,26.62,26.8,27.079999999999998,-0.28,-1.034,5071350.700000000186264,13688259.572000000625848
300059.SZ,2025.08.22,26.699999999999999,28,26.699999999999999,27.850000000000001,26.8,1.05,3.9179,9070639.59999999962747,24969646.791000001132488
300059.SZ,2025.08.25,28.280000000000001,28.920000000000001,27.769999999999999,28.23,27.850000000000001,0.38,1.3645,10192545.189999999478459,28708028.225999999791383
300059.SZ,2025.08.26,27.969999999999998,28.41,27.829999999999998,27.929999999999999,28.23,-0.3,-1.0627,5315569.519999999552965,14927974.157999999821186
300059.SZ,2025.08.27,27.940000000000001,28.449999999999999,27.190000000000001,27.21,27.929999999999999,-0.72,-2.5779,7910274.950000000186264,22077644.019000001251697
300059.SZ,2025.08.28,27.149999999999998,27.96,26.850000000000001,27.96,27.21,0.75,2.7563,7424373.570000000298023,20299811.795000001788139
300059.SZ,2025.08.29,28.100000000000001,29.359999999999999,27.73,28.91,27.96,0.95,3.3977,11324704.109999999403953,32402549.221999999135732
300059.SZ,2025.09.01,28.789999999999999,29.05,28.239999999999998,28.690000000000001,28.91,-0.22,-0.761,6503521.019999999552965,18583533.247999999672174
300059.SZ,2025.09.02,28.559999999999998,28.589999999999999,27.62,27.850000000000001,28.690000000000001,-0.84,-2.9278,7750719.790000000037252,21741205.515999998897314
300059.SZ,2025.09.03,28.079999999999998,28.379999999999998,26.329999999999998,26.629999999999999,27.850000000000001,-1.22,-4.380600000000001,8001156.580000000074505,21737377.442999999970197
300059.SZ,2025.09.04,26.55,26.969999999999998,25.899999999999998,26.21,26.629999999999999,-0.42,-1.5772,7404167.509999999776482,19570505.120999999344348
300059.SZ,2025.09.05,26.32,26.690000000000001,25.899999999999998,26.600000000000001,26.21,0.39,1.488,5005652,13175826.630000000819563
300059.SZ,2025.09.08,26.399999999999998,26.719999999999998,26.239999999999998,26.420000000000001,26.600000000000001,-0.18,-0.6767,3972249.270000000018626,10499204.128000000491738
300059.SZ,2025.09.09,26.420000000000001,26.66,26.120000000000001,26.190000000000001,26.420000000000001,-0.23,-0.8706,3917381.580000000074505,10326222.649000000208616
300059.SZ,2025.09.10,26.239999999999998,26.57,26.120000000000001,26.190000000000001,26.190000000000001,0,0,3130554.68999999994412,8237771.053999999538064
300059.SZ,2025.09.11,26.05,27.579999999999998,25.929999999999999,27.269999999999999,26.190000000000001,1.08,4.123700000000001,7044541.769999999552965,18912311.795000001788139
300059.SZ,2025.09.12,27.170000000000001,27.64,26.91,26.949999999999999,27.269999999999999,-0.32,-1.1735,4848187.650000000372529,13195154.737999999895691
300059.SZ,2025.09.15,26.949999999999999,27.559999999999998,26.859999999999999,27.21,26.949999999999999,0.26,0.9647,4538578.519999999552965,12393762.766000000759959
300059.SZ,2025.09.16,27.260000000000001,27.949999999999999,26.96,27.71,27.21,0.5,1.8376,5601415.669999999925494,15377601.865000000223517
300059.SZ,2025.09.17,27.609999999999999,28.5,27.5,28.21,27.71,0.5,1.8044,6805608.490000000223517,19071362.609999999403953
300059.SZ,2025.09.18,27.899999999999998,27.899999999999998,26.600000000000001,26.87,28.21,-1.34,-4.7501,9178317.859999999403953,25053883.557999998331069
300059.SZ,2025.09.19,26.769999999999999,27.030000000000001,26.55,26.55,26.87,-0.32,-1.1909,4290827.540000000037252,11469988.33699999935925
300059.SZ,2025.09.22,26.55,26.969999999999998,26.55,26.89,26.55,0.34,1.2806,3243422.779999999795108,8683821.515000000596046
300059.SZ,2025.09.23,26.57,26.589999999999999,25.699999999999999,26.120000000000001,26.89,-0.77,-2.8635,5378855.84999999962747,14045065.629000000655651
300059.SZ,2025.09.24,26,26.73,25.89,26.449999999999999,26.120000000000001,0.33,1.2634,4443357.690000000409781,11680076.075999999418854
300059.SZ,2025.09.25,26.399999999999998,26.789999999999999,26.350000000000001,26.469999999999998,26.449999999999999,0.02,0.0756,3587727.680000000167638,9544896.403000000864267
300059.SZ,2025.09.26,26.370000000000001,26.530000000000001,26.05,26.059999999999998,26.469999999999998,-0.41,-1.5489,3034211.459999999962747,7974434.053000000305473
300059.SZ,2025.09.29,26.039999999999999,28.449999999999999,25.989999999999998,27.579999999999998,26.059999999999998,1.52,5.8327,11086841.269999999552965,30276242.546000000089406
300059.SZ,2025.09.30,27.309999999999998,27.559999999999998,27.010000000000001,27.120000000000001,27.579999999999998,-0.46,-1.6679,5721846.75,15562985.360999999567866
300059.SZ,2025.10.09,26.519999999999999,27.079999999999998,26.190000000000001,26.760000000000001,27.120000000000001,-0.36,-1.3274,6099472.410000000149011,16210423.517999999225139
300059.SZ,2025.10.10,26.629999999999999,27,26.010000000000001,26.089999999999999,26.760000000000001,-0.67,-2.5037,6029855.450000000186264,15985488.361999999731779
300059.SZ,2025.10.13,25.170000000000001,25.8,25.120000000000001,25.62,26.089999999999999,-0.47,-1.8015,4119214.270000000018626,10513134.709000000730156
300059.SZ,2025.10.14,25.699999999999999,26.149999999999998,25.120000000000001,25.16,25.62,-0.46,-1.7955,4157997.899999999906867,10645933.309000000357627
300059.SZ,2025.10.15,25.350000000000001,25.62,25.14,25.539999999999999,25.16,0.38,1.5103,3021398.240000000223517,7664788.718999999575316
300059.SZ,2025.10.16,25.420000000000001,25.629999999999999,25.309999999999998,25.420000000000001,25.539999999999999,-0.12,-0.4699,2377814.069999999832361,6049130.898000000044703
300059.SZ,2025.10.17,25.399999999999998,25.62,24.809999999999998,24.859999999999999,25.420000000000001,-0.56,-2.203,3095666.270000000018626,7789935.98300000000745
300059.SZ,2025.10.20,25.25,25.339999999999999,24.859999999999999,25.019999999999999,24.859999999999999,0.16,0.6436,2282605.620000000111758,5731111.209999999962747
300059.SZ,2025.10.21,25.120000000000001,25.55,25.039999999999999,25.359999999999999,25.019999999999999,0.34,1.3589,2974159.979999999981373,7531255.567999999970197
300059.SZ,2025.10.22,25.21,25.25,24.989999999999998,25.120000000000001,25.359999999999999,-0.24,-0.9464,1776223.780000000027939,4460291.598000000230967
300059.SZ,2025.10.23,25.16,25.48,24.920000000000001,25.469999999999998,25.120000000000001,0.35,1.3933,2503845.339999999850988,6312859.325000000186264
300059.SZ,2025.10.24,25.539999999999999,25.899999999999998,25.429999999999999,25.899999999999998,25.469999999999998,0.43,1.6883,3578517.640000000130385,9181609.129000000655651
300059.SZ,2025.10.27,26.350000000000001,26.449999999999999,25.929999999999999,26.039999999999999,25.899999999999998,0.14,0.5405,4751974.679999999701976,12416283.78099999949336
300059.SZ,2025.10.28,25.850000000000001,26.399999999999998,25.809999999999998,26,26.039999999999999,-0.04,-0.1536,3503684.040000000037252,9134636.594000000506639
300059.SZ,2025.10.29,25.91,26.789999999999999,25.879999999999999,26.489999999999998,26,0.49,1.8846,5442582.959999999962747,14385870.59999999962747
300059.SZ,2025.10.30,26.289999999999999,26.329999999999998,25.609999999999999,25.629999999999999,26.489999999999998,-0.86,-3.2465,4676083.09999999962747,12134107.615000000223517
300059.SZ,2025.10.31,25.780000000000001,25.87,25.5,25.5,25.629999999999999,-0.13,-0.5072,2499028.970000000204891,6413427.264999999664723
300059.SZ,2025.11.03,25.489999999999998,25.589999999999999,25.149999999999998,25.559999999999998,25.5,0.06,0.2353,2201174.379999999888241,5581571.328999999910593
300059.SZ,2025.11.04,25.41,25.48,25.199999999999999,25.260000000000001,25.559999999999998,-0.3,-1.1737,1895089.96999999997206,4797778.473000000230967
300059.SZ,2025.11.05,25.089999999999999,25.370000000000001,25.010000000000001,25.260000000000001,25.260000000000001,0,0,1665932.989999999990686,4207462.650999999605119
300059.SZ,2025.11.06,25.269999999999999,25.679999999999999,25.269999999999999,25.510000000000001,25.260000000000001,0.25,0.9897,2398456.040000000037252,6114418.752999999560415
300059.SZ,2025.11.07,25.280000000000001,25.32,25.100000000000001,25.14,25.510000000000001,-0.37,-1.4504,2024228.010000000009313,5098399.821999999694526
300059.SZ,2025.11.10,25.120000000000001,25.519999999999999,25.109999999999999,25.399999999999998,25.14,0.26,1.0342,2137425.540000000037252,5408102.906000000424682
300059.SZ,2025.11.11,25.39,25.440000000000001,24.920000000000001,24.929999999999999,25.399999999999998,-0.47,-1.8504,2499582.169999999925494,6271502.531999999657273
300059.SZ,2025.11.12,24.929999999999999,25.019999999999999,24.5,24.690000000000001,24.929999999999999,-0.24,-0.9627,2094237.340000000083819,5187774.59999999962747
300059.SZ,2025.11.13,24.589999999999999,25.14,24.589999999999999,25.129999999999998,24.690000000000001,0.44,1.7821,2295320.209999999962747,5712182.387000000104308
300059.SZ,2025.11.14,24.899999999999998,24.98,24.519999999999999,24.539999999999999,25.129999999999998,-0.59,-2.3478,2028105.280000000027939,5023097.06099999975413
300059.SZ,2025.11.17,24.510000000000001,24.66,24.440000000000001,24.510000000000001,24.539999999999999,-0.03,-0.1222,1486184.520000000018626,3642858.802999999839812
300059.SZ,2025.11.18,24.5,24.690000000000001,24.46,24.489999999999998,24.510000000000001,-0.02,-0.0816,1507222.5,3700866.407999999821186
300059.SZ,2025.11.19,24.48,24.609999999999999,24.16,24.329999999999998,24.489999999999998,-0.16,-0.6533,1750689.530000000027939,4264456.583999999798834
300059.SZ,2025.11.20,24.71,24.8,24.059999999999998,24.07,24.329999999999998,-0.26,-1.0686,2188139.899999999906867,5351316.757000000216066
300059.SZ,2025.11.21,23.879999999999999,24.079999999999998,23.260000000000001,23.3,24.07,-0.77,-3.199,3036576.459999999962747,7157253.254999999888241
300059.SZ,2025.11.24,23.399999999999998,23.62,23.260000000000001,23.429999999999999,23.3,0.13,0.5579,1733267.959999999962747,4065528.686999999918043
300059.SZ,2025.11.25,23.489999999999998,23.629999999999999,23.379999999999998,23.420000000000001,23.429999999999999,-0.01,-0.0427,1944435.149999999906867,4570564.753999999724328
300059.SZ,2025.11.26,23.420000000000001,23.530000000000001,23.309999999999998,23.339999999999999,23.420000000000001,-0.08,-0.3416,1688908.080000000074505,3954330.984000000171363
300059.SZ,2025.11.27,23.329999999999998,23.629999999999999,23.260000000000001,23.3,23.339999999999999,-0.04,-0.1714,1937378.020000000018626,4540913.978000000119209
300059.SZ,2025.11.28,23.289999999999999,23.41,23.059999999999998,23.399999999999998,23.3,0.1,0.4292,1790869.449999999953433,4170961.223000000230967
300059.SZ,2025.12.01,23.219999999999998,23.339999999999999,22.850000000000001,23.089999999999999,23.399999999999998,-0.31,-1.3248,3075250.870000000111758,7101740.605000000447034
300059.SZ,2025.12.02,23.030000000000001,23.05,22.589999999999999,22.609999999999999,23.089999999999999,-0.48,-2.0788,2342666.660000000149011,5325600.950000000186264
300059.SZ,2025.12.03,22.670000000000001,22.8,22.179999999999999,22.23,22.609999999999999,-0.38,-1.6807,2243827.740000000223517,5023839.987999999895691
300059.SZ,2025.12.04,22.25,22.589999999999999,22.170000000000001,22.39,22.23,0.16,0.7197,1800087.21999999997206,4028110.430999999865889
300059.SZ,2025.12.05,22.350000000000001,23.719999999999998,22.309999999999998,23.309999999999998,22.39,0.92,4.109,5480685.78000000026077,12685472.39699999988079
300059.SZ,2025.12.08,23.8,24.219999999999998,23.539999999999999,23.64,23.309999999999998,0.33,1.4157,5772388,13777049.98399999924004
300059.SZ,2025.12.09,23.399999999999998,23.629999999999999,23.16,23.280000000000001,23.64,-0.36,-1.5228,2697167.870000000111758,6293632.699000000022351
300059.SZ,2025.12.10,23.21,23.449999999999999,22.96,23.289999999999999,23.280000000000001,0.01,0.043,2249148.790000000037252,5217465.64699999988079
300059.SZ,2025.12.11,23.350000000000001,23.359999999999999,22.839999999999999,22.839999999999999,23.289999999999999,-0.45,-1.9322,1938096.290000000037252,4471357.387000000104308
300059.SZ,2025.12.12,22.89,23.3,22.859999999999999,23.019999999999999,22.839999999999999,0.18,0.7881,2261272.080000000074505,5211224.360999999567866
300059.SZ,2025.12.15,22.809999999999998,23.239999999999998,22.71,22.850000000000001,23.019999999999999,-0.17,-0.7385,1866631.43999999994412,4284568.228000000119209
300059.SZ,2025.12.16,22.75,22.929999999999999,22.57,22.609999999999999,22.850000000000001,-0.24,-1.0503,1875024.530000000027939,4254925.939000000245869
300059.SZ,2025.12.17,22.609999999999999,23.420000000000001,22.46,23.089999999999999,22.609999999999999,0.48,2.123,3418177.609999999869614,7847250.690999999642372
300059.SZ,2025.12.18,23,23.149999999999998,22.839999999999999,22.859999999999999,23.089999999999999,-0.23,-0.9961,1893199.840000000083819,4346222.95299999974668
300059.SZ,2025.12.19,22.87,23.3,22.829999999999998,23,22.859999999999999,0.14,0.6124,1936654.15999999991618,4465868.276999999769032
300059.SZ,2025.12.22,22.98,23.190000000000001,22.940000000000001,23.079999999999998,23,0.08,0.3478,1600988.570000000065192,3694459.532000000122934
300059.SZ,2025.12.23,23.059999999999998,23.239999999999998,22.929999999999999,23.019999999999999,23.079999999999998,-0.06,-0.26,1849649.5,4266910.791000000201165
300059.SZ,2025.12.24,22.949999999999999,23.329999999999998,22.920000000000001,23.199999999999999,23.019999999999999,0.18,0.7819,2161645.359999999869614,5000520.928999999538064
300059.SZ,2025.12.25,23.149999999999998,23.429999999999999,23.100000000000001,23.339999999999999,23.199999999999999,0.14,0.6034,2172053.029999999795109,5057356.883999999612569
300059.SZ,2025.12.26,23.339999999999999,24.05,23.23,23.609999999999999,23.339999999999999,0.27,1.1568,4319281.709999999962747,10237402.535000000149011
300059.SZ,2025.12.29,23.579999999999998,23.600000000000001,23.3,23.350000000000001,23.609999999999999,-0.26,-1.1012,2214027.240000000223517,5188521.962000000290572
300059.SZ,2025.12.30,23.289999999999999,23.629999999999999,23.21,23.429999999999999,23.350000000000001,0.08,0.3426,2247938.759999999776482,5258246.008999999612569
300059.SZ,2025.12.31,23.429999999999999,23.609999999999999,23.179999999999999,23.179999999999999,23.429999999999999,-0.25,-1.067,1992394.879999999888241,4654244.53899999987334
300059.SZ,2026.01.05,23.219999999999998,23.75,23.21,23.75,23.179999999999999,0.57,2.459,3565233.899999999906867,8400324.243000000715255
300059.SZ,2026.01.06,23.679999999999999,25.370000000000001,23.649999999999998,25.109999999999999,23.75,1.36,5.726300000000001,9060920.75,22367426.103000000119209
300059.SZ,2026.01.07,24.879999999999999,24.969999999999998,24.260000000000001,24.530000000000001,25.109999999999999,-0.58,-2.3098,5193860.469999999739229,12792153.720000000670552
300059.SZ,2026.01.08,24.289999999999999,24.289999999999999,23.87,24,24.530000000000001,-0.53,-2.1606,4013453.529999999795108,9654145.968000000342726
300059.SZ,2026.01.09,24,24.359999999999999,23.989999999999998,24.129999999999998,24,0.13,0.5417,3409883.700000000186264,8235488.025000000372529
300059.SZ,2026.01.12,24.059999999999998,25.05,24.010000000000001,25.05,24.129999999999998,0.92,3.8127,7006227.320000000298023,17298253.949999999254941
300059.SZ,2026.01.13,25.3,25.48,24.41,24.489999999999998,25.05,-0.56,-2.2355,5734423.690000000409781,14290143.644999999552965
300059.SZ,2026.01.14,24.359999999999999,25.71,24.359999999999999,24.719999999999998,24.489999999999998,0.23,0.9392,9371079.31000000052154,23490105.486999999731779
300059.SZ,2026.01.15,24.21,24.519999999999999,23.91,24.059999999999998,24.719999999999998,-0.66,-2.6699,4963533.53000000026077,11983987.171000000089406
300059.SZ,2026.01.16,24.289999999999999,24.429999999999999,23.829999999999998,23.89,24.059999999999998,-0.17,-0.7066,3251692.330000000074505,7819730.531999999657273
300059.SZ,2026.01.19,23.8,23.82,23.449999999999999,23.5,23.89,-0.39,-1.6325,2997354.680000000167638,7064842.651999999769032
300059.SZ,2026.01.20,23.489999999999998,23.66,23.32,23.440000000000001,23.5,-0.06,-0.2553,2585703.560000000055879,6066481.127000000327825
300059.SZ,2026.01.21,23.429999999999999,23.530000000000001,23.25,23.309999999999998,23.440000000000001,-0.13,-0.5546,2307018.020000000018626,5395300.542999999597668
300059.SZ,2026.01.22,23.309999999999998,23.519999999999999,23.239999999999998,23.309999999999998,23.309999999999998,0,0,2157398.149999999906867,5036712.865000000223517
300059.SZ,2026.01.23,23.359999999999999,23.449999999999999,23.25,23.3,23.309999999999998,-0.01,-0.0429,2589456.629999999888241,6041597.45299999974668
300059.SZ,2026.01.26,23.25,23.73,23.129999999999998,23.309999999999998,23.3,0.01,0.0429,4255350.009999999776482,9960847.234999999403953
300059.SZ,2026.01.27,23.280000000000001,23.3,22.73,22.899999999999998,23.309999999999998,-0.41,-1.7589,3164758.310000000055879,7262207.5
300059.SZ,2026.01.28,22.899999999999998,23.019999999999999,22.769999999999999,22.780000000000001,22.899999999999998,-0.12,-0.524,2551353.299999999813735,5837401.844999999739229
300059.SZ,2026.01.29,22.66,23.3,22.39,23.14,22.780000000000001,0.36,1.5803,4177874.680000000167638,9565662.298000000417232
300059.SZ,2026.01.30,23.100000000000001,23.100000000000001,22.679999999999999,22.699999999999999,23.14,-0.44,-1.9015,2698549.529999999795108,6164200.939000000245869
300059.SZ,2026.02.02,22.609999999999999,23.05,22.449999999999999,22.530000000000001,22.699999999999999,-0.17,-0.7489,2397881.140000000130385,5455060.973000000230968
300059.SZ,2026.02.03,22.679999999999999,22.73,22.48,22.699999999999999,22.530000000000001,0.17,0.7545,1799504,4068736.686999999918043
300059.SZ,2026.02.04,22.600000000000001,23.120000000000001,22.519999999999999,22.89,22.699999999999999,0.19,0.837,2975684.129999999888241,6780586.032999999821186
300059.SZ,2026.02.05,22.75,23.129999999999998,22.71,22.929999999999999,22.89,0.04,0.1747,2720392.020000000018626,6234975.61600000038743
300059.SZ,2026.02.06,22.780000000000001,22.91,22.649999999999998,22.66,22.929999999999999,-0.27,-1.1775,1978228.870000000111758,4503074.669999999925494
300059.SZ,2026.02.09,22.809999999999998,22.949999999999999,22.719999999999998,22.949999999999999,22.66,0.29,1.2798,2088064.379999999888241,4777064.553999999538064
300059.SZ,2026.02.10,22.920000000000001,23.089999999999999,22.850000000000001,22.89,22.949999999999999,-0.06,-0.2614,1522516.260000000009313,3491663.908999999985098
300059.SZ,2026.02.11,22.850000000000001,22.940000000000001,22.73,22.769999999999999,22.89,-0.12,-0.5242,1494660.65999999991618,3410394.918000000063329
300059.SZ,2026.02.12,22.75,22.769999999999999,22.649999999999998,22.66,22.769999999999999,-0.11,-0.4831,1533620.290000000037252,3479773.138999999966472
300059.SZ,2026.02.13,22.699999999999999,22.82,22.359999999999999,22.370000000000001,22.66,-0.29,-1.2798,2054684.989999999990686,4641832.48300000000745
300059.SZ,2026.02.24,22.489999999999998,22.57,22.329999999999998,22.41,22.370000000000001,0.04,0.1788,1412137.699999999953433,3165419.384999999776482
300059.SZ,2026.02.25,22.469999999999998,22.89,22.429999999999999,22.739999999999998,22.41,0.33,1.4726,2559643.720000000204891,5823308.970999999903142
300059.SZ,2026.02.26,22.690000000000001,22.699999999999999,22.429999999999999,22.5,22.739999999999998,-0.24,-1.0554,1891532.489999999990686,4259952.898000000044703
300059.SZ,2026.02.27,22.46,22.670000000000001,22.370000000000001,22.519999999999999,22.5,0.02,0.0889,1766811.729999999981373,3977336.615999999921768
