ts_code,trade_date,open,high,low,close,pre_close,change,pct_chg,vol,amount
300308.SZ,2023.03.01,35.509999999999997,36.5,35.299999999999997,35.909999999999996,35.5,0.41,1.1549,267576.039999999979045,963886.060000000055879
300308.SZ,2023.03.02,35.799999999999997,37.770000000000003,35.659999999999996,36.619999999999997,35.909999999999996,0.71,1.9772,316349.510000000009313,1167408.047999999951571
300308.SZ,2023.03.03,35.670000000000001,36.340000000000003,35.079999999999998,35.429999999999999,36.619999999999997,-1.19,-3.2496,273962.669999999983701,975236.672000000020489
300308.SZ,2023.03.06,35.25,36.479999999999996,35.25,35.57,35.429999999999999,0.14,0.3951,193422.029999999998835,692471.140000000013969
300308.SZ,2023.03.07,35.310000000000002,35.799999999999997,34.369999999999997,34.409999999999996,35.57,-1.16,-3.2612,184152.049999999988358,642569.050999999977648
300308.SZ,2023.03.08,34.5,34.969999999999998,34,34.630000000000002,34.409999999999996,0.22,0.6393,146435.640000000013969,505183.302000000025145
300308.SZ,2023.03.09,34.310000000000002,34.920000000000001,33.979999999999996,34.429999999999999,34.630000000000002,-0.2,-0.5775,116466.160000000003492,399844.286000000021886
300308.SZ,2023.03.10,34.049999999999997,35.100000000000001,33.96,34.32,34.429999999999999,-0.11,-0.3195,141098.470000000001164,488445.57799999997951
300308.SZ,2023.03.13,34.21,35.170000000000001,33.740000000000002,34.759999999999997,34.32,0.44,1.2821,173620.029999999998835,602055.184000000008381
300308.SZ,2023.03.14,34.429999999999999,35.350000000000001,33.549999999999997,33.549999999999997,34.759999999999997,-1.21,-3.481,234818.010000000009313,799083.346999999950639
300308.SZ,2023.03.15,33.859999999999999,34.179999999999999,32.719999999999998,32.859999999999999,33.549999999999997,-0.69,-2.0566,183570.809999999997671,609911.021999999997206
300308.SZ,2023.03.16,32.630000000000002,33.229999999999996,32.359999999999999,32.630000000000002,32.859999999999999,-0.23,-0.6999,118811.949999999997089,389545.789999999979045
300308.SZ,2023.03.17,32.880000000000002,35.450000000000002,32.799999999999997,34.609999999999999,32.630000000000002,1.98,6.068,270240.989999999990686,933458.317999999970197
300308.SZ,2023.03.20,34.649999999999998,37.380000000000002,34.619999999999997,35.82,34.609999999999999,1.21,3.4961,405272.789999999979045,1473808.375
300308.SZ,2023.03.21,36,37.200000000000002,35.119999999999997,36.829999999999998,35.82,1.01,2.8197,278904.820000000006984,1017453.962000000057741
300308.SZ,2023.03.22,36.950000000000002,44.200000000000002,36.950000000000002,44.200000000000002,36.829999999999998,7.370000000000001,20.010899999999999,777000.430000000051222,3196114.089000000152736
300308.SZ,2023.03.23,45.759999999999997,51.5,45.25,50,44.200000000000002,5.8,13.122199999999999,924589.530000000027939,4448686.956000000238418
300308.SZ,2023.03.24,51.149999999999998,52.82,49.32,52.229999999999996,50,2.23,4.46,858603.660000000032596,4371772.912999999709427
300308.SZ,2023.03.27,51,57.039999999999999,50.799999999999997,56.039999999999999,52.229999999999996,3.81,7.2947,799712.099999999976716,4274038.708999999798834
300308.SZ,2023.03.28,54.700000000000002,56.049999999999997,53.299999999999997,53.810000000000002,56.039999999999999,-2.23,-3.9793,586153.35999999998603,3197751.89699999988079
300308.SZ,2023.03.29,54,57.780000000000001,53.880000000000002,55.549999999999997,53.810000000000002,1.74,3.2336,646732.150000000023283,3609832.293000000063329
300308.SZ,2023.03.30,55.079999999999998,56.490000000000002,52,55,55.549999999999997,-0.55,-0.9901,530936.099999999976716,2880082.959999999962747
300308.SZ,2023.03.31,54.609999999999999,60.200000000000002,53.609999999999999,58.899999999999998,55,3.9,7.090900000000001,609149.949999999953433,3442945.558999999891966
300308.SZ,2023.04.03,60.600000000000001,68.549999999999997,59.600000000000001,67.239999999999994,58.899999999999998,8.339999999999999,14.159599999999999,767534.68999999994412,4910262.290000000037252
300308.SZ,2023.04.04,66.079999999999998,69.75,65.010000000000005,67.099999999999994,67.239999999999994,-0.14,-0.2082,556282.32999999995809,3744066.993999999947845
300308.SZ,2023.04.06,66.989999999999994,73.310000000000002,65.609999999999999,67,67.099999999999994,-0.1,-0.149,690544.07999999995809,4811856.661000000312924
300308.SZ,2023.04.07,67.709999999999993,71.700000000000002,66.510000000000005,70.5,67,3.5,5.223900000000001,494901.450000000011641,3410824.405999999959021
300308.SZ,2023.04.10,71,77.879999999999995,67.870000000000004,70.180000000000006,70.5,-0.32,-0.4539,601379.060000000055879,4304544.046000000089406
300308.SZ,2023.04.11,69.049999999999997,72,65.980000000000004,68.299999999999997,70.180000000000006,-1.88,-2.6788,552440.82999999995809,3778873.273000000044703
300308.SZ,2023.04.12,66.909999999999996,69.659999999999996,65,68.569999999999993,68.299999999999997,0.27,0.3953,482322.780000000027939,3282025.791999999899417
300308.SZ,2023.04.13,70.659999999999996,71.980000000000004,63.799999999999997,64.730000000000004,68.569999999999993,-3.84,-5.600100000000001,579237.520000000018626,3861364.270000000018626
300308.SZ,2023.04.14,65.569999999999993,67.230000000000003,63.770000000000003,66.510000000000005,64.730000000000004,1.78,2.7499,473815.590000000025611,3128243.836000000126659
300308.SZ,2023.04.17,65.299999999999997,66.260000000000005,63.859999999999999,64.680000000000006,66.510000000000005,-1.83,-2.7515,319454.710000000020954,2073132.075999999884516
300308.SZ,2023.04.18,65.019999999999996,77.620000000000004,64.400000000000005,74.480000000000004,64.680000000000006,9.8,15.1515,798156.280000000027939,5672390.890999999828636
300308.SZ,2023.04.19,74.480000000000004,78.519999999999995,74,75.620000000000004,74.480000000000004,1.14,1.5306,645766.660000000032596,4912060.065000000409781
300308.SZ,2023.04.20,76.579999999999998,82,76.010000000000005,81,75.620000000000004,5.38,7.1145,616849.790000000037252,4904931.75
300308.SZ,2023.04.21,79.989999999999994,81.370000000000004,77,78.189999999999997,81,-2.81,-3.4691,472218.909999999974388,3723809.486000000033527
300308.SZ,2023.04.24,80.569999999999993,89.159999999999996,80.560000000000002,85.409999999999996,78.189999999999997,7.22,9.2339,645324.60999999998603,5445679.393000000156462
300308.SZ,2023.04.25,83.189999999999997,86.879999999999995,78.599999999999994,80.89,85.409999999999996,-4.52,-5.2921,653017.180000000051222,5399166.231999999843537
300308.SZ,2023.04.26,81.909999999999996,85.530000000000001,78.379999999999995,79.450000000000002,80.89,-1.44,-1.7802,664903.890000000013969,5433084.294999999925494
300308.SZ,2023.04.27,75.75,82.5,75.310000000000002,78.489999999999994,79.450000000000002,-0.96,-1.2083,598639.489999999990686,4737518.820000000298023
300308.SZ,2023.04.28,79.560000000000002,91.109999999999999,78.829999999999998,90,78.489999999999994,11.509999999999999,14.6643,662409.800000000046566,5631069.729000000283122
300308.SZ,2023.05.04,86.5,87.799999999999997,81.680000000000006,85.200000000000002,90,-4.8,-5.333300000000001,575999.729999999981373,4866413.677000000141561
300308.SZ,2023.05.05,86.079999999999998,87.560000000000002,75.879999999999995,78.39,85.200000000000002,-6.81,-7.993000000000001,591266.449999999953433,4778815.173000000417232
300308.SZ,2023.05.08,78.200000000000002,81.629999999999995,74.010000000000005,77.439999999999997,78.39,-0.95,-1.2119,482677.429999999993015,3779901.90100000007078
300308.SZ,2023.05.09,77.549999999999997,84.799999999999997,77.549999999999997,81.939999999999997,77.439999999999997,4.5,5.811,473711.820000000006984,3894593.550999999977648
300308.SZ,2023.05.10,83.370000000000004,84.689999999999997,74.170000000000001,75.799999999999997,81.939999999999997,-6.14,-7.4933,535088.07999999995809,4201026.131000000052154
300308.SZ,2023.05.11,75.560000000000002,76.799999999999997,72.200000000000002,72.540000000000006,75.799999999999997,-3.26,-4.3008,440697.880000000004656,3267752.614000000059604
300308.SZ,2023.05.12,72.450000000000002,76.790000000000006,72.049999999999997,75.829999999999998,72.540000000000006,3.29,4.5354,430433.679999999993015,3236578.376000000163912
300308.SZ,2023.05.15,77,79.870000000000004,72.489999999999994,79.599999999999994,75.829999999999998,3.77,4.9716,465990.840000000025611,3564786.050999999977648
300308.SZ,2023.05.16,79.159999999999996,79.790000000000006,75.930000000000006,76.819999999999993,79.599999999999994,-2.78,-3.4925,394400.830000000016298,3063347.44400000013411
300308.SZ,2023.05.17,77,82.519999999999995,76.019999999999996,79.010000000000005,76.819999999999993,2.19,2.8508,434806.169999999983701,3458715.705999999772757
300308.SZ,2023.05.18,88.5,94.810000000000002,85.549999999999997,94.810000000000002,79.010000000000005,15.8,19.997499999999998,561366.300000000046566,5107563.878999999724328
300308.SZ,2023.05.19,96.010000000000005,99.590000000000003,90.810000000000002,93.549999999999997,94.810000000000002,-1.26,-1.329,785144.430000000051222,7528546.730999999679625
300308.SZ,2023.05.22,93.549999999999997,93.879999999999995,87.359999999999999,89.89,93.549999999999997,-3.66,-3.9123,480795.809999999997671,4328897.416000000201165
300308.SZ,2023.05.23,90.25,92.420000000000001,86.969999999999998,87.200000000000002,89.89,-2.69,-2.9925,529940.849999999976716,4734300.549999999813735
300308.SZ,2023.05.24,85.299999999999997,92.209999999999993,85.079999999999998,87.670000000000001,87.200000000000002,0.47,0.539,571797.839999999967403,5079451.480999999679625
300308.SZ,2023.05.25,95.879999999999995,99.89,90,93.180000000000006,87.670000000000001,5.51,6.284900000000001,765340.589999999967403,7280837.447999999858438
300308.SZ,2023.05.26,93.260000000000005,99.349999999999994,91.299999999999997,91.450000000000002,93.180000000000006,-1.73,-1.8566,609410.030000000027939,5744455.158999999985098
300308.SZ,2023.05.29,94.379999999999995,102.379999999999995,94.010000000000005,96,91.450000000000002,4.55,4.9754,624193.82999999995809,6095670.969999999739229
300308.SZ,2023.05.30,98.75,110,96.129999999999995,109,96,13,13.5417,646267.290000000037252,6642510.269999999552965
300308.SZ,2023.05.31,106.030000000000001,108.090000000000003,102.299999999999997,107.5,109,-1.5,-1.3761,460505.640000000013969,4857237.82799999974668
300308.SZ,2023.06.01,105,110.989999999999994,104,108.040000000000006,107.5,0.54,0.5023,383389.940000000002328,4125007.353000000119209
300308.SZ,2023.06.02,111.150000000000005,112.799999999999997,104.209999999999993,106.700000000000002,108.040000000000006,-1.34,-1.2403,288436.190000000002328,3094297.932000000029802
300308.SZ,2023.06.05,105,115.379999999999995,105,111.200000000000002,106.700000000000002,4.5,4.2174,388504.789999999979045,4319562.468999999575316
300308.SZ,2023.06.06,112,113.5,106.180000000000006,107.310000000000002,111,-3.69,-3.3243,320564.150000000023283,3503934.984999999869614
300308.SZ,2023.06.07,107.099999999999994,111.099999999999994,105.530000000000001,108.109999999999999,107.310000000000002,0.8,0.7455,284178.239999999990686,3083546.379999999888241
300308.SZ,2023.06.08,106.099999999999994,109.590000000000003,103.269999999999996,106.719999999999998,108.109999999999999,-1.39,-1.2857,343756.739999999990686,3661586.283999999985098
300308.SZ,2023.06.09,106.700000000000002,118.5,103.5,115.200000000000002,106.719999999999998,8.48,7.946,579818.130000000004656,6407554.008000000379979
300308.SZ,2023.06.12,115.200000000000002,122.64,114,121.5,115.200000000000002,6.3,5.4688,401497.429999999993015,4801762.932000000029802
300308.SZ,2023.06.13,120,123.980000000000004,118.040000000000006,121.549999999999997,121.5,0.05,0.0412,279624.599999999976716,3386989.453999999910593
300308.SZ,2023.06.14,124,134.560000000000002,121.700000000000002,129.550000000000011,121.549999999999997,8,6.5817,409319.520000000018626,5199427.080000000074505
300308.SZ,2023.06.15,133.900000000000005,139.879999999999995,132,134.789999999999992,129.550000000000011,5.240000000000001,4.044800000000001,440664.909999999974388,5954438.968999999575317
300308.SZ,2023.06.16,136.349999999999994,156.5,132.639999999999986,155,134.789999999999992,20.21,14.9937,458446.700000000011641,6619310.082000000402331
300308.SZ,2023.06.19,158.090000000000003,164.800000000000011,153.460000000000007,160.00999999999999,155,5.01,3.2323,491894.140000000013969,7804976.28899999987334
300308.SZ,2023.06.20,160.00999999999999,170,156.099999999999994,170,160.00999999999999,9.99,6.243400000000001,452093.989999999990686,7319594.024000000208616
300308.SZ,2023.06.21,165.659999999999996,166,157.050000000000011,159.900000000000005,170,-10.099999999999999,-5.941200000000001,473777.409999999974388,7643068.871000000275671
300308.SZ,2023.06.26,156.560000000000002,158,145.240000000000009,148,159.900000000000005,-11.9,-7.4422,622281.260000000009313,9396374.351999999955296
300308.SZ,2023.06.27,147.439999999999997,149.889999999999986,144.990000000000009,147.199999999999988,148,-0.8,-0.5405,366485.640000000013969,5399287.867999999783933
300308.SZ,2023.06.28,139.00999999999999,145.5,132.960000000000008,141.979999999999989,147.199999999999988,-5.22,-3.5462,474849.289999999979045,6664986.447999999858438
300308.SZ,2023.06.29,144,149.800000000000011,143.5,148.00999999999999,141.979999999999989,6.030000000000001,4.2471,461718.179999999993015,6777628.190999999642372
300308.SZ,2023.06.30,145,154.580000000000012,144.02000000000001,147.449999999999988,148.00999999999999,-0.56,-0.3784,486622.140000000013969,7258615.996000000275671
300308.SZ,2023.07.03,147.780000000000001,148.599999999999994,138.889999999999986,146,147.449999999999988,-1.45,-0.9834,413579.210000000020954,5926592.734000000171363
300308.SZ,2023.07.04,146.50999999999999,150.330000000000012,145,146.52000000000001,146,0.52,0.3562,310201.229999999981373,4580082.240000000223517
300308.SZ,2023.07.05,146.00999999999999,146.52000000000001,138.719999999999998,138.960000000000008,146.52000000000001,-7.56,-5.1597,341396.760000000009313,4864646.975999999791383
300308.SZ,2023.07.06,138.780000000000001,145.560000000000002,137.699999999999988,139.800000000000011,138.960000000000008,0.84,0.6045,323411.590000000025611,4578612.22400000039488
300308.SZ,2023.07.07,144.590000000000003,150.620000000000004,136.229999999999989,146.990000000000009,139.800000000000011,7.190000000000001,5.1431,507937.929999999993015,7325079.901999999769031
300308.SZ,2023.07.10,145.219999999999998,146.889999999999986,137.039999999999992,143.599999999999994,146.990000000000009,-3.39,-2.3063,419945.60999999998603,5942156.101999999955296
300308.SZ,2023.07.11,145.979999999999989,148.800000000000011,142.580000000000012,148.5,143.599999999999994,4.900000000000001,3.4123,345456.280000000027939,5054824.476999999955296
300308.SZ,2023.07.12,149.5,152,138.789999999999992,138.789999999999992,148.5,-9.71,-6.538700000000001,465961.60999999998603,6734275.072999999858438
300308.SZ,2023.07.13,141.840000000000003,154.699999999999988,141.840000000000003,154.199999999999988,138.789999999999992,15.41,11.103099999999999,536982.71999999997206,7947614.825000000186264
300308.SZ,2023.07.14,156.659999999999996,159.599999999999994,151.110000000000013,155.389999999999986,154.199999999999988,1.19,0.7717,539873.810000000055879,8351777.076999999582767
300308.SZ,2023.07.17,154.099999999999994,164.949999999999988,153.930000000000006,157.710000000000007,155.389999999999986,2.32,1.493,405983.140000000013969,6478700.226999999955296
300308.SZ,2023.07.18,160.080000000000012,160.5,149.990000000000009,151.289999999999992,157.710000000000007,-6.42,-4.070800000000001,311921.599999999976716,4811204.345999999903142
300308.SZ,2023.07.19,154,155.960000000000008,148.919999999999987,149,151.289999999999992,-2.29,-1.5136,221403.480000000010477,3357756.300999999977648
300308.SZ,2023.07.20,147.5,148.400000000000005,129.550000000000011,130,149,-19,-12.751699999999999,671198.46999999997206,9235924.769999999552965
300308.SZ,2023.07.21,130.00999999999999,131.729999999999989,125.709999999999993,130.240000000000009,130,0.24,0.1846,527381.780000000027939,6789054.875
300308.SZ,2023.07.24,130.159999999999996,135.930000000000006,128.879999999999995,131,130.240000000000009,0.76,0.5835,393842.080000000016298,5213235.803999999538064
300308.SZ,2023.07.25,133.159999999999996,140.979999999999989,130.00999999999999,134.25,131,3.25,2.4809,447118.919999999983701,6031733.705000000074505
300308.SZ,2023.07.26,134.419999999999987,135.580000000000012,127.030000000000001,129.039999999999992,134.25,-5.21,-3.8808,400397.169999999983701,5222877.718000000342726
300308.SZ,2023.07.27,127.099999999999994,131.099999999999994,126.109999999999999,127.900000000000005,129.039999999999992,-1.14,-0.8834,253277.070000000006984,3245832.686999999918043
300308.SZ,2023.07.28,126.629999999999995,131.189999999999997,124.599999999999994,126.900000000000005,127.900000000000005,-1,-0.7819,341066.989999999990686,4345023.430999999865889
300308.SZ,2023.07.31,124.079999999999998,131.449999999999988,124,128,126.900000000000005,1.1,0.8668,372555.340000000025611,4779940.265999999828636
300308.SZ,2023.08.01,128,135.990000000000009,127.659999999999996,134.800000000000011,128,6.8,5.3125,484145.770000000018626,6416563.399000000208616
300308.SZ,2023.08.02,134,135.990000000000009,130.52000000000001,133.800000000000011,134.800000000000011,-1,-0.7418,264234.349999999976716,3525725.90100000007078
300308.SZ,2023.08.03,130.379999999999995,135.490000000000009,128.330000000000012,130.50999999999999,133.800000000000011,-3.29,-2.4589,301569.5,3954508.032999999821186
300308.SZ,2023.08.04,130.030000000000001,141.030000000000001,129.50999999999999,139.949999999999988,130.50999999999999,9.439999999999999,7.2332,458229.260000000009313,6212604.411999999545514
300308.SZ,2023.08.07,141,146.659999999999996,138.879999999999995,141.75,139.949999999999988,1.8,1.2862,413930.280000000027939,5916033.330000000074505
300308.SZ,2023.08.08,141.75,144.430000000000006,134.5,134.50999999999999,141.75,-7.240000000000001,-5.1076,303276.419999999983701,4213408.871000000275671
300308.SZ,2023.08.09,134.180000000000006,136.150000000000005,126.609999999999999,126.840000000000003,134.50999999999999,-7.67,-5.702200000000001,417352.280000000027939,5455563.216000000014901
300308.SZ,2023.08.10,124.060000000000002,127.189999999999997,122.010000000000005,124.010000000000005,126.840000000000003,-2.83,-2.2312,314116.35999999998603,3903812.257999999914318
300308.SZ,2023.08.11,125.430000000000006,127.14,121.980000000000004,121.980000000000004,124.010000000000005,-2.03,-1.637,209528.260000000009313,2602884.598999999929219
300308.SZ,2023.08.14,122.700000000000002,123.519999999999995,120.310000000000002,123.519999999999995,121.980000000000004,1.54,1.2625,299862.739999999990686,3653432.708000000100582
300308.SZ,2023.08.15,129,129.879999999999995,121.010000000000005,121.900000000000005,123.519999999999995,-1.62,-1.3115,425347.710000000020954,5328572.547000000253319
300308.SZ,2023.08.16,120.019999999999996,123.299999999999997,118.109999999999999,121.010000000000005,121.900000000000005,-0.89,-0.7301,313831.039999999979045,3776187.151999999769032
300308.SZ,2023.08.17,118.799999999999997,124.200000000000002,117.180000000000006,122.25,121.010000000000005,1.24,1.0247,320164.390000000013969,3886919.822999999858438
300308.SZ,2023.08.18,121.5,122.5,115.510000000000005,115.510000000000005,122.25,-6.740000000000001,-5.5133,315174.10999999998603,3733845.103000000119209
300308.SZ,2023.08.21,116.329999999999998,120.549999999999997,115.299999999999997,117.870000000000004,115.510000000000005,2.36,2.0431,255052.470000000001164,3016721.234999999869614
300308.SZ,2023.08.22,122.099999999999994,126.549999999999997,118.150000000000005,126,117.870000000000004,8.13,6.897400000000001,465006.289999999979045,5683967.304999999701976
300308.SZ,2023.08.23,123.480000000000004,123.489999999999994,118.099999999999994,119,126,-7,-5.5556,286357.119999999995343,3429649.260999999940395
300308.SZ,2023.08.24,124,126,119.329999999999998,121,119,2,1.6807,409584.479999999981373,5006257.033999999985098
300308.SZ,2023.08.25,113.329999999999998,115.14,106.010000000000005,106.950000000000002,121,-14.05,-11.611599999999999,580820.489999999990686,6411278.82799999974668
300308.SZ,2023.08.28,114,116.060000000000002,110.099999999999994,111.5,106.950000000000002,4.55,4.2543,487689.239999999990686,5518917.338999999687075
300308.SZ,2023.08.29,113,121,109.530000000000001,115.189999999999997,111.5,3.69,3.3094,439490.880000000004656,5049231.497999999672174
300308.SZ,2023.08.30,116.099999999999994,119.590000000000003,113.379999999999995,116,115.189999999999997,0.81,0.7032,313842.640000000013969,3637835.087999999988824
300308.SZ,2023.08.31,114,116.340000000000003,113.75,114.620000000000004,116,-1.38,-1.1897,193110.980000000010477,2222072.594000000040978
300308.SZ,2023.09.01,113.900000000000005,115.290000000000006,110.849999999999994,112.150000000000005,114.620000000000004,-2.47,-2.1549,209958.570000000006984,2366297.058999999891966
300308.SZ,2023.09.04,112.959999999999993,113.480000000000004,110.75,112.349999999999994,112.150000000000005,0.2,0.1783,165718.720000000001164,1853237.381999999983236
300308.SZ,2023.09.05,111.900000000000005,111.900000000000005,108.120000000000004,109.010000000000005,112.349999999999994,-3.34,-2.9729,214383.029999999998835,2351163.353000000119209
300308.SZ,2023.09.06,109.120000000000004,110.950000000000002,106.799999999999997,109.700000000000002,109.010000000000005,0.69,0.633,198480.399999999994179,2159984.140999999828636
300308.SZ,2023.09.07,109.099999999999994,110.75,106.109999999999999,106.310000000000002,109.700000000000002,-3.39,-3.0902,239295.60999999998603,2576182.319999999832361
300308.SZ,2023.09.08,103.569999999999993,107.200000000000002,102,105.25,106.310000000000002,-1.06,-0.9971,287885.549999999988358,3020167.547999999951571
300308.SZ,2023.09.11,106.25,112.989999999999994,104.519999999999995,109.200000000000002,105.25,3.95,3.753,379722.440000000002328,4157932.998000000137835
300308.SZ,2023.09.12,108.079999999999998,111.879999999999995,107.549999999999997,109.920000000000001,109.200000000000002,0.72,0.6593,244786.549999999988358,2703602.919000000227242
300308.SZ,2023.09.13,109.450000000000002,110.900000000000005,105.359999999999999,106.670000000000001,109.920000000000001,-3.25,-2.9567,180589.369999999995343,1940755.91400000010617
300308.SZ,2023.09.14,107.170000000000001,108.310000000000002,102.5,102.650000000000005,106.670000000000001,-4.02,-3.7686,246306.019999999989522,2577436.504999999888241
300308.SZ,2023.09.15,103.39,104.159999999999996,97.409999999999996,98.680000000000006,102.650000000000005,-3.97,-3.8675,363809.309999999997671,3651606.06900000013411
300308.SZ,2023.09.18,99,99.590000000000003,94.719999999999998,95.5,98.680000000000006,-3.18,-3.2225,296946.479999999981373,2886881.290000000037252
300308.SZ,2023.09.19,96.400000000000005,99.260000000000005,93.689999999999997,96.5,95.5,1,1.0471,265243.619999999995343,2558488.94400000013411
300308.SZ,2023.09.20,96.489999999999994,100.900000000000005,96,97.150000000000005,96.5,0.65,0.6736,275469.75,2709599.89699999988079
300308.SZ,2023.09.21,96.5,100.319999999999993,96.209999999999993,97.370000000000004,97.150000000000005,0.22,0.2265,239776.369999999995343,2360482.802999999839812
300308.SZ,2023.09.22,97.969999999999998,112.920000000000001,97.5,111.079999999999998,97.370000000000004,13.71,14.080299999999999,647610.800000000046566,6867634.058000000193715
300308.SZ,2023.09.25,111.079999999999998,111.900000000000005,106.799999999999997,107.5,111.079999999999998,-3.58,-3.2229,410389.320000000006984,4492724.324000000022351
300308.SZ,2023.09.26,109.950000000000002,115.769999999999995,109.299999999999997,111.799999999999997,107.5,4.3,4,442133.289999999979045,4973206.850999999791383
300308.SZ,2023.09.27,111.25,116.200000000000002,111.25,114.069999999999993,111.799999999999997,2.27,2.0304,276081.799999999988358,3148705.128000000026077
300308.SZ,2023.09.28,117.879999999999995,119.329999999999998,114.019999999999996,115.799999999999997,114.069999999999993,1.73,1.5166,306390.799999999988358,3565312.268999999854713
300308.SZ,2023.10.09,115.430000000000006,116.980000000000004,107.510000000000005,111.060000000000002,115.799999999999997,-4.740000000000001,-4.093300000000001,442493.929999999993015,4935200.179999999701976
300308.SZ,2023.10.10,110.370000000000004,112.719999999999998,107.980000000000004,109.450000000000002,111.060000000000002,-1.61,-1.4497,255412.299999999988358,2811180.251999999862164
300308.SZ,2023.10.11,110.549999999999997,113.769999999999995,107.659999999999996,109.730000000000004,109.450000000000002,0.28,0.2558,254655.429999999993015,2814276.800999999977648
300308.SZ,2023.10.12,111,111.420000000000001,105.629999999999995,106.670000000000001,109.730000000000004,-3.06,-2.7887,218265.950000000011641,2341724.753000000026077
300308.SZ,2023.10.13,105.799999999999997,106.370000000000004,100.900000000000005,102.370000000000004,106.670000000000001,-4.3,-4.031100000000001,294905.599999999976716,3035091.200999999884516
300308.SZ,2023.10.16,101.349999999999994,102.780000000000001,99.379999999999995,100.010000000000005,102.370000000000004,-2.36,-2.3054,222840.269999999989522,2239102.029000000096857
300308.SZ,2023.10.17,101.120000000000004,103.5,97.879999999999995,100.560000000000002,100.010000000000005,0.55,0.5499,238038.60000000000582,2390436.762999999802559
300308.SZ,2023.10.18,96.609999999999999,98.109999999999999,93.219999999999998,97.450000000000002,100.560000000000002,-3.11,-3.0927,345663.830000000016298,3319570.126999999862164
300308.SZ,2023.10.19,96.769999999999995,97.510000000000005,94.230000000000003,94.64,97.450000000000002,-2.81,-2.8835,221354.690000000002328,2112414.475000000093132
300308.SZ,2023.10.20,96.980000000000004,97.170000000000001,93.760000000000005,94.069999999999993,94.64,-0.57,-0.6023,250654.790000000008149,2386369.705000000074505
300308.SZ,2023.10.23,97.170000000000001,99.159999999999996,93.700000000000002,96.099999999999994,94.069999999999993,2.03,2.158,390849.539999999979045,3745740.421000000089406
300308.SZ,2023.10.24,98.200000000000002,101.799999999999997,94.519999999999995,95.799999999999997,96.099999999999994,-0.3,-0.3122,580027.780000000027939,5694715.205000000074505
300308.SZ,2023.10.25,91.459999999999993,95.64,87.799999999999997,88.010000000000005,95.799999999999997,-7.79,-8.1315,579930.660000000032596,5257017.631000000052154
300308.SZ,2023.10.26,88.659999999999996,90.75,87.609999999999999,89.900000000000005,88.010000000000005,1.89,2.1475,349972.309999999997671,3115896.145000000018626
300308.SZ,2023.10.27,89.010000000000005,90.280000000000001,87.420000000000001,89.409999999999996,89.900000000000005,-0.49,-0.5451,272730.75,2430655.711000000126659
300308.SZ,2023.10.30,89.370000000000004,90.799999999999997,87.5,89.819999999999993,89.409999999999996,0.41,0.4586,273032.119999999995343,2435833.703000000212341
300308.SZ,2023.10.31,90.200000000000002,90.609999999999999,85.909999999999996,87.75,89.819999999999993,-2.07,-2.3046,277602.35999999998603,2422980.989000000059604
300308.SZ,2023.11.01,87.200000000000002,88.599999999999994,85.049999999999997,85.219999999999998,87.75,-2.53,-2.8832,226989.820000000006984,1962819.213999999919906
300308.SZ,2023.11.02,86.540000000000006,89.329999999999998,85.900000000000005,85.930000000000006,85.219999999999998,0.71,0.8331,273153.369999999995343,2385194.799999999813735
300308.SZ,2023.11.03,86.5,91.159999999999996,86.5,88.650000000000005,85.930000000000006,2.72,3.1654,383209.979999999981373,3426594.902999999932944
300308.SZ,2023.11.06,90.439999999999997,91.909999999999996,89,91.420000000000001,88.650000000000005,2.77,3.1246,374255.260000000009313,3392829.39699999988079
300308.SZ,2023.11.07,90.89,104,90.280000000000001,99.200000000000002,91.420000000000001,7.780000000000001,8.510199999999999,563865.459999999962747,5399560.129999999888241
300308.SZ,2023.11.08,97.099999999999994,98.569999999999993,95.709999999999993,96.650000000000005,99.200000000000002,-2.55,-2.5706,356275.869999999995343,3451750.191000000108033
300308.SZ,2023.11.09,99,103.170000000000001,98.299999999999997,100.989999999999994,96.650000000000005,4.34,4.490400000000001,399700.409999999974388,4027566.223000000230967
300308.SZ,2023.11.10,100.5,105.200000000000002,100,101.540000000000006,100.989999999999994,0.55,0.5446,313228.059999999997671,3214256.450000000186264
300308.SZ,2023.11.13,105.799999999999997,108.510000000000005,103.799999999999997,104.900000000000005,101.540000000000006,3.36,3.309,378874.669999999983701,4025461.362999999895691
300308.SZ,2023.11.14,104.909999999999996,107.64,102.549999999999997,105.010000000000005,104.900000000000005,0.11,0.1049,275454.330000000016298,2892680.628000000026077
300308.SZ,2023.11.15,108,108,100.129999999999995,104,105.010000000000005,-1.01,-0.9618,308090.909999999974388,3176885.728000000119209
300308.SZ,2023.11.16,102,103.900000000000005,100.010000000000005,100.040000000000006,104,-3.96,-3.8077,236171.440000000002328,2397920.625
300308.SZ,2023.11.17,100.090000000000003,107,100.090000000000003,105.590000000000003,100.040000000000006,5.55,5.5478,316932.539999999979045,3260389.725999999791383
300308.SZ,2023.11.20,103.650000000000005,105.569999999999993,100.579999999999998,102.349999999999994,105.590000000000003,-3.24,-3.0685,326041.340000000025611,3342265.675999999977648
300308.SZ,2023.11.21,103.879999999999995,107.299999999999997,103.090000000000003,103.569999999999993,102.349999999999994,1.22,1.192,292441.049999999988358,3067829.702000000048428
300308.SZ,2023.11.22,102,102.5,97.299999999999997,97.359999999999999,103.569999999999993,-6.21,-5.9959,367764.979999999981373,3646456.166000000201165
300308.SZ,2023.11.23,96.89,98.5,95.799999999999997,98.14,97.359999999999999,0.78,0.8012,206941.980000000010477,2012153.493000000016763
300308.SZ,2023.11.24,97.310000000000002,97.769999999999995,93.859999999999999,94.400000000000005,98.14,-3.74,-3.8109,200773.470000000001164,1911066.594000000040978
300308.SZ,2023.11.27,94.010000000000005,99.170000000000001,94,97.879999999999995,94.400000000000005,3.48,3.6864,278190.690000000002328,2690866.546999999787658
300308.SZ,2023.11.28,96.5,97.090000000000003,94.060000000000002,94.75,97.879999999999995,-3.13,-3.1978,161031.899999999994179,1528746.475000000093132
300308.SZ,2023.11.29,94.920000000000001,95.799999999999997,93.450000000000002,94.739999999999994,94.75,-0.01,-0.0106,159550.570000000006984,1510402.395000000018626
300308.SZ,2023.11.30,94.099999999999994,95.349999999999994,93.579999999999998,94.920000000000001,94.739999999999994,0.18,0.19,151676.329999999987194,1434217.213999999919906
300308.SZ,2023.12.01,94.89,101.540000000000006,93.14,100,94.920000000000001,5.08,5.3519,410446.130000000004656,4008161.83199999993667
300308.SZ,2023.12.04,100.519999999999995,105,100.099999999999994,102.780000000000001,100,2.78,2.78,354376.960000000020954,3652847.132000000216066
300308.SZ,2023.12.05,101.879999999999995,103.989999999999994,100.510000000000005,100.799999999999997,102.780000000000001,-1.98,-1.9264,270607.5,2763096.765000000130385
300308.SZ,2023.12.06,100,101.5,98.799999999999997,100.680000000000006,100.799999999999997,-0.12,-0.119,177176.829999999987194,1775299.067999999970197
300308.SZ,2023.12.07,102.599999999999994,105.5,100.219999999999998,104.370000000000004,100.680000000000006,3.69,3.6651,323806.599999999976716,3356657.902999999932944
300308.SZ,2023.12.08,107.859999999999999,119.900000000000005,106.030000000000001,117.5,104.370000000000004,13.13,12.580199999999999,628438.479999999981373,7103915.957999999634921
300308.SZ,2023.12.11,117.239999999999994,121,114.219999999999998,120.150000000000005,117.5,2.65,2.2553,443290.419999999983701,5235994.389999999664723
300308.SZ,2023.12.12,120.120000000000004,121.5,112,114.959999999999993,120.150000000000005,-5.190000000000001,-4.319600000000001,438343.979999999981373,5097963.379999999888241
300308.SZ,2023.12.13,114.150000000000005,115.989999999999994,113.129999999999995,113.400000000000005,114.959999999999993,-1.56,-1.357,205264.10000000000582,2346037.368999999947845
300308.SZ,2023.12.14,115,116.879999999999995,112.099999999999994,112.810000000000002,113.400000000000005,-0.59,-0.5203,238962.450000000011641,2737229.888999999966472
300308.SZ,2023.12.15,113.379999999999995,114.299999999999997,108.560000000000002,110.049999999999997,112.810000000000002,-2.76,-2.4466,201303.429999999993015,2227687.543000000063329
300308.SZ,2023.12.18,109.120000000000004,115.5,108.510000000000005,113.39,110.049999999999997,3.34,3.035,274000.479999999981373,3091409.583000000100582
300308.SZ,2023.12.19,114.129999999999995,114.89,109.989999999999994,113.189999999999997,113.39,-0.2,-0.1764,199868.059999999997671,2241974.669000000227242
300308.SZ,2023.12.20,113.200000000000002,113.560000000000002,107.549999999999997,109.299999999999997,113.189999999999997,-3.89,-3.4367,238898.010000000009313,2615125.510999999940395
300308.SZ,2023.12.21,108.209999999999993,117.900000000000005,107.439999999999997,114.189999999999997,109.299999999999997,4.89,4.473900000000001,298798.409999999974388,3366749.240999999921768
300308.SZ,2023.12.22,112.680000000000006,114.659999999999996,109.379999999999995,110.39,114.189999999999997,-3.8,-3.3278,238635.35000000000582,2672138.708000000100582
300308.SZ,2023.12.25,111.109999999999999,113.280000000000001,107.680000000000006,111.25,110.39,0.86,0.7791,152210.140000000013969,1685997.618000000016763
300308.SZ,2023.12.26,110.590000000000003,111.379999999999995,105.609999999999999,106.959999999999993,111.25,-4.29,-3.8562,195584.619999999995343,2102879.808000000193715
300308.SZ,2023.12.27,107.579999999999998,109.010000000000005,106.609999999999999,107.129999999999995,106.959999999999993,0.17,0.1589,133510.649999999994179,1437142.544999999925494
300308.SZ,2023.12.28,106.879999999999995,110.200000000000002,106.400000000000005,109.010000000000005,107.129999999999995,1.88,1.7549,199078.60999999998603,2165419.496999999973922
300308.SZ,2023.12.29,109.109999999999999,115.930000000000006,109.079999999999998,112.909999999999996,109.010000000000005,3.9,3.5777,241047.160000000003492,2718458.839999999850988
300308.SZ,2024.01.02,112.849999999999994,114.780000000000001,110.530000000000001,110.609999999999999,112.909999999999996,-2.3,-2.037,147910.519999999989522,1658786.395999999949708
300308.SZ,2024.01.03,109.109999999999999,109.989999999999994,104.89,104.989999999999994,110.609999999999999,-5.62,-5.0809,221086.890000000013969,2356778.140000000130385
300308.SZ,2024.01.04,104.700000000000002,105.670000000000001,102.359999999999999,104,104.989999999999994,-0.99,-0.9429,166507.440000000002328,1734928.760000000009313
300308.SZ,2024.01.05,103.620000000000004,104.5,99.200000000000002,100.030000000000001,104,-3.97,-3.8173,175520.899999999994179,1773515.104999999981373
300308.SZ,2024.01.08,99.799999999999997,101.109999999999999,97.819999999999993,98.799999999999997,100.030000000000001,-1.23,-1.2296,132630.10000000000582,1316070.424000000115483
300308.SZ,2024.01.09,101.780000000000001,103.530000000000001,100.5,101.319999999999993,98.799999999999997,2.52,2.5506,200010.589999999996507,2039717.585999999893829
300308.SZ,2024.01.10,101.329999999999998,102.709999999999993,98.299999999999997,100,101.319999999999993,-1.32,-1.3028,138602.089999999996507,1393780.737999999895691
300308.SZ,2024.01.11,100,104.480000000000004,99.909999999999996,103.39,100,3.39,3.39,192897.320000000006984,1984685.245000000111758
300308.SZ,2024.01.12,102.629999999999995,102.980000000000004,99.560000000000002,100.560000000000002,103.39,-2.83,-2.7372,138420.010000000009313,1398417.950999999884515
300308.SZ,2024.01.15,99.359999999999999,103.599999999999994,99.359999999999999,101.879999999999995,100.560000000000002,1.32,1.3126,126476.259999999994761,1289058.895000000018626
300308.SZ,2024.01.16,100.89,101.260000000000005,98.400000000000005,100.290000000000006,101.879999999999995,-1.59,-1.5607,169025.85000000000582,1682657.692000000039115
300308.SZ,2024.01.17,100.659999999999996,102.840000000000003,99.019999999999996,99.019999999999996,100.290000000000006,-1.27,-1.2663,191931.809999999997671,1945345.016999999992549
300308.SZ,2024.01.18,97.040000000000006,109.950000000000002,96.829999999999998,109.829999999999998,99.019999999999996,10.81,10.916999999999999,370997.659999999974388,3850429.268000000156462
300308.SZ,2024.01.19,112.299999999999997,113.579999999999998,110.39,111,109.829999999999998,1.17,1.0653,318973.229999999981373,3573579.546999999787658
300308.SZ,2024.01.22,116,116.5,110.989999999999994,111.599999999999994,111,0.6,0.5405,327149.659999999974388,3731497.973000000230968
300308.SZ,2024.01.23,111.989999999999994,117.260000000000005,110.840000000000003,114,111.599999999999994,2.4,2.1505,297569.989999999990686,3408601.77600000007078
300308.SZ,2024.01.24,113.650000000000005,114.180000000000006,108.980000000000004,113.700000000000002,114,-0.3,-0.2632,269552.479999999981373,3016646.609999999869614
300308.SZ,2024.01.25,112.480000000000004,119.200000000000002,111.420000000000001,118.349999999999994,113.700000000000002,4.650000000000001,4.0897,297009.789999999979045,3452818.092000000178813
300308.SZ,2024.01.26,117.989999999999994,118,113.799999999999997,115.959999999999993,118.349999999999994,-2.39,-2.0194,232149.739999999990686,2684718.246999999973922
300308.SZ,2024.01.29,113.650000000000005,113.650000000000005,96.700000000000002,103.819999999999993,115.959999999999993,-12.14,-10.469099999999999,426558.599999999976716,4424563.970999999903142
300308.SZ,2024.01.30,103,105.799999999999997,100.730000000000004,101.200000000000002,103.819999999999993,-2.62,-2.5236,213968.45999999999185,2200544.06499999994412
300308.SZ,2024.01.31,100.019999999999996,107.89,98.75,102.799999999999997,101.200000000000002,1.6,1.581,282994.559999999997671,2927986.703000000212341
300308.SZ,2024.02.01,103.790000000000006,116,101.549999999999997,111.049999999999997,102.799999999999997,8.25,8.025299999999999,351115.510000000009313,3847918.799999999813735
300308.SZ,2024.02.02,111.879999999999995,113.879999999999995,107.700000000000002,109.849999999999994,111.049999999999997,-1.2,-1.0806,279578.10999999998603,3103259.131000000052154
300308.SZ,2024.02.05,108,117.430000000000006,107.870000000000004,112,109.849999999999994,2.15,1.9572,365547.280000000027939,4102681.203000000212341
300308.SZ,2024.02.06,110.659999999999996,124.879999999999995,109.799999999999997,124.879999999999995,112,12.88,11.5,354968.799999999988358,4195653.49199999962002
300308.SZ,2024.02.07,123.099999999999994,125.989999999999994,121.590000000000003,124.609999999999999,124.879999999999995,-0.27,-0.2162,270580.409999999974388,3350814.368999999947845
300308.SZ,2024.02.08,127.5,137,124.799999999999997,127,124.609999999999999,2.39,1.918,355918.059999999997671,4632654.84999999962747
300308.SZ,2024.02.19,138,152.400000000000005,133.860000000000013,152.400000000000005,127,25.399999999999998,20,415891.020000000018626,5903577.723000000230967
300308.SZ,2024.02.20,153,162.990000000000009,151,159.5,152.400000000000005,7.1,4.658800000000001,448372.299999999988358,7034768.610999999567866
300308.SZ,2024.02.21,152,154.030000000000001,147.300000000000011,149.960000000000008,159.5,-9.539999999999999,-5.981200000000001,451416.450000000011641,6804226.868999999947845
300308.SZ,2024.02.22,158.050000000000011,159.639999999999986,149.469999999999998,154.50999999999999,149.960000000000008,4.55,3.0341,419514.909999999974388,6487864.847000000067055
300308.SZ,2024.02.23,160,161,147.050000000000011,147.729999999999989,154.50999999999999,-6.780000000000001,-4.3881,490341.039999999979045,7510727.154000000096857
300308.SZ,2024.02.26,142.030000000000001,151.409999999999996,142.030000000000001,149.030000000000001,147.729999999999989,1.3,0.88,332926.71999999997206,4922663.307000000029802
300308.SZ,2024.02.27,147.460000000000007,164.699999999999988,146.02000000000001,161.939999999999997,149.030000000000001,12.91,8.662699999999999,451322.770000000018626,7020038.75
300308.SZ,2024.02.28,161,162.900000000000005,149.810000000000002,149.810000000000002,161.939999999999997,-12.13,-7.490400000000001,401106.099999999976716,6279629.115000000223517
300308.SZ,2024.02.29,153,158.800000000000011,151,155.159999999999996,149.810000000000002,5.35,3.5712,368093.849999999976716,5701688.972000000067055
300308.SZ,2024.03.01,156.030000000000001,163.52000000000001,156.030000000000001,161.099999999999994,155.159999999999996,5.940000000000001,3.8283,378206.580000000016298,6060755.921000000089406
300308.SZ,2024.03.04,166.110000000000013,170.659999999999996,160.110000000000013,165.659999999999996,161.099999999999994,4.56,2.8305,405034.559999999997671,6720413.344999999739229
300308.SZ,2024.03.05,163.300000000000011,179.900000000000005,162.620000000000004,169.159999999999996,165.659999999999996,3.5,2.1128,469234.21999999997206,8060200.296000000089406
300308.SZ,2024.03.06,167,170.199999999999988,162.840000000000003,167.280000000000001,169.159999999999996,-1.88,-1.1114,304079.789999999979045,5067085.332999999634921
300308.SZ,2024.03.07,170,174.77000000000001,164,164.139999999999986,167.280000000000001,-3.14,-1.8771,303689.21999999997206,5133479.836000000126659
300308.SZ,2024.03.08,168.870000000000004,176.930000000000006,164.650000000000005,174.990000000000009,164.139999999999986,10.849999999999999,6.6102,364537.830000000016298,6201217.393000000156462
300308.SZ,2024.03.11,167.030000000000001,170.969999999999998,164.280000000000001,170.599999999999994,174.990000000000009,-4.39,-2.5087,341617.210000000020954,5731310.734000000171363
300308.SZ,2024.03.12,169.800000000000011,171.590000000000003,159.77000000000001,164.849999999999994,170.599999999999994,-5.75,-3.3705,361904.520000000018626,5953070.254999999888241
300308.SZ,2024.03.13,171.409999999999996,171.879999999999995,164.889999999999986,165,164.849999999999994,0.15,0.091,317683.520000000018626,5342846.964999999850988
300308.SZ,2024.03.14,162,172,162,169.530000000000001,165,4.530000000000001,2.7455,311016.659999999974388,5214891.326000000350177
300308.SZ,2024.03.15,167,180.400000000000005,165.590000000000003,177.360000000000013,169.530000000000001,7.83,4.6187,389742.330000000016298,6764300.160000000149011
300308.SZ,2024.03.18,178.75,186.080000000000012,177.590000000000003,179.990000000000009,177.360000000000013,2.63,1.4829,329935.960000000020954,5992840.651999999769032
300308.SZ,2024.03.19,173.310000000000002,176.650000000000005,171.449999999999988,173.810000000000002,179.990000000000009,-6.18,-3.4335,332772.309999999997671,5780641.201999999582767
300308.SZ,2024.03.20,172,175.659999999999996,166,168.960000000000008,173.810000000000002,-4.85,-2.7904,321579.690000000002328,5463505.014999999664723
300308.SZ,2024.03.21,169.240000000000009,172.659999999999996,166.330000000000012,167.680000000000006,168.960000000000008,-1.28,-0.7576,253272.809999999997671,4286810.985000000335276
300308.SZ,2024.03.22,168,170.52000000000001,166.360000000000013,167.680000000000006,167.680000000000006,0,0,226153.440000000002328,3808295.93999999994412
300308.SZ,2024.03.25,167.960000000000008,171.879999999999995,164,166.50999999999999,167.680000000000006,-1.17,-0.6978,223356.769999999989522,3768601.702000000048428
300308.SZ,2024.03.26,165.50999999999999,172.780000000000001,150,158.5,166.50999999999999,-8.009999999999999,-4.810500000000001,465246.260000000009313,7652591.654000000096857
300308.SZ,2024.03.27,160.780000000000001,161.969999999999998,152.75999999999999,154.199999999999988,158.5,-4.3,-2.7129,290856.479999999981373,4521397.248999999836087
300308.SZ,2024.03.28,155.00999999999999,159.879999999999995,151.129999999999995,154.689999999999997,154.199999999999988,0.49,0.3178,263308.650000000023283,4086742.972000000067055
300308.SZ,2024.03.29,153.099999999999994,157,151.849999999999994,156.560000000000002,154.689999999999997,1.87,1.2089,167220.329999999987194,2590950.115999999921768
300308.SZ,2024.04.01,157.789999999999992,163.879999999999995,155.77000000000001,163,156.560000000000002,6.440000000000001,4.113400000000001,217931.429999999993015,3504589.328000000212341
300308.SZ,2024.04.02,162,166,160.030000000000001,162.550000000000011,163,-0.45,-0.2761,194556.160000000003492,3171195.444999999832361
300308.SZ,2024.04.03,159,160.550000000000011,155.629999999999995,156.099999999999994,162.550000000000011,-6.450000000000001,-3.968,166304.35999999998603,2618840.279000000096857
300308.SZ,2024.04.08,155.599999999999994,169.300000000000011,155.599999999999994,164.560000000000002,156.099999999999994,8.46,5.4196,259243.089999999996507,4269465.703999999910593
300308.SZ,2024.04.09,164,165.979999999999989,160.229999999999989,164.900000000000005,164.560000000000002,0.34,0.2066,170383.290000000008149,2785007.975999999791383
300308.SZ,2024.04.10,162.27000000000001,164.879999999999995,157,159.5,164.900000000000005,-5.400000000000001,-3.2747,168490.85999999998603,2696699.549000000115484
300308.SZ,2024.04.11,161,164.580000000000012,159.789999999999992,160.150000000000005,159.5,0.65,0.4075,148862.910000000003492,2416242.537000000011175
300308.SZ,2024.04.12,164,174.300000000000011,163.5,169.330000000000012,160.150000000000005,9.179999999999999,5.7321,307350.96999999997206,5182115.970999999903142
300308.SZ,2024.04.15,167.789999999999992,172.539999999999992,166.560000000000002,169.5,169.330000000000012,0.17,0.1004,179395.940000000002328,3047691.504999999888241
300308.SZ,2024.04.16,167.300000000000011,172.5,163.050000000000011,166.360000000000013,169.5,-3.14,-1.8525,187935.450000000011641,3145449.649000000208616
300308.SZ,2024.04.17,168.330000000000012,176.050000000000011,166,174.610000000000013,166.360000000000013,8.25,4.959100000000001,214535.649999999994179,3698968.618999999947845
300308.SZ,2024.04.18,170.659999999999996,176.300000000000011,168.199999999999988,173.379999999999995,174.610000000000013,-1.23,-0.7044,164135.470000000001164,2824168.100999999791383
300308.SZ,2024.04.19,172.150000000000005,175.240000000000009,163.900000000000005,170.699999999999988,173.379999999999995,-2.68,-1.5457,214528.369999999995343,3624908.305999999865889
300308.SZ,2024.04.22,155,159.990000000000009,150.879999999999995,158.360000000000013,170.699999999999988,-12.339999999999999,-7.2291,349182.559999999997671,5442876.59999999962747
300308.SZ,2024.04.23,158.969999999999998,161.860000000000013,154.469999999999998,157.50999999999999,158.360000000000013,-0.85,-0.5368,240667.10000000000582,3799155.367000000085681
300308.SZ,2024.04.24,159.77000000000001,169,157.860000000000013,168.27000000000001,157.50999999999999,10.759999999999999,6.8313,276107.330000000016298,4549241.861999999731779
300308.SZ,2024.04.25,164.900000000000005,167.830000000000012,163.280000000000001,164.150000000000005,168.27000000000001,-4.120000000000001,-2.4484,166718.059999999997671,2750304.964000000152736
300308.SZ,2024.04.26,170.990000000000009,187.979999999999989,170.599999999999994,184.860000000000013,164.150000000000005,20.71,12.6165,406578.349999999976716,7323462.759999999776482
300308.SZ,2024.04.29,187.960000000000008,190,185.52000000000001,187.699999999999988,184.860000000000013,2.84,1.5363,249759.739999999990686,4689147.216000000014901
300308.SZ,2024.04.30,187.5,192.879999999999995,186.099999999999994,186.310000000000002,187.699999999999988,-1.39,-0.7405,165901.480000000010477,3125768.466000000014901
300308.SZ,2024.05.06,191,192.610000000000013,182.849999999999994,183.219999999999998,186.310000000000002,-3.09,-1.6585,198701.75,3706333.216000000014901
300308.SZ,2024.05.07,187.780000000000001,188.719999999999998,172.099999999999994,176.789999999999992,183.219999999999998,-6.43,-3.5094,308644.349999999976716,5529937.09900000039488
300308.SZ,2024.05.08,175.5,177.930000000000006,173.5,174.800000000000011,176.789999999999992,-1.99,-1.1256,160687.869999999995343,2814674.416999999899417
300308.SZ,2024.05.09,173.900000000000005,174.599999999999994,168.219999999999998,173.180000000000006,174.800000000000011,-1.62,-0.9268,182079.929999999993015,3126602.030999999959021
300308.SZ,2024.05.10,170.800000000000011,172.680000000000006,166.680000000000006,171.199999999999988,173.180000000000006,-1.98,-1.1433,153238.940000000002328,2601899.901999999769031
300308.SZ,2024.05.13,172.5,176,170.460000000000007,171.550000000000011,171.199999999999988,0.35,0.2044,166639.899999999994179,2884117.089999999850988
300308.SZ,2024.05.14,171.860000000000013,173,164.689999999999997,165.430000000000006,171.550000000000011,-6.120000000000001,-3.5675,214660.950000000011641,3588889.95699999993667
300308.SZ,2024.05.15,165.00999999999999,171.210000000000007,164.5,166.77000000000001,165.430000000000006,1.34,0.81,154121.440000000002328,2592032.884999999776482
300308.SZ,2024.05.16,171.979999999999989,174.580000000000012,170,170.5,166.77000000000001,3.73,2.2366,232075.309999999997671,3996205.958999999798834
300308.SZ,2024.05.17,167.800000000000011,173.310000000000002,164.229999999999989,170.580000000000012,170.5,0.08,0.0469,199080.929999999993015,3355521.484000000171363
300308.SZ,2024.05.20,169,178.849999999999994,166.5,176.860000000000013,170.580000000000012,6.280000000000001,3.6816,242249.380000000004656,4216190.046000000089406
300308.SZ,2024.05.21,176.659999999999996,180.300000000000011,175.75,177.430000000000006,176.860000000000013,0.57,0.3223,133052.160000000003492,2365089.270000000018626
300308.SZ,2024.05.22,176,176.879999999999995,172.719999999999998,173.169999999999987,177.430000000000006,-4.26,-2.4009,139400.35000000000582,2424031.282999999821186
300308.SZ,2024.05.23,178,179.669999999999987,168.879999999999995,173.789999999999992,173.169999999999987,0.62,0.358,221645.059999999997671,3862401.523000000044703
300308.SZ,2024.05.24,172,179.740000000000009,164.979999999999989,165.389999999999986,173.789999999999992,-8.4,-4.833400000000001,273665.780000000027939,4707445.196999999694526
300308.SZ,2024.05.27,166.110000000000013,170.889999999999986,165,168.389999999999986,165.389999999999986,3,1.8139,166951.230000000010477,2800223.305999999865889
300308.SZ,2024.05.28,167,167.389999999999986,160.099999999999994,161.00999999999999,168.389999999999986,-7.38,-4.3827,247346.290000000008149,4020566.728000000119209
300308.SZ,2024.05.29,165,166,160.469999999999998,161,161.00999999999999,-0.01,-0.0062,157898.130000000004656,2569503.575000000186264
300308.SZ,2024.05.30,161.099999999999994,162.900000000000005,158.659999999999996,159.969999999999998,161,-1.03,-0.6398,109585.410000000003492,1761805.683999999891966
300308.SZ,2024.05.31,157,162.680000000000006,154.539999999999992,157.27000000000001,159.969999999999998,-2.7,-1.6878,149535.769999999989522,2374106.006000000052154
300308.SZ,2024.06.03,161,171.710000000000007,159.330000000000012,168.349999999999994,157.27000000000001,11.08,7.045200000000001,285075.96999999997206,4731275.315999999642372
300308.SZ,2024.06.04,170,174.990000000000009,169.400000000000005,173,168.349999999999994,4.650000000000001,2.7621,204401.579999999987194,3530988.623000000137835
300308.SZ,2024.06.05,172.099999999999994,173.5,166.960000000000008,166.960000000000008,173,-6.04,-3.4913,141071.649999999994179,2396263.069999999832361
300308.SZ,2024.06.06,123.299999999999997,129.919999999999987,123.299999999999997,125.420000000000001,119.64,5.780000000000001,4.8312,405410.049999999988358,5135755.309999999590218
300308.SZ,2024.06.07,124.099999999999994,125.939999999999997,118.989999999999994,119.510000000000005,125.420000000000001,-5.91,-4.712200000000001,315916.580000000016298,3833371.066999999806284
300308.SZ,2024.06.11,118.989999999999994,121.659999999999996,117.39,119.010000000000005,119.510000000000005,-0.5,-0.4184,199735.429999999993015,2379405.438000000081956
300308.SZ,2024.06.12,119,121.329999999999998,117.019999999999996,119.209999999999993,119.010000000000005,0.2,0.1681,166249.559999999997671,1985567.479000000050291
300308.SZ,2024.06.13,120.870000000000004,126.430000000000006,119.680000000000006,123.700000000000002,119.209999999999993,4.490000000000001,3.7665,306309.489999999990686,3771612.455000000074505
300308.SZ,2024.06.14,125.010000000000005,140.479999999999989,124.079999999999998,138.300000000000011,123.700000000000002,14.599999999999999,11.802699999999999,586873.82999999995809,7839639.212000000290572
300308.SZ,2024.06.17,141,144.939999999999997,140.5,142.50999999999999,138.300000000000011,4.21,3.0441,378266.409999999974388,5391099.007000000216066
300308.SZ,2024.06.18,142.580000000000012,151.490000000000009,142.580000000000012,146.909999999999996,142.50999999999999,4.400000000000001,3.0875,344578.340000000025611,5098018.675999999977648
300308.SZ,2024.06.19,149.75,150.240000000000009,144.199999999999988,146,146.909999999999996,-0.91,-0.6194,246413.470000000001164,3612996.768999999854713
300308.SZ,2024.06.20,146,148.960000000000008,144.659999999999996,144.699999999999988,146,-1.3,-0.8904,208398.440000000002328,3048856.054000000003725
300308.SZ,2024.06.21,140.5,145.800000000000011,140.00999999999999,143,144.699999999999988,-1.7,-1.1748,236958.380000000004656,3370036.604999999981373
300308.SZ,2024.06.24,145.199999999999988,146.490000000000009,139.550000000000011,140.210000000000007,143,-2.79,-1.951,204613.059999999997671,2921350.283999999985098
300308.SZ,2024.06.25,135,137.599999999999994,133.550000000000011,134.900000000000005,140.210000000000007,-5.31,-3.7872,264489.21999999997206,3578138.739000000059604
300308.SZ,2024.06.26,138,140.77000000000001,137.599999999999994,140,134.900000000000005,5.1,3.7806,266283.159999999974388,3707870.888999999966472
300308.SZ,2024.06.27,137.969999999999998,140,135.800000000000011,136.139999999999986,140,-3.86,-2.7571,173074.149999999994179,2379118.680000000167638
300308.SZ,2024.06.28,136,141.840000000000003,135.75,137.879999999999995,136.139999999999986,1.74,1.2781,228263.10999999998603,3172321.953999999910593
300308.SZ,2024.07.01,137.349999999999994,146.330000000000012,137.00999999999999,144.900000000000005,137.879999999999995,7.02,5.091400000000001,296493.239999999990686,4223116.020999999716877
300308.SZ,2024.07.02,144.979999999999989,147.659999999999996,142.699999999999988,145.610000000000013,144.900000000000005,0.71,0.49,228768.929999999993015,3316855.73700000019744
300308.SZ,2024.07.03,144,144.449999999999988,140.099999999999994,143.5,145.610000000000013,-2.11,-1.4491,151175.260000000009313,2158450.975999999791383
300308.SZ,2024.07.04,145.800000000000011,147.349999999999994,143.00999999999999,143.00999999999999,143.5,-0.49,-0.3415,172766.640000000013969,2504152.996999999973922
300308.SZ,2024.07.05,143.599999999999994,144.280000000000001,138.710000000000007,141.5,143.00999999999999,-1.51,-1.0559,180386.760000000009313,2543120.859999999869614
300308.SZ,2024.07.08,146.090000000000003,147,142.389999999999986,144.389999999999986,141.5,2.89,2.0424,203807.899999999994179,2949013.371999999973922
300308.SZ,2024.07.09,143.889999999999986,156,142.409999999999996,154.330000000000012,144.389999999999986,9.939999999999999,6.8841,310067.869999999995343,4642266.377000000327825
300308.SZ,2024.07.10,154,157.969999999999998,152.580000000000012,157.530000000000001,154.330000000000012,3.2,2.0735,236344.589999999996507,3673033.725000000093132
300308.SZ,2024.07.11,159.210000000000007,159.680000000000006,149.300000000000011,153.25999999999999,157.530000000000001,-4.27,-2.7106,290842.559999999997671,4476813.445000000298023
300308.SZ,2024.07.12,148.110000000000013,150.969999999999998,146,150.120000000000004,153.25999999999999,-3.14,-2.0488,200312.260000000009313,2976010.774000000208616
300308.SZ,2024.07.15,148,151.370000000000004,145.300000000000011,149.580000000000012,150.120000000000004,-0.54,-0.3597,179397.470000000001164,2664238.646000000182539
300308.SZ,2024.07.16,149.680000000000006,150.479999999999989,143.800000000000011,148.120000000000004,149.580000000000012,-1.46,-0.9761,252086.45999999999185,3698321.623999999836087
300308.SZ,2024.07.17,146.979999999999989,147.469999999999998,140.430000000000006,141.710000000000007,148.120000000000004,-6.410000000000001,-4.327600000000001,289922.85999999998603,4145866.194999999832361
300308.SZ,2024.07.18,136.00999999999999,140.50999999999999,133.25,140,141.710000000000007,-1.71,-1.2067,337908.520000000018626,4619009.628999999724328
300308.SZ,2024.07.19,137.199999999999988,139.300000000000011,134.960000000000008,134.979999999999989,140,-5.02,-3.5857,224671.070000000006984,3063009.879000000189989
300308.SZ,2024.07.22,134,136.5,132.139999999999986,134.599999999999994,134.979999999999989,-0.38,-0.2815,206271.299999999988358,2777150.118999999947845
300308.SZ,2024.07.23,137,137.080000000000012,130.900000000000005,130.919999999999987,134.599999999999994,-3.68,-2.734,202717.510000000009313,2707670.560000000055879
300308.SZ,2024.07.24,129.50999999999999,135.5,129.189999999999997,130.340000000000003,130.919999999999987,-0.58,-0.443,221288.890000000013969,2916400.938999999780207
300308.SZ,2024.07.25,126.700000000000002,127.379999999999995,120.849999999999994,122.269999999999996,130.340000000000003,-8.07,-6.1915,343553.599999999976716,4246699.226999999955296
300308.SZ,2024.07.26,122.709999999999993,125.799999999999997,121.069999999999993,124.25,122.269999999999996,1.98,1.6194,224745.010000000009313,2778076.040000000037252
300308.SZ,2024.07.29,123.989999999999994,131.310000000000002,123.159999999999996,129.590000000000003,124.25,5.34,4.2978,269963.450000000011641,3466688.555999999865889
300308.SZ,2024.07.30,128,129.479999999999989,125.680000000000006,127.659999999999996,129.590000000000003,-1.93,-1.4893,158538.690000000002328,2022304.841999999945983
300308.SZ,2024.07.31,126.379999999999995,130,123.099999999999994,129.5,127.659999999999996,1.84,1.4413,281326.75,3589623.009999999776482
300308.SZ,2024.08.01,134.5,135.449999999999988,129.50999999999999,129.900000000000005,129.5,0.4,0.3089,279792.150000000023283,3706785.026999999769032
300308.SZ,2024.08.02,122.379999999999995,124.219999999999998,118.680000000000006,118.980000000000004,129.900000000000005,-10.92,-8.406499999999999,379676.25,4584955.950000000186264
300308.SZ,2024.08.05,113.040000000000006,116.799999999999997,108.989999999999994,110.120000000000004,118.980000000000004,-8.859999999999999,-7.4466,470589.020000000018626,5309927.855000000447034
300308.SZ,2024.08.06,114.900000000000005,117.239999999999994,112.920000000000001,114.480000000000004,110.120000000000004,4.360000000000001,3.9593,333817.849999999976716,3824830.262000000104308
300308.SZ,2024.08.07,113,116,112,113.319999999999993,114.480000000000004,-1.16,-1.0133,206352.589999999996507,2351788.734999999869614
300308.SZ,2024.08.08,110,112.290000000000006,109,110.5,113.319999999999993,-2.82,-2.4885,204451.519999999989522,2259430.350999999791383
300308.SZ,2024.08.09,113,115,112.280000000000001,112.530000000000001,110.5,2.03,1.8371,255182.049999999988358,2902018.841000000014901
300308.SZ,2024.08.12,112.349999999999994,115.400000000000005,112.349999999999994,113.349999999999994,112.530000000000001,0.82,0.7287,175289.980000000010477,1998402.060000000055879
300308.SZ,2024.08.13,115,118.489999999999994,114.099999999999994,116.939999999999997,113.349999999999994,3.59,3.1672,254796.470000000001164,2963496.084999999962747
300308.SZ,2024.08.14,120.019999999999996,120.5,115.780000000000001,115.780000000000001,116.939999999999997,-1.16,-0.992,206354.829999999987194,2433217.393000000156462
300308.SZ,2024.08.15,115.760000000000005,116.920000000000001,113.799999999999997,115.099999999999994,115.780000000000001,-0.68,-0.5873,149762.5,1726995.55199999990873
300308.SZ,2024.08.16,118.200000000000002,121.89,118.200000000000002,119.959999999999993,115.099999999999994,4.860000000000001,4.222400000000001,275062.929999999993015,3304747.086000000126659
300308.SZ,2024.08.19,121.200000000000002,123.650000000000005,119.450000000000002,121.64,119.959999999999993,1.68,1.4005,187253.660000000003492,2286153.02600000007078
300308.SZ,2024.08.20,123.989999999999994,125.180000000000006,121.25,121.689999999999997,121.64,0.05,0.0411,169605.35000000000582,2085883.210999999893829
300308.SZ,2024.08.21,120.200000000000002,123.769999999999995,120,122.219999999999998,121.689999999999997,0.53,0.4355,133814.970000000001164,1634151.027000000001862
300308.SZ,2024.08.22,122.459999999999993,123.269999999999996,120.469999999999998,121.39,122.219999999999998,-0.83,-0.6791,106734.649999999994179,1302086.378000000026077
300308.SZ,2024.08.23,120.989999999999994,121.480000000000004,118.5,119.920000000000001,121.39,-1.47,-1.211,122753.559999999997671,1468408.090000000083819
300308.SZ,2024.08.26,121.799999999999997,122.370000000000004,112.859999999999999,114.340000000000003,119.920000000000001,-5.58,-4.653100000000001,263662.679999999993015,3067115.171000000089406
300308.SZ,2024.08.27,113.510000000000005,115.579999999999998,111.719999999999998,113.25,114.340000000000003,-1.09,-0.9533,163775.95999999999185,1856846.884000000078231
300308.SZ,2024.08.28,113,115.510000000000005,111.230000000000003,112.560000000000002,113.25,-0.69,-0.6093,148952.239999999990686,1681050.557000000029802
300308.SZ,2024.08.29,106.769999999999995,107.5,102.299999999999997,106.64,112.560000000000002,-5.92,-5.259400000000001,374850.989999999990686,3940028.513999999966472
300308.SZ,2024.08.30,106.420000000000001,110.900000000000005,106.329999999999998,108.900000000000005,106.64,2.26,2.1193,312595.460000000020954,3403573.396000000182539
300308.SZ,2024.09.02,108.549999999999997,109.370000000000004,104,104.129999999999995,108.900000000000005,-4.77,-4.380200000000001,220858.239999999990686,2327052.895000000018626
300308.SZ,2024.09.03,104.150000000000005,106.109999999999999,103.200000000000002,105.310000000000002,104.129999999999995,1.18,1.1332,130148.770000000004074,1363679.675999999977648
300308.SZ,2024.09.04,99,103.159999999999996,98,101.900000000000005,105.310000000000002,-3.41,-3.2381,312258.530000000027939,3128802.93999999994412
300308.SZ,2024.09.05,101.89,104.010000000000005,100.409999999999996,101.670000000000001,101.900000000000005,-0.23,-0.2257,186346.200000000011641,1905466.635999999940395
300308.SZ,2024.09.06,101,102.209999999999993,99.189999999999997,99.420000000000001,101.670000000000001,-2.25,-2.213,144856.059999999997671,1452842.458000000100582
300308.SZ,2024.09.09,98.599999999999994,102.299999999999997,97.760000000000005,102,99.420000000000001,2.58,2.5951,194695.519999999989522,1943246.212999999988824
300308.SZ,2024.09.10,102.200000000000002,108.730000000000004,101.340000000000003,106.430000000000006,102,4.43,4.3431,330988.280000000027939,3482064.294000000227242
300308.SZ,2024.09.11,108.379999999999995,109.150000000000005,105.560000000000002,106.180000000000006,106.430000000000006,-0.25,-0.2349,196116.070000000006984,2100813.640999999828636
300308.SZ,2024.09.12,111,112,107.900000000000005,108,106.180000000000006,1.82,1.7141,221984.329999999987194,2433910.086000000126659
300308.SZ,2024.09.13,108.299999999999997,116.700000000000002,108.269999999999996,115.939999999999997,108,7.940000000000001,7.3519,352839.940000000002328,4029348.720999999903142
300308.SZ,2024.09.18,114,116.219999999999998,113.010000000000005,113.64,115.939999999999997,-2.3,-1.9838,151175.60000000000582,1728577.257999999914318
300308.SZ,2024.09.19,114.120000000000004,114.590000000000003,106.659999999999996,110.030000000000001,113.64,-3.61,-3.1767,273384.539999999979045,2991633.109000000171363
300308.SZ,2024.09.20,111.900000000000005,112.5,108.180000000000006,109,110.030000000000001,-1.03,-0.9361,160763.079999999987194,1764719.014999999897554
300308.SZ,2024.09.23,108.180000000000006,111.209999999999993,107.489999999999994,108.900000000000005,109,-0.1,-0.0917,126153.490000000005238,1383375.272000000113621
300308.SZ,2024.09.24,109.129999999999995,122.170000000000001,109.129999999999995,122.159999999999996,108.900000000000005,13.259999999999999,12.176299999999999,360207.190000000002328,4180930.935000000055879
300308.SZ,2024.09.25,125.689999999999997,126.5,121.609999999999999,121.989999999999994,122.159999999999996,-0.17,-0.1392,286311.510000000009313,3541934.246999999973922
300308.SZ,2024.09.26,123.010000000000005,129.979999999999989,121.700000000000002,129.680000000000006,121.989999999999994,7.690000000000001,6.3038,268389.690000000002328,3378957.115999999921768
300308.SZ,2024.09.27,128.789999999999992,137.680000000000006,126.060000000000002,133.599999999999994,129.680000000000006,3.92,3.0228,495555.239999999990686,6509047.689000000245869
300308.SZ,2024.09.30,136,155.5,132,154.860000000000013,133.599999999999994,21.260000000000001,15.913199999999999,613065.310000000055879,8838229.248999999836087
300308.SZ,2024.10.08,185.800000000000011,185.830000000000012,161.699999999999988,185.830000000000012,154.860000000000013,30.969999999999998,19.998699999999999,749893.280000000027939,13308382.364000000059604
300308.SZ,2024.10.09,175.110000000000013,185.569999999999993,163.5,166.400000000000005,185.830000000000012,-19.429999999999999,-10.4558,657547.68999999994412,11459742.447000000625848
300308.SZ,2024.10.10,168.199999999999988,169.689999999999997,157,162.710000000000007,166.400000000000005,-3.69,-2.2175,463608.96999999997206,7589027.758999999612569
300308.SZ,2024.10.11,159.00999999999999,168.300000000000011,156.689999999999997,159.639999999999986,162.710000000000007,-3.07,-1.8868,351761.099999999976716,5695350.469999999739229
300308.SZ,2024.10.14,159,162.580000000000012,152.349999999999994,162,159.639999999999986,2.36,1.4783,422674.429999999993015,6663611.574000000022351
300308.SZ,2024.10.15,161,167.060000000000002,157.680000000000006,157.800000000000011,162,-4.200000000000001,-2.5926,326374.330000000016298,5281197.957999999634921
300308.SZ,2024.10.16,151.860000000000013,154.729999999999989,147.659999999999996,148.699999999999988,157.800000000000011,-9.099999999999999,-5.7668,378804.799999999988358,5693117.226999999955296
300308.SZ,2024.10.17,151,153.5,148.75,150.5,148.699999999999988,1.8,1.2105,251067.070000000006984,3793453.546000000089406
300308.SZ,2024.10.18,150,177,149.659999999999996,168,150.5,17.5,11.6279,586464.010000000009313,9564395.28999999910593
300308.SZ,2024.10.21,166.400000000000005,171.800000000000011,159.110000000000013,164.969999999999998,168,-3.03,-1.8036,547727.479999999981373,9003582.218000000342726
300308.SZ,2024.10.22,169,170.330000000000012,163.5,170,164.969999999999998,5.030000000000001,3.049,407264.390000000013969,6821195.796000000089406
300308.SZ,2024.10.23,160,162.620000000000004,155.699999999999988,156.159999999999996,170,-13.839999999999999,-8.141199999999999,605578.670000000041909,9627559.752000000327825
300308.SZ,2024.10.24,154.849999999999994,165.979999999999989,154.5,157.099999999999994,156.159999999999996,0.94,0.6019,440364.280000000027939,7032009.24100000038743
300308.SZ,2024.10.25,158.889999999999986,159.810000000000002,153.650000000000005,156.360000000000013,157.099999999999994,-0.74,-0.471,389426.130000000004656,6088855.156999999657273
300308.SZ,2024.10.28,156.370000000000004,156.75,148.099999999999994,150.539999999999992,156.360000000000013,-5.820000000000001,-3.7222,408521.099999999976716,6160960.450000000186264
300308.SZ,2024.10.29,147.900000000000005,148,143.069999999999993,143.469999999999998,150.539999999999992,-7.070000000000001,-4.6964,498014.539999999979045,7211970.251000000163912
300308.SZ,2024.10.30,143,145.5,139.319999999999993,141.25,143.469999999999998,-2.22,-1.5474,368388.900000000023283,5242208.019000000320374
300308.SZ,2024.10.31,140,146.280000000000001,138.800000000000011,143.02000000000001,141.25,1.77,1.2531,374541.320000000006984,5363028.639000000432133
300308.SZ,2024.11.01,141.479999999999989,145.860000000000013,139.50999999999999,140.729999999999989,143.02000000000001,-2.29,-1.6012,295208.299999999988358,4204138.031999999657273
300308.SZ,2024.11.04,141.990000000000009,146.900000000000005,140.990000000000009,143.150000000000005,140.729999999999989,2.42,1.7196,260752.20999999999185,3740161.223999999929219
300308.SZ,2024.11.05,143.150000000000005,148.830000000000012,142.5,148.289999999999992,143.150000000000005,5.14,3.5906,443240.090000000025611,6484766.792000000365078
300308.SZ,2024.11.06,148.349999999999994,149.199999999999988,142.00999999999999,142.900000000000005,148.289999999999992,-5.39,-3.6348,418907.85999999998603,6100124.906999999657273
300308.SZ,2024.11.07,138.969999999999998,147.780000000000001,136.360000000000013,145.080000000000012,142.900000000000005,2.18,1.5255,421563.010000000009313,5996295.117999999783933
300308.SZ,2024.11.08,147.50999999999999,151.219999999999998,142.210000000000007,142.210000000000007,145.080000000000012,-2.87,-1.9782,494000.090000000025611,7280882.877000000327825
300308.SZ,2024.11.11,141,147.199999999999988,138.02000000000001,144.900000000000005,142.210000000000007,2.69,1.8916,434024.140000000013969,6205807.61699999962002
300308.SZ,2024.11.12,145.00999999999999,150.77000000000001,142.50999999999999,147.5,144.900000000000005,2.6,1.7943,545816.199999999953433,8039834.359000000171363
300308.SZ,2024.11.13,146.52000000000001,158.080000000000012,144.099999999999994,156.300000000000011,147.5,8.8,5.9661,670280.630000000004656,10232668.482999999076128
300308.SZ,2024.11.14,154.75,156.569999999999993,148.090000000000003,148.810000000000002,156.300000000000011,-7.490000000000001,-4.7921,396361.380000000004656,6015707.947999999858438
300308.SZ,2024.11.15,148.810000000000002,152.879999999999995,140.199999999999988,140.5,148.810000000000002,-8.31,-5.5843,379955.020000000018626,5538616.90500000026077
300308.SZ,2024.11.18,139,139.960000000000008,130.879999999999995,132.00999999999999,140.5,-8.49,-6.0427,407716.299999999988358,5496304.222000000067055
300308.SZ,2024.11.19,133.330000000000012,136.669999999999987,129.870000000000004,134.800000000000011,132.00999999999999,2.79,2.1135,298371.010000000009313,3969159.058000000193715
300308.SZ,2024.11.20,135.490000000000009,141.490000000000009,135.379999999999995,138.139999999999986,134.800000000000011,3.34,2.4777,336937.979999999981373,4677398.032999999821186
300308.SZ,2024.11.21,136.00999999999999,138.300000000000011,131.25,133.800000000000011,138.139999999999986,-4.34,-3.1417,323285.049999999988358,4349951.088000000454485
300308.SZ,2024.11.22,133.800000000000011,138.979999999999989,131.780000000000001,132.280000000000001,133.800000000000011,-1.52,-1.136,301187.679999999993015,4081642.111000000033527
300308.SZ,2024.11.25,132.5,133.800000000000011,122.5,125,132.280000000000001,-7.280000000000001,-5.5035,430136.530000000027939,5401072.946999999694526
300308.SZ,2024.11.26,124,129,123.5,127.040000000000006,125,2.04,1.632,310496.789999999979045,3928288.904999999795108
300308.SZ,2024.11.27,126,130.490000000000009,124.409999999999996,128.689999999999997,127.040000000000006,1.65,1.2988,246176.429999999993015,3137692.950999999884515
300308.SZ,2024.11.28,127.420000000000001,127.89,124.299999999999997,124.790000000000006,128.689999999999997,-3.9,-3.0305,252411.519999999989522,3163033.242000000085681
300308.SZ,2024.11.29,125,129.860000000000013,124.530000000000001,126.730000000000004,124.790000000000006,1.94,1.5546,284905.440000000002328,3621763.223000000230967
300308.SZ,2024.12.02,127.989999999999994,134.159999999999996,127.450000000000002,132.030000000000001,126.730000000000004,5.3,4.182100000000001,347663.229999999981373,4579339.759999999776482
300308.SZ,2024.12.03,132,133.199999999999988,128.879999999999995,130,132.030000000000001,-2.03,-1.5375,199422.079999999987194,2612636.276999999769032
300308.SZ,2024.12.04,129.580000000000012,131.379999999999995,127.299999999999997,128.02000000000001,130,-1.98,-1.5231,185633.230000000010477,2386692.595000000204891
300308.SZ,2024.12.05,129.110000000000013,134.460000000000007,128.949999999999988,131.840000000000003,128.02000000000001,3.82,2.9839,317611.070000000006984,4208443.76300000026822
300308.SZ,2024.12.06,132.060000000000002,134.199999999999988,130.789999999999992,131.50999999999999,131.840000000000003,-0.33,-0.2503,202956.200000000011641,2684755.837999999988824
300308.SZ,2024.12.09,131.550000000000011,131.590000000000003,123.409999999999996,125.099999999999994,131.50999999999999,-6.410000000000001,-4.8742,376290.520000000018626,4745718.89699999988079
300308.SZ,2024.12.10,128.849999999999994,128.860000000000013,121.519999999999995,123.150000000000005,125.099999999999994,-1.95,-1.5588,450225.099999999976716,5595924.297000000253319
300308.SZ,2024.12.11,122,126.189999999999997,120.109999999999999,125.129999999999995,123.150000000000005,1.98,1.6078,327307.179999999993015,4066996.98300000000745
300308.SZ,2024.12.12,125,131.620000000000004,124.879999999999995,130.169999999999987,125.129999999999995,5.04,4.0278,450174.070000000006984,5842276.218000000342726
300308.SZ,2024.12.13,130,131.379999999999995,125.159999999999996,127.099999999999994,130.169999999999987,-3.07,-2.3585,346545.880000000004656,4411765.095999999903142
300308.SZ,2024.12.16,127.969999999999998,128.229999999999989,122.280000000000001,122.799999999999997,127.099999999999994,-4.3,-3.3832,291854.630000000004656,3608913.165000000037252
300308.SZ,2024.12.17,123,130.469999999999998,122.549999999999997,125.989999999999994,122.799999999999997,3.19,2.5977,412614.260000000009313,5244452.692999999970197
300308.SZ,2024.12.18,127.200000000000002,127.5,122.659999999999996,123.430000000000006,125.989999999999994,-2.56,-2.0319,265388.60999999998603,3284955.705999999772757
300308.SZ,2024.12.19,122.180000000000006,127.530000000000001,121.799999999999997,127.040000000000006,123.430000000000006,3.61,2.9247,310959.35999999998603,3902829.555999999865889
300308.SZ,2024.12.20,126.310000000000002,129.990000000000009,126.310000000000002,127.099999999999994,127.040000000000006,0.06,0.0472,294910.210000000020954,3776819.026999999769032
300308.SZ,2024.12.23,129.5,135.75999999999999,128.280000000000001,132.590000000000003,127.099999999999994,5.490000000000001,4.3194,521949.409999999974388,6901435.243999999947845
300308.SZ,2024.12.24,133.00999999999999,134.199999999999988,128.180000000000006,131.610000000000013,132.590000000000003,-0.98,-0.7391,350993.080000000016298,4577779.697999999858438
300308.SZ,2024.12.25,131.219999999999998,137.939999999999997,130.689999999999997,134.990000000000009,131.610000000000013,3.38,2.5682,363559.299999999988358,4913728.769999999552965
300308.SZ,2024.12.26,135.870000000000004,141.5,133.560000000000002,140.800000000000011,134.990000000000009,5.81,4.304000000000001,428982.260000000009313,5971765.588999999687075
300308.SZ,2024.12.27,141.110000000000013,141.560000000000002,135.729999999999989,136.849999999999994,140.800000000000011,-3.95,-2.8054,333321.979999999981373,4613987.531999999657273
300308.SZ,2024.12.30,138,138.300000000000011,130.080000000000012,131.180000000000006,136.849999999999994,-5.67,-4.143200000000001,365015.130000000004656,4836103.73300000000745
300308.SZ,2024.12.31,130.960000000000008,131,123.5,123.510000000000005,131.180000000000006,-7.67,-5.8469,393876.580000000016298,4941393.711000000126659
300308.SZ,2025.01.02,122.799999999999997,125.799999999999997,120.700000000000002,122.109999999999999,123.510000000000005,-1.4,-1.1335,268596.46999999997206,3303452.726999999955296
300308.SZ,2025.01.03,122.510000000000005,124.700000000000002,121,123.010000000000005,122.109999999999999,0.9,0.737,267896.780000000027939,3306147.594000000040978
300308.SZ,2025.01.06,124.879999999999995,128.280000000000001,124.5,125.489999999999994,123.010000000000005,2.48,2.0161,263932,3326729.194999999832361
300308.SZ,2025.01.07,126.359999999999999,128.599999999999994,123.599999999999994,128.349999999999994,125.489999999999994,2.86,2.2791,292005.849999999976716,3683257.702000000048428
300308.SZ,2025.01.08,125.879999999999995,125.900000000000005,121.719999999999998,124.219999999999998,128.349999999999994,-4.13,-3.2178,286371.179999999993015,3554744.43999999994412
300308.SZ,2025.01.09,123.010000000000005,123.700000000000002,121.480000000000004,121.510000000000005,124.219999999999998,-2.71,-2.1816,293510.169999999983701,3584962.691000000108033
300308.SZ,2025.01.10,121.439999999999997,121.439999999999997,112.799999999999997,113.129999999999995,121.510000000000005,-8.38,-6.896600000000001,530302.790000000037252,6122576.672000000253319
300308.SZ,2025.01.13,110.200000000000002,114.079999999999998,109.689999999999997,110.799999999999997,113.129999999999995,-2.33,-2.0596,357467.150000000023283,3992272.253000000026077
300308.SZ,2025.01.14,110.900000000000005,114.5,108.780000000000001,114.349999999999994,110.799999999999997,3.55,3.204,383433.640000000013969,4312170.497999999672174
300308.SZ,2025.01.15,113.209999999999993,113.379999999999995,110.230000000000003,110.540000000000006,114.349999999999994,-3.81,-3.3319,293297.349999999976716,3263095.816999999806284
300308.SZ,2025.01.16,111.879999999999995,120.370000000000004,110.700000000000002,119.489999999999994,110.540000000000006,8.949999999999999,8.0966,710477.739999999990686,8243630.406999999657273
300308.SZ,2025.01.17,120,120.579999999999998,115.150000000000005,116.900000000000005,119.489999999999994,-2.59,-2.1675,446539.419999999983701,5243522.713999999687075
300308.SZ,2025.01.20,117.959999999999993,121.400000000000005,117.840000000000003,119.159999999999996,116.900000000000005,2.26,1.9333,390652.039999999979045,4674892.853000000119209
300308.SZ,2025.01.21,122,122.959999999999993,118.379999999999995,119.560000000000002,119.159999999999996,0.4,0.3357,382738.679999999993015,4591929.868999999947845
300308.SZ,2025.01.22,121.879999999999995,133.949999999999988,121.599999999999994,132,119.560000000000002,12.439999999999999,10.404799999999999,844802.699999999953433,10837318.835000000894069
300308.SZ,2025.01.23,132.580000000000012,134.669999999999987,127.310000000000002,127.75,132,-4.25,-3.2197,608419.60999999998603,7960645.535000000149011
300308.SZ,2025.01.24,127.14,129.960000000000008,126.239999999999994,128.25,127.75,0.5,0.3914,411115.890000000013969,5262527.03899999987334
300308.SZ,2025.01.27,123,123,114.819999999999993,114.819999999999993,128.25,-13.429999999999999,-10.4717,681942.400000000023283,8075435.667000000365078
300308.SZ,2025.02.05,109,109,95.819999999999993,98.25,114.819999999999993,-16.57,-14.4313,971080.770000000018626,9629075.682000000029802
300308.SZ,2025.02.06,100.790000000000006,101.280000000000001,98.030000000000001,101,98.25,2.75,2.799,654658.21999999997206,6532642.385999999940395
300308.SZ,2025.02.07,102,109.400000000000005,101.709999999999993,107.780000000000001,101,6.780000000000001,6.712900000000001,762698.589999999967403,8139501.247999999672174
300308.SZ,2025.02.10,110.659999999999996,111.469999999999998,107.810000000000002,110.620000000000004,107.780000000000001,2.84,2.635,505151.820000000006984,5543789.605999999679625
300308.SZ,2025.02.11,111.019999999999996,113.879999999999995,109.599999999999994,111.5,110.620000000000004,0.88,0.7955,438794.710000000020954,4927359.418999999761581
300308.SZ,2025.02.12,110.700000000000002,111.989999999999994,110,111.900000000000005,111.5,0.4,0.3587,354245.789999999979045,3929730.503000000026077
300308.SZ,2025.02.13,111,111.329999999999998,108.060000000000002,108.120000000000004,111.900000000000005,-3.78,-3.378,394349.960000000020954,4318115.85800000000745
300308.SZ,2025.02.14,109.769999999999995,111.329999999999998,106.049999999999997,107.430000000000006,108.120000000000004,-0.69,-0.6382,362389.369999999995343,3928766.783999999985098
300308.SZ,2025.02.17,108.609999999999999,117.859999999999999,108.599999999999994,115.560000000000002,107.430000000000006,8.13,7.567700000000001,715224.43999999994412,8128766.872999999672174
300308.SZ,2025.02.18,114.409999999999996,116.980000000000004,113.019999999999996,113.590000000000003,115.560000000000002,-1.97,-1.7047,459562.340000000025611,5263769.141999999992549
300308.SZ,2025.02.19,114.150000000000005,114.659999999999996,111.459999999999993,114.239999999999994,113.590000000000003,0.65,0.5722,377063.559999999997671,4275525.686999999918043
300308.SZ,2025.02.20,114.209999999999993,116.239999999999994,112.609999999999999,114.439999999999997,114.239999999999994,0.2,0.1751,353729.539999999979045,4047899.987999999895691
300308.SZ,2025.02.21,115.89,120.700000000000002,114.799999999999997,118.730000000000004,114.439999999999997,4.29,3.7487,574486.43999999994412,6788966.746000000275671
300308.SZ,2025.02.24,118,118,114.010000000000005,114.5,118.730000000000004,-4.230000000000001,-3.5627,520553.710000000020954,5995134.43599999975413
300308.SZ,2025.02.25,111.010000000000005,113.120000000000004,110.5,111.349999999999994,114.5,-3.15,-2.7511,457928.239999999990686,5120902.633999999612569
300308.SZ,2025.02.26,110.760000000000005,112.359999999999999,108.010000000000005,112.219999999999998,111.349999999999994,0.87,0.7813,494340.070000000006984,5415565.182000000029802
300308.SZ,2025.02.27,113.799999999999997,114.829999999999998,107.530000000000001,108.180000000000006,112.219999999999998,-4.04,-3.6001,527821.290000000037252,5833183.623999999836087
300308.SZ,2025.02.28,103,103.969999999999998,100.219999999999998,100.870000000000004,108.180000000000006,-7.31,-6.7573,555440.96999999997206,5674377.803999999538064
300308.SZ,2025.03.03,102.439999999999997,104.480000000000004,100.120000000000004,102.769999999999995,100.870000000000004,1.9,1.8836,426040.419999999983701,4363389.326999999582767
300308.SZ,2025.03.04,98.280000000000001,103.280000000000001,97.799999999999997,102.459999999999993,102.769999999999995,-0.31,-0.3016,321352.940000000002328,3233931.382000000216066
300308.SZ,2025.03.05,102.980000000000004,104.969999999999998,102.39,103.459999999999993,102.459999999999993,1,0.976,252248.880000000004656,2610957.399999999906867
300308.SZ,2025.03.06,104,106.480000000000004,102.799999999999997,105.170000000000001,103.459999999999993,1.71,1.6528,409558.700000000011641,4275344.978000000119209
300308.SZ,2025.03.07,103.769999999999995,103.790000000000006,101.859999999999999,102.239999999999994,105.170000000000001,-2.93,-2.786,327768.46999999997206,3364355.918000000063329
300308.SZ,2025.03.10,102.239999999999994,103.099999999999994,101,102.379999999999995,102.239999999999994,0.14,0.1369,240640.019999999989522,2451720.61200000019744
300308.SZ,2025.03.11,100,101.810000000000002,99.400000000000005,101.780000000000001,102.379999999999995,-0.6,-0.5861,205599.510000000009313,2072991.848999999929219
300308.SZ,2025.03.12,102.700000000000002,103.579999999999998,101.810000000000002,102.359999999999999,101.780000000000001,0.58,0.5699,256009.420000000012805,2630768.419000000227242
300308.SZ,2025.03.13,103.75,104.879999999999995,101.799999999999997,102.489999999999994,102.359999999999999,0.13,0.127,271435.799999999988358,2800508.052999999839812
300308.SZ,2025.03.14,102,104.769999999999995,101.299999999999997,103.989999999999994,102.489999999999994,1.5,1.4636,367064.349999999976716,3814550.683999999891966
300308.SZ,2025.03.17,105,105.810000000000002,104,104.260000000000005,103.989999999999994,0.27,0.2596,264415.289999999979045,2768114.012999999802559
300308.SZ,2025.03.18,104.230000000000003,109.870000000000004,102.810000000000002,108.859999999999999,104.260000000000005,4.6,4.412,652396.280000000027939,6951391.78899999987334
300308.SZ,2025.03.19,106.680000000000006,106.680000000000006,104.780000000000001,104.980000000000004,108.859999999999999,-3.88,-3.5642,352791.159999999974388,3727546.66399999987334
300308.SZ,2025.03.20,105.299999999999997,106.5,104.810000000000002,105,104.980000000000004,0.02,0.0191,198893.049999999988358,2097735.041999999899417
300308.SZ,2025.03.21,104.319999999999993,104.959999999999993,102.109999999999999,102.450000000000002,105,-2.55,-2.4286,227333.25,2343385.547999999951571
300308.SZ,2025.03.24,102.120000000000004,103.950000000000002,101.319999999999993,102.879999999999995,102.450000000000002,0.43,0.4197,229784.760000000009313,2360776.094000000040978
300308.SZ,2025.03.25,103.689999999999997,104.799999999999997,101.930000000000006,102,102.879999999999995,-0.88,-0.8554,207223.179999999993015,2138989.700999999884515
300308.SZ,2025.03.26,101.939999999999997,102.469999999999998,101.069999999999993,101.079999999999998,102,-0.92,-0.902,159092.010000000009313,1616280.050000000046566
300308.SZ,2025.03.27,99.579999999999998,100.480000000000004,97.519999999999995,99.120000000000004,101.079999999999998,-1.96,-1.9391,242059.049999999988358,2392153.700000000186264
300308.SZ,2025.03.28,99,99.120000000000004,97.409999999999996,97.409999999999996,99.120000000000004,-1.71,-1.7252,201284.85000000000582,1975158.628000000026077
300308.SZ,2025.03.31,97,98.980000000000004,96.689999999999997,98.64,97.409999999999996,1.23,1.2627,182507,1785252.884000000078231
300308.SZ,2025.04.01,99.030000000000001,99.39,98.239999999999994,98.609999999999999,98.64,-0.03,-0.0304,122959.339999999996507,1213413.300999999977648
300308.SZ,2025.04.02,98.879999999999995,101.379999999999995,98.319999999999993,99.760000000000005,98.609999999999999,1.15,1.1662,218279.329999999987194,2188266.043000000063329
300308.SZ,2025.04.03,96.879999999999995,97.959999999999993,93.430000000000006,93.879999999999995,99.760000000000005,-5.88,-5.8941,424985.479999999981373,4056901.450000000186264
300308.SZ,2025.04.07,80.099999999999994,82.5,75.099999999999994,75.099999999999994,93.879999999999995,-18.780000000000001,-20.0043,616306.660000000032596,4754931.661999999545514
300308.SZ,2025.04.08,75.189999999999997,76.760000000000005,70.469999999999998,72.280000000000001,75.099999999999994,-2.82,-3.755,692791.82999999995809,5049997.330000000074505
300308.SZ,2025.04.09,69.980000000000004,73.540000000000006,67.200000000000002,71.989999999999994,72.280000000000001,-0.29,-0.4012,595500.890000000013969,4218907.320000000298023
300308.SZ,2025.04.10,80.180000000000006,81.5,77.099999999999994,77.489999999999994,71.989999999999994,5.5,7.6399,709268.82999999995809,5639536.843999999575316
300308.SZ,2025.04.11,76,79.280000000000001,75.909999999999996,78.370000000000004,77.489999999999994,0.88,1.1356,428937.169999999983701,3324538.095999999903142
300308.SZ,2025.04.14,81,84.5,80.900000000000005,81.540000000000006,78.370000000000004,3.17,4.044900000000001,548927.180000000051222,4545571.282999999821186
300308.SZ,2025.04.15,81.150000000000005,81.379999999999995,79.290000000000006,80.170000000000001,81.540000000000006,-1.37,-1.6802,249800.769999999989522,2001413.99600000004284
300308.SZ,2025.04.16,78.530000000000001,78.709999999999993,76.659999999999996,77.989999999999994,80.170000000000001,-2.18,-2.7192,266700.940000000002328,2075615.546000000089406
300308.SZ,2025.04.17,77.090000000000003,78.849999999999994,77.090000000000003,77.609999999999999,77.989999999999994,-0.38,-0.4872,184924.880000000004656,1444517.769000000087544
300308.SZ,2025.04.18,77.609999999999999,79.269999999999996,77.549999999999997,79.14,77.609999999999999,1.53,1.9714,257548.45999999999185,2026905.321999999927356
300308.SZ,2025.04.21,80.430000000000006,82.260000000000005,79.150000000000005,81.189999999999997,79.14,2.05,2.5903,332027.849999999976716,2684025.22000000020489
300308.SZ,2025.04.22,80,80.579999999999998,79.109999999999999,80.069999999999993,81.189999999999997,-1.12,-1.3795,236164.410000000003492,1886578.252000000094994
300308.SZ,2025.04.23,82.099999999999994,85.340000000000003,80.879999999999995,83.519999999999995,80.069999999999993,3.45,4.3087,608233.71999999997206,5055290.726999999955296
300308.SZ,2025.04.24,83,84.159999999999996,81.260000000000005,81.329999999999998,83.519999999999995,-2.19,-2.6221,306173.71999999997206,2524324.728000000119209
300308.SZ,2025.04.25,82.5,86.989999999999994,82.5,85.269999999999996,81.329999999999998,3.94,4.8445,644757.60999999998603,5523635.877000000327825
300308.SZ,2025.04.28,85.269999999999996,85.519999999999995,83.209999999999993,83.39,85.269999999999996,-1.88,-2.2048,311217.200000000011641,2611582.783999999985098
300308.SZ,2025.04.29,83.349999999999994,84.230000000000003,82.420000000000001,83.090000000000003,83.39,-0.3,-0.3598,207646.940000000002328,1732324.637000000104308
300308.SZ,2025.04.30,83.25,84.099999999999994,82.409999999999996,83.489999999999994,83.090000000000003,0.4,0.4814,224420.739999999990686,1873973.80199999990873
300308.SZ,2025.05.06,85.170000000000001,87.189999999999997,85.150000000000005,86.650000000000005,83.489999999999994,3.16,3.7849,347500.809999999997671,3000543.049000000115483
300308.SZ,2025.05.07,88.760000000000005,89.040000000000006,85.64,86.650000000000005,86.650000000000005,0,0,314636.409999999974388,2739491.262999999802559
300308.SZ,2025.05.08,88.859999999999999,98,88.129999999999995,96.489999999999994,86.650000000000005,9.839999999999999,11.355999999999999,991734.989999999990686,9314493.48399999924004
300308.SZ,2025.05.09,94.689999999999997,96.459999999999993,94,94.799999999999997,96.489999999999994,-1.69,-1.7515,423055.039999999979045,4016111.629999999888241
300308.SZ,2025.05.12,98.799999999999997,99.060000000000002,95.099999999999994,97.269999999999996,94.799999999999997,2.47,2.6055,468249.590000000025611,4517746.384999999776482
300308.SZ,2025.05.13,100.799999999999997,100.799999999999997,96.409999999999996,96.430000000000006,97.269999999999996,-0.84,-0.8636,522156.669999999983701,5125045.054999999701976
300308.SZ,2025.05.14,98.049999999999997,101.090000000000003,98.049999999999997,98.39,96.430000000000006,1.96,2.0326,545564.180000000051222,5422424.109000000171363
300308.SZ,2025.05.15,98,98.079999999999998,94.099999999999994,94.120000000000004,98.39,-4.27,-4.339900000000001,434819.830000000016298,4153582.010999999940395
300308.SZ,2025.05.16,93.400000000000005,99.480000000000004,93.209999999999993,97.829999999999998,94.120000000000004,3.71,3.9418,521694.520000000018626,5097600.254999999888241
300308.SZ,2025.05.19,96.689999999999997,97.400000000000005,95.219999999999998,95.280000000000001,97.829999999999998,-2.55,-2.6066,305671.059999999997671,2930543.348999999929219
300308.SZ,2025.05.20,95.290000000000006,97.180000000000006,94.400000000000005,95.959999999999993,95.280000000000001,0.68,0.7137,264242.820000000006984,2524962.466000000014901
300308.SZ,2025.05.21,95.629999999999995,97.299999999999997,94.650000000000005,95.730000000000004,95.959999999999993,-0.23,-0.2397,262241.71999999997206,2513117.075000000186264
300308.SZ,2025.05.22,95,96.780000000000001,94.400000000000005,94.459999999999993,95.730000000000004,-1.27,-1.3266,239774.950000000011641,2287188.216000000014901
300308.SZ,2025.05.23,94.409999999999996,95.359999999999999,91.700000000000002,91.870000000000004,94.459999999999993,-2.59,-2.7419,273098.869999999995343,2542296.671999999787658
300308.SZ,2025.05.26,91.989999999999994,92.989999999999994,90.859999999999999,92.359999999999999,91.870000000000004,0.49,0.5334,187615.519999999989522,1722240.996999999973922
300308.SZ,2025.05.27,90.989999999999994,92.180000000000006,88.879999999999995,90.159999999999996,92.359999999999999,-2.2,-2.382,278218.880000000004656,2501889.887000000104308
300308.SZ,2025.05.28,91,92.989999999999994,91,92.620000000000004,90.159999999999996,2.46,2.7285,306260.869999999995343,2819311.09500000020489
300308.SZ,2025.05.29,93.599999999999994,96.590000000000003,93.280000000000001,94.939999999999997,92.620000000000004,2.32,2.5049,422422.179999999993015,4021230.584999999962747
300308.SZ,2025.05.30,93.780000000000001,94.379999999999995,92.510000000000005,93.549999999999997,94.939999999999997,-1.39,-1.4641,212966.410000000003492,1988389.32799999997951
300308.SZ,2025.06.03,92.5,93.219999999999998,91.75,91.760000000000005,93.549999999999997,-1.79,-1.9134,183330.10000000000582,1691460.256999999983236
300308.SZ,2025.06.04,92.989999999999994,97.969999999999998,92.989999999999994,97.299999999999997,91.760000000000005,5.54,6.0375,611624.869999999995343,5901679.32799999974668
300308.SZ,2025.06.05,97.299999999999997,103.579999999999998,96.5,102.879999999999995,97.299999999999997,5.58,5.7348,677680.479999999981373,6838039.804999999701976
300308.SZ,2025.06.06,102,104.450000000000002,101.25,103.450000000000002,102.879999999999995,0.57,0.554,468037.619999999995343,4834350.375
300308.SZ,2025.06.09,105.310000000000002,111.159999999999996,105.109999999999999,108.549999999999997,103.450000000000002,5.1,4.9299,726915.71999999997206,7850645.377000000327825
300308.SZ,2025.06.10,108.099999999999994,109.730000000000004,106.609999999999999,107.769999999999995,108.549999999999997,-0.78,-0.7186,479186.710000000020954,5186746.230000000447034
300308.SZ,2025.06.11,110,110.980000000000004,107.079999999999998,107.980000000000004,107.769999999999995,0.21,0.1949,343044.229999999981373,3727687.086999999824911
300308.SZ,2025.06.12,107.099999999999994,119.200000000000002,107,116,107.980000000000004,8.019999999999999,7.4273,864868.989999999990686,10020896.63800000026822
300308.SZ,2025.06.13,114.510000000000005,117.89,113.980000000000004,116.650000000000005,116,0.65,0.5603,474888.789999999979045,5533959.004999999888241
300308.SZ,2025.06.16,116.920000000000001,123.450000000000002,116.900000000000005,120.569999999999993,116.650000000000005,3.92,3.3605,593698.560000000055879,7204021.603000000119209
300308.SZ,2025.06.17,121.010000000000005,122.200000000000002,117.900000000000005,119.359999999999999,120.569999999999993,-1.21,-1.0036,358236.760000000009313,4277997.53899999987334
300308.SZ,2025.06.18,118.510000000000005,125.599999999999994,116.099999999999994,125.060000000000002,119.359999999999999,5.700000000000001,4.7755,678263.420000000041909,8223181.235000000335276
300308.SZ,2025.06.19,124.560000000000002,130.789999999999992,123.599999999999994,128.300000000000011,124.560000000000002,3.74,3.0026,625734.770000000018626,8012237.03000000026077
300308.SZ,2025.06.20,130,131.180000000000006,124.769999999999995,129.5,128.300000000000011,1.2,0.9353,493005.229999999981373,6336169.526999999769032
300308.SZ,2025.06.23,127.299999999999997,129.330000000000012,122.680000000000006,127.090000000000003,129.5,-2.41,-1.861,535024.459999999962747,6766509.225999999791383
300308.SZ,2025.06.24,128.379999999999995,129.969999999999998,124.299999999999997,125.25,127.090000000000003,-1.84,-1.4478,450005.539999999979045,5693248.382000000216066
300308.SZ,2025.06.25,127,128.689999999999997,123.200000000000002,125.730000000000004,125.25,0.48,0.3832,492457.119999999995343,6175859.555999999865889
300308.SZ,2025.06.26,127.599999999999994,133.180000000000006,127.079999999999998,129.699999999999988,125.730000000000004,3.97,3.1576,599787.410000000032596,7803404.706000000238418
300308.SZ,2025.06.27,129.169999999999987,140.27000000000001,126.560000000000002,138.400000000000005,129.699999999999988,8.699999999999999,6.7078,662778.71999999997206,8945449.941999999806284
300308.SZ,2025.06.30,141.5,146.599999999999994,138.00999999999999,145.860000000000013,138.400000000000005,7.46,5.390200000000001,752143.930000000051222,10740859.552999999374151
300308.SZ,2025.07.01,143.590000000000003,146.780000000000001,142.75,145.300000000000011,145.860000000000013,-0.56,-0.3839,319591.409999999974388,4641124.101999999955296
300308.SZ,2025.07.02,142.5,142.599999999999994,138.129999999999995,138.930000000000006,145.300000000000011,-6.370000000000001,-4.384000000000001,365770.960000000020954,5109386.34999999962747
300308.SZ,2025.07.03,141.469999999999998,143.840000000000003,139.490000000000009,142.25999999999999,138.930000000000006,3.33,2.3969,383978.75,5430809.334999999962747
300308.SZ,2025.07.04,143.110000000000013,145.180000000000006,138.550000000000011,139.449999999999988,142.25999999999999,-2.81,-1.9753,418744.789999999979045,5927014.308000000193715
300308.SZ,2025.07.07,137.5,139.77000000000001,130.210000000000007,135.150000000000005,139.449999999999988,-4.3,-3.0835,575204.239999999990686,7722491.415000000037252
300308.SZ,2025.07.08,134.75999999999999,145.25999999999999,133.819999999999993,144.879999999999995,135.150000000000005,9.73,7.1994,532241.119999999995343,7500377.252000000327825
300308.SZ,2025.07.09,145,149.360000000000013,144.050000000000011,145.300000000000011,144.879999999999995,0.42,0.2899,415095.60999999998603,6085220.986999999731779
300308.SZ,2025.07.10,146.52000000000001,148.680000000000006,142,146.590000000000003,145.300000000000011,1.29,0.8878,435403.96999999997206,6336658.699000000022351
300308.SZ,2025.07.11,144.740000000000009,147.879999999999995,142.550000000000011,145.280000000000001,146.590000000000003,-1.31,-0.8936,310988.619999999995343,4513795.973000000230968
300308.SZ,2025.07.14,144.330000000000012,150.5,144.330000000000012,149.819999999999993,145.280000000000001,4.54,3.125,388531.909999999974388,5781039.353000000119209
300308.SZ,2025.07.15,155.300000000000011,174.990000000000009,155.300000000000011,174.810000000000002,149.819999999999993,24.989999999999998,16.679999999999999,924064.239999999990686,15619206.713999999687075
300308.SZ,2025.07.16,179.800000000000011,181.969999999999998,169.669999999999987,170.75999999999999,174.810000000000002,-4.05,-2.3168,905851.770000000018626,15982905.350999999791383
300308.SZ,2025.07.17,169.189999999999997,178.990000000000009,169.169999999999987,176.849999999999994,170.75999999999999,6.09,3.5664,604630.770000000018626,10555310.877000000327825
300308.SZ,2025.07.18,181.180000000000006,192.00999999999999,179,180.620000000000004,176.849999999999994,3.77,2.1318,611562.209999999962747,11298766.458000000566244
300308.SZ,2025.07.21,179.889999999999986,188.400000000000005,177.180000000000006,187.949999999999988,180.620000000000004,7.33,4.058200000000001,596835.089999999967403,10909835.928999999538064
300308.SZ,2025.07.22,187.099999999999994,197.099999999999994,181.400000000000005,184.439999999999997,187.949999999999988,-3.51,-1.8675,592912.849999999976716,11209847.411000000312924
300308.SZ,2025.07.23,179,187.879999999999995,176,186.180000000000006,184.439999999999997,1.74,0.9434,405783.729999999981373,7395940.401999999769032
300308.SZ,2025.07.24,190.5,192.960000000000008,181.669999999999987,185.199999999999988,186.180000000000006,-0.98,-0.5264,442080.059999999997671,8263192.059999999590218
300308.SZ,2025.07.25,186,189.900000000000005,184.50999999999999,185.219999999999998,185.199999999999988,0.02,0.0108,287877.429999999993015,5368796.807000000029802
300308.SZ,2025.07.28,186,193.229999999999989,184.199999999999988,191.870000000000004,185.219999999999998,6.650000000000001,3.5903,438947.650000000023283,8281245.572999999858438
300308.SZ,2025.07.29,198.00999999999999,210.990000000000009,198.00999999999999,209.930000000000006,191.870000000000004,18.059999999999998,9.412599999999999,584403.680000000051222,12100039.459000000730156
300308.SZ,2025.07.30,207.060000000000002,211.800000000000011,203.590000000000003,210.599999999999994,209.930000000000006,0.67,0.3192,390505.739999999990686,8122926.81099999975413
300308.SZ,2025.07.31,221,228.599999999999994,215.930000000000006,217.610000000000013,210.599999999999994,7.01,3.3286,644065.93999999994412,14274550.600999999791383
300308.SZ,2025.08.01,212.52000000000001,220.879999999999995,207.629999999999995,210.629999999999995,217.610000000000013,-6.980000000000001,-3.2076,475946.739999999990686,10151901.432000000029802
300308.SZ,2025.08.04,207.530000000000001,210.340000000000003,204.5,208.419999999999987,210.629999999999995,-2.21,-1.0492,330837.390000000013969,6857077.166000000201165
300308.SZ,2025.08.05,216.5,218.370000000000004,203.5,210.919999999999987,208.419999999999987,2.5,1.1995,414137.570000000006984,8698318.762000000104308
300308.SZ,2025.08.06,206.710000000000007,213.580000000000012,206.610000000000013,210.52000000000001,210.919999999999987,-0.4,-0.1896,255301.559999999997671,5366654.089999999850988
300308.SZ,2025.08.07,210.52000000000001,216,197.199999999999988,208.460000000000007,210.52000000000001,-2.06,-0.9785,453076.510000000009313,9320003.539000000804662
300308.SZ,2025.08.08,207,213.879999999999995,205,209.300000000000011,208.460000000000007,0.84,0.403,327315.080000000016298,6886805.779000000096857
300308.SZ,2025.08.11,210,220.5,209.990000000000009,214.75,209.300000000000011,5.450000000000001,2.6039,350762.520000000018626,7548075.951000000350177
300308.SZ,2025.08.12,215,226.389999999999986,213,225.680000000000006,214.75,10.929999999999999,5.0896,430829.309999999997671,9534149.020999999716877
300308.SZ,2025.08.13,226.75,252.960000000000008,224,252,225.680000000000006,26.32,11.662499999999999,551265.46999999997206,13273577.994000000879168
300308.SZ,2025.08.14,246.400000000000005,248.090000000000003,239.400000000000005,239.469999999999998,252,-12.529999999999999,-4.9722,407601.330000000016298,9927494.343000000342726
300308.SZ,2025.08.15,241.469999999999998,245.449999999999988,235.110000000000013,238.050000000000011,239.469999999999998,-1.42,-0.593,350540.799999999988358,8382671.264999999664723
300308.SZ,2025.08.18,241.620000000000004,268,238.080000000000012,260,238.050000000000011,21.949999999999999,9.2208,469849.789999999979045,11956921.10700000077486
300308.SZ,2025.08.19,260,277.579999999999984,258.899999999999977,275.5,260,15.5,5.9615,409789.340000000025611,11069282.564999999478459
300308.SZ,2025.08.20,261.990000000000009,269,257.410000000000025,267.79000000000002,275.5,-7.71,-2.7985,408197.320000000006984,10773818.990000000223517
300308.SZ,2025.08.21,272.800000000000011,274.600000000000022,256.100000000000022,265.220000000000027,267.79000000000002,-2.57,-0.9597,394435.929999999993015,10428978.809000000357627
300308.SZ,2025.08.22,259.110000000000013,280.879999999999995,259,278.899999999999977,265.220000000000027,13.679999999999999,5.158000000000001,382581.650000000023283,10408840.533999999985098
300308.SZ,2025.08.25,288,320,288,320,278.899999999999977,41.100000000000001,14.736499999999999,498061.309999999997671,15236503.898000000044703
300308.SZ,2025.08.26,313.600000000000022,322.800000000000011,306,314,320,-6,-1.875,361919.210000000020954,11402947.512000000104308
300308.SZ,2025.08.27,320,345.899999999999977,311.310000000000002,325.100000000000022,314,11.099999999999999,3.535,610746.349999999976716,20077028.381000000983476
300308.SZ,2025.08.28,322.870000000000004,359.579999999999984,322.449999999999988,359.029999999999972,325.100000000000022,33.929999999999999,10.436799999999999,583916.430000000051222,20116514.921999998390674
300308.SZ,2025.08.29,352,367.699999999999988,344.970000000000027,354.920000000000015,359.029999999999972,-4.110000000000001,-1.1448,490333.099999999976716,17315300.33900000154972
300308.SZ,2025.09.01,372.75,413.800000000000011,364,406.100000000000022,354.920000000000015,51.179999999999999,14.420199999999999,598650.890000000013969,23173867.535999998450279
300308.SZ,2025.09.02,402.019999999999981,419.600000000000022,373.870000000000004,384,406.100000000000022,-22.100000000000001,-5.442000000000001,784127.300000000046566,31063167.519000001251697
300308.SZ,2025.09.03,392,429.990000000000009,379.100000000000022,426.189999999999997,384,42.189999999999997,10.987,712351.780000000027939,28716626.618000000715255
300308.SZ,2025.09.04,436,448,363.879999999999995,369.139999999999986,426.189999999999997,-57.049999999999997,-13.385999999999999,939056.709999999962747,36731803.946000002324581
300308.SZ,2025.09.05,378.019999999999981,418.879999999999995,361.720000000000027,407,369.139999999999986,37.859999999999999,10.256299999999999,792550.670000000041909,30591669.07999999821186
300308.SZ,2025.09.08,394,394,344,369.990000000000009,407,-37.009999999999998,-9.0934,741116.479999999981373,27097510.063000001013278
300308.SZ,2025.09.09,365.019999999999981,372.610000000000013,347,359.29000000000002,369.990000000000009,-10.699999999999999,-2.892,480631.090000000025611,17329017.116999998688697
300308.SZ,2025.09.10,378,395.480000000000018,370.579999999999984,385,359.29000000000002,25.71,7.155800000000001,620102.390000000013969,23749946.609999999403953
300308.SZ,2025.09.11,402.189999999999997,443.990000000000009,402.189999999999997,439.970000000000027,385,54.969999999999998,14.2779,656801.630000000004656,27786933.614999998360872
300308.SZ,2025.09.12,417,431.990000000000009,410,422.089999999999974,439.970000000000027,-17.879999999999999,-4.063900000000001,472505.650000000023283,19984616.45499999821186
300308.SZ,2025.09.15,410,419.970000000000027,397.639999999999986,408.019999999999981,422.089999999999974,-14.07,-3.3334,357525.409999999974388,14621407.478000000119209
300308.SZ,2025.09.16,410.029999999999972,421.970000000000027,396.220000000000027,411.420000000000015,408.019999999999981,3.4,0.8333,442532.630000000004656,17975150.666999999433755
300308.SZ,2025.09.17,405,412.980000000000018,391.110000000000013,406.199999999999988,411.420000000000015,-5.22,-1.2688,324316.210000000020954,13067610.632999999448657
300308.SZ,2025.09.18,394.209999999999979,429.990000000000009,389.209999999999979,409.399999999999977,406.199999999999988,3.2,0.7878,561607.85999999998603,22855123.99100000038743
300308.SZ,2025.09.19,415.399999999999977,425,400.029999999999972,421.5,409.399999999999977,12.099999999999999,2.9555,466535.929999999993015,19367174.603000000119209
300308.SZ,2025.09.22,417.29000000000002,421.800000000000011,394.680000000000006,418,421.5,-3.5,-0.8304,412684.760000000009313,16928692.918000001460313
300308.SZ,2025.09.23,447.00999999999999,457.00999999999999,418,434.29000000000002,418,16.289999999999999,3.8971,534440.35999999998603,23278260.109999999403953
300308.SZ,2025.09.24,416.00999999999999,435,410,423.5,434.29000000000002,-10.789999999999999,-2.4845,393385.85999999998603,16589365.256999999284744
300308.SZ,2025.09.25,416.00999999999999,442.959999999999979,404,434.600000000000022,423.5,11.099999999999999,2.621,505591.510000000009313,21620180.903000000864267
300308.SZ,2025.09.26,429.050000000000011,442.300000000000011,413.699999999999988,413.699999999999988,434.600000000000022,-20.899999999999998,-4.809000000000001,351118.150000000023283,14918149.498999999836087
300308.SZ,2025.09.29,410.120000000000004,433.170000000000015,403.089999999999974,416.75,413.699999999999988,3.05,0.7372,429059.210000000020954,18029890.030000001192092
300308.SZ,2025.09.30,418.50999999999999,435,398.060000000000002,403.680000000000006,416.75,-13.07,-3.1362,392893.309999999997671,16248125.252000000327825
300308.SZ,2025.10.09,419,426.660000000000024,397.680000000000006,398.810000000000002,403.680000000000006,-4.87,-1.2064,390909.460000000020954,16122596.932000000029802
300308.SZ,2025.10.10,399.00999999999999,407.800000000000011,381.00999999999999,390,398.810000000000002,-8.81,-2.2091,384285.919999999983701,15167250.787000000476837
300308.SZ,2025.10.13,369,382,361.800000000000011,376.990000000000009,389.600000000000022,-12.609999999999999,-3.2367,409313.489999999990686,15302419.922000000253319
300308.SZ,2025.10.14,385,385.939999999999997,344,346.100000000000022,376.990000000000009,-30.89,-8.193899999999999,514339.070000000006984,18448572.394999999552965
300308.SZ,2025.10.15,345,357,337,354.120000000000004,346.100000000000022,8.019999999999999,2.3172,353172.530000000027939,12275375.119000000879168
300308.SZ,2025.10.16,351.139999999999986,379.300000000000011,350.029999999999972,366.970000000000027,354.120000000000004,12.849999999999999,3.6287,342568.179999999993015,12630929.312000000849366
300308.SZ,2025.10.17,367.170000000000015,381.910000000000024,360,373.600000000000022,366.970000000000027,6.63,1.8067,467636.440000000002328,17358864.502999998629093
300308.SZ,2025.10.20,408.189999999999997,421.209999999999979,395.579999999999984,403,373.600000000000022,29.399999999999998,7.8694,601550.619999999995343,24468412.269999999552965
300308.SZ,2025.10.21,410,451.480000000000018,405,441.5,403,38.5,9.5533,565178.650000000023283,24436154.423000000417232
300308.SZ,2025.10.22,436.089999999999974,457.5,436.089999999999974,444.300000000000011,441.5,2.8,0.6342,397499.099999999976716,17757275.76300000026822
300308.SZ,2025.10.23,441.079999999999984,443,425.699999999999988,440.879999999999995,444.300000000000011,-3.42,-0.7698,276011.130000000004656,12011352.77199999988079
300308.SZ,2025.10.24,450,495.649999999999977,437.100000000000022,494,440.879999999999995,53.119999999999997,12.0486,491025.260000000009313,23033970.651000000536441
300308.SZ,2025.10.27,503.980000000000018,515,495.560000000000002,508.939999999999997,494,14.939999999999999,3.0243,450723.890000000013969,22787904.833000000566244
300308.SZ,2025.10.28,503.300000000000011,536,501,513,508.939999999999997,4.06,0.7977,417960.869999999995343,21740189.239000000059604
300308.SZ,2025.10.29,538.00999999999999,542.00999999999999,506.160000000000025,520.720000000000027,513,7.72,1.5049,417271.049999999988358,21670889.447999998927116
300308.SZ,2025.10.30,516.50999999999999,538,509,514.740000000000009,520.720000000000027,-5.980000000000001,-1.1484,453309.840000000025611,23600113.526999998837709
300308.SZ,2025.10.31,503,509,472,473.00999999999999,514.740000000000009,-41.729999999999996,-8.106999999999999,563012.790000000037252,27346603.03099999949336
300308.SZ,2025.11.03,470.670000000000015,483.399999999999977,457.50999999999999,480,473.00999999999999,6.990000000000001,1.4778,398408.75,18730146.94599999859929
300308.SZ,2025.11.04,489.600000000000022,504.29000000000002,473.879999999999995,477.800000000000011,480,-2.2,-0.4583,360853.679999999993015,17622196.967999998480081
300308.SZ,2025.11.05,462.019999999999981,480,458.79000000000002,477.00999999999999,477.800000000000011,-0.79,-0.1653,264087.510000000009313,12390456.807000000029802
300308.SZ,2025.11.06,488,507.879999999999995,482.269999999999981,496.879999999999995,477.00999999999999,19.87,4.1655,373251.440000000002328,18457495.76300000026822
300308.SZ,2025.11.07,491,499.79000000000002,479,490.050000000000011,496.879999999999995,-6.83,-1.3746,243099.60000000000582,11923843.236999999731779
300308.SZ,2025.11.10,488.879999999999995,495.879999999999995,460,490,490.050000000000011,-0.05,-0.0102,352110.789999999979045,16744462.629000000655651
300308.SZ,2025.11.11,493.680000000000006,499.660000000000024,464,468.050000000000011,490,-21.949999999999999,-4.4796,325131.119999999995343,15621818.929999999701976
300308.SZ,2025.11.12,459.629999999999995,492.389999999999986,450.00999999999999,491.75,468.050000000000011,23.699999999999999,5.0636,423022.25,19890723.53999999910593
300308.SZ,2025.11.13,489.279999999999972,489.279999999999972,470.00999999999999,481,491.75,-10.75,-2.1861,313317.460000000020954,15002143.507999999448657
300308.SZ,2025.11.14,465.180000000000006,473.879999999999995,454.220000000000027,462.819999999999993,481,-18.179999999999999,-3.7796,247272.660000000003492,11512786.152000000700354
300308.SZ,2025.11.17,475.199999999999988,488.639999999999986,468.399999999999977,483.199999999999988,462.819999999999993,20.379999999999998,4.403400000000001,282466.260000000009313,13512966.106000000610947
300308.SZ,2025.11.18,474.699999999999988,490.800000000000011,470.00999999999999,472.910000000000024,483.199999999999988,-10.289999999999999,-2.1296,240678.559999999997671,11554982.044999999925494
300308.SZ,2025.11.19,472.430000000000006,499.699999999999988,472,488.600000000000022,472.910000000000024,15.689999999999999,3.3178,337865.390000000013969,16542781.774000000208616
300308.SZ,2025.11.20,515,522.379999999999995,490.329999999999984,492,488.600000000000022,3.4,0.6959,353522.070000000006984,17783386.63800000026822
300308.SZ,2025.11.21,472.990000000000009,483,460,464.00999999999999,492,-27.989999999999998,-5.689,414122.799999999988358,19479251.603999998420476
300308.SZ,2025.11.24,470,476.990000000000009,436.959999999999979,456.800000000000011,464.00999999999999,-7.21,-1.5538,464258,21222535.809999998658895
300308.SZ,2025.11.25,477.00999999999999,494.800000000000011,470.00999999999999,479.660000000000024,456.800000000000011,22.859999999999999,5.004400000000001,439364.809999999997671,21131904.344999998807907
300308.SZ,2025.11.26,475.199999999999988,556.879999999999995,470.399999999999977,543.220000000000027,479.660000000000024,63.560000000000002,13.251099999999999,628951.479999999981373,32975131.625999998301267
300308.SZ,2025.11.27,537,558.769999999999981,523.360000000000013,524,543.220000000000027,-19.219999999999998,-3.5382,437327.669999999983701,23641332.186999998986721
300308.SZ,2025.11.28,527.200000000000045,529.799999999999954,508.600000000000022,514.5,524,-9.5,-1.813,324657.299999999988358,16750682.58699999935925
300308.SZ,2025.12.01,524,546.5,515,538,514.5,23.5,4.5675,372867.049999999988358,19884723.666000001132488
300308.SZ,2025.12.02,542,551.129999999999995,535.5,542,538,4,0.7435,271615.330000000016298,14774407.355000000447034
300308.SZ,2025.12.03,540.539999999999963,558.58000000000004,522.110000000000013,523.730000000000018,542,-18.269999999999999,-3.3708,368327.520000000018626,19817626.710000000894069
300308.SZ,2025.12.04,517.370000000000004,536.529999999999972,512.340000000000031,535.5,523.730000000000018,11.769999999999999,2.2473,263194.46999999997206,13837413.09999999962747
300308.SZ,2025.12.05,539.529999999999972,545,525,537.049999999999954,535.5,1.55,0.2894,282825.909999999974388,15166870.064999999478459
300308.SZ,2025.12.08,543,585,539,570,537.049999999999954,32.950000000000002,6.1354,408224.400000000023283,23130085.522999998182058
300308.SZ,2025.12.09,570.090000000000031,613,568.539999999999963,606,570,36,6.315800000000001,371293.330000000016298,22178752.620999999344348
300308.SZ,2025.12.10,609.059999999999945,620,589.5,616,606,10,1.6502,302094.330000000016298,18313255.432999998331069
300308.SZ,2025.12.11,610,627.110000000000013,585.909999999999968,586.809999999999945,616,-29.190000000000001,-4.7386,363531.25,22007836.032999999821186
300308.SZ,2025.12.12,587,603.879999999999995,570.220000000000027,582,586.809999999999945,-4.81,-0.8197,468789.239999999990686,27362453.085999999195337
300308.SZ,2025.12.15,570,588,568,570.860000000000013,582,-11.14,-1.9141,300987.35999999998603,17331138.638999998569488
300308.SZ,2025.12.16,568.799999999999954,575,545.00999999999999,551.789999999999963,570.860000000000013,-19.07,-3.3406,279702.369999999995343,15609524.937000000849366
300308.SZ,2025.12.17,557,592.07000000000005,556.659999999999968,589.980000000000018,551.789999999999963,38.189999999999997,6.9211,323570.080000000016298,18602336.342999998480081
300308.SZ,2025.12.18,576.990000000000009,579.870000000000004,563.429999999999949,571.200000000000045,589.980000000000018,-18.780000000000001,-3.1832,241628.869999999995343,13813326.873999999836087
300308.SZ,2025.12.19,583.340000000000031,587,570.279999999999972,571.700000000000045,571.200000000000045,0.5,0.0875,224429.140000000013969,12979061.282999999821186
300308.SZ,2025.12.22,590.00999999999999,622,590.00999999999999,617.5,571.700000000000045,45.799999999999997,8.0112,394411.669999999983701,23897727.826000001281499
300308.SZ,2025.12.23,625,628.990000000000009,614,621,617.5,3.5,0.5668,233642.010000000009313,14498372.814999999478459
300308.SZ,2025.12.24,627.639999999999986,638,617.600000000000022,634.399999999999977,621,13.4,2.1578,235091.260000000009313,14752690.73399999924004
300308.SZ,2025.12.25,645,658.799999999999954,618.409999999999968,639.799999999999954,634.399999999999977,5.400000000000001,0.8512,259387.10999999998603,16554891.81000000052154
300308.SZ,2025.12.26,628.299999999999954,636.950000000000045,618,627,639.799999999999954,-12.8,-2.0006,213761.839999999996507,13392778.801999999210238
300308.SZ,2025.12.29,627.639999999999986,633.690000000000054,612.730000000000018,618,627,-9,-1.4354,241125.829999999987194,14961103.073000000789761
300308.SZ,2025.12.30,618.100000000000022,644.340000000000031,615,632,618,14,2.2654,261145.399999999994179,16460770.394999999552965
300308.SZ,2025.12.31,629,633,608,610,632,-22,-3.481,225604.119999999995343,13944071.968000000342726
300308.SZ,2026.01.05,621.08000000000004,627.289999999999963,600.169999999999959,623.50999999999999,610,13.509999999999999,2.2148,302041.570000000006984,18658748.247999999672174
300308.SZ,2026.01.06,606,615.799999999999954,590.200000000000045,605.25,623.50999999999999,-18.260000000000001,-2.9286,335583.270000000018626,20243859.699000000953674
300308.SZ,2026.01.07,616.799999999999954,628,602,619.600000000000022,605.25,14.349999999999999,2.3709,280014.549999999988358,17281311.977000001817941
300308.SZ,2026.01.08,611.100000000000022,616,592,595.450000000000045,619.600000000000022,-24.149999999999998,-3.8977,291961.679999999993015,17523125.451000001281499
300308.SZ,2026.01.09,575.940000000000054,595,561.610000000000013,583.200000000000045,595.450000000000045,-12.25,-2.0573,385723.369999999995343,22201259.670000001788139
300308.SZ,2026.01.12,570,600,558.850000000000022,591.970000000000027,583.200000000000045,8.769999999999999,1.5038,383607.520000000018626,22117906.763999998569488
300308.SZ,2026.01.13,580.799999999999954,616.600000000000022,580.00999999999999,585.75999999999999,591.970000000000027,-6.21,-1.049,320559.440000000002328,19108309.973999999463558
300308.SZ,2026.01.14,595.350000000000022,600.879999999999995,567.00999999999999,593,585.75999999999999,7.240000000000001,1.236,417329.940000000002328,24433697.896000001579523
300308.SZ,2026.01.15,583.200000000000045,636.990000000000009,581.019999999999981,625.019999999999981,593,32.020000000000003,5.399700000000001,459038.239999999990686,27888274.5489999987185
300308.SZ,2026.01.16,635.970000000000027,645,615.019999999999981,617,625.019999999999981,-8.019999999999999,-1.2832,372723.760000000009313,23373957.057000000029802
300308.SZ,2026.01.19,605,619,602.57000000000005,605.5,617,-11.5,-1.8639,223078.619999999995343,13561463.23200000077486
300308.SZ,2026.01.20,605.519999999999981,608,580,585,605.5,-20.5,-3.3856,262900.349999999976716,15451090.109999999403953
300308.SZ,2026.01.21,586.240000000000009,599.659999999999968,581,581.899999999999977,585,-3.1,-0.5299,250959,14836515.564999999478459
300308.SZ,2026.01.22,590.08000000000004,624.5,585,621,581.899999999999977,39.100000000000001,6.719400000000001,401944.25,24274588.605999998748302
300308.SZ,2026.01.23,614,615,580.159999999999968,585,621,-36,-5.797100000000001,396560.409999999974388,23458779.409000001847743
300308.SZ,2026.01.26,580,598,572.00999999999999,589.799999999999954,585,4.8,0.8205,260881.149999999994179,15300491.052999999374151
300308.SZ,2026.01.27,589.960000000000036,630,586.700000000000045,615.600000000000022,589.799999999999954,25.8,4.3744,387286.710000000020954,23794065.734999999403953
300308.SZ,2026.01.28,632,644.980000000000018,623,628,615.600000000000022,12.4,2.0143,329263.75,20818996.206999998539686
300308.SZ,2026.01.29,637,637.950000000000045,610.110000000000013,613.850000000000022,628,-14.15,-2.2532,248940.399999999994179,15437115.005999999120831
300308.SZ,2026.01.30,616.200000000000045,653.58000000000004,605.92999999999995,649,613.850000000000022,35.149999999999998,5.726200000000001,357592,22650812.274999998509883
300308.SZ,2026.02.02,635.00999999999999,658.58000000000004,591,591,649,-58,-8.936799999999999,559980.479999999981373,34642172.76299999654293
300308.SZ,2026.02.03,607,618.799999999999954,576,589.700000000000045,591,-1.3,-0.22,429180.190000000002328,25546318.135000001639127
300308.SZ,2026.02.04,570,574.549999999999954,525.129999999999995,560,589.700000000000045,-29.699999999999999,-5.036500000000001,527210.010000000009313,29004521.607999999076128
300308.SZ,2026.02.05,561.00999999999999,577.75,556.00999999999999,561.990000000000009,560,1.99,0.3554,318675.150000000023283,18014061.307999998331069
300308.SZ,2026.02.06,548.110000000000013,561.879999999999995,530.299999999999954,540.00999999999999,561.990000000000009,-21.98,-3.9111,328675.900000000023283,17909389.388999998569488
300308.SZ,2026.02.09,561,573.990000000000009,550.120000000000004,565.990000000000009,540.00999999999999,25.98,4.811,366633.369999999995343,20565541.885999999940395
300308.SZ,2026.02.10,561.549999999999954,573.679999999999949,555.5,555.710000000000036,565.990000000000009,-10.279999999999999,-1.8163,217158.25,12239667.574999999254941
300308.SZ,2026.02.11,551.00999999999999,554,522.529999999999972,531.909999999999968,555.710000000000036,-23.8,-4.2828,397135.510000000009313,21161447.644000001251697
300308.SZ,2026.02.12,535,546.379999999999995,523.379999999999995,527.460000000000036,531.909999999999968,-4.450000000000001,-0.8366,301786.10999999998603,16055660.075999999418854
300308.SZ,2026.02.13,524,543.799999999999954,515,531,527.460000000000036,3.54,0.6711,260436.10000000000582,13816376.823999999091029
300308.SZ,2026.02.24,542,572.019999999999981,522,554,531,23,4.331500000000001,356557.530000000027939,19693436.144999999552965
300308.SZ,2026.02.25,550,569.860000000000013,548,566.07000000000005,554,12.07,2.1787,214792.089999999996507,11999241.087999999523162
300308.SZ,2026.02.26,566.07000000000005,574,559,572.220000000000027,566.07000000000005,6.150000000000001,1.0864,252799.910000000003492,14340448.872999999672174
300308.SZ,2026.02.27,555,559.980000000000018,531.110000000000013,534,572.220000000000027,-38.219999999999998,-6.6792,347124.700000000011641,18806220.502999998629093
