ts_code,trade_date,open,high,low,close,pre_close,change,pct_chg,vol,amount
300502.SZ,2023.03.01,31.920000000000001,33.770000000000003,31.920000000000001,33.159999999999996,32.189999999999997,0.97,3.0134,357492.400000000023283,1180946.628999999957159
300502.SZ,2023.03.02,33.119999999999997,34.789999999999999,32.700000000000002,33.409999999999996,33.159999999999996,0.25,0.7539,371318.869999999995343,1255182.956000000005587
300502.SZ,2023.03.03,33,33.39,31.96,32.5,33.409999999999996,-0.91,-2.7237,327472.130000000004656,1067667.239000000059604
300502.SZ,2023.03.06,32.399999999999998,33.119999999999997,32,32.159999999999996,32.5,-0.34,-1.0462,200514.739999999990686,651275.613999999943189
300502.SZ,2023.03.07,32.100000000000001,32.280000000000001,30.39,30.420000000000001,32.159999999999996,-1.74,-5.410400000000001,316256.090000000025611,983482.881999999983236
300502.SZ,2023.03.08,30.46,31.32,30.46,31.079999999999998,30.420000000000001,0.66,2.1696,209949.390000000013969,651579.057999999960884
300502.SZ,2023.03.09,31.030000000000001,31.8,30.350000000000001,31.370000000000001,31.079999999999998,0.29,0.9331,182018.399999999994179,563213.337999999988824
300502.SZ,2023.03.10,31.030000000000001,31.5,30.789999999999999,30.839999999999999,31.370000000000001,-0.53,-1.6895,127151.330000000001746,395667.745999999984633
300502.SZ,2023.03.13,30.530000000000001,31.66,30.530000000000001,31.64,30.839999999999999,0.8,2.594,170248.720000000001164,533000.206000000005587
300502.SZ,2023.03.14,31.46,31.719999999999998,30.600000000000001,30.87,31.64,-0.77,-2.4336,192378.890000000013969,597048.775000000023283
300502.SZ,2023.03.15,31.010000000000001,31.440000000000001,29.929999999999999,30,30.87,-0.87,-2.8183,190211.10000000000582,578580.488999999943189
300502.SZ,2023.03.16,29.5,30.239999999999998,29.5,29.559999999999998,30,-0.44,-1.4667,151991.440000000002328,454263.128000000026077
300502.SZ,2023.03.17,29.899999999999998,31.66,29.879999999999999,31.359999999999999,29.559999999999998,1.8,6.0893,288719.919999999983701,894834.457999999984167
300502.SZ,2023.03.20,31.429999999999999,33.07,31.399999999999998,31.899999999999998,31.359999999999999,0.54,1.7219,351036.799999999988358,1135086.152999999932944
300502.SZ,2023.03.21,31.809999999999998,32.450000000000002,31.21,32.130000000000002,31.899999999999998,0.23,0.721,220256.70999999999185,703001.780000000027939
300502.SZ,2023.03.22,32.060000000000002,37.07,31.789999999999999,37.049999999999997,32.130000000000002,4.92,15.312799999999999,725239.089999999967403,2543780.006000000052154
300502.SZ,2023.03.23,36.700000000000002,40.289999999999999,36.280000000000001,38.96,37.049999999999997,1.91,5.1552,854353.660000000032596,3279611.547999999951571
300502.SZ,2023.03.24,38.700000000000002,39.46,37.950000000000002,39.299999999999997,38.96,0.34,0.8727,455822.710000000020954,1770292.645000000018626
300502.SZ,2023.03.27,39.119999999999997,43.21,39.119999999999997,43.200000000000002,39.299999999999997,3.9,9.9237,656328.57999999995809,2720322.057000000029802
300502.SZ,2023.03.28,42.009999999999998,44.880000000000002,41.490000000000002,42.729999999999996,43.200000000000002,-0.47,-1.088,662337.270000000018626,2841049.73300000000745
300502.SZ,2023.03.29,42.200000000000002,47,42.200000000000002,45.310000000000002,42.729999999999996,2.58,6.0379,685943.07999999995809,3091577.802000000141561
300502.SZ,2023.03.30,44.450000000000002,45.950000000000002,43.71,45.560000000000002,45.310000000000002,0.25,0.5518,518896.419999999983701,2326687.813000000081956
300502.SZ,2023.03.31,44.979999999999996,49.25,43.579999999999998,48.5,45.560000000000002,2.94,6.453000000000001,596250.560000000055879,2749358.106000000145286
300502.SZ,2023.04.03,51.200000000000002,58.200000000000002,50.5,58.200000000000002,48.5,9.699999999999999,20,895453.449999999953433,4950423.891999999992549
300502.SZ,2023.04.04,59.899999999999998,61.700000000000002,58.399999999999998,61.700000000000002,58.200000000000002,3.5,6.0137,787071.910000000032596,4736448.188000000081956
300502.SZ,2023.04.06,60.200000000000002,70.790000000000006,60.009999999999998,65.89,61.700000000000002,4.190000000000001,6.7909,865676.849999999976716,5738887.889000000432133
300502.SZ,2023.04.07,66.049999999999997,70.200000000000002,65.39,70.200000000000002,65.89,4.31,6.5412,583605.180000000051222,3981736.362999999895691
300502.SZ,2023.04.10,72.650000000000005,76.879999999999995,68.659999999999996,71.849999999999994,70.200000000000002,1.65,2.3504,734505.449999999953433,5285749.436999999918043
300502.SZ,2023.04.11,70.769999999999995,75.400000000000005,68.180000000000006,72.079999999999998,71.849999999999994,0.23,0.3201,744024.060000000055879,5289649.807000000029802
300502.SZ,2023.04.12,70.709999999999993,72.39,67.849999999999994,70.989999999999994,72.079999999999998,-1.09,-1.5122,602788.619999999995343,4248332.59900000039488
300502.SZ,2023.04.13,71.159999999999996,72.120000000000004,65.650000000000005,66.859999999999999,70.989999999999994,-4.13,-5.817700000000001,678730,4644336.432000000029802
300502.SZ,2023.04.14,67.989999999999994,72.930000000000006,67.049999999999997,72.680000000000006,66.859999999999999,5.820000000000001,8.7048,744492.43999999994412,5242846.195000000298023
300502.SZ,2023.04.17,70.5,71.939999999999997,67.89,69.829999999999998,72.680000000000006,-2.85,-3.9213,449843.960000000020954,3144716.007999999914318
300502.SZ,2023.04.18,71,82.659999999999996,69.89,79.900000000000005,69.829999999999998,10.07,14.4207,829017.449999999953433,6197788.165000000037252
300502.SZ,2023.04.19,80.120000000000004,82.349999999999994,77.010000000000005,77.010000000000005,79.900000000000005,-2.89,-3.617,656328.18999999994412,5246517.889999999664723
300502.SZ,2023.04.20,78.290000000000006,83.299999999999997,76.609999999999999,82.569999999999993,77.010000000000005,5.56,7.219800000000001,650238.920000000041909,5212960.245000000111758
300502.SZ,2023.04.21,80.400000000000005,81,75.700000000000002,75.700000000000002,82.569999999999993,-6.87,-8.320199999999999,555621.18999999994412,4342297.745000000111758
300502.SZ,2023.04.24,75.310000000000002,80.5,74.329999999999998,78.989999999999994,75.700000000000002,3.29,4.3461,553503.050000000046566,4318413.495000000111758
300502.SZ,2023.04.25,77.010000000000005,78.5,71.599999999999994,73.799999999999997,78.989999999999994,-5.190000000000001,-6.5705,553773.979999999981373,4154086.998000000137835
300502.SZ,2023.04.26,76.010000000000005,76.099999999999994,68,71.200000000000002,73.799999999999997,-2.6,-3.523,616482.880000000004656,4432234.570000000298023
300502.SZ,2023.04.27,66,67.480000000000004,61.659999999999996,63,71.200000000000002,-8.199999999999999,-11.516899999999999,785973.339999999967403,5087583.516999999992549
300502.SZ,2023.04.28,65.040000000000006,70.189999999999997,63.679999999999999,68.989999999999994,63,5.990000000000001,9.507899999999999,543862.569999999948777,3624559.22000000020489
300502.SZ,2023.05.04,68.019999999999996,70.599999999999994,62.619999999999997,64.209999999999993,68.989999999999994,-4.780000000000001,-6.9285,502160.039999999979045,3293688.595999999903142
300502.SZ,2023.05.05,64,66.709999999999993,58.810000000000002,59.649999999999998,64.209999999999993,-4.56,-7.101700000000001,557551.680000000051222,3459188.765999999828636
300502.SZ,2023.05.08,60.100000000000001,64.310000000000002,58.5,61.939999999999997,59.649999999999998,2.29,3.8391,420652.739999999990686,2602942.594000000040978
300502.SZ,2023.05.09,61.020000000000003,67.299999999999997,61.009999999999998,64.280000000000001,61.939999999999997,2.34,3.7778,392600.099999999976716,2557282.996999999973922
300502.SZ,2023.05.10,65.280000000000001,67.879999999999995,60.399999999999998,61.560000000000002,64.280000000000001,-2.72,-4.2315,355811.130000000004656,2254033.85800000000745
300502.SZ,2023.05.11,61.009999999999998,63.869999999999997,60.409999999999996,60.89,61.560000000000002,-0.67,-1.0884,256995.809999999997671,1590814.424000000115483
300502.SZ,2023.05.12,61,66.180000000000006,60.850000000000001,62.770000000000003,60.89,1.88,3.0875,392913.909999999974388,2499915.044999999925494
300502.SZ,2023.05.15,64.129999999999995,66,59.5,63.609999999999999,62.770000000000003,0.84,1.3382,467917,2916444.296000000089406
300502.SZ,2023.05.16,61.64,62.340000000000003,58.490000000000002,59.990000000000001,63.609999999999999,-3.62,-5.6909,432411.789999999979045,2593056.373000000137835
300502.SZ,2023.05.17,60.5,63.630000000000002,59.229999999999996,61.46,59.990000000000001,1.47,2.4504,365174,2251275.881000000052154
300502.SZ,2023.05.18,67,73.75,63.399999999999998,73.75,61.46,12.289999999999999,19.9967,655087.020000000018626,4539619.302000000141561
300502.SZ,2023.05.19,71.010000000000005,73.379999999999995,65.549999999999997,66.299999999999997,73.75,-7.450000000000001,-10.101699999999999,681523.699999999953433,4697349.856999999843537
300502.SZ,2023.05.22,64.510000000000005,66.159999999999996,61.280000000000001,62.39,66.299999999999997,-3.91,-5.897400000000001,390739.630000000004656,2469071.85399999981746
300502.SZ,2023.05.23,62.799999999999997,63.979999999999996,60.780000000000001,63.030000000000001,62.39,0.64,1.0258,404959.559999999997671,2535716.975000000093132
300502.SZ,2023.05.24,61.469999999999998,67.019999999999996,61.030000000000001,64.079999999999998,63.030000000000001,1.05,1.6659,446610.900000000023283,2879970.379000000189989
300502.SZ,2023.05.25,68.879999999999995,71.799999999999997,64,68.549999999999997,64.079999999999998,4.47,6.9757,598664.780000000027939,4059787.563000000081956
300502.SZ,2023.05.26,67,72.599999999999994,66.799999999999997,69.400000000000005,68.549999999999997,0.85,1.24,454642.239999999990686,3193415.157000000122934
300502.SZ,2023.05.29,72,75.439999999999997,69.909999999999996,71.489999999999994,69.400000000000005,2.09,3.0115,470025.190000000002328,3422074.697999999858438
300502.SZ,2023.05.30,72.269999999999996,78.400000000000005,71.599999999999994,76.310000000000002,71.489999999999994,4.820000000000001,6.742200000000001,515206.739999999990686,3855252.836000000126659
300502.SZ,2023.05.31,75.319999999999993,87.870000000000004,72.379999999999995,84.430000000000006,76.310000000000002,8.119999999999999,10.6408,619349.910000000032596,4894656.049999999813735
300502.SZ,2023.06.01,80.900000000000005,84.019999999999996,79.989999999999994,81.799999999999997,84.430000000000006,-2.63,-3.115,397999.520000000018626,3251811.086999999824911
300502.SZ,2023.06.02,83.099999999999994,84,78.290000000000006,79.230000000000003,81.799999999999997,-2.57,-3.1418,306910.559999999997671,2470943.058000000193715
300502.SZ,2023.06.05,77.159999999999996,82.659999999999996,77,80.25,79.230000000000003,1.02,1.2874,307689.539999999979045,2481402.804000000003725
300502.SZ,2023.06.06,79.299999999999997,84.700000000000002,78.680000000000006,79.5,80.25,-0.75,-0.9346,311728.919999999983701,2540298.061999999918043
300502.SZ,2023.06.07,79.75,83.680000000000006,77.480000000000004,80.549999999999997,79.5,1.05,1.3208,300056.229999999981373,2414302.751999999862164
300502.SZ,2023.06.08,56.009999999999998,56.950000000000002,52.869999999999997,55.079999999999998,57.450000000000002,-2.37,-4.125300000000001,420398.640000000013969,2310718.205999999772757
300502.SZ,2023.06.09,55.079999999999998,60.380000000000002,54.299999999999997,58.89,55.079999999999998,3.81,6.917200000000001,591643.839999999967403,3401586.567999999970197
300502.SZ,2023.06.12,58.179999999999999,62.159999999999996,58.170000000000001,60.82,58.89,1.93,3.2773,534483.32999999995809,3235840.325999999884516
300502.SZ,2023.06.13,60,64.560000000000002,58,61.380000000000002,60.82,0.56,0.9207,547480.569999999948777,3360002.575000000186264
300502.SZ,2023.06.14,61.5,68.859999999999999,60.509999999999997,65.799999999999997,61.380000000000002,4.42,7.201,700861.349999999976716,4498585.032999999821186
300502.SZ,2023.06.15,67.129999999999995,68.189999999999997,63.579999999999998,63.799999999999997,65.799999999999997,-2,-3.0395,631887.920000000041909,4155009.075000000186264
300502.SZ,2023.06.16,63.840000000000003,69.150000000000005,62.109999999999999,68.64,63.799999999999997,4.84,7.5862,770883.459999999962747,5065108.507000000216066
300502.SZ,2023.06.19,69.64,81.180000000000006,69.209999999999993,78.299999999999997,68.64,9.66,14.073399999999999,840430.650000000023283,6211025.610000000335276
300502.SZ,2023.06.20,76,80.359999999999999,72.75,80,78.299999999999997,1.7,2.1711,682469.85999999998603,5217054.313000000081956
300502.SZ,2023.06.21,77.920000000000001,77.920000000000001,70.010000000000005,70.439999999999997,80,-9.56,-11.949999999999999,722312.910000000032596,5224195.84900000039488
300502.SZ,2023.06.26,70.010000000000005,71.090000000000003,63.399999999999998,64.280000000000001,70.439999999999997,-6.160000000000001,-8.744999999999999,750353.599999999976716,4977387.269000000320374
300502.SZ,2023.06.27,64.280000000000001,64.620000000000004,60.880000000000002,61.560000000000002,64.280000000000001,-2.72,-4.2315,507979.440000000002328,3158608.205000000074505
300502.SZ,2023.06.28,59.5,59.5,55.130000000000002,57,61.560000000000002,-4.56,-7.4074,633515.140000000013969,3610374.932000000029802
300502.SZ,2023.06.29,58,61.530000000000001,56.109999999999999,60.600000000000001,57,3.6,6.315800000000001,790529.810000000055879,4620862.597000000067055
300502.SZ,2023.06.30,59.39,70.5,59.049999999999997,67.969999999999998,60.600000000000001,7.370000000000001,12.161699999999999,957579.099999999976716,6236192.381000000052154
300502.SZ,2023.07.03,68.5,70.680000000000006,61.25,67.760000000000005,67.969999999999998,-0.21,-0.309,835405.640000000013969,5451946.28000000026077
300502.SZ,2023.07.04,68.540000000000006,74.200000000000002,68.540000000000006,71.39,67.760000000000005,3.63,5.3571,905464.430000000051222,6511107.220999999903142
300502.SZ,2023.07.05,71.39,71.599999999999994,65.799999999999997,66.409999999999996,71.39,-4.980000000000001,-6.9758,763143.71999999997206,5233979.401999999769032
300502.SZ,2023.07.06,66.299999999999997,71.5,65.010000000000005,68,66.409999999999996,1.59,2.3942,657237.60999999998603,4530736.786999999545514
300502.SZ,2023.07.07,68.549999999999997,70.329999999999998,63.829999999999998,67.480000000000004,68,-0.52,-0.7647,610927.869999999995343,4113961.716000000014901
300502.SZ,2023.07.10,66.510000000000005,68.400000000000005,63.32,64.849999999999994,67.480000000000004,-2.63,-3.8975,471546.929999999993015,3061797.421000000089406
300502.SZ,2023.07.11,64.650000000000005,65.769999999999995,62.899999999999998,65.299999999999997,64.849999999999994,0.45,0.6939,435733.799999999988358,2809106.393999999854713
300502.SZ,2023.07.12,64.400000000000005,64.969999999999998,58.920000000000001,59.340000000000003,65.299999999999997,-5.96,-9.1271,677091.10999999998603,4161623.865999999921768
300502.SZ,2023.07.13,60.520000000000003,63.770000000000003,59.380000000000002,63.399999999999998,59.340000000000003,4.06,6.8419,608304.349999999976716,3755422.490000000223517
300502.SZ,2023.07.14,66.150000000000005,67.680000000000006,64,65.39,63.399999999999998,1.99,3.1388,598310.150000000023283,3922426.61200000019744
300502.SZ,2023.07.17,65.400000000000005,68.5,64.049999999999997,68.180000000000006,65.39,2.79,4.266700000000001,546938.099999999976716,3652538.651999999769032
300502.SZ,2023.07.18,69.209999999999993,69.900000000000005,64.849999999999994,65.030000000000001,68.180000000000006,-3.15,-4.6201,421209.210000000020954,2811727.436999999918043
300502.SZ,2023.07.19,66.420000000000001,66.950000000000002,63.539999999999999,64.170000000000001,65.030000000000001,-0.86,-1.3225,257006.779999999998835,1663468.18100000009872
300502.SZ,2023.07.20,63.469999999999998,63.630000000000002,57.509999999999997,57.82,64.170000000000001,-6.35,-9.8956,598002.930000000051222,3620277.157999999821186
300502.SZ,2023.07.21,58,58.64,54.100000000000001,55.619999999999997,57.82,-2.2,-3.8049,531857.780000000027939,2957178.810000000055879
300502.SZ,2023.07.24,55.130000000000002,58.490000000000002,54.609999999999999,56.549999999999997,55.619999999999997,0.93,1.6721,346536.289999999979045,1972993.504999999888241
300502.SZ,2023.07.25,57.729999999999996,60.25,55.880000000000002,57.799999999999997,56.549999999999997,1.25,2.2104,423243.090000000025611,2446628.592000000178813
300502.SZ,2023.07.26,57.810000000000002,58,53.799999999999997,55,57.799999999999997,-2.8,-4.8443,396162.090000000025611,2194608.489000000059604
300502.SZ,2023.07.27,55.119999999999997,55.32,52.939999999999997,53.490000000000002,55,-1.51,-2.7455,331096.5,1784054.104999999981373
300502.SZ,2023.07.28,53.490000000000002,54.32,51.869999999999997,52.600000000000001,53.490000000000002,-0.89,-1.6639,335827.059999999997671,1775882.889999999897554
300502.SZ,2023.07.31,51.649999999999998,54.200000000000002,50.530000000000001,51.899999999999998,52.600000000000001,-0.7,-1.3308,397692.419999999983701,2075092.229999999981373
300502.SZ,2023.08.01,51.899999999999998,54.64,50.200000000000002,53.770000000000003,51.899999999999998,1.87,3.6031,574644.479999999981373,3037541.594000000040978
300502.SZ,2023.08.02,53.009999999999998,55.5,52.810000000000002,54.590000000000003,53.770000000000003,0.82,1.525,412929.049999999988358,2240382.711000000126659
300502.SZ,2023.08.03,53.5,56,52.850000000000001,53.509999999999997,54.590000000000003,-1.08,-1.9784,309610.190000000002328,1679810.485000000102445
300502.SZ,2023.08.04,53.100000000000001,57.07,52.479999999999996,56.729999999999996,53.509999999999997,3.22,6.0176,511683.429999999993015,2816612.609000000171363
300502.SZ,2023.08.07,57.479999999999996,60.5,57.179999999999999,57.670000000000001,56.729999999999996,0.94,1.657,486203.619999999995343,2849451.177999999839812
300502.SZ,2023.08.08,57.5,59.5,55.609999999999999,55.689999999999997,57.670000000000001,-1.98,-3.4333,337231.570000000006984,1926650.108999999938532
300502.SZ,2023.08.09,55.159999999999996,56.479999999999996,52.539999999999999,52.770000000000003,55.689999999999997,-2.92,-5.2433,410569.659999999974388,2220987.820999999996274
300502.SZ,2023.08.10,52.350000000000001,53.700000000000002,51.369999999999997,51.759999999999997,52.770000000000003,-1.01,-1.914,308873.280000000027939,1612598.512000000104308
300502.SZ,2023.08.11,52.689999999999997,52.689999999999997,50.609999999999999,50.649999999999998,51.759999999999997,-1.11,-2.1445,193712.299999999988358,996505.606999999959953
300502.SZ,2023.08.14,49.789999999999999,51.14,49.179999999999999,51,50.649999999999998,0.35,0.691,322815.890000000013969,1621636.507999999914318
300502.SZ,2023.08.15,53.329999999999998,53.770000000000003,50,50.340000000000003,51,-0.66,-1.2941,408590.960000000020954,2113596.098999999929219
300502.SZ,2023.08.16,50.020000000000003,50.700000000000002,48.280000000000001,49.130000000000002,50.340000000000003,-1.21,-2.4037,315725.429999999993015,1553864.273999999975785
300502.SZ,2023.08.17,48.729999999999996,51.310000000000002,47.909999999999996,50.179999999999999,49.130000000000002,1.05,2.1372,395627.789999999979045,1968028.120000000111758
300502.SZ,2023.08.18,50.009999999999998,50.490000000000002,47,47,50.179999999999999,-3.18,-6.337200000000001,408778.320000000006984,1975383.536000000080093
300502.SZ,2023.08.21,46.969999999999998,49.380000000000002,46.5,47.859999999999999,47,0.86,1.8298,284213.130000000004656,1370924.341000000014901
300502.SZ,2023.08.22,49.200000000000002,50.25,47.229999999999996,49.96,47.859999999999999,2.1,4.387800000000001,459066.179999999993015,2240787.776999999769032
300502.SZ,2023.08.23,49.289999999999999,49.679999999999999,47.149999999999998,47.200000000000002,49.96,-2.76,-5.5244,283888.080000000016298,1356111.375999999931082
300502.SZ,2023.08.24,49,49,46.549999999999997,46.899999999999998,47.200000000000002,-0.3,-0.6356,377049.849999999976716,1796972.531999999890103
300502.SZ,2023.08.25,44.009999999999998,46,43.350000000000001,43.799999999999997,46.899999999999998,-3.1,-6.6098,567689.310000000055879,2515209.464000000152736
300502.SZ,2023.08.28,46.340000000000003,46.799999999999997,43.439999999999997,44.479999999999996,43.799999999999997,0.68,1.5525,427691.200000000011641,1917661.904000000096857
300502.SZ,2023.08.29,44.100000000000001,46.799999999999997,42.810000000000002,45.149999999999998,44.479999999999996,0.67,1.5063,608644.020000000018626,2726021.054000000003725
300502.SZ,2023.08.30,45.759999999999997,47.090000000000003,44.75,45.420000000000001,45.149999999999998,0.27,0.598,450506.979999999981373,2055505.235000000102445
300502.SZ,2023.08.31,45.130000000000002,46.770000000000003,44.979999999999996,45.579999999999998,45.420000000000001,0.16,0.3523,364670.780000000027939,1673500.553000000072643
300502.SZ,2023.09.01,45.020000000000003,45.759999999999997,43.740000000000002,44.25,45.579999999999998,-1.33,-2.9179,250595.10999999998603,1117309.083000000100582
300502.SZ,2023.09.04,44.57,45.07,43.929999999999999,44.840000000000003,44.25,0.59,1.3333,213226.230000000010477,947070.981999999959953
300502.SZ,2023.09.05,44.75,44.75,43.509999999999997,43.799999999999997,44.840000000000003,-1.04,-2.3194,267731.85999999998603,1175445.087000000057741
300502.SZ,2023.09.06,43.5,44.100000000000001,43,43.829999999999998,43.799999999999997,0.03,0.0685,222958.45999999999185,970994.322000000043772
300502.SZ,2023.09.07,43.75,43.799999999999997,42.100000000000001,42.189999999999997,43.829999999999998,-1.64,-3.7417,265325.580000000016298,1131898.249000000068917
300502.SZ,2023.09.08,42.009999999999998,42.5,41.020000000000003,41.39,42.189999999999997,-0.8,-1.8962,206916.820000000006984,861961.96799999999348
300502.SZ,2023.09.11,41.649999999999998,45.380000000000002,41.649999999999998,44.020000000000003,41.39,2.63,6.3542,557356.449999999953433,2428183.294000000227242
300502.SZ,2023.09.12,43.539999999999999,45.799999999999997,43.399999999999998,44.280000000000001,44.020000000000003,0.26,0.5906,479932.479999999981373,2145124.637999999802559
300502.SZ,2023.09.13,44,44.350000000000001,42,42.490000000000002,44.280000000000001,-1.79,-4.042500000000001,313964.760000000009313,1347714.847999999998137
300502.SZ,2023.09.14,42.850000000000001,43.399999999999998,41.57,41.82,42.490000000000002,-0.67,-1.5768,243412.320000000006984,1030355.251999999978579
300502.SZ,2023.09.15,41.57,41.96,40.020000000000003,40.25,41.82,-1.57,-3.7542,307029.71999999997206,1248654.20699999993667
300502.SZ,2023.09.18,40.25,40.57,38.840000000000003,39.049999999999997,40.25,-1.2,-2.9814,262507.059999999997671,1040271.493000000016763
300502.SZ,2023.09.19,39.049999999999997,39.880000000000002,38.039999999999999,38.920000000000001,39.049999999999997,-0.13,-0.3329,288112.190000000002328,1121305.760000000009313
300502.SZ,2023.09.20,38.75,41.5,38.700000000000002,39.64,38.920000000000001,0.72,1.8499,418368.679999999993015,1683582.118999999947845
300502.SZ,2023.09.21,39.71,41.259999999999997,39.229999999999996,39.799999999999997,39.64,0.16,0.4036,319572.929999999993015,1284126.372999999905005
300502.SZ,2023.09.22,39.979999999999996,45.100000000000001,39.829999999999998,44.64,39.799999999999997,4.84,12.1608,780854.199999999953433,3370531.595000000204891
300502.SZ,2023.09.25,44.049999999999997,45.469999999999998,42.450000000000002,42.700000000000002,44.64,-1.94,-4.345900000000001,594215.050000000046566,2607476.865000000223517
300502.SZ,2023.09.26,43.549999999999997,45.32,43.009999999999998,43.859999999999999,42.700000000000002,1.16,2.7166,639464.85999999998603,2828656.94400000013411
300502.SZ,2023.09.27,44.39,46.450000000000002,43.859999999999999,45.100000000000001,43.859999999999999,1.24,2.8272,576574.229999999981373,2608752.285999999847263
300502.SZ,2023.09.28,46.179999999999999,47.530000000000001,45.100000000000001,46,45.100000000000001,0.9,1.9956,578892.21999999997206,2666143.626999999862164
300502.SZ,2023.10.09,45.149999999999998,46.64,43.990000000000001,44.969999999999998,46,-1.03,-2.2391,445496.299999999988358,2017843.344000000040978
300502.SZ,2023.10.10,44.810000000000002,46,44.399999999999998,44.729999999999996,44.969999999999998,-0.24,-0.5337,314182.020000000018626,1413702.814000000013038
300502.SZ,2023.10.11,44.5,46.520000000000003,44.179999999999999,45.030000000000001,44.729999999999996,0.3,0.6707,395587.260000000009313,1793467.389999999897554
300502.SZ,2023.10.12,45.649999999999998,45.82,43.509999999999997,43.729999999999996,45.030000000000001,-1.3,-2.887,333089.020000000018626,1471508.918000000063329
300502.SZ,2023.10.13,43.179999999999999,44.530000000000001,42.399999999999998,42.869999999999997,43.729999999999996,-0.86,-1.9666,324373.390000000013969,1407324.149999999906867
300502.SZ,2023.10.16,42.020000000000003,43.049999999999997,40.880000000000002,41.200000000000002,42.869999999999997,-1.67,-3.8955,317160.590000000025611,1320806.27600000007078
300502.SZ,2023.10.17,41.219999999999998,42.049999999999997,39.859999999999999,41.07,41.200000000000002,-0.13,-0.3155,276633.679999999993015,1129262.212000000057741
300502.SZ,2023.10.18,39.899999999999998,40.109999999999999,37.219999999999998,39.179999999999999,41.07,-1.89,-4.6019,393418.150000000023283,1515644.81499999994412
300502.SZ,2023.10.19,39.149999999999998,39.579999999999998,37.920000000000001,38.119999999999997,39.179999999999999,-1.06,-2.7055,259657.910000000003492,999967.202000000048428
300502.SZ,2023.10.20,38.009999999999998,38.439999999999997,36.409999999999996,36.560000000000002,38.119999999999997,-1.56,-4.0923,269760.409999999974388,1000958.417999999946914
300502.SZ,2023.10.23,35.679999999999999,35.929999999999999,32.5,33.409999999999996,36.560000000000002,-3.15,-8.615999999999999,595529.380000000004656,2018869.050000000046566
300502.SZ,2023.10.24,34.329999999999998,35.240000000000002,33.299999999999997,33.96,33.409999999999996,0.55,1.6462,442966.150000000023283,1521747.75
300502.SZ,2023.10.25,33.950000000000002,34.049999999999997,32.049999999999997,32.259999999999997,33.96,-1.7,-5.0059,424326.900000000023283,1392007.212999999988824
300502.SZ,2023.10.26,32.259999999999997,33.009999999999998,31.609999999999999,32.700000000000002,32.259999999999997,0.44,1.3639,427699.71999999997206,1381592.395999999949708
300502.SZ,2023.10.27,32.310000000000002,32.700000000000002,31.679999999999999,32.409999999999996,32.700000000000002,-0.29,-0.8869,358580.450000000011641,1152604.825999999884515
300502.SZ,2023.10.30,32.399999999999998,32.670000000000001,31.359999999999999,32.439999999999997,32.409999999999996,0.03,0.0926,392721.549999999988358,1257391.824999999953433
300502.SZ,2023.10.31,32.420000000000001,32.420000000000001,31.07,31.379999999999998,32.439999999999997,-1.06,-3.2676,324723.380000000004656,1021102.258000000030733
300502.SZ,2023.11.01,31.429999999999999,31.879999999999999,30.600000000000001,30.679999999999999,31.379999999999998,-0.7,-2.2307,280544.780000000027939,871284.118000000016763
300502.SZ,2023.11.02,30.989999999999998,31.46,29.98,30.059999999999998,30.679999999999999,-0.62,-2.0209,335296.950000000011641,1027225.929000000003725
300502.SZ,2023.11.03,30.489999999999998,33.450000000000002,30.149999999999998,32,30.059999999999998,1.94,6.453800000000001,756315.260000000009313,2416394.115000000223517
300502.SZ,2023.11.06,32.32,33.5,31.98,33.009999999999998,32,1.01,3.1563,561055.920000000041909,1837570.574000000022351
300502.SZ,2023.11.07,32.939999999999997,39.609999999999999,32.649999999999998,39.609999999999999,33.009999999999998,6.6,19.9939,1337160.399999999906867,4833475.542000000365078
300502.SZ,2023.11.08,38,41.64,37.799999999999997,41.25,39.609999999999999,1.64,4.1404,1384197.860000000102445,5486365.805999999865889
300502.SZ,2023.11.09,42.179999999999999,42.909999999999996,40.600000000000001,41.409999999999996,41.25,0.16,0.3879,1059532.050000000046566,4421404.315999999642372
300502.SZ,2023.11.10,40.71,43.5,40.71,42.600000000000001,41.409999999999996,1.19,2.8737,939593.46999999997206,4000888.841000000014901
300502.SZ,2023.11.13,43.560000000000002,46.350000000000001,42.939999999999997,43.25,42.600000000000001,0.65,1.5258,1107330.350000000093132,4901445.127000000327825
300502.SZ,2023.11.14,44.170000000000001,45.450000000000002,43.200000000000002,44.060000000000002,43.25,0.81,1.8728,796460.199999999953433,3522616.063000000081956
300502.SZ,2023.11.15,45,45.380000000000002,41.659999999999996,42.689999999999997,44.060000000000002,-1.37,-3.1094,748187.319999999948777,3211793.893000000156462
300502.SZ,2023.11.16,42.310000000000002,43.079999999999998,41.399999999999998,41.469999999999998,42.689999999999997,-1.22,-2.8578,524682.920000000041909,2209704.169000000227242
300502.SZ,2023.11.17,41.829999999999998,48.32,41.200000000000002,46.829999999999998,41.469999999999998,5.360000000000001,12.925,1130566.580000000074505,4979924.887000000104308
300502.SZ,2023.11.20,46.020000000000003,47.899999999999998,45.530000000000001,47.240000000000002,46.829999999999998,0.41,0.8755,895082.96999999997206,4173910.634000000078231
300502.SZ,2023.11.21,47.240000000000002,48.219999999999998,46,46.280000000000001,47.240000000000002,-0.96,-2.0322,680517.849999999976716,3205989.637999999802559
300502.SZ,2023.11.22,46.200000000000002,46.509999999999997,43.299999999999997,43.450000000000002,46.280000000000001,-2.83,-6.115000000000001,624423.819999999948777,2778850.765000000130385
300502.SZ,2023.11.23,43.219999999999998,45.32,42.929999999999999,44.649999999999998,43.450000000000002,1.2,2.7618,527345.18999999994412,2332695.470999999903142
300502.SZ,2023.11.24,44.07,44.600000000000001,42.270000000000003,42.57,44.649999999999998,-2.08,-4.6585,450034.200000000011641,1942949.293000000063329
300502.SZ,2023.11.27,42.079999999999998,46.149999999999998,42.079999999999998,45.299999999999997,42.57,2.73,6.413000000000001,704207.96999999997206,3133702.979999999981373
300502.SZ,2023.11.28,44.96,45.479999999999996,44.170000000000001,44.850000000000001,45.299999999999997,-0.45,-0.9934,389773,1739315.243000000016763
300502.SZ,2023.11.29,44.729999999999996,45.539999999999999,43.399999999999998,44.289999999999999,44.850000000000001,-0.56,-1.2486,389380.929999999993015,1733977.51300000003539
300502.SZ,2023.11.30,44,46.469999999999998,44,46.299999999999997,44.289999999999999,2.01,4.5383,715975.60999999998603,3251809.583999999798834
300502.SZ,2023.12.01,45.810000000000002,51.829999999999998,45.600000000000001,49.829999999999998,46.299999999999997,3.53,7.6242,1058646.600000000093132,5177463.010999999940395
300502.SZ,2023.12.04,49.020000000000003,50.829999999999998,48.509999999999997,49,49.829999999999998,-0.83,-1.6657,731854.729999999981373,3629949.762000000104308
300502.SZ,2023.12.05,48.75,50.219999999999998,47.799999999999997,48.100000000000001,49,-0.9,-1.8367,630323.32999999995809,3086636.697999999858438
300502.SZ,2023.12.06,47.600000000000001,49.119999999999997,46.96,48.399999999999998,48.100000000000001,0.3,0.6237,537506.93999999994412,2580946.884999999776482
300502.SZ,2023.12.07,48.399999999999998,52.359999999999999,48.109999999999999,50.979999999999996,48.399999999999998,2.58,5.3306,804712.449999999953433,4062198.339000000152736
300502.SZ,2023.12.08,51,58.200000000000002,50.200000000000002,54.200000000000002,50.979999999999996,3.22,6.316200000000001,1145412.600000000093132,6172538.226999999955296
300502.SZ,2023.12.11,53,55.490000000000002,52.579999999999998,55.280000000000001,54.200000000000002,1.08,1.9926,701085,3810661.322000000160187
300502.SZ,2023.12.12,54.450000000000002,55.200000000000002,50.859999999999999,52.729999999999996,55.280000000000001,-2.55,-4.6129,837980.180000000051222,4422903.326000000350177
300502.SZ,2023.12.13,52.600000000000001,53.909999999999996,51.859999999999999,52.380000000000002,52.729999999999996,-0.35,-0.6638,415421.25,2192528.287000000011175
300502.SZ,2023.12.14,53.39,55.780000000000001,52.520000000000003,53.799999999999997,52.380000000000002,1.42,2.711,665831.869999999995343,3616732.677000000141561
300502.SZ,2023.12.15,54,54.549999999999997,50.109999999999999,51,53.799999999999997,-2.8,-5.204500000000001,581677.729999999981373,3001647.231999999843537
300502.SZ,2023.12.18,51.359999999999999,53.25,51,51.700000000000002,51,0.7,1.3725,512664.419999999983701,2677908.10800000000745
300502.SZ,2023.12.19,51.700000000000002,52.679999999999999,49.75,51.880000000000002,51.700000000000002,0.18,0.3482,426434.640000000013969,2181290.691999999806284
300502.SZ,2023.12.20,51.270000000000003,51.5,48.700000000000002,49.219999999999998,51.880000000000002,-2.66,-5.127200000000001,461730.75,2292483.907000000122934
300502.SZ,2023.12.21,49,52.539999999999999,47.899999999999998,50.759999999999997,49.219999999999998,1.54,3.1288,520200.530000000027939,2613324.813000000081956
300502.SZ,2023.12.22,50.649999999999998,51.079999999999998,48.399999999999998,48.850000000000001,50.759999999999997,-1.91,-3.7628,449765.270000000018626,2238084.004000000189989
300502.SZ,2023.12.25,49.030000000000001,50.380000000000002,48,49.469999999999998,48.850000000000001,0.62,1.2692,306287.200000000011641,1515747.075999999884516
300502.SZ,2023.12.26,48.950000000000002,49.679999999999999,46.770000000000003,47.359999999999999,49.469999999999998,-2.11,-4.265200000000001,376504.21999999997206,1797030.804000000003725
300502.SZ,2023.12.27,47.899999999999998,48.340000000000003,46.829999999999998,47.020000000000003,47.359999999999999,-0.34,-0.7179,277794.130000000004656,1318715.05600000009872
300502.SZ,2023.12.28,46.530000000000001,49.100000000000001,46.530000000000001,48.299999999999997,47.020000000000003,1.28,2.7222,385446.190000000002328,1857681.135000000009313
300502.SZ,2023.12.29,48.159999999999996,50.859999999999999,47.909999999999996,49.32,48.299999999999997,1.02,2.1118,417872,2070427.497999999905005
300502.SZ,2024.01.02,48.759999999999997,50.350000000000001,47.799999999999997,47.969999999999998,49.32,-1.35,-2.7372,306484.289999999979045,1492903.280000000027939
300502.SZ,2024.01.03,47.5,47.740000000000002,45.450000000000002,46.520000000000003,47.969999999999998,-1.45,-3.0227,399256.140000000013969,1855731.100000000093132
300502.SZ,2024.01.04,46.689999999999997,47.929999999999999,45.880000000000002,47.579999999999998,46.520000000000003,1.06,2.2786,367823.570000000006984,1731971.686999999918043
300502.SZ,2024.01.05,47.289999999999999,47.289999999999999,44.439999999999997,44.719999999999998,47.579999999999998,-2.86,-6.010900000000001,382784.729999999981373,1737404.33199999993667
300502.SZ,2024.01.08,44.609999999999999,45.609999999999999,43.549999999999997,43.96,44.719999999999998,-0.76,-1.6995,282529.679999999993015,1258404.601999999955296
300502.SZ,2024.01.09,45.25,46.289999999999999,44.799999999999997,45.329999999999998,43.96,1.37,3.1165,394832.070000000006984,1797972.28900000010617
300502.SZ,2024.01.10,45,45.700000000000002,43.810000000000002,44.39,45.329999999999998,-0.94,-2.0737,274967.789999999979045,1231504.428000000072643
300502.SZ,2024.01.11,44.109999999999999,46.560000000000002,44.100000000000001,45.909999999999996,44.39,1.52,3.4242,355351.400000000023283,1624395.672999999951571
300502.SZ,2024.01.12,45.920000000000001,45.939999999999997,43.619999999999997,44.21,45.909999999999996,-1.7,-3.7029,306129.159999999974388,1363070.648000000044703
300502.SZ,2024.01.15,43.64,47.549999999999997,43.609999999999999,46.850000000000001,44.21,2.64,5.9715,560144.290000000037252,2581911.629999999888241
300502.SZ,2024.01.16,46.429999999999999,47.799999999999997,45.799999999999997,47.789999999999999,46.850000000000001,0.94,2.0064,342560.260000000009313,1596989.047999999951571
300502.SZ,2024.01.17,48.100000000000001,49.990000000000001,47.859999999999999,48.270000000000003,47.789999999999999,0.48,1.0044,497508.039999999979045,2427063.634999999776482
300502.SZ,2024.01.18,47.840000000000003,52.770000000000003,46.799999999999997,52.539999999999999,48.270000000000003,4.27,8.846099999999999,695562.770000000018626,3513847.861000000033527
300502.SZ,2024.01.19,52.090000000000003,52.770000000000003,50.969999999999998,51.039999999999999,52.539999999999999,-1.5,-2.855,461946.10999999998603,2399747.961999999824911
300502.SZ,2024.01.22,53,54.5,51.929999999999999,52.509999999999997,51.039999999999999,1.47,2.8801,688931.46999999997206,3659802.200000000186264
300502.SZ,2024.01.23,52.109999999999999,55.630000000000002,52,54.789999999999999,52.509999999999997,2.28,4.342,602035.849999999976716,3271880.62099999981001
300502.SZ,2024.01.24,54.450000000000002,54.700000000000002,50.5,53.560000000000002,54.789999999999999,-1.23,-2.2449,619847.349999999976716,3276159.48700000019744
300502.SZ,2024.01.25,52.200000000000002,55.490000000000002,51.590000000000003,54.600000000000001,53.560000000000002,1.04,1.9417,618528.069999999948777,3303650.379000000189989
300502.SZ,2024.01.26,53.109999999999999,54.090000000000003,51.299999999999997,52,54.600000000000001,-2.6,-4.7619,419243.159999999974388,2210015.246999999973922
300502.SZ,2024.01.29,51.179999999999999,51.179999999999999,43,44.700000000000002,52,-7.3,-14.0385,599969.760000000009313,2761796.324000000022351
300502.SZ,2024.01.30,44.189999999999997,46.179999999999999,42.240000000000002,42.990000000000001,44.700000000000002,-1.71,-3.8255,445582.340000000025611,1955728.966000000014901
300502.SZ,2024.01.31,41.979999999999996,44.869999999999997,41.520000000000003,42.399999999999998,42.990000000000001,-0.59,-1.3724,448912.049999999988358,1938135.459999999962747
300502.SZ,2024.02.01,41.799999999999997,47.399999999999998,41.219999999999998,45.469999999999998,42.399999999999998,3.07,7.2406,599588.300000000046566,2702797.779000000096857
300502.SZ,2024.02.02,45.450000000000002,47.600000000000001,44.369999999999997,45.5,45.469999999999998,0.03,0.066,487338.390000000013969,2238735.904999999795108
300502.SZ,2024.02.05,45,48.490000000000002,43.740000000000002,46.32,45.5,0.82,1.8022,569982.589999999967403,2629404.524000000208616
300502.SZ,2024.02.06,44.399999999999998,52.380000000000002,44.21,51.799999999999997,46.32,5.480000000000001,11.8307,599511.810000000055879,2948024.279000000096857
300502.SZ,2024.02.07,51.289999999999999,53.049999999999997,50.899999999999998,52.700000000000002,51.799999999999997,0.9,1.7375,469117.960000000020954,2450721.652999999932944
300502.SZ,2024.02.08,54.200000000000002,58.57,53.659999999999996,54.899999999999998,52.700000000000002,2.2,4.1746,575824.959999999962747,3214694.384999999776482
300502.SZ,2024.02.19,58.950000000000002,65.879999999999995,57.219999999999998,65.879999999999995,54.899999999999998,10.98,20,789379.910000000032596,4847893.222000000067055
300502.SZ,2024.02.20,63,65.799999999999997,62,63,65.879999999999995,-2.88,-4.3716,632361.489999999990686,4020676.279000000096857
300502.SZ,2024.02.21,60.990000000000001,61.57,59.270000000000003,59.520000000000003,63,-3.48,-5.5238,549918.089999999967403,3311118.313999999780207
300502.SZ,2024.02.22,62,62.289999999999999,57.840000000000003,60.060000000000002,59.520000000000003,0.54,0.9073,568029.540000000037252,3404049.322000000160187
300502.SZ,2024.02.23,61.5,62.780000000000001,59.299999999999997,59.96,60.060000000000002,-0.1,-0.1665,561308.680000000051222,3413748.111000000033527
300502.SZ,2024.02.26,58.109999999999999,62.679999999999999,58.07,60.719999999999998,59.96,0.76,1.2675,469838.580000000016298,2854160.384999999776482
300502.SZ,2024.02.27,59.670000000000001,65,59.119999999999997,63.729999999999996,60.719999999999998,3.01,4.957200000000001,635617.369999999995343,3985691.395000000018626
300502.SZ,2024.02.28,62.609999999999999,63.590000000000003,57.950000000000002,57.950000000000002,63.729999999999996,-5.780000000000001,-9.069499999999999,571890.75,3496468.186999999918043
300502.SZ,2024.02.29,58.310000000000002,61.020000000000003,58.25,60.049999999999997,57.950000000000002,2.1,3.6238,413714.820000000006984,2477256.013999999966472
300502.SZ,2024.03.28,67.799999999999997,70,66.030000000000001,67.969999999999998,67.010000000000005,0.96,1.4326,513496.380000000004656,3491166.620000000111758
300502.SZ,2024.03.29,67.040000000000006,68.200000000000002,65.599999999999994,67,67.969999999999998,-0.97,-1.4271,316643.119999999995343,2116003.424000000115483
300502.SZ,2024.03.01,60.299999999999997,66.060000000000002,60.280000000000001,64.799999999999997,60.049999999999997,4.75,7.9101,721298.050000000046566,4620107.213000000454485
300502.SZ,2024.03.04,66.099999999999994,71.379999999999995,64.120000000000004,69.450000000000002,64.799999999999997,4.650000000000001,7.175900000000001,641836.729999999981373,4351363.174999999813735
300502.SZ,2024.03.05,68.290000000000006,73.959999999999993,67.859999999999999,68.680000000000006,69.450000000000002,-0.77,-1.1087,690321.280000000027939,4859916.692999999970197
300502.SZ,2024.03.06,68.879999999999995,69.689999999999997,66.700000000000002,67.900000000000005,68.680000000000006,-0.78,-1.1357,393580.479999999981373,2679702.171999999787658
300502.SZ,2024.03.07,68.900000000000005,69.620000000000004,65.379999999999995,65.430000000000006,67.900000000000005,-2.47,-3.6377,423927.85999999998603,2861107.277999999932944
300502.SZ,2024.03.08,66.799999999999997,69.310000000000002,65.069999999999993,68.810000000000002,65.430000000000006,3.38,5.1658,496196.099999999976716,3334599.265999999828636
300502.SZ,2024.03.11,65.370000000000004,68.579999999999998,64.760000000000005,67.900000000000005,68.810000000000002,-0.91,-1.3225,469687.900000000023283,3112895.385999999940395
300502.SZ,2024.03.12,67,70.189999999999997,65.409999999999996,67.150000000000005,67.900000000000005,-0.75,-1.1046,455785.890000000013969,3075592.231000000145286
300502.SZ,2024.03.13,69.200000000000002,69.549999999999997,66.120000000000004,66.530000000000001,67.150000000000005,-0.62,-0.9233,426564.070000000006984,2887298.558000000193715
300502.SZ,2024.03.14,64.840000000000003,69.079999999999998,64.799999999999997,67.799999999999997,66.530000000000001,1.27,1.9089,423174.60999999998603,2855189.225999999791383
300502.SZ,2024.03.15,66.700000000000002,78.25,65.510000000000005,76.980000000000004,67.799999999999997,9.179999999999999,13.539799999999999,862474.550000000046566,6186280.157999999821186
300502.SZ,2024.03.18,77,82.180000000000006,76.319999999999993,79.400000000000005,76.980000000000004,2.42,3.1437,748656.229999999981373,5967731.27199999988079
300502.SZ,2024.03.19,77.299999999999997,78.480000000000004,75.430000000000006,77.060000000000002,79.400000000000005,-2.34,-2.9471,479493.570000000006984,3694312.938000000081956
300502.SZ,2024.03.20,76.980000000000004,78.579999999999998,73.370000000000004,74.930000000000006,77.060000000000002,-2.13,-2.7641,453202.229999999981373,3433088.078000000212341
300502.SZ,2024.03.21,75,78.489999999999994,74.260000000000005,75.219999999999998,74.930000000000006,0.29,0.387,423202.890000000013969,3215901.932000000029802
300502.SZ,2024.03.22,74.650000000000005,79.989999999999994,74.650000000000005,79.700000000000002,75.219999999999998,4.480000000000001,5.9559,613027.390000000013969,4749327.20299999974668
300502.SZ,2024.03.25,78,79.700000000000002,75.64,75.849999999999994,79.700000000000002,-3.85,-4.8306,440671.690000000002328,3421011.714000000152736
300502.SZ,2024.03.26,75,78.799999999999997,66,70.469999999999998,75.849999999999994,-5.38,-7.092900000000001,772105.839999999967403,5682328.246000000275671
300502.SZ,2024.03.27,71,72,66.540000000000006,67.010000000000005,70.469999999999998,-3.46,-4.909900000000001,510066.270000000018626,3479354.981000000145286
300502.SZ,2024.04.01,67.319999999999993,71.200000000000002,66.5,70.930000000000006,67,3.93,5.865700000000001,406593.700000000011641,2823662.452000000048428
300502.SZ,2024.04.02,70.099999999999994,73.450000000000002,69.709999999999993,71.349999999999994,70.930000000000006,0.42,0.5921,413336.960000000020954,2960056.111000000033527
300502.SZ,2024.04.03,70.010000000000005,70.090000000000003,67.150000000000005,67.769999999999995,71.349999999999994,-3.58,-5.0175,276406.650000000023283,1892739.884000000078231
300502.SZ,2024.04.08,66.599999999999994,71.180000000000006,66.599999999999994,69.090000000000003,67.769999999999995,1.32,1.9478,343787.020000000018626,2398860.680999999865889
300502.SZ,2024.04.09,69,69.980000000000004,66.689999999999997,67.510000000000005,69.090000000000003,-1.58,-2.2869,239764.470000000001164,1621621.725000000093132
300502.SZ,2024.04.10,66.719999999999998,67.299999999999997,64.299999999999997,65.469999999999998,67.510000000000005,-2.04,-3.0218,240100.880000000004656,1573107.178000000072643
300502.SZ,2024.04.11,66.010000000000005,67.549999999999997,65.799999999999997,66.090000000000003,65.469999999999998,0.62,0.947,248259.75,1657227.412999999942257
300502.SZ,2024.04.12,67.459999999999993,72.310000000000002,67.450000000000002,69.5,66.090000000000003,3.41,5.159600000000001,457468.989999999990686,3181539.870000000111758
300502.SZ,2024.04.15,68.900000000000005,72.609999999999999,68.89,70.829999999999998,69.5,1.33,1.9137,343296.539999999979045,2439898.509000000078231
300502.SZ,2024.04.16,69.5,71.989999999999994,67.400000000000005,68.25,70.829999999999998,-2.58,-3.6425,320467.849999999976716,2222778.884000000078231
300502.SZ,2024.04.17,69.5,72.010000000000005,68.269999999999996,71.450000000000002,68.25,3.2,4.6886,308759.739999999990686,2182782.421999999787658
300502.SZ,2024.04.18,69.769999999999995,72.209999999999993,68.510000000000005,70.5,71.450000000000002,-0.95,-1.3296,274291.440000000002328,1923571.27600000007078
300502.SZ,2024.04.19,69.760000000000005,71.620000000000004,67,68.799999999999997,70.5,-1.7,-2.4113,290352.419999999983701,2003599.665000000037252
300502.SZ,2024.04.22,62,65.799999999999997,59.5,65.150000000000005,68.799999999999997,-3.65,-5.305200000000001,432425.419999999983701,2717210.90100000007078
300502.SZ,2024.04.23,68.019999999999996,70.489999999999994,67.829999999999998,69.040000000000006,65.150000000000005,3.89,5.9708,440683.030000000027939,3044056.296999999787658
300502.SZ,2024.04.24,70.079999999999998,79.959999999999993,70.079999999999998,79.379999999999995,69.040000000000006,10.339999999999999,14.9768,682683.569999999948777,5181044.118999999947845
300502.SZ,2024.04.25,78.900000000000005,80.329999999999998,78.299999999999997,79.159999999999996,79.379999999999995,-0.22,-0.2771,317227.21999999997206,2512844.384000000078231
300502.SZ,2024.04.26,82.879999999999995,86.200000000000002,82.209999999999993,83.799999999999997,79.159999999999996,4.64,5.861500000000001,544539.780000000027939,4599626.56900000013411
300502.SZ,2024.04.29,85,88.25,84.989999999999994,87.299999999999997,83.799999999999997,3.5,4.1766,398804.599999999976716,3456037.341000000014901
300502.SZ,2024.04.30,86.099999999999994,88.299999999999997,86.099999999999994,86.5,87.299999999999997,-0.8,-0.9164,245752.299999999988358,2141384.498000000137835
300502.SZ,2024.05.06,88.5,88.739999999999994,84.280000000000001,85.870000000000004,86.5,-0.63,-0.7283,259461.929999999993015,2238141.617000000085681
300502.SZ,2024.05.07,87.450000000000002,89.379999999999995,82.489999999999994,83.299999999999997,85.870000000000004,-2.57,-2.9929,454541.369999999995343,3870492.72899999981746
300502.SZ,2024.05.08,83.299999999999997,85.030000000000001,82.549999999999997,83.629999999999995,83.299999999999997,0.33,0.3962,252540.239999999990686,2119362.623000000137835
300502.SZ,2024.05.09,82.799999999999997,84.840000000000003,81.599999999999994,84.189999999999997,83.629999999999995,0.56,0.6696,243359.230000000010477,2027532.986000000033527
300502.SZ,2024.05.10,83,84.469999999999998,81.200000000000002,83.829999999999998,84.189999999999997,-0.36,-0.4276,244092.760000000009313,2020809.617000000085681
300502.SZ,2024.05.13,85.430000000000006,86,82.670000000000001,83.480000000000004,83.829999999999998,-0.35,-0.4175,272960.96999999997206,2305949.952000000048428
300502.SZ,2024.05.14,83.980000000000004,84.39,78.700000000000002,80.150000000000005,83.480000000000004,-3.33,-3.989,378982.900000000023283,3054259.010999999940395
300502.SZ,2024.05.15,80.099999999999994,83,79.930000000000006,80.769999999999995,80.150000000000005,0.62,0.7735,203245.950000000011641,1658164.550000000046566
300502.SZ,2024.05.16,83.969999999999998,85.329999999999998,82.39,82.730000000000004,80.769999999999995,1.96,2.4266,342870.599999999976716,2876400.453999999910593
300502.SZ,2024.05.17,80.799999999999997,85.859999999999999,80.510000000000005,85,82.730000000000004,2.27,2.7439,288258.479999999981373,2407770.995000000111758
300502.SZ,2024.05.20,83.079999999999998,90.650000000000005,82.819999999999993,90.120000000000004,85,5.120000000000001,6.023500000000001,388409.799999999988358,3415738.040000000037252
300502.SZ,2024.05.21,89.980000000000004,91.349999999999994,89,89.840000000000003,90.120000000000004,-0.28,-0.3107,229348.10999999998603,2061806.490999999921768
300502.SZ,2024.05.22,89.200000000000002,89.980000000000004,87.109999999999999,88.650000000000005,89.840000000000003,-1.19,-1.3246,214272.440000000002328,1890105.904000000096857
300502.SZ,2024.05.23,91,91.659999999999996,84.540000000000006,87,88.650000000000005,-1.65,-1.8613,338397.450000000011641,2954224.33199999993667
300502.SZ,2024.05.24,87.64,93.159999999999996,84.799999999999997,85.299999999999997,87,-1.7,-1.954,450105.580000000016298,3998607.950000000186264
300502.SZ,2024.05.27,87.89,90.799999999999997,87.109999999999999,88.829999999999998,85.299999999999997,3.53,4.1383,324461.679999999993015,2879189.623000000137835
300502.SZ,2024.05.28,88.010000000000005,91.879999999999995,87,88.459999999999993,88.829999999999998,-0.37,-0.4165,325999.929999999993015,2907695.558000000193715
300502.SZ,2024.05.29,90.590000000000003,91,87.099999999999994,87.859999999999999,88.459999999999993,-0.6,-0.6783,232386.75,2061956.249000000068917
300502.SZ,2024.05.30,87.010000000000005,88.280000000000001,85.200000000000002,86.599999999999994,87.859999999999999,-1.26,-1.4341,194252.529999999998835,1687360.522000000113621
300502.SZ,2024.05.31,85.010000000000005,89.450000000000002,83.659999999999996,86.730000000000004,86.599999999999994,0.13,0.1501,215927.970000000001164,1877662.634000000078231
300502.SZ,2024.06.03,88,96.989999999999994,87.900000000000005,95.349999999999994,86.730000000000004,8.619999999999999,9.9389,448029.320000000006984,4173759.577000000048428
300502.SZ,2024.06.04,95,96.510000000000005,94.109999999999999,96.079999999999998,95.349999999999994,0.73,0.7656,240030.910000000003492,2290245.265999999828636
300502.SZ,2024.06.05,96.019999999999996,96.489999999999994,93.040000000000006,93.319999999999993,96.079999999999998,-2.76,-2.8726,173328.190000000002328,1632366.117000000085681
300502.SZ,2024.06.06,96.5,97.920000000000001,93.5,93.780000000000001,93.319999999999993,0.46,0.4929,307033.700000000011641,2940701.131000000052154
300502.SZ,2024.06.07,92.969999999999998,93.760000000000005,89.599999999999994,91.120000000000004,93.780000000000001,-2.66,-2.8364,233637.649999999994179,2133122.330000000074505
300502.SZ,2024.06.11,90.939999999999997,92.769999999999995,90.170000000000001,91.739999999999994,91.120000000000004,0.62,0.6804,165909.019999999989522,1518755.404000000096857
300502.SZ,2024.06.12,91,92.599999999999994,90.39,91.75,91.739999999999994,0.01,0.0109,151314.519999999989522,1387355.354000000050291
300502.SZ,2024.06.13,93.599999999999994,97.730000000000004,92.349999999999994,95.680000000000006,91.75,3.93,4.283400000000001,277381.659999999974388,2642439.739000000059604
300502.SZ,2024.06.14,95.489999999999994,113.329999999999998,95.200000000000002,108.5,95.680000000000006,12.82,13.398799999999999,562628.729999999981373,5886386.821000000461935
300502.SZ,2024.06.17,111.64,113.219999999999998,109.349999999999994,110.489999999999994,108.5,1.99,1.8341,373378.380000000004656,4149166.467000000178813
300502.SZ,2024.06.18,110.5,119.659999999999996,110.5,115.200000000000002,110.489999999999994,4.71,4.262800000000001,381147.140000000013969,4430137.559000000357627
300502.SZ,2024.06.19,117.060000000000002,118.200000000000002,113.680000000000006,114.930000000000006,115.200000000000002,-0.27,-0.2344,230503.220000000001164,2663231.072000000160187
300502.SZ,2024.06.20,115.829999999999998,117.129999999999995,113.040000000000006,113.099999999999994,114.930000000000006,-1.83,-1.5923,214552.640000000013969,2459964.896000000182539
300502.SZ,2024.06.21,109.980000000000004,114.989999999999994,109.799999999999997,112.769999999999995,113.099999999999994,-0.33,-0.2918,225987.989999999990686,2540997.902999999932944
300502.SZ,2024.06.24,111.719999999999998,114.579999999999998,110.200000000000002,111.099999999999994,112.769999999999995,-1.67,-1.4809,181957.429999999993015,2039502.333000000100582
300502.SZ,2024.06.25,107,109.409999999999996,104.629999999999995,105.780000000000001,111.099999999999994,-5.320000000000001,-4.7885,286265.239999999990686,3045241.933999999891966
300502.SZ,2024.06.26,108.079999999999998,110.459999999999993,107.599999999999994,108.609999999999999,105.780000000000001,2.83,2.6754,274428.260000000009313,2985041.413000000175088
300502.SZ,2024.06.27,106.540000000000006,107.980000000000004,104.099999999999994,105.040000000000006,108.609999999999999,-3.57,-3.287,187407.940000000002328,1983514.912000000011175
300502.SZ,2024.06.28,104.689999999999997,107.859999999999999,104.310000000000002,105.549999999999997,105.040000000000006,0.51,0.4855,192375.630000000004656,2045422.129999999888241
300502.SZ,2024.07.01,104.599999999999994,111.680000000000006,104.599999999999994,110.329999999999998,105.549999999999997,4.780000000000001,4.5287,295102.039999999979045,3190538.226999999955296
300502.SZ,2024.07.02,110.359999999999999,115,108.180000000000006,112.950000000000002,110.329999999999998,2.62,2.3747,319011.659999999974388,3572044.339999999850988
300502.SZ,2024.07.03,111.010000000000005,112.719999999999998,108.569999999999993,109.989999999999994,112.950000000000002,-2.96,-2.6206,189689.049999999988358,2091086.253000000026077
300502.SZ,2024.07.04,112.989999999999994,116.590000000000003,111.799999999999997,112.329999999999998,109.989999999999994,2.34,2.1275,279273.590000000025611,3181414.796999999787658
300502.SZ,2024.07.05,112.900000000000005,114.459999999999993,108.590000000000003,112.980000000000004,112.180000000000006,0.8,0.7131,213238.839999999996507,2378498.649000000208616
300502.SZ,2024.07.08,112.010000000000005,115.280000000000001,111.760000000000005,113.450000000000002,112.980000000000004,0.47,0.416,194244.299999999988358,2208355.336999999824911
300502.SZ,2024.07.09,112.670000000000001,120.099999999999994,111.670000000000001,118.560000000000002,113.450000000000002,5.110000000000001,4.5042,285715.179999999993015,3327035.782999999821186
300502.SZ,2024.07.10,118.269999999999996,120.450000000000002,116.659999999999996,119.400000000000005,118.560000000000002,0.84,0.7085,203396.739999999990686,2416915.833000000100582
300502.SZ,2024.07.11,121.769999999999995,121.769999999999995,112.780000000000001,116.290000000000006,119.400000000000005,-3.11,-2.6047,305820.549999999988358,3547445.084999999962747
300502.SZ,2024.07.12,111.5,114.670000000000001,110.049999999999997,113.349999999999994,116.290000000000006,-2.94,-2.5282,208480.309999999997671,2353896.986000000033527
300502.SZ,2024.07.15,111.799999999999997,113.5,109.680000000000006,112.420000000000001,113.349999999999994,-0.93,-0.8205,156427.35000000000582,1747398.571999999927356
300502.SZ,2024.07.16,117,117.599999999999994,110.159999999999996,113.989999999999994,112.420000000000001,1.57,1.3965,286911.159999999974388,3265613.009000000078231
300502.SZ,2024.07.17,113,115.5,109.349999999999994,110.549999999999997,113.989999999999994,-3.44,-3.0178,205866.519999999989522,2300569.839999999850988
300502.SZ,2024.07.18,108,109.329999999999998,102.120000000000004,108.819999999999993,110.549999999999997,-1.73,-1.5649,349440.830000000016298,3693910.361000000033527
300502.SZ,2024.07.19,107.879999999999995,108.870000000000004,105,105.359999999999999,108.819999999999993,-3.46,-3.1796,197816.899999999994179,2104039.679000000003725
300502.SZ,2024.07.22,105.920000000000001,106.980000000000004,103.859999999999999,105.109999999999999,105.359999999999999,-0.25,-0.2373,148245.20999999999185,1562777.817999999970197
300502.SZ,2024.07.23,107.269999999999996,107.879999999999995,102.120000000000004,102.189999999999997,105.109999999999999,-2.92,-2.778,164769.440000000002328,1721389.674000000115484
300502.SZ,2024.07.24,101.5,106.010000000000005,100.560000000000002,101.060000000000002,102.189999999999997,-1.13,-1.1058,194566.170000000012805,2001985.296000000089406
300502.SZ,2024.07.25,99.049999999999997,99.099999999999994,91.909999999999996,93.689999999999997,101.060000000000002,-7.370000000000001,-7.2927,355456.650000000023283,3383436.310000000055879
300502.SZ,2024.07.26,93.689999999999997,96.799999999999997,92.510000000000005,95.370000000000004,93.689999999999997,1.68,1.7931,208781.95999999999185,1982159.226999999955296
300502.SZ,2024.07.29,95.299999999999997,101.329999999999998,94.099999999999994,99.659999999999996,95.370000000000004,4.29,4.498300000000001,271502.580000000016298,2682447.763999999966472
300502.SZ,2024.07.30,98.010000000000005,99.060000000000002,96.120000000000004,97.689999999999997,99.659999999999996,-1.97,-1.9767,157144.70999999999185,1532679.614999999990686
300502.SZ,2024.07.31,96.900000000000005,100,94.5,99.769999999999995,97.689999999999997,2.08,2.1292,307821.080000000016298,3020948.75
300502.SZ,2024.08.01,104.799999999999997,106.700000000000002,101.450000000000002,101.760000000000005,99.769999999999995,1.99,1.9946,279475.200000000011641,2892174.584999999962747
300502.SZ,2024.08.02,96.950000000000002,97.299999999999997,92.340000000000003,92.409999999999996,101.760000000000005,-9.349999999999999,-9.188299999999999,427536.099999999976716,4027894.334999999962747
300502.SZ,2024.08.05,86.859999999999999,91.090000000000003,85.290000000000006,85.5,92.409999999999996,-6.91,-7.4775,421712.340000000025611,3699134.464999999850988
300502.SZ,2024.08.06,89.900000000000005,92.200000000000002,88.969999999999998,90.489999999999994,85.5,4.990000000000001,5.8363,285643.85999999998603,2580476.506000000052154
300502.SZ,2024.08.07,90,93.590000000000003,88.810000000000002,91.670000000000001,90.489999999999994,1.18,1.304,264059.340000000025611,2422158.870000000111758
300502.SZ,2024.08.08,90.620000000000004,91.950000000000002,89,90.799999999999997,91.670000000000001,-0.87,-0.9491,181909.640000000013969,1646655.986000000033527
300502.SZ,2024.08.09,93.510000000000005,95.989999999999994,92.5,93.879999999999995,90.799999999999997,3.08,3.3921,279093.369999999995343,2631654.52199999988079
300502.SZ,2024.08.12,93.099999999999994,97.689999999999997,93.099999999999994,95.430000000000006,93.879999999999995,1.55,1.651,195970.769999999989522,1869464.759000000078231
300502.SZ,2024.08.13,96.370000000000004,99.340000000000003,94.650000000000005,95.980000000000004,95.430000000000006,0.55,0.5763,208144.60999999998603,2015226.868999999947845
300502.SZ,2024.08.14,98,98.670000000000001,95,95,95.980000000000004,-0.98,-1.021,162754.279999999998835,1573965.066000000108033
300502.SZ,2024.08.15,94.700000000000002,96.200000000000002,93.980000000000004,94.599999999999994,95,-0.4,-0.4211,129553.169999999998253,1229724.060000000055879
300502.SZ,2024.08.16,97.439999999999997,100.780000000000001,97,98.200000000000002,94.599999999999994,3.6,3.8055,253270.269999999989522,2506923.87099999981001
300502.SZ,2024.08.19,98.260000000000005,101.700000000000002,97.109999999999999,99.599999999999994,98.200000000000002,1.4,1.4257,183984.35999999998603,1837880.722000000067055
300502.SZ,2024.08.20,101.64,102.530000000000001,99.349999999999994,99.89,99.599999999999994,0.29,0.2912,172265.190000000002328,1736130.02600000007078
300502.SZ,2024.08.21,98,101.920000000000001,97.560000000000002,100.409999999999996,99.89,0.52,0.5206,151354.85000000000582,1515712.416999999899417
300502.SZ,2024.08.22,100.859999999999999,101.659999999999996,98.650000000000005,100.450000000000002,100.409999999999996,0.04,0.0398,120281.60000000000582,1206547.57799999997951
300502.SZ,2024.08.23,99.560000000000002,100.209999999999993,98.099999999999994,98.989999999999994,100.450000000000002,-1.46,-1.4535,122254.429999999993015,1210358.30199999990873
300502.SZ,2024.08.26,100.5,100.900000000000005,95.590000000000003,97.349999999999994,98.989999999999994,-1.64,-1.6567,174591.869999999995343,1708163.963999999919906
300502.SZ,2024.08.27,96.310000000000002,99.609999999999999,95,97.569999999999993,97.349999999999994,0.22,0.226,148171.519999999989522,1440557.844000000040978
300502.SZ,2024.08.28,97.010000000000005,101,95.769999999999995,97.829999999999998,97.569999999999993,0.26,0.2665,160805.369999999995343,1576046.06499999994412
300502.SZ,2024.08.29,91.879999999999995,92.969999999999998,87.519999999999995,91.590000000000003,97.829999999999998,-6.240000000000001,-6.3784,302884.119999999995343,2735908.746999999973922
300502.SZ,2024.08.30,91.810000000000002,95.900000000000005,91.109999999999999,93.790000000000006,91.590000000000003,2.2,2.402,308047.909999999974388,2890141.538000000175088
300502.SZ,2024.09.02,93.959999999999993,94.650000000000005,88.25,88.489999999999994,93.790000000000006,-5.3,-5.6509,263033.900000000023283,2364375.304000000003725
300502.SZ,2024.09.03,88.5,89.680000000000006,87.180000000000006,88.409999999999996,88.489999999999994,-0.08,-0.0904,152175.029999999998835,1344891.075999999884516
300502.SZ,2024.09.04,83.400000000000005,89.870000000000004,82.280000000000001,88.200000000000002,88.409999999999996,-0.21,-0.2375,260581.85999999998603,2244113.65100000007078
300502.SZ,2024.09.05,87.849999999999994,92.700000000000002,87.120000000000004,90.269999999999996,88.200000000000002,2.07,2.3469,222134.070000000006984,2009918.357000000076368
300502.SZ,2024.09.06,89.900000000000005,90.849999999999994,87.950000000000002,88.609999999999999,90.269999999999996,-1.66,-1.8389,130729.320000000006984,1164787.838999999919906
300502.SZ,2024.09.09,87.060000000000002,91.269999999999996,87.019999999999996,91.090000000000003,88.609999999999999,2.48,2.7988,177183.95999999999185,1585200.297000000020489
300502.SZ,2024.09.10,90.510000000000005,95,90.069999999999993,92.609999999999999,91.090000000000003,1.52,1.6687,267555.570000000006984,2478915.774000000208616
300502.SZ,2024.09.11,93.400000000000005,95.969999999999998,92.900000000000005,93.620000000000004,92.609999999999999,1.01,1.0906,205126.589999999996507,1929736.547000000020489
300502.SZ,2024.09.12,97.030000000000001,98.319999999999993,95.209999999999993,95.219999999999998,93.620000000000004,1.6,1.709,225767.670000000012805,2178991.16399999987334
300502.SZ,2024.09.13,95.409999999999996,104.900000000000005,95.299999999999997,100.329999999999998,95.219999999999998,5.110000000000001,5.366500000000001,383270.739999999990686,3876553.132999999914318
300502.SZ,2024.09.18,99.400000000000005,101.89,99,99.569999999999993,100.329999999999998,-0.76,-0.7575,175441.589999999996507,1755831.675999999977648
300502.SZ,2024.09.19,99.400000000000005,99.560000000000002,95.090000000000003,97.859999999999999,99.569999999999993,-1.71,-1.7174,233579.890000000013969,2265170.790000000037252
300502.SZ,2024.09.20,98.689999999999997,98.859999999999999,95.299999999999997,95.760000000000005,97.859999999999999,-2.1,-2.1459,168252.170000000012805,1623591.70699999993667
300502.SZ,2024.09.23,94.959999999999993,97.980000000000004,94.599999999999994,95.25,95.760000000000005,-0.51,-0.5326,131341.269999999989522,1265892.21999999997206
300502.SZ,2024.09.24,95.329999999999998,106,95.329999999999998,105.299999999999997,95.25,10.05,10.551199999999999,320686.960000000020954,3232939.74599999981001
300502.SZ,2024.09.25,107.909999999999996,108.5,103.950000000000002,104.650000000000005,105.299999999999997,-0.65,-0.6173,248470.70999999999185,2646481.520000000018626
300502.SZ,2024.09.26,105.14,110.099999999999994,104.680000000000006,109.969999999999998,104.650000000000005,5.320000000000001,5.0836,229861.760000000009313,2463438.530999999959021
300502.SZ,2024.09.27,107.560000000000002,116.579999999999998,105.230000000000003,112.359999999999999,109.969999999999998,2.39,2.1733,439037.679999999993015,4844291.353000000119209
300502.SZ,2024.09.30,113,130,112,129.969999999999998,112.359999999999999,17.609999999999999,15.6728,549896.819999999948777,6646432.592000000178813
300502.SZ,2024.10.08,140,155.960000000000008,138.800000000000011,155.960000000000008,129.969999999999998,25.989999999999998,19.9969,614222.68999999994412,9193339.468000000342726
300502.SZ,2024.10.09,149,160.199999999999988,142,148.5,155.960000000000008,-7.46,-4.7833,610659.310000000055879,9148597.719000000506639
300502.SZ,2024.10.10,147.530000000000001,151.879999999999995,135.550000000000011,143.310000000000002,148.5,-5.190000000000001,-3.4949,419398.46999999997206,6027814.438000000081956
300502.SZ,2024.10.11,140.00999999999999,153,139.810000000000002,143.979999999999989,143.310000000000002,0.67,0.4675,335774.450000000011641,4862894.586000000126659
300502.SZ,2024.10.14,142,149.25,135.590000000000003,148.530000000000001,143.979999999999989,4.55,3.1602,423559,6006412.35800000000745
300502.SZ,2024.10.15,146.610000000000013,149.900000000000005,141.889999999999986,141.889999999999986,148.530000000000001,-6.64,-4.470500000000001,347695.070000000006984,5046394.700000000186264
300502.SZ,2024.10.16,136,139.300000000000011,131.800000000000011,133.449999999999988,141.889999999999986,-8.439999999999999,-5.9483,365767.070000000006984,4942976.41399999987334
300502.SZ,2024.10.17,135,136.680000000000006,133.169999999999987,134.360000000000013,133.449999999999988,0.91,0.6819,254201.040000000008149,3425990.254000000189989
300502.SZ,2024.10.18,134,153.969999999999998,133.50999999999999,146.949999999999988,134.360000000000013,12.589999999999999,9.3703,538419.390000000013969,7752891.015999999828636
300502.SZ,2024.10.21,147.879999999999995,148.52000000000001,136.800000000000011,141.449999999999988,146.949999999999988,-5.5,-3.7428,512194.479999999981373,7304546.433000000193715
300502.SZ,2024.10.22,144,145.120000000000004,138.189999999999997,141.75,141.449999999999988,0.3,0.2121,368626.539999999979045,5219718.154000000096857
300502.SZ,2024.10.23,134.199999999999988,140.330000000000012,130.849999999999994,135.319999999999993,141.75,-6.43,-4.5362,370695.25,5050022.776999999769032
300502.SZ,2024.10.24,134.050000000000011,142.879999999999995,133.659999999999996,139.52000000000001,135.319999999999993,4.200000000000001,3.1038,375324.179999999993015,5206394.766999999992549
300502.SZ,2024.10.25,146.800000000000011,147.979999999999989,140.00999999999999,142.650000000000005,139.52000000000001,3.13,2.2434,438666.340000000025611,6308891.503999999724328
300502.SZ,2024.10.28,140,143.210000000000007,134.800000000000011,136.060000000000002,142.650000000000005,-6.59,-4.6197,414802.059999999997671,5684191.980000000447034
300502.SZ,2024.10.29,134,134.979999999999989,128.860000000000013,130.5,136.060000000000002,-5.56,-4.086400000000001,400757.539999999979045,5279708.617999999783933
300502.SZ,2024.10.30,132,133.990000000000009,127.969999999999998,130,130.5,-0.5,-0.3831,305895.099999999976716,3998334.61200000019744
300502.SZ,2024.10.31,127,134.349999999999994,126.079999999999998,130.169999999999987,130,0.17,0.1308,329547.309999999997671,4303890.711000000126659
300502.SZ,2024.11.01,127.900000000000005,133.889999999999986,127,129.360000000000013,130.169999999999987,-0.81,-0.6223,297943.85999999998603,3903493.368999999947845
300502.SZ,2024.11.04,129,135.490000000000009,129,131.77000000000001,129.360000000000013,2.41,1.863,245652.899999999994179,3246960.188000000081956
300502.SZ,2024.11.05,130.699999999999988,135.580000000000012,129.199999999999988,133.460000000000007,131.77000000000001,1.69,1.2825,367524.190000000002328,4882081.31900000013411
300502.SZ,2024.11.06,134,134.159999999999996,126.090000000000003,127.489999999999994,133.460000000000007,-5.97,-4.4733,424729.919999999983701,5517956.087000000290572
300502.SZ,2024.11.07,124.950000000000002,134,123.739999999999994,131.900000000000005,127.489999999999994,4.410000000000001,3.4591,361974.729999999981373,4684208.525000000372529
300502.SZ,2024.11.08,134.099999999999994,141.52000000000001,129.75999999999999,129.919999999999987,131.900000000000005,-1.98,-1.5011,498453.96999999997206,6774340.256000000052154
300502.SZ,2024.11.11,128.219999999999998,135.199999999999988,126.489999999999994,132.870000000000004,129.919999999999987,2.95,2.2706,393689.409999999974388,5170663.576000000350177
300502.SZ,2024.11.12,133,136.879999999999995,130.50999999999999,132.699999999999988,132.870000000000004,-0.17,-0.1279,375805.039999999979045,5018217.514999999664723
300502.SZ,2024.11.13,133.25,145.550000000000011,131.300000000000011,141.979999999999989,132.699999999999988,9.279999999999999,6.9932,622942.949999999953433,8668383.382999999448657
300502.SZ,2024.11.14,139.669999999999987,141.090000000000003,135.479999999999989,136.099999999999994,141.979999999999989,-5.88,-4.1414,354273.400000000023283,4873623.713999999687075
300502.SZ,2024.11.15,135.50999999999999,139.77000000000001,127.180000000000006,127.719999999999998,136.099999999999994,-8.38,-6.1572,370691.429999999993015,4924955.928999999538064
300502.SZ,2024.11.18,125.719999999999998,127.840000000000003,119.200000000000002,121,127.719999999999998,-6.72,-5.2615,337924.640000000013969,4168142.405999999959021
300502.SZ,2024.11.19,122.439999999999997,128.590000000000003,121.109999999999999,125,121,4,3.3058,295207.989999999990686,3661322.279999999795109
300502.SZ,2024.11.20,125,129.550000000000011,124.25,126.469999999999998,125,1.47,1.176,264549.099999999976716,3361144.601999999955296
300502.SZ,2024.11.21,123.900000000000005,127.680000000000006,121.810000000000002,123.650000000000005,126.469999999999998,-2.82,-2.2298,299904.549999999988358,3725171.046000000089406
300502.SZ,2024.11.22,122.790000000000006,125.5,118,118,123.650000000000005,-5.650000000000001,-4.569300000000001,293215.330000000016298,3550327.834999999962747
300502.SZ,2024.11.25,118,118.659999999999996,111.329999999999998,113.379999999999995,118,-4.62,-3.9153,302942.85999999998603,3448490.455999999772757
300502.SZ,2024.11.26,113,117.650000000000005,112,115.459999999999993,113.379999999999995,2.08,1.8345,249162.920000000012805,2876187.998000000137835
300502.SZ,2024.11.27,114.799999999999997,116.39,112.680000000000006,116.260000000000005,115.459999999999993,0.8,0.6929,249786.920000000012805,2867182.888999999966472
300502.SZ,2024.11.28,115.989999999999994,115.989999999999994,111.480000000000004,111.879999999999995,116.260000000000005,-4.38,-3.7674,284965.659999999974388,3208440.160000000149011
300502.SZ,2024.11.29,112,117.5,112,114.950000000000002,111.879999999999995,3.07,2.744,297713.799999999988358,3430568.927999999839812
300502.SZ,2024.12.02,116.719999999999998,121.959999999999993,115.040000000000006,120.709999999999993,114.950000000000002,5.76,5.010900000000001,350239.10999999998603,4179682.910999999847263
300502.SZ,2024.12.03,120.079999999999998,121.209999999999993,116.599999999999994,118.530000000000001,120.709999999999993,-2.18,-1.806,213102.779999999998835,2527351.637999999802559
300502.SZ,2024.12.04,117.439999999999997,119.290000000000006,116.299999999999997,117.329999999999998,118.530000000000001,-1.2,-1.0124,166168.10000000000582,1951991.624000000068917
300502.SZ,2024.12.05,119,123.870000000000004,118.939999999999997,121.079999999999998,117.329999999999998,3.75,3.1961,324745.320000000006984,3968026.990000000223517
300502.SZ,2024.12.06,120.5,123.950000000000002,120.5,120.900000000000005,121.079999999999998,-0.18,-0.1487,205578.890000000013969,2502189.48700000019744
300502.SZ,2024.12.09,120.900000000000005,120.900000000000005,115.010000000000005,116,120.900000000000005,-4.900000000000001,-4.052900000000001,256470.85999999998603,2994076.932000000029802
300502.SZ,2024.12.10,119.569999999999993,120.379999999999995,114.680000000000006,116.849999999999994,116,0.85,0.7328,302625.039999999979045,3532931.041000000201165
300502.SZ,2024.12.11,115.989999999999994,126.450000000000002,114,123.909999999999996,116.849999999999994,7.06,6.0419,440098.039999999979045,5335414.32799999974668
300502.SZ,2024.12.12,124,132,124,129.969999999999998,123.909999999999996,6.06,4.8906,411143.169999999983701,5317612.040000000037252
300502.SZ,2024.12.13,131.930000000000006,134.349999999999994,127.5,129.240000000000009,129.969999999999998,-0.73,-0.5617,614891.959999999962747,8025558.243999999947845
300502.SZ,2024.12.16,133.099999999999994,134.800000000000011,124.760000000000005,132.180000000000006,129.240000000000009,2.94,2.2748,465239.030000000027939,6094741.03000000026077
300502.SZ,2024.12.17,130.099999999999994,141.159999999999996,130.099999999999994,133.699999999999988,132.180000000000006,1.52,1.1499,392119.340000000025611,5332388.050999999977648
300502.SZ,2024.12.18,133,133.800000000000011,125.989999999999994,128.530000000000001,133.699999999999988,-5.17,-3.8669,276712.169999999983701,3550116.580999999772757
300502.SZ,2024.12.19,126.939999999999997,130.27000000000001,125.590000000000003,127.75,128.530000000000001,-0.78,-0.6069,230084.940000000002328,2940650.947999999858438
300502.SZ,2024.12.20,127.109999999999999,132.800000000000011,126.64,128.650000000000005,127.75,0.9,0.7045,249373.630000000004656,3240182.979999999981373
300502.SZ,2024.12.23,123.150000000000005,128.300000000000011,123.150000000000005,124.650000000000005,128.650000000000005,-4,-3.1092,401877.679999999993015,5032598.09900000039488
300502.SZ,2024.12.24,125.5,125.760000000000005,118.120000000000004,122,124.650000000000005,-2.65,-2.126,314455.900000000023283,3796133.473000000230967
300502.SZ,2024.12.25,121.920000000000001,126.760000000000005,121.079999999999998,122,122,0,0,221083.869999999995343,2739503.163000000175088
300502.SZ,2024.12.26,122,130.800000000000011,120.010000000000005,128.930000000000006,122,6.93,5.6803,346321.799999999988358,4375199.566999999806284
300502.SZ,2024.12.27,129.900000000000005,132.490000000000009,126.609999999999999,129.419999999999987,128.930000000000006,0.49,0.3801,247479.529999999998835,3213064.114000000059604
300502.SZ,2024.12.30,129,129.580000000000012,120.200000000000002,120.439999999999997,129.419999999999987,-8.98,-6.9386,340865.60999999998603,4186265.85800000000745
300502.SZ,2024.12.31,120,120.260000000000005,115.579999999999998,115.579999999999998,120.439999999999997,-4.860000000000001,-4.0352,243577.670000000012805,2851403.236000000033527
300502.SZ,2025.01.02,115.010000000000005,118.430000000000006,112.5,113.469999999999998,115.579999999999998,-2.11,-1.8256,207899.089999999996507,2397863.952000000048428
300502.SZ,2025.01.03,113.799999999999997,119.920000000000001,112.900000000000005,116,113.469999999999998,2.53,2.2297,284923.900000000023283,3328880.782999999821186
300502.SZ,2025.01.06,117.75,120.980000000000004,115,117.019999999999996,116,1.02,0.8793,231534.839999999996507,2728519.583999999798834
300502.SZ,2025.01.07,118,120.269999999999996,114.489999999999994,120,117.019999999999996,2.98,2.5466,226027.60000000000582,2673799.387000000104308
300502.SZ,2025.01.08,117.019999999999996,117.920000000000001,113.959999999999993,117.019999999999996,120,-2.98,-2.4833,187745.279999999998835,2180148.382999999914318
300502.SZ,2025.01.09,115.980000000000004,116.980000000000004,113,114.739999999999994,117.019999999999996,-2.28,-1.9484,204233.179999999993015,2343428.208000000100582
300502.SZ,2025.01.10,113.709999999999993,113.760000000000005,108.260000000000005,108.260000000000005,114.739999999999994,-6.480000000000001,-5.6476,282808.700000000011641,3116533.003000000026077
300502.SZ,2025.01.13,108.189999999999997,112.64,108.189999999999997,110.290000000000006,108.260000000000005,2.03,1.8751,234436.260000000009313,2587054.407000000122934
300502.SZ,2025.01.14,109.780000000000001,113.829999999999998,106.200000000000002,113.689999999999997,110.290000000000006,3.4,3.0828,286930.320000000006984,3179050.822000000160187
300502.SZ,2025.01.15,112.540000000000006,113.530000000000001,109.760000000000005,111.700000000000002,113.689999999999997,-1.99,-1.7504,200873.190000000002328,2235527.904999999795108
300502.SZ,2025.01.16,113,120.040000000000006,111.799999999999997,118.680000000000006,111.700000000000002,6.980000000000001,6.2489,429300.320000000006984,4988247.338000000454485
300502.SZ,2025.01.17,117.480000000000004,121.040000000000006,117.010000000000005,119.430000000000006,118.680000000000006,0.75,0.632,270004.760000000009313,3213532.118999999947845
300502.SZ,2025.01.20,120.939999999999997,129.289999999999992,120.939999999999997,127.650000000000005,119.430000000000006,8.22,6.8827,329810.75,4167851.294000000227242
300502.SZ,2025.01.21,136,136,131,133.199999999999988,127.650000000000005,5.55,4.347800000000001,364184.640000000013969,4847355.344999999739229
300502.SZ,2025.01.22,138.180000000000006,144.080000000000012,137.00999999999999,141.5,133.199999999999988,8.3,6.231200000000001,450643.489999999990686,6352570.543999999761581
300502.SZ,2025.01.23,141.5,143.680000000000006,135.599999999999994,136.699999999999988,141.5,-4.8,-3.3922,328270.559999999997671,4567973.53000000026077
300502.SZ,2025.01.24,136.710000000000007,137.430000000000006,134.050000000000011,134.490000000000009,136.699999999999988,-2.21,-1.6167,236641.510000000009313,3202941.603000000119209
300502.SZ,2025.01.27,127.769999999999995,129.389999999999986,125.010000000000005,125.769999999999995,134.490000000000009,-8.72,-6.4838,234859.10000000000582,2981067.429000000003725
300502.SZ,2025.02.05,118,118,102.180000000000006,102.510000000000005,125.769999999999995,-23.260000000000001,-18.494099999999999,533915,5631894.149000000208616
300502.SZ,2025.02.06,106,108.439999999999997,104.870000000000004,106.650000000000005,102.510000000000005,4.14,4.0386,452272.039999999979045,4831893.995000000111758
300502.SZ,2025.02.07,108,115.530000000000001,108,113.39,106.650000000000005,6.740000000000001,6.319700000000001,410080.25,4628548.783999999985098
300502.SZ,2025.02.10,115.120000000000004,116.040000000000006,111.799999999999997,114.560000000000002,113.39,1.17,1.0318,246888.45999999999185,2819064.192999999970197
300502.SZ,2025.02.11,115.069999999999993,117.549999999999997,113.769999999999995,115.549999999999997,114.560000000000002,0.99,0.8642,208754.269999999989522,2416848.595000000204891
300502.SZ,2025.02.12,114.109999999999999,115.5,112.799999999999997,114.5,115.549999999999997,-1.05,-0.9087,224404.440000000002328,2554713.754000000189989
300502.SZ,2025.02.13,113.359999999999999,113.810000000000002,110.439999999999997,110.510000000000005,114.5,-3.99,-3.4847,213995.390000000013969,2392891.049999999813735
300502.SZ,2025.02.14,111.510000000000005,114.14,108.010000000000005,109.010000000000005,110.510000000000005,-1.5,-1.3573,216200.470000000001164,2383610.941000000108033
300502.SZ,2025.02.17,110.989999999999994,124.219999999999998,110.900000000000005,123.299999999999997,109.010000000000005,14.289999999999999,13.1089,469220.440000000002328,5544032.463000000454485
300502.SZ,2025.02.18,120.840000000000003,129.389999999999986,120.609999999999999,123.799999999999997,123.299999999999997,0.5,0.4055,383827.659999999974388,4754801.18599999975413
300502.SZ,2025.02.19,122.950000000000002,123.75,119.359999999999999,121.379999999999995,123.799999999999997,-2.42,-1.9548,274852.090000000025611,3324590.092999999877065
300502.SZ,2025.02.20,120.209999999999993,121.299999999999997,117,119.200000000000002,121.379999999999995,-2.18,-1.796,244146.640000000013969,2908121.791000000201165
300502.SZ,2025.02.21,119.209999999999993,124.489999999999994,117.819999999999993,121.040000000000006,119.200000000000002,1.84,1.5436,375420.679999999993015,4551001.557000000029802
300502.SZ,2025.02.24,118.989999999999994,119.689999999999997,113.329999999999998,113.5,121.040000000000006,-7.54,-6.229300000000001,427235.169999999983701,4907371.252999999560415
300502.SZ,2025.02.25,110.200000000000002,112.629999999999995,109.599999999999994,110.700000000000002,113.5,-2.8,-2.467,260911.339999999996507,2899767.473999999929219
300502.SZ,2025.02.26,110.75,113.239999999999994,108.689999999999997,113,110.700000000000002,2.3,2.0777,281028.349999999976716,3115064.774999999906867
300502.SZ,2025.02.27,113,114.310000000000002,105,106.370000000000004,113,-6.63,-5.867300000000001,444823.190000000002328,4834367.008000000379979
300502.SZ,2025.02.28,101.060000000000002,101.170000000000001,94.760000000000005,96.040000000000006,106.370000000000004,-10.33,-9.711399999999999,623773.430000000051222,6113712.434000000357627
300502.SZ,2025.03.03,96.090000000000003,96.5,90.280000000000001,91.799999999999997,96.040000000000006,-4.240000000000001,-4.4148,505522.840000000025611,4647921.786000000312924
300502.SZ,2025.03.04,87.5,93.510000000000005,87.400000000000005,93.150000000000005,91.799999999999997,1.35,1.4706,400457.320000000006984,3614490.618999999947845
300502.SZ,2025.03.05,93.200000000000002,95.549999999999997,93.200000000000002,94.290000000000006,93.150000000000005,1.14,1.2238,306770.429999999993015,2898821.330000000074505
300502.SZ,2025.03.06,94.989999999999994,96.579999999999998,92.700000000000002,95.340000000000003,94.290000000000006,1.05,1.1136,398382.700000000011641,3768289.23700000019744
300502.SZ,2025.03.07,93.680000000000006,94.599999999999994,91.959999999999993,92.870000000000004,95.340000000000003,-2.47,-2.5907,333937.75,3110223.438000000081956
300502.SZ,2025.03.10,93.069999999999993,94.810000000000002,92,94.400000000000005,92.870000000000004,1.53,1.6475,262296.25,2457456.922999999951571
300502.SZ,2025.03.11,92.010000000000005,94.299999999999997,91.790000000000006,94.299999999999997,94.400000000000005,-0.1,-0.1059,206281.85000000000582,1919099.993999999947845
300502.SZ,2025.03.12,95.219999999999998,95.530000000000001,93.39,93.859999999999999,94.299999999999997,-0.44,-0.4666,259902.040000000008149,2458293.850999999791383
300502.SZ,2025.03.13,95.260000000000005,96.5,92.180000000000006,92.530000000000001,93.859999999999999,-1.33,-1.417,294628.099999999976716,2774234.447999999858438
300502.SZ,2025.03.14,92.900000000000005,95.180000000000006,90.109999999999999,93.829999999999998,92.530000000000001,1.3,1.4049,421328.739999999990686,3932965.259000000078231
300502.SZ,2025.03.17,94.019999999999996,96.680000000000006,94.019999999999996,95.659999999999996,93.829999999999998,1.83,1.9503,343377.010000000009313,3275767.672999999951571
300502.SZ,2025.03.18,95.659999999999996,104.599999999999994,94.109999999999999,103.700000000000002,95.659999999999996,8.039999999999999,8.404799999999999,690168.60999999998603,6902913.861999999731779
300502.SZ,2025.03.19,100.379999999999995,101.879999999999995,97.579999999999998,98.129999999999995,103.700000000000002,-5.570000000000001,-5.3713,451806.630000000004656,4494623.095999999903142
300502.SZ,2025.03.20,98.829999999999998,99.769999999999995,97.700000000000002,98.439999999999997,98.129999999999995,0.31,0.3159,227745.989999999990686,2247845.087999999988824
300502.SZ,2025.03.21,97.870000000000004,99.319999999999993,94.980000000000004,95.069999999999993,98.439999999999997,-3.37,-3.4234,229322.510000000009313,2215654.705999999772757
300502.SZ,2025.03.24,94.480000000000004,99.969999999999998,94.480000000000004,99.400000000000005,95.069999999999993,4.33,4.5545,397726.549999999988358,3923862.780999999959021
300502.SZ,2025.03.25,101.5,103.599999999999994,98.849999999999994,98.89,99.400000000000005,-0.51,-0.5131,369458.340000000025611,3750504.98700000019744
300502.SZ,2025.03.26,99.010000000000005,101.769999999999995,97.730000000000004,97.790000000000006,98.89,-1.1,-1.1123,233366.920000000012805,2323292.35399999981746
300502.SZ,2025.03.27,95,96.920000000000001,93.5,95.189999999999997,97.790000000000006,-2.6,-2.6588,256185.35999999998603,2433404.246999999973922
300502.SZ,2025.03.28,95,98,93.780000000000001,95.170000000000001,95.189999999999997,-0.02,-0.021,196075.040000000008149,1874909.135999999940395
300502.SZ,2025.03.31,94,98.120000000000004,93.939999999999997,98.120000000000004,95.170000000000001,2.95,3.0997,243931.049999999988358,2347478.935000000055879
300502.SZ,2025.04.01,98.510000000000005,98.980000000000004,96.310000000000002,97.180000000000006,98.120000000000004,-0.94,-0.958,178131.890000000013969,1728744.688000000081956
300502.SZ,2025.04.02,97.599999999999994,101.650000000000005,97.209999999999993,99.530000000000001,97.180000000000006,2.35,2.4182,299755.369999999995343,2991293.794999999925494
300502.SZ,2025.04.03,95,95.989999999999994,89.670000000000001,92.780000000000001,99.530000000000001,-6.75,-6.781900000000001,465704.549999999988358,4341704.876000000163912
300502.SZ,2025.04.07,79.75,79.879999999999995,74.219999999999998,74.219999999999998,92.780000000000001,-18.559999999999998,-20.0043,399173.599999999976716,3028383.433999999891966
300502.SZ,2025.04.08,75.739999999999994,76.200000000000002,68.430000000000006,70.370000000000004,74.219999999999998,-3.85,-5.1873,619956.489999999990686,4411910.963000000454485
300502.SZ,2025.04.09,67.879999999999995,71.349999999999994,65.64,70.409999999999996,70.370000000000004,0.04,0.0568,460948.780000000027939,3187447.27600000007078
300502.SZ,2025.04.10,79,81.379999999999995,76.420000000000001,76.769999999999995,70.409999999999996,6.360000000000001,9.032799999999999,596359.180000000051222,4721724.574000000022351
300502.SZ,2025.04.11,75.400000000000005,80.340000000000003,74.599999999999994,77.739999999999994,76.769999999999995,0.97,1.2635,396849.690000000002328,3057323.300999999977648
300502.SZ,2025.04.14,80,82.329999999999998,78.370000000000004,78.920000000000001,77.739999999999994,1.18,1.5179,405973.450000000011641,3256738.35399999981746
300502.SZ,2025.04.15,78.280000000000001,79.219999999999998,76.700000000000002,78.560000000000002,78.920000000000001,-0.36,-0.4562,239981.25,1863449.830000000074505
300502.SZ,2025.04.16,75.939999999999997,76,73.540000000000006,75.079999999999998,78.560000000000002,-3.48,-4.429700000000001,292132.190000000002328,2185694.546999999787658
300502.SZ,2025.04.17,75.480000000000004,76.680000000000006,74.209999999999993,75.319999999999993,75.079999999999998,0.24,0.3197,211412.739999999990686,1601045.128000000026077
300502.SZ,2025.04.18,75.620000000000004,77.939999999999997,75.180000000000006,77.859999999999999,75.319999999999993,2.54,3.3723,294241.369999999995343,2264040.435000000055879
300502.SZ,2025.04.21,79.609999999999999,81.480000000000004,78.5,81.420000000000001,77.859999999999999,3.56,4.572300000000001,363800.539999999979045,2923647.783999999985098
300502.SZ,2025.04.22,81,81.879999999999995,79.599999999999994,81.200000000000002,81.420000000000001,-0.22,-0.2702,311090.75,2510831.131000000052154
300502.SZ,2025.04.23,86.829999999999998,93.5,84.849999999999994,91.329999999999998,81.200000000000002,10.13,12.4754,818426.660000000032596,7231729.894999999552965
300502.SZ,2025.04.24,90.930000000000006,92.629999999999995,90,90.349999999999994,91.329999999999998,-0.98,-1.073,414445.869999999995343,3774661.884000000078231
300502.SZ,2025.04.25,93,98.260000000000005,92.540000000000006,95.159999999999996,90.349999999999994,4.81,5.3237,583142.150000000023283,5579540.389999999664723
300502.SZ,2025.04.28,95.879999999999995,95.969999999999998,91,91.209999999999993,95.159999999999996,-3.95,-4.1509,410624.039999999979045,3803702.121999999973922
300502.SZ,2025.04.29,91.299999999999997,91.909999999999996,89.349999999999994,90.349999999999994,91.209999999999993,-0.86,-0.9429,296249.200000000011641,2680270.256000000052154
300502.SZ,2025.04.30,90.319999999999993,90.599999999999994,88.650000000000005,89.790000000000006,90.349999999999994,-0.56,-0.6198,254080.660000000003492,2285126.302999999839812
300502.SZ,2025.05.06,92.900000000000005,94.579999999999998,92.799999999999997,93.629999999999995,89.790000000000006,3.84,4.276600000000001,387073.270000000018626,3631893.367000000085681
300502.SZ,2025.05.07,95.980000000000004,96.680000000000006,93.219999999999998,94.200000000000002,93.629999999999995,0.57,0.6088,329911.549999999988358,3118432.660000000149011
300502.SZ,2025.05.08,96.5,109.599999999999994,96.5,107.950000000000002,94.200000000000002,13.75,14.5966,965723.25,10028081.835999999195337
300502.SZ,2025.05.09,106.260000000000005,110.920000000000001,106.200000000000002,109.209999999999993,107.950000000000002,1.26,1.1672,560959.380000000004656,6097986.672000000253319
300502.SZ,2025.05.12,114,115.079999999999998,109.5,112.840000000000003,109.209999999999993,3.63,3.3239,587719.810000000055879,6581492.234000000171363
300502.SZ,2025.05.13,115,118.879999999999995,113,115.879999999999995,112.840000000000003,3.04,2.6941,603815.670000000041909,7032391.212000000290572
300502.SZ,2025.05.14,118.989999999999994,125.549999999999997,118.010000000000005,118.849999999999994,115.879999999999995,2.97,2.563,665092.410000000032596,8068776.101999999955296
300502.SZ,2025.05.15,119.989999999999994,120,115.200000000000002,115.89,118.849999999999994,-2.96,-2.4905,470811.059999999997671,5521199.610000000335276
300502.SZ,2025.05.16,115.819999999999993,121.560000000000002,114.819999999999993,118.599999999999994,115.89,2.71,2.3384,378028.440000000002328,4500231.760999999940395
300502.SZ,2025.05.19,118.5,119.5,115.5,115.980000000000004,118.599999999999994,-2.62,-2.2091,277513.760000000009313,3244744.280999999959021
300502.SZ,2025.05.20,116.760000000000005,118.079999999999998,115.400000000000005,116.530000000000001,115.980000000000004,0.55,0.4742,208338.85000000000582,2425349.739000000059604
300502.SZ,2025.05.21,117.519999999999995,118.299999999999997,114.310000000000002,116.760000000000005,116.530000000000001,0.23,0.1974,219599.420000000012805,2551167.367999999783933
300502.SZ,2025.05.22,115.5,120.989999999999994,114.900000000000005,117.719999999999998,116.760000000000005,0.96,0.8222,320631.789999999979045,3799701.12099999981001
300502.SZ,2025.05.23,117.099999999999994,118.510000000000005,115.469999999999998,115.930000000000006,117.719999999999998,-1.79,-1.5206,192824.35000000000582,2251734.603000000119209
300502.SZ,2025.05.26,117,117.599999999999994,113.400000000000005,115.760000000000005,115.930000000000006,-0.17,-0.1466,211831.549999999988358,2436686.304000000003725
300502.SZ,2025.05.27,114.120000000000004,115.049999999999997,108.879999999999995,112.129999999999995,115.760000000000005,-3.63,-3.1358,366623.789999999979045,4081590.490999999921768
300502.SZ,2025.05.28,81.030000000000001,85.799999999999997,81.030000000000001,84.620000000000004,79.769999999999995,4.85,6.08,580524.979999999981373,4831998.719999999739229
300502.SZ,2025.05.29,86,89.879999999999995,85,87.159999999999996,84.620000000000004,2.54,3.0017,625566.300000000046566,5490731.422000000253319
300502.SZ,2025.05.30,85,88.569999999999993,84.510000000000005,88.269999999999996,87.159999999999996,1.11,1.2735,387265.349999999976716,3361008.09500000020489
300502.SZ,2025.06.03,87.150000000000005,88.159999999999996,85.840000000000003,86.359999999999999,88.269999999999996,-1.91,-2.1638,308703.25,2681783.56499999994412
300502.SZ,2025.06.04,88.5,93.879999999999995,88.5,92.549999999999997,86.359999999999999,6.190000000000001,7.1677,638431.07999999995809,5832747.93599999975413
300502.SZ,2025.06.05,94.400000000000005,98.459999999999993,92.329999999999998,96.900000000000005,92.549999999999997,4.35,4.7002,555070.35999999998603,5287842.864000000059604
300502.SZ,2025.06.06,95.900000000000005,101.260000000000005,94.969999999999998,99.730000000000004,96.900000000000005,2.83,2.9205,466925.039999999979045,4617045.338000000454485
300502.SZ,2025.06.09,103,103.969999999999998,98.980000000000004,100.870000000000004,99.730000000000004,1.14,1.1431,583345.920000000041909,5920858.723000000230967
300502.SZ,2025.06.10,99.200000000000002,101.469999999999998,98.530000000000001,99.599999999999994,100.870000000000004,-1.27,-1.259,417236.960000000020954,4170114.677999999839812
300502.SZ,2025.06.11,100.150000000000005,100.700000000000002,97.959999999999993,98.359999999999999,99.599999999999994,-1.24,-1.245,361026.460000000020954,3579663.052999999839812
300502.SZ,2025.06.12,97.760000000000005,104.14,97.129999999999995,100.810000000000002,98.359999999999999,2.45,2.4908,598079.670000000041909,6095232.394000000320374
300502.SZ,2025.06.13,99.109999999999999,102.810000000000002,98.879999999999995,100.049999999999997,100.810000000000002,-0.76,-0.7539,329095.799999999988358,3302767.790000000037252
300502.SZ,2025.06.16,99.599999999999994,108.200000000000002,99.599999999999994,106.700000000000002,100.049999999999997,6.650000000000001,6.6467,584455.510000000009313,6177113.042000000365078
300502.SZ,2025.06.17,107,108.670000000000001,105.109999999999999,107.120000000000004,106.700000000000002,0.42,0.3936,364148.880000000004656,3889874.202000000048428
300502.SZ,2025.06.18,106.090000000000003,112.560000000000002,104.530000000000001,112.219999999999998,107.120000000000004,5.1,4.761000000000001,563977.020000000018626,6150881.946999999694526
300502.SZ,2025.06.19,110.5,114.89,110.5,113,112.219999999999998,0.78,0.6951,445476.60999999998603,5026398.455000000074505
300502.SZ,2025.06.20,113.969999999999998,113.969999999999998,108.200000000000002,110.010000000000005,113,-2.99,-2.646,430760.369999999995343,4748592.179999999701976
300502.SZ,2025.06.23,108.069999999999993,109.959999999999993,104.719999999999998,107.280000000000001,110.010000000000005,-2.73,-2.4816,399666.700000000011641,4283934.713000000454485
300502.SZ,2025.06.24,108.379999999999995,109.969999999999998,105.900000000000005,106.709999999999993,107.280000000000001,-0.57,-0.5313,350815.270000000018626,3766598.263999999966472
300502.SZ,2025.06.25,109.900000000000005,110.989999999999994,106.680000000000006,110.400000000000005,106.709999999999993,3.69,3.458,513647.150000000023283,5606149.811999999918043
300502.SZ,2025.06.26,111.900000000000005,117.989999999999994,111,116.799999999999997,110.400000000000005,6.400000000000001,5.797100000000001,556444.589999999967403,6426281.923999999649822
300502.SZ,2025.06.27,115.799999999999997,124.659999999999996,113.879999999999995,123.180000000000006,116.799999999999997,6.38,5.4623,606225.35999999998603,7275450.52199999988079
300502.SZ,2025.06.30,124.700000000000002,128.389999999999986,121.379999999999995,127.019999999999996,123.180000000000006,3.84,3.1174,593811.410000000032596,7452787.402999999932944
300502.SZ,2025.07.01,125.030000000000001,128.800000000000011,124.89,127.200000000000002,127.019999999999996,0.18,0.1417,289896.710000000020954,3681490.044999999925494
300502.SZ,2025.07.02,124.920000000000001,125.579999999999998,121.299999999999997,124.980000000000004,127.200000000000002,-2.22,-1.7453,350244.030000000027939,4332558.353000000119209
300502.SZ,2025.07.03,127.420000000000001,130.969999999999998,126.049999999999997,129.659999999999996,124.980000000000004,4.68,3.7446,457259.820000000006984,5870693.106999999843537
300502.SZ,2025.07.04,129.819999999999993,132.280000000000001,127.329999999999998,128.349999999999994,129.659999999999996,-1.31,-1.0103,439030.200000000011641,5717581.65500000026077
300502.SZ,2025.07.07,126.5,128.889999999999986,121.400000000000005,126.489999999999994,128.349999999999994,-1.86,-1.4492,407600.760000000009313,5100394.298000000417232
300502.SZ,2025.07.08,126.480000000000004,135,126.049999999999997,134.979999999999989,126.489999999999994,8.49,6.712,478314.559999999997671,6310094.219999999739229
300502.SZ,2025.07.09,134.550000000000011,137.969999999999998,134.00999999999999,135.550000000000011,134.979999999999989,0.57,0.4223,358956.570000000006984,4885000.433000000193715
300502.SZ,2025.07.10,137.550000000000011,138.580000000000012,129.349999999999994,133.050000000000011,135.550000000000011,-2.5,-1.8443,525018.760000000009313,6987313.300999999977648
300502.SZ,2025.07.11,134.289999999999992,134.349999999999994,130.050000000000011,131.159999999999996,133.050000000000011,-1.89,-1.4205,318894.340000000025611,4207384.432000000029802
300502.SZ,2025.07.14,132.5,133.099999999999994,129.379999999999995,130.900000000000005,131.159999999999996,-0.26,-0.1982,303612.21999999997206,3987134.029999999795109
300502.SZ,2025.07.15,149.02000000000001,157.080000000000012,148.280000000000001,157.080000000000012,130.900000000000005,26.179999999999999,20,525323.229999999981373,8097611.416000000201165
300502.SZ,2025.07.16,161.710000000000007,179.280000000000001,161,169.800000000000011,157.080000000000012,12.72,8.097799999999999,1149386.25,19663974.703000001609325
300502.SZ,2025.07.17,167.00999999999999,185,167.00999999999999,183.5,169.800000000000011,13.699999999999999,8.0683,677761.280000000027939,12063487.460999999195337
300502.SZ,2025.07.18,186.5,191,180,182.319999999999993,183.5,-1.18,-0.6431,643489.910000000032596,11974587.487999999895691
300502.SZ,2025.07.21,184.830000000000012,186.599999999999994,173.789999999999992,178.25999999999999,182.319999999999993,-4.06,-2.2269,606420.069999999948777,10816017.642999999225139
300502.SZ,2025.07.22,178.27000000000001,184.199999999999988,174.830000000000012,176.710000000000007,178.25999999999999,-1.55,-0.8695,562958.280000000027939,10098102.225999999791383
300502.SZ,2025.07.23,172.610000000000013,175.550000000000011,169.800000000000011,174.199999999999988,176.710000000000007,-2.51,-1.4204,431956.280000000027939,7479016.995000000111758
300502.SZ,2025.07.24,176.710000000000007,177.330000000000012,167.590000000000003,172.800000000000011,174.199999999999988,-1.4,-0.8037,526642.310000000055879,9043031.131999999284744
300502.SZ,2025.07.25,172.300000000000011,175.729999999999989,172.199999999999988,172.969999999999998,172.800000000000011,0.17,0.0984,286816.570000000006984,4975181.529000000096857
300502.SZ,2025.07.28,172.960000000000008,179.75999999999999,170.180000000000006,177.800000000000011,172.969999999999998,4.83,2.7924,647447.050000000046566,11370187.427999999374151
300502.SZ,2025.07.29,178.27000000000001,194.430000000000006,178.229999999999989,193.389999999999986,177.800000000000011,15.589999999999999,8.7683,775884.229999999981373,14504169.723999999463558
300502.SZ,2025.07.30,188,192.370000000000004,183.830000000000012,190.349999999999994,193.389999999999986,-3.04,-1.572,571081.85999999998603,10736773.592000000178813
300502.SZ,2025.07.31,199,200.879999999999995,188.099999999999994,189.210000000000007,190.349999999999994,-1.14,-0.5989,749111.71999999997206,14604518.087999999523162
300502.SZ,2025.08.01,185.139999999999986,191.599999999999994,180.439999999999997,183.120000000000004,189.210000000000007,-6.09,-3.2186,505863.429999999993015,9366500.248999999836087
300502.SZ,2025.08.04,179.639999999999986,185.340000000000003,177.830000000000012,184.5,183.120000000000004,1.38,0.7536,333705.429999999993015,6068963.628999999724328
300502.SZ,2025.08.05,189,190.00999999999999,176.300000000000011,182.449999999999988,184.5,-2.05,-1.1111,442165.739999999990686,8082248.987999999895691
300502.SZ,2025.08.06,180,187.580000000000012,179.110000000000013,186.400000000000005,182.449999999999988,3.95,2.165,309180.739999999990686,5724833.713000000454485
300502.SZ,2025.08.07,186.400000000000005,189.460000000000007,176.419999999999987,183.620000000000004,186.400000000000005,-2.78,-1.4914,406132.919999999983701,7408401.855000000447034
300502.SZ,2025.08.08,183,185.580000000000012,180.879999999999995,182.280000000000001,183.620000000000004,-1.34,-0.7298,261915.170000000012805,4801842.959999999962747
300502.SZ,2025.08.11,182.330000000000012,196.300000000000011,182.319999999999993,192.889999999999986,182.280000000000001,10.609999999999999,5.820700000000001,416046.539999999979045,7959458.100999999791383
300502.SZ,2025.08.12,193.379999999999995,205,193.199999999999988,204.900000000000005,192.889999999999986,12.009999999999999,6.226300000000001,517866.85999999998603,10402525.962999999523162
300502.SZ,2025.08.13,206,238.599999999999994,204.610000000000013,236.560000000000002,204.900000000000005,31.66,15.451399999999999,601120.239999999990686,13528603.088999999687075
300502.SZ,2025.08.14,233.300000000000011,239.800000000000011,230.659999999999996,231.060000000000002,236.560000000000002,-5.5,-2.325,449757.260000000009313,10552668.903999999165534
300502.SZ,2025.08.15,230.00999999999999,237.210000000000007,226.889999999999986,233.199999999999988,231.060000000000002,2.14,0.9262,400483.280000000027939,9319958.799000000581145
300502.SZ,2025.08.18,233.340000000000003,251.659999999999996,227.860000000000013,244.289999999999992,233.199999999999988,11.089999999999999,4.755600000000001,499040.5,12044824.050000000745058
300502.SZ,2025.08.19,244.289999999999992,263.600000000000022,241.52000000000001,256.79000000000002,244.289999999999992,12.5,5.116900000000001,451175.539999999979045,11519713.372999999672174
300502.SZ,2025.08.20,247,255.479999999999989,236.219999999999998,255.139999999999986,256.79000000000002,-1.65,-0.6425,418240.520000000018626,10350351.524000000208616
300502.SZ,2025.08.21,255.810000000000002,262.600000000000022,246.219999999999998,257.860000000000013,255.139999999999986,2.72,1.0661,397303.559999999997671,10161433.551999999210238
300502.SZ,2025.08.22,254.210000000000007,279,254.210000000000007,273.810000000000002,257.860000000000013,15.949999999999999,6.185500000000001,460222.739999999990686,12339156.813999999314546
300502.SZ,2025.08.25,283.319999999999993,304.079999999999984,275.779999999999972,296.120000000000004,273.810000000000002,22.309999999999998,8.147999999999999,587099.560000000055879,17077474.789000000804662
300502.SZ,2025.08.26,298,300.899999999999977,282.04000000000002,282.04000000000002,296.120000000000004,-14.08,-4.754800000000001,489957.239999999990686,14226514.839999999850988
300502.SZ,2025.08.27,290.089999999999974,324.420000000000015,290.089999999999974,308.329999999999984,282.04000000000002,26.289999999999999,9.3214,735108.290000000037252,22751217.315999999642372
300502.SZ,2025.08.28,301.800000000000011,355.189999999999997,301.800000000000011,354.949999999999988,308.329999999999984,46.619999999999997,15.1202,730041.790000000037252,24000244.730999998748302
300502.SZ,2025.08.29,350,368,337,356.199999999999988,354.949999999999988,1.25,0.3522,608797.25,21433860.572999998927116
300502.SZ,2025.09.01,362,399.899999999999977,352.00999999999999,388.5,356.199999999999988,32.299999999999997,9.067899999999999,660461.910000000032596,24723720.846000000834465
300502.SZ,2025.09.02,388,401.100000000000022,345,358.199999999999988,388.5,-30.3,-7.7992,926195.890000000013969,34409836.957999996840953
300502.SZ,2025.09.03,355,382,345.800000000000011,369.709999999999979,358.199999999999988,11.509999999999999,3.2133,736126.069999999948777,26538903.478000000119209
300502.SZ,2025.09.04,383,393.709999999999979,309,312.100000000000022,369.709999999999979,-57.609999999999999,-15.582499999999999,1041403.140000000013969,34970233.130000002682209
300502.SZ,2025.09.05,321,354,310,349.25,312.100000000000022,37.149999999999998,11.9032,846434.849999999976716,27865858.063000001013278
300502.SZ,2025.09.08,339.990000000000009,340,295.160000000000025,314.5,349.25,-34.75,-9.949899999999999,794767.199999999953433,24873049.127000000327825
300502.SZ,2025.09.09,307.019999999999981,320.310000000000002,305,315.319999999999993,314.5,0.82,0.2607,530049.849999999976716,16604793.089999999850988
300502.SZ,2025.09.10,340.00999999999999,346.879999999999995,321.370000000000004,334.949999999999988,315.319999999999993,19.629999999999999,6.2254,745751.560000000055879,24892893.236000001430511
300502.SZ,2025.09.11,345.990000000000009,381.519999999999981,345,379.899999999999977,334.949999999999988,44.950000000000002,13.4199,760903.530000000027939,27716484.879000000655651
300502.SZ,2025.09.12,360,365.990000000000009,352.800000000000011,357.980000000000018,379.899999999999977,-21.920000000000001,-5.7699,579419.959999999962747,20846885.874000001698732
300502.SZ,2025.09.15,343.00999999999999,355.980000000000018,338,350.300000000000011,357.980000000000018,-7.68,-2.1454,377524.260000000009313,13147348.68500000052154
300502.SZ,2025.09.16,348.939999999999997,357.879999999999995,332.329999999999984,345.75,350.300000000000011,-4.55,-1.2989,510928.21999999997206,17557229.219999998807907
300502.SZ,2025.09.17,343.079999999999984,352.25999999999999,336,347.660000000000024,345.75,1.91,0.5524,343929.710000000020954,11877061.024000000208616
300502.SZ,2025.09.18,339.019999999999981,359.889999999999986,333.879999999999995,345.50999999999999,347.660000000000024,-2.15,-0.6184,525090.560000000055879,18219971.574999999254941
300502.SZ,2025.09.19,350.899999999999977,358.470000000000027,336.970000000000027,350,345.50999999999999,4.490000000000001,1.2995,444820.400000000023283,15497487.038000000640749
300502.SZ,2025.09.22,348,348,328.879999999999995,343,350,-7,-2,410118.549999999988358,13860492.557000000029802
300502.SZ,2025.09.23,361.110000000000013,369.800000000000011,338,353,343,10,2.9155,555746.900000000023283,19658323.22300000116229
300502.SZ,2025.09.24,344.019999999999981,363.990000000000009,333.800000000000011,354.639999999999986,353,1.64,0.4646,439715.599999999976716,15445732.630000000819563
300502.SZ,2025.09.25,348.230000000000018,385.879999999999995,341,376,354.639999999999986,21.359999999999999,6.023,564321.930000000051222,20859528.38800000026822
300502.SZ,2025.09.26,376.129999999999995,388.410000000000025,372,374,376,-2,-0.5319,386107.130000000004656,14646943.06900000013411
300502.SZ,2025.09.29,370.110000000000013,398.600000000000022,370.110000000000013,388.279999999999972,374,14.279999999999999,3.8182,413732.090000000025611,16047541.984999999403953
300502.SZ,2025.09.30,389,395,363,365.769999999999981,388.279999999999972,-22.510000000000001,-5.7974,495882.330000000016298,18595426.677000001072883
300502.SZ,2025.10.09,374,374.769999999999981,350,351.149999999999977,365.769999999999981,-14.619999999999999,-3.997,522921.409999999974388,18891289.4239999987185
300502.SZ,2025.10.10,355.00999999999999,365.560000000000002,345.209999999999979,346.199999999999988,351.149999999999977,-4.950000000000001,-1.4097,439541.35999999998603,15621094.885999999940395
300502.SZ,2025.10.13,328.120000000000004,348.600000000000022,325.199999999999988,348.600000000000022,346.199999999999988,2.4,0.6932,443519.46999999997206,14921644.531999999657273
300502.SZ,2025.10.14,355.699999999999988,355.699999999999988,315.680000000000006,316.5,348.600000000000022,-32.100000000000001,-9.208299999999999,612317.920000000041909,20064474.519000001251697
300502.SZ,2025.10.15,321.300000000000011,324.329999999999984,310,322.589999999999975,316.5,6.09,1.9242,355211.270000000018626,11331230.791999999433755
300502.SZ,2025.10.16,317.810000000000002,336,317.029999999999972,324.75999999999999,322.589999999999975,2.17,0.6727,311753.700000000011641,10222846.428999999538064
300502.SZ,2025.10.17,322.5,326.660000000000024,314.220000000000027,316.310000000000002,324.75999999999999,-8.449999999999999,-2.6019,306535.60999999998603,9784350.868000000715255
300502.SZ,2025.10.20,335.00999999999999,345.75,324.579999999999984,329.240000000000009,316.310000000000002,12.929999999999999,4.0878,487326.239999999990686,16335501.282999999821186
300502.SZ,2025.10.21,330.00999999999999,375.579999999999984,324.329999999999984,365.420000000000015,329.240000000000009,36.179999999999999,10.988899999999999,614689.670000000041909,21640515.576000001281499
300502.SZ,2025.10.22,360.310000000000002,373.769999999999981,360.310000000000002,362.829999999999984,365.420000000000015,-2.59,-0.7088,389182.289999999979045,14293597.860999999567866
300502.SZ,2025.10.23,360.199999999999988,363,340,347.75999999999999,362.829999999999984,-15.07,-4.153500000000001,334562.679999999993015,11608575.020999999716877
300502.SZ,2025.10.24,355,378.199999999999988,345.00999999999999,372.970000000000027,347.75999999999999,25.21,7.2493,548935.68999999994412,19929771.364000000059604
300502.SZ,2025.10.27,390,414,381,403.949999999999988,372.970000000000027,30.98,8.3063,581617.380000000004656,23182886.438999999314546
300502.SZ,2025.10.28,395,423.199999999999988,395,410.620000000000004,403.949999999999988,6.67,1.6512,480215.059999999997671,19671115.546000000089406
300502.SZ,2025.10.29,428,433.329999999999984,399.310000000000002,406.100000000000022,410.620000000000004,-4.52,-1.1008,563577.869999999995343,23119390.791999999433755
300502.SZ,2025.10.30,382,394.870000000000004,372.480000000000018,374,406.100000000000022,-32.100000000000001,-7.9045,785612.25,29905899.622000001370906
300502.SZ,2025.10.31,371.839999999999975,373,342.100000000000022,344.310000000000002,374,-29.690000000000001,-7.938500000000001,584004.099999999976716,20571356.192999999970197
300502.SZ,2025.11.03,339.980000000000018,350.5,335.850000000000022,346.75999999999999,344.310000000000002,2.45,0.7116,387029.309999999997671,13309120.789000000804662
300502.SZ,2025.11.04,349.110000000000013,359.629999999999995,345,348.04000000000002,346.75999999999999,1.28,0.3691,346396.200000000011641,12203219.844000000506639
300502.SZ,2025.11.05,335.100000000000022,348.5,335.100000000000022,346.100000000000022,348.04000000000002,-1.94,-0.5574,257618.309999999997671,8820522.089999999850988
300502.SZ,2025.11.06,353.019999999999981,362.560000000000002,347.689999999999997,356.709999999999979,346.100000000000022,10.609999999999999,3.0656,394464.830000000016298,14022327.190999999642372
300502.SZ,2025.11.07,350.100000000000022,358,344.110000000000013,349.79000000000002,356.709999999999979,-6.92,-1.94,293139.909999999974388,10276146.41499999910593
300502.SZ,2025.11.10,349.949999999999988,353.79000000000002,322.75,336,349.79000000000002,-13.789999999999999,-3.9424,472600.869999999995343,15769855.667999999597668
300502.SZ,2025.11.11,340,346.970000000000027,322.75,326,336,-10,-2.9762,376094.940000000002328,12582715.898000000044703
300502.SZ,2025.11.12,320.329999999999984,331.680000000000006,315.879999999999995,329.100000000000022,326,3.1,0.9509,404972.039999999979045,13108651.932000000029802
300502.SZ,2025.11.13,328.800000000000011,328.879999999999995,317.550000000000011,325.850000000000022,329.100000000000022,-3.25,-0.9875,278655.640000000013969,8996111.776000000536441
300502.SZ,2025.11.14,318.00999999999999,319.680000000000006,310.579999999999984,310.579999999999984,325.850000000000022,-15.269999999999999,-4.686200000000001,326767.71999999997206,10287090.606000000610947
300502.SZ,2025.11.17,314.329999999999984,320.069999999999993,306.660000000000024,311.699999999999988,310.579999999999984,1.12,0.3606,319867.190000000002328,10012991.469000000506639
300502.SZ,2025.11.18,308.00999999999999,324.930000000000006,306.610000000000013,316.860000000000013,311.699999999999988,5.160000000000001,1.6554,344079.21999999997206,10966549.314999999478459
300502.SZ,2025.11.19,316.300000000000011,328,313.889999999999986,322.399999999999977,316.860000000000013,5.54,1.7484,350955.929999999993015,11339176.101999999955296
300502.SZ,2025.11.20,338.519999999999981,343.279999999999972,324.25,327.740000000000009,322.399999999999977,5.34,1.6563,393776.200000000011641,13026465.600999999791383
300502.SZ,2025.11.21,313.899999999999977,314,299.850000000000022,300,327.740000000000009,-27.739999999999998,-8.464,437003.710000000020954,13407170.908999999985098
300502.SZ,2025.11.24,304.560000000000002,308.779999999999972,287.310000000000002,293,300,-7,-2.3333,468357.400000000023283,13879219.130999999120831
300502.SZ,2025.11.25,303,315.5,302.029999999999972,304.720000000000027,293,11.72,4,464201.46999999997206,14303114.719000000506639
300502.SZ,2025.11.26,302,341.610000000000013,297.550000000000011,331.120000000000004,304.720000000000027,26.399999999999998,8.6637,678785.780000000027939,22049967.239999998360872
300502.SZ,2025.11.27,324,364.899999999999977,323.5,340.800000000000011,331.120000000000004,9.679999999999999,2.9234,631253.160000000032596,22023299.078999999910593
300502.SZ,2025.11.28,340,357.769999999999981,338,347.800000000000011,340.800000000000011,7,2.054,414491.679999999993015,14336518.343000000342726
300502.SZ,2025.12.01,352,361,343.569999999999993,355.610000000000013,347.800000000000011,7.81,2.2455,386858.900000000023283,13688652.737999999895691
300502.SZ,2025.12.02,355.620000000000004,369.110000000000013,351.490000000000009,365,355.610000000000013,9.39,2.6405,378605.489999999990686,13668752.052999999374151
300502.SZ,2025.12.03,371.800000000000011,392.800000000000011,370,373.129999999999995,365,8.13,2.2274,580277.10999999998603,22102332.765000000596046
300502.SZ,2025.12.04,367.129999999999995,375.910000000000024,362.779999999999972,374.25,373.129999999999995,1.12,0.3002,336774.539999999979045,12484195.239000000059604
300502.SZ,2025.12.05,381.649999999999977,386,373.730000000000018,377.50999999999999,374.25,3.26,0.8711,354271.590000000025611,13433191.627000000327825
300502.SZ,2025.12.08,375.120000000000004,415.50999999999999,375.029999999999972,404.519999999999981,377.50999999999999,27.010000000000001,7.1548,559413.270000000018626,22307189.340999998152256
300502.SZ,2025.12.09,404.829999999999984,426.5,402.029999999999972,419.129999999999995,404.519999999999981,14.609999999999999,3.6117,483437.380000000004656,20184805.686999998986721
300502.SZ,2025.12.10,418,438.889999999999986,398.680000000000006,432.25999999999999,419.129999999999995,13.13,3.1327,515106.400000000023283,21546227.177999999374151
300502.SZ,2025.12.11,428.529999999999972,451.709999999999979,415,416.50999999999999,432.25999999999999,-15.75,-3.6436,610492.640000000013969,26567610.256999999284744
300502.SZ,2025.12.12,417,439.550000000000011,417,428,416.50999999999999,11.49,2.7586,583768.699999999953433,24919702.124000001698732
300502.SZ,2025.12.15,411.879999999999995,443,410,426.810000000000002,428,-1.19,-0.278,386531.590000000025611,16531276.544999999925494
300502.SZ,2025.12.16,420.980000000000018,425.980000000000018,401.800000000000011,407.199999999999988,426.810000000000002,-19.609999999999999,-4.5946,387884.979999999981373,15980176.135999999940395
300502.SZ,2025.12.17,408.50999999999999,446.329999999999984,408.5,446.100000000000022,407.199999999999988,38.899999999999998,9.553,492638.950000000011641,21298227.462999999523162
300502.SZ,2025.12.18,437.209999999999979,443.600000000000022,423.5,425.5,446.100000000000022,-20.600000000000001,-4.6178,400420.650000000023283,17324878.241999998688697
300502.SZ,2025.12.19,436,449.089999999999974,425.50999999999999,434.300000000000011,425.5,8.8,2.0682,357191.270000000018626,15620941.766000000759959
300502.SZ,2025.12.22,451.170000000000015,466.660000000000024,447,462.990000000000009,434.300000000000011,28.690000000000001,6.606,393324.179999999993015,18085830.228000000119209
300502.SZ,2025.12.23,462.899999999999977,468.810000000000002,454.100000000000022,458,462.990000000000009,-4.990000000000001,-1.0778,295434.210000000020954,13575033.55100000090897
300502.SZ,2025.12.24,459.990000000000009,461.990000000000009,447,453.50999999999999,458,-4.490000000000001,-0.9803,298162.630000000004656,13512073.773000000044703
300502.SZ,2025.12.25,456,464.550000000000011,441,447.990000000000009,453.50999999999999,-5.52,-1.2172,282568.080000000016298,12726272.859999999403953
300502.SZ,2025.12.26,441,450,435.79000000000002,445.300000000000011,447.990000000000009,-2.69,-0.6005,249069.440000000002328,11032596.302999999374151
300502.SZ,2025.12.29,440,450.980000000000018,433.670000000000015,444.5,445.300000000000011,-0.8,-0.1797,246676.450000000011641,10910378.158999999985098
300502.SZ,2025.12.30,440,454.879999999999995,436.709999999999979,446,444.5,1.5,0.3375,258849.540000000008149,11546086.104000000283122
300502.SZ,2025.12.31,445,451.29000000000002,430,430.879999999999995,446,-15.119999999999999,-3.3901,286178.210000000020954,12502795.210000000894069
300502.SZ,2026.01.05,437.00999999999999,440.850000000000022,416.680000000000006,426.629999999999995,430.879999999999995,-4.25,-0.9864,357501.119999999995343,15360319.143999999389052
300502.SZ,2026.01.06,410,421.379999999999995,405.5,417.550000000000011,426.629999999999995,-9.08,-2.1283,404261.909999999974388,16700684.88800000026822
300502.SZ,2026.01.07,426.019999999999981,429.990000000000009,412.5,420.300000000000011,417.550000000000011,2.75,0.6586,303304.96999999997206,12788707.583000000566244
300502.SZ,2026.01.08,415.430000000000006,421.689999999999997,405,410.339999999999974,420.300000000000011,-9.96,-2.3697,289380.729999999981373,11901069.595000000670552
300502.SZ,2026.01.09,397.00999999999999,406.899999999999977,382.060000000000002,398.220000000000027,410.339999999999974,-12.119999999999999,-2.9536,422954.099999999976716,16687782.268999999389052
300502.SZ,2026.01.12,386,399,372.54000000000002,391.350000000000022,398.220000000000027,-6.87,-1.7252,542674.71999999997206,20777387.282000001519918
300502.SZ,2026.01.13,385.25999999999999,402.889999999999986,381.379999999999995,383.199999999999988,391.350000000000022,-8.15,-2.0825,396607.320000000006984,15517224.463999999687075
300502.SZ,2026.01.14,388,394.970000000000027,375.709999999999979,383.970000000000027,383.199999999999988,0.77,0.2009,451172.119999999995343,17334157.166000001132488
300502.SZ,2026.01.15,380.160000000000025,405,376.50999999999999,400,383.970000000000027,16.030000000000001,4.174800000000001,505453.739999999990686,19753464.495999999344348
300502.SZ,2026.01.16,410.129999999999995,411,391.839999999999975,397.189999999999997,400,-2.81,-0.7025,467601.059999999997671,18663069.859000001102685
300502.SZ,2026.01.19,392.209999999999979,409.100000000000022,391.610000000000013,403.180000000000006,397.189999999999997,5.990000000000001,1.5081,338369.489999999990686,13635560.300000000745058
300502.SZ,2026.01.20,401.519999999999981,401.899999999999977,377,382.560000000000002,403.180000000000006,-20.62,-5.1143,423988.919999999983701,16293355.725999999791383
300502.SZ,2026.01.21,383.00999999999999,402.220000000000027,383,394.800000000000011,382.560000000000002,12.24,3.1995,391791.85999999998603,15493184.900000000372529
300502.SZ,2026.01.22,395.29000000000002,411.980000000000018,393,409.699999999999988,394.800000000000011,14.9,3.7741,437212.179999999993015,17614194.883000001311302
300502.SZ,2026.01.23,405.860000000000013,405.860000000000013,380.5,383.019999999999981,409.699999999999988,-26.679999999999999,-6.512100000000001,502089.950000000011641,19517028.355999998748302
300502.SZ,2026.01.26,379.800000000000011,392.360000000000013,374.50999999999999,388.629999999999995,383.019999999999981,5.610000000000001,1.4647,319783.119999999995343,12339608.450999999418854
300502.SZ,2026.01.27,387.550000000000011,412.579999999999984,385.569999999999993,399.240000000000009,388.629999999999995,10.609999999999999,2.7301,414207.789999999979045,16652858.649000000208616
300502.SZ,2026.01.28,405,409.110000000000013,393,393.050000000000011,399.240000000000009,-6.190000000000001,-1.5504,353175.96999999997206,14109491.085000000894069
300502.SZ,2026.01.29,400.00999999999999,405,392.310000000000002,393,393.050000000000011,-0.05,-0.0127,337582.229999999981373,13438938.02199999988079
300502.SZ,2026.01.30,388.490000000000009,425,387.800000000000011,419.490000000000009,393,26.489999999999998,6.7405,508373.799999999988358,20765200.594999998807907
300502.SZ,2026.02.02,457.240000000000009,472,435.389999999999986,439,419.490000000000009,19.510000000000001,4.6509,777879.739999999990686,35251499.707999996840953
300502.SZ,2026.02.03,457,460,411.490000000000009,429.100000000000022,439,-9.9,-2.2551,657515.57999999995809,28507180.844999998807907
300502.SZ,2026.02.04,410,415,381.670000000000015,399.199999999999988,429.100000000000022,-29.899999999999998,-6.9681,596557.150000000023283,23699601.614000000059604
300502.SZ,2026.02.05,391,399.899999999999977,381.100000000000022,383,399.199999999999988,-16.199999999999999,-4.0581,365068.030000000027939,14165853.853000000119209
300502.SZ,2026.02.06,376.050000000000011,378.870000000000004,357,364.060000000000002,383,-18.940000000000001,-4.9452,461506.830000000016298,16979900.890999998897314
300502.SZ,2026.02.09,379.980000000000018,399,375.300000000000011,390.149999999999977,364.060000000000002,26.089999999999999,7.166400000000001,473939.799999999988358,18316253.892000000923871
300502.SZ,2026.02.10,392.189999999999997,405.819999999999993,388.5,393.110000000000013,390.149999999999977,2.96,0.7587,293012.700000000011641,11606078.860999999567866
300502.SZ,2026.02.11,390.100000000000022,393.5,368.139999999999986,371.660000000000024,393.110000000000013,-21.449999999999999,-5.456500000000001,442805.570000000006984,16651302.484999999403953
300502.SZ,2026.02.12,373.019999999999981,384.990000000000009,361.720000000000027,365.75999999999999,371.660000000000024,-5.900000000000001,-1.5875,446151.21999999997206,16543035.083000000566244
300502.SZ,2026.02.13,362.04000000000002,373.139999999999986,357,366.110000000000013,365.75999999999999,0.35,0.0957,298318.25,10944584.11600000038743
300502.SZ,2026.02.24,368,385.879999999999995,353.199999999999988,372.060000000000002,366.110000000000013,5.950000000000001,1.6252,465193.700000000011641,17325990.493999999016523
300502.SZ,2026.02.25,370,388.300000000000011,368.50999999999999,382,372.060000000000002,9.939999999999999,2.6716,339785.669999999983701,12880135.328999999910593
300502.SZ,2026.02.26,384.00999999999999,388.579999999999984,375.310000000000002,385.899999999999977,382,3.9,1.0209,316633.989999999990686,12151235.53999999910593
300502.SZ,2026.02.27,371,372.740000000000009,358.019999999999981,359.860000000000013,385.899999999999977,-26.039999999999999,-6.7479,509100.729999999981373,18486975.250999998301267
