ts_code,trade_date,open,high,low,close,pre_close,change,pct_chg,vol,amount
300750.SZ,2023.03.01,403.100000000000022,414.180000000000006,403.029999999999972,411.779999999999972,403.899999999999977,7.88,1.951,126020.05000000000291,5166296.898000000044703
300750.SZ,2023.03.02,409.5,411,396.199999999999988,400.800000000000011,411.779999999999972,-10.98,-2.6665,161452.700000000011641,6483446.929999999701976
300750.SZ,2023.03.03,402.300000000000011,405.709999999999979,400,402.319999999999993,400.800000000000011,1.52,0.3792,82030.899999999994179,3300669.921000000089406
300750.SZ,2023.03.06,402.170000000000015,408.870000000000004,392.00999999999999,408.420000000000015,402.319999999999993,6.1,1.5162,166266.619999999995343,6674565.923999999649822
300750.SZ,2023.03.07,404,408.990000000000009,401.829999999999984,402.199999999999988,408.420000000000015,-6.22,-1.5229,99183.5,4014218.859000000171363
300750.SZ,2023.03.08,400.00999999999999,402.930000000000006,395.110000000000013,397.730000000000018,402.199999999999988,-4.47,-1.1114,81293.729999999995925,3231604.461999999824911
300750.SZ,2023.03.09,396.199999999999988,401.279999999999972,388.240000000000009,397.00999999999999,397.730000000000018,-0.72,-0.181,81366.839999999996507,3228769.654999999795108
300750.SZ,2023.03.10,401.689999999999997,409.930000000000006,395.899999999999977,405.79000000000002,397.00999999999999,8.779999999999999,2.2115,191425.95999999999185,7722447.889999999664723
300750.SZ,2023.03.13,403.029999999999972,406.660000000000024,390,392,405.79000000000002,-13.789999999999999,-3.3983,188331.970000000001164,7424578.059999999590218
300750.SZ,2023.03.14,390.879999999999995,391,378,387.230000000000018,392,-4.77,-1.2168,184846.630000000004656,7095007.799999999813735
300750.SZ,2023.03.15,393,395.740000000000009,383.620000000000004,388,387.230000000000018,0.77,0.1988,129682.910000000003492,5046344.791000000201165
300750.SZ,2023.03.16,384,389.910000000000024,383.5,385.110000000000013,388,-2.89,-0.7448,101131.55000000000291,3897781.768000000156462
300750.SZ,2023.03.17,389,389.990000000000009,375.5,375.980000000000018,385.110000000000013,-9.13,-2.3708,201447.470000000001164,7641555.518000000156462
300750.SZ,2023.03.20,374.54000000000002,384.600000000000022,368,379.949999999999988,375.980000000000018,3.97,1.0559,158369.739999999990686,6002000.932000000029802
300750.SZ,2023.03.21,382.199999999999988,394.180000000000006,378.699999999999988,393.779999999999972,379.949999999999988,13.83,3.64,172923.730000000010477,6720740.861999999731779
300750.SZ,2023.03.22,398.740000000000009,408.660000000000024,397.019999999999981,399.199999999999988,393.779999999999972,5.42,1.3764,176872.410000000003492,7125770.900999999605119
300750.SZ,2023.03.23,398,401.920000000000015,394.430000000000006,398.379999999999995,399.199999999999988,-0.82,-0.2054,100288.669999999998253,3981184.717999999877065
300750.SZ,2023.03.24,398.399999999999977,402.25999999999999,390,393.579999999999984,398.379999999999995,-4.8,-1.2049,117652.520000000004074,4645723.682000000029802
300750.SZ,2023.03.27,391.110000000000013,398.600000000000022,384.420000000000015,396.5,393.579999999999984,2.92,0.7419,161157.20999999999185,6311744.70299999974668
300750.SZ,2023.03.28,394,396.180000000000006,390.199999999999988,392.600000000000022,396.5,-3.9,-0.9836,75905.610000000000582,2976678.086000000126659
300750.SZ,2023.03.29,395.209999999999979,404.279999999999972,393.029999999999972,400.180000000000006,392.600000000000022,7.58,1.9307,137546.10999999998603,5508159.640999999828636
300750.SZ,2023.03.30,400.990000000000009,402,397.350000000000022,400.110000000000013,400.180000000000006,-0.07,-0.0175,86819.220000000001164,3465633.464999999850988
300750.SZ,2023.03.31,404.5,414.980000000000018,404.5,406.050000000000011,400.110000000000013,5.940000000000001,1.4846,196075.720000000001164,8033742.419999999925494
300750.SZ,2023.04.03,406.110000000000013,406.800000000000011,396,398.709999999999979,406.050000000000011,-7.34,-1.8077,167632.179999999993015,6698371.581000000238418
300750.SZ,2023.04.04,399.990000000000009,399.990000000000009,381.810000000000002,388,398.709999999999979,-10.71,-2.6862,200897.010000000009313,7782699.958999999798834
300750.SZ,2023.04.06,384,389.550000000000011,380.149999999999977,388.019999999999981,388,0.02,0.0052,105815.889999999999417,4064823.970999999903142
300750.SZ,2023.04.07,386.149999999999977,394,384.360000000000013,390.50999999999999,388.019999999999981,2.49,0.6417,100581.139999999999417,3923098.225000000093132
300750.SZ,2023.04.10,393.889999999999986,402.110000000000013,388,402.00999999999999,390.50999999999999,11.5,2.9449,172379.410000000003492,6844475.286999999545514
300750.SZ,2023.04.11,400.00999999999999,409.870000000000004,398,399.949999999999988,402.00999999999999,-2.06,-0.5124,143662.940000000002328,5785418.237999999895691
300750.SZ,2023.04.12,400,400,392,392.00999999999999,399.949999999999988,-7.940000000000001,-1.9852,87367.330000000001746,3443470.021000000182539
300750.SZ,2023.04.13,390,391.360000000000013,385,388.25999999999999,392.00999999999999,-3.75,-0.9566,100464.449999999997089,3896072.549000000115484
300750.SZ,2023.04.14,387.899999999999977,402.370000000000004,387.5,397.29000000000002,388.25999999999999,9.029999999999999,2.3258,159236.540000000008149,6337229.776999999769032
300750.SZ,2023.04.17,396.329999999999984,410,395.800000000000011,407.879999999999995,397.29000000000002,10.589999999999999,2.6656,176631.579999999987194,7173869.979000000283122
300750.SZ,2023.04.18,407.889999999999986,418,407.29000000000002,409,407.879999999999995,1.12,0.2746,140605.170000000012805,5793046.44400000013411
300750.SZ,2023.04.19,414.5,414.839999999999975,406,410.370000000000004,409,1.37,0.335,116223.55000000000291,4770263.894999999552965
300750.SZ,2023.04.20,410.300000000000011,410.300000000000011,396,396,410.370000000000004,-14.369999999999999,-3.5017,158437.899999999994179,6335888.03899999987334
300750.SZ,2023.04.21,404.5,414.920000000000015,399,404.990000000000009,396,8.99,2.2702,252759.779999999998835,10288953.392000000923871
300750.SZ,2023.04.24,405.100000000000022,406,392.879999999999995,396.879999999999995,404.990000000000009,-8.109999999999999,-2.0025,173773.839999999996507,6922771.298000000417232
300750.SZ,2023.04.25,398,398,380,385.899999999999977,396.879999999999995,-10.98,-2.7666,168989.290000000008149,6532955.962000000290572
300750.SZ,2023.04.26,213,227.949999999999988,210.00999999999999,224.5,212.990000000000009,11.509999999999999,5.404,397075.289999999979045,8801110.231000000610947
300750.SZ,2023.04.27,224,232.479999999999989,222.310000000000002,231,224.5,6.5,2.8953,339690.780000000027939,7764148.296000000089406
300750.SZ,2023.04.28,234,237.330000000000012,226.889999999999986,230.849999999999994,231,-0.15,-0.0649,271048,6269727.389000000432133
300750.SZ,2023.05.04,231,232.5,224.550000000000011,225.52000000000001,230.849999999999994,-5.33,-2.3089,194090.799999999988358,4416464.195000000298023
300750.SZ,2023.05.05,225,230,223.719999999999998,227,225.52000000000001,1.48,0.6563,167408.790000000008149,3793534.212999999988824
300750.SZ,2023.05.08,230,233.789999999999992,226.060000000000002,230.810000000000002,227,3.81,1.6784,227531.35000000000582,5237667.344999999739229
300750.SZ,2023.05.09,230.379999999999995,230.379999999999995,224.050000000000011,225.830000000000012,230.810000000000002,-4.980000000000001,-2.1576,196537.720000000001164,4447695.098000000230967
300750.SZ,2023.05.10,225.800000000000011,234.25,221.210000000000007,232.52000000000001,225.830000000000012,6.690000000000001,2.9624,289568.099999999976716,6637247.354000000283122
300750.SZ,2023.05.11,232.550000000000011,242.979999999999989,231.199999999999988,240.400000000000005,232.52000000000001,7.88,3.389,347473.710000000020954,8292776.226999999955296
300750.SZ,2023.05.12,241.990000000000009,244.560000000000002,237.979999999999989,237.979999999999989,240.400000000000005,-2.42,-1.0067,223099.790000000008149,5363787.910000000149011
300750.SZ,2023.05.15,241.00999999999999,244,235.099999999999994,238.289999999999992,237.979999999999989,0.31,0.1303,267064.710000000020954,6408351.582000000402331
300750.SZ,2023.05.16,238.400000000000005,240.969999999999998,236.77000000000001,239,238.289999999999992,0.71,0.298,139739.529999999998835,3336944.401999999769032
300750.SZ,2023.05.17,239,241.680000000000006,236.060000000000002,240,239,1,0.4184,182464.320000000006984,4350981.986999999731779
300750.SZ,2023.05.18,241.300000000000011,241.370000000000004,231.039999999999992,232.400000000000005,240,-7.6,-3.1667,241238.799999999988358,5653225.269000000320374
300750.SZ,2023.05.19,231.75,234.180000000000006,230,230,232.400000000000005,-2.4,-1.0327,194721.679999999993015,4503095.902999999932944
300750.SZ,2023.05.22,229,232.5,227,230.300000000000011,230,0.3,0.1304,146791.140000000013969,3373155.580999999772757
300750.SZ,2023.05.23,230.879999999999995,231.710000000000007,225.150000000000005,225.419999999999987,230.300000000000011,-4.88,-2.119,196131.95999999999185,4466450.81900000013411
300750.SZ,2023.05.24,224.800000000000011,228.50999999999999,223.719999999999998,225.25,225.419999999999987,-0.17,-0.0754,147857.35000000000582,3347225.921999999787658
300750.SZ,2023.05.25,224.849999999999994,227.680000000000006,222.490000000000009,224.090000000000003,225.25,-1.16,-0.515,137532.720000000001164,3096261.720999999903142
300750.SZ,2023.05.26,224.199999999999988,224.5,217.5,220,224.090000000000003,-4.09,-1.8252,182116.950000000011641,4001016.009000000078231
300750.SZ,2023.05.29,222.199999999999988,222.219999999999998,215.599999999999994,217.060000000000002,220,-2.94,-1.3364,165371.60999999998603,3599743.504000000189989
300750.SZ,2023.05.30,217,224.990000000000009,216.00999999999999,224.990000000000009,217.060000000000002,7.93,3.6534,264670.830000000016298,5890767.208999999798834
300750.SZ,2023.05.31,225.050000000000011,226.889999999999986,220.159999999999996,221.169999999999987,224.990000000000009,-3.82,-1.6979,188697.440000000002328,4194067.555000000167638
300750.SZ,2023.06.01,222.639999999999986,228,221.50999999999999,222.900000000000005,221.169999999999987,1.73,0.7822,159410.489999999990686,3583431.679000000003725
300750.SZ,2023.06.02,224.900000000000005,229.990000000000009,224,228.439999999999997,222.900000000000005,5.54,2.4854,231814.829999999987194,5283702.826999999582767
300750.SZ,2023.06.05,225.900000000000005,225.900000000000005,216.389999999999986,219.800000000000011,228.439999999999997,-8.64,-3.7822,335951.140000000013969,7357059.963000000454485
300750.SZ,2023.06.06,218.00999999999999,222.300000000000011,216.979999999999989,219.280000000000001,219.800000000000011,-0.52,-0.2366,172425.260000000009313,3782524.816000000108033
300750.SZ,2023.06.07,216.379999999999995,216.5,204.449999999999988,207.300000000000011,219.280000000000001,-11.98,-5.463300000000001,500939.390000000013969,10438080.445000000298023
300750.SZ,2023.06.08,212.75,213.300000000000011,207,208.00999999999999,207.300000000000011,0.71,0.3425,238579.399999999994179,5007821.209999999962747
300750.SZ,2023.06.09,208.550000000000011,213.129999999999995,208.550000000000011,212.039999999999992,208.00999999999999,4.030000000000001,1.9374,242617.279999999998835,5126984.497999999672174
300750.SZ,2023.06.12,211.949999999999988,214,208.900000000000005,211.949999999999988,212.039999999999992,-0.09,-0.0424,181316.320000000006984,3835654.848999999929219
300750.SZ,2023.06.13,211.00999999999999,213.930000000000006,210.680000000000006,213.099999999999994,211.949999999999988,1.15,0.5426,132436.989999999990686,2813381.280999999959021
300750.SZ,2023.06.14,217.150000000000005,217.629999999999995,213,213.400000000000005,213.099999999999994,0.3,0.1408,163629.269999999989522,3508630.635999999940395
300750.SZ,2023.06.15,214.990000000000009,230.879999999999995,214.889999999999986,230.879999999999995,213.400000000000005,17.48,8.1912,504956.820000000006984,11301760.756999999284744
300750.SZ,2023.06.16,232,234.169999999999987,228.300000000000011,231.099999999999994,230.879999999999995,0.22,0.0953,296398.280000000027939,6849470.339999999850988
300750.SZ,2023.06.19,232.990000000000009,232.990000000000009,226,227.879999999999995,231.099999999999994,-3.22,-1.3933,187070.809999999997671,4271126.762000000104308
300750.SZ,2023.06.20,227.870000000000004,231.310000000000002,225.77000000000001,228,227.879999999999995,0.12,0.0527,179605.010000000009313,4094614.885999999940395
300750.SZ,2023.06.21,228.810000000000002,230.5,224.900000000000005,224.909999999999996,228,-3.09,-1.3553,171184.380000000004656,3897370.632999999914318
300750.SZ,2023.06.26,219.909999999999996,226.949999999999988,219.680000000000006,225.169999999999987,224.909999999999996,0.26,0.1156,159106.089999999996507,3564403.98700000019744
300750.SZ,2023.06.27,223.979999999999989,226.300000000000011,221.180000000000006,223.469999999999998,225.169999999999987,-1.7,-0.755,134206.480000000010477,2996519.807000000029802
300750.SZ,2023.06.28,222.219999999999998,226.5,222,224.5,223.469999999999998,1.03,0.4609,135586.440000000002328,3044798.942999999970197
300750.SZ,2023.06.29,223.50999999999999,226.909999999999996,222.5,222.5,224.5,-2,-0.8909,99302.330000000001746,2228285.745000000111758
300750.SZ,2023.06.30,223.990000000000009,229.990000000000009,220.349999999999994,228.789999999999992,222.5,6.29,2.827,215515.220000000001164,4901528.28000000026077
300750.SZ,2023.07.03,231.949999999999988,233.949999999999988,228.550000000000011,229.879999999999995,228.789999999999992,1.09,0.4764,155543.519999999989522,3592766.609999999869614
300750.SZ,2023.07.04,228.5,230.050000000000011,227.680000000000006,229.25,229.879999999999995,-0.63,-0.2741,101556.729999999995925,2322971.86200000019744
300750.SZ,2023.07.05,229.25999999999999,230.409999999999996,225.5,227.50999999999999,229.25,-1.74,-0.759,86364.139999999999417,1968738.617000000085681
300750.SZ,2023.07.06,227,228.479999999999989,223.969999999999998,224.849999999999994,227.50999999999999,-2.66,-1.1692,102835.679999999993015,2323630.149000000208616
300750.SZ,2023.07.07,224.800000000000011,224.849999999999994,221.599999999999994,222.25,224.849999999999994,-2.6,-1.1563,98083.770000000004074,2186457.550999999977648
300750.SZ,2023.07.10,223,230,223,228.800000000000011,222.25,6.55,2.9471,160938.309999999997671,3674535.625
300750.SZ,2023.07.11,229.650000000000005,229.990000000000009,226.580000000000012,229.090000000000003,228.800000000000011,0.29,0.1267,91587.869999999995343,2094183.189000000013038
300750.SZ,2023.07.12,228.5,229.400000000000005,226.5,226.990000000000009,229.090000000000003,-2.1,-0.9167,86932.60000000000582,1976029.054999999934807
300750.SZ,2023.07.13,228.210000000000007,235,228.210000000000007,230,226.990000000000009,3.01,1.326,222576.720000000001164,5166809.845999999903142
300750.SZ,2023.07.14,230.150000000000005,230.930000000000006,226.550000000000011,228.280000000000001,230,-1.72,-0.7478,130040.910000000003492,2971007.805999999865889
300750.SZ,2023.07.17,227.00999999999999,228,223.599999999999994,225.650000000000005,228.280000000000001,-2.63,-1.1521,104525.220000000001164,2354412.85399999981746
300750.SZ,2023.07.18,227.800000000000011,227.879999999999995,224.5,225.5,225.650000000000005,-0.15,-0.0665,85757.759999999994761,1934097.473999999929219
300750.SZ,2023.07.19,224,224.949999999999988,218.580000000000012,219.5,225.5,-6,-2.6608,176001.820000000006984,3880774.171999999787658
300750.SZ,2023.07.20,219,226.689999999999997,219,221.050000000000011,219.5,1.55,0.7062,144416.480000000010477,3226693.427999999839812
300750.SZ,2023.07.21,220.849999999999994,222.979999999999989,219.75999999999999,221.590000000000003,221.050000000000011,0.54,0.2443,83935.259999999994761,1858027.959000000031665
300750.SZ,2023.07.24,217.150000000000005,220.879999999999995,214.139999999999986,218.979999999999989,221.590000000000003,-2.61,-1.1779,137193.390000000013969,2990356.787000000011175
300750.SZ,2023.07.25,224.900000000000005,227.639999999999986,221.02000000000001,226.349999999999994,218.979999999999989,7.370000000000001,3.3656,192862.450000000011641,4336672.44400000013411
300750.SZ,2023.07.26,225.120000000000004,227,223.659999999999996,226.659999999999996,226.349999999999994,0.31,0.137,154567.85999999998603,3484702.634999999776482
300750.SZ,2023.07.27,231,232.879999999999995,226.879999999999995,226.979999999999989,226.659999999999996,0.32,0.1412,208592.35000000000582,4786800.627999999560415
300750.SZ,2023.07.28,226.979999999999989,231,225.050000000000011,230.050000000000011,226.979999999999989,3.07,1.3525,188030.950000000011641,4304001.294999999925494
300750.SZ,2023.07.31,234,239.5,233.099999999999994,237.75,230.050000000000011,7.700000000000001,3.3471,299027.539999999979045,7103701.375
300750.SZ,2023.08.01,237.400000000000005,239.099999999999994,234.5,235.5,237.75,-2.25,-0.9464,156151.679999999993015,3695389.757000000216066
300750.SZ,2023.08.02,237,239.490000000000009,235.5,236.5,235.5,1,0.4246,141471.85000000000582,3350493.845000000204891
300750.SZ,2023.08.03,236,239.969999999999998,235.530000000000001,239.139999999999986,236.5,2.64,1.1163,161805.260000000009313,3859823.089000000152736
300750.SZ,2023.08.04,245,249.960000000000008,241.110000000000013,245.50999999999999,239.139999999999986,6.370000000000001,2.6637,315696.75,7737835.220999999903142
300750.SZ,2023.08.07,244.5,246.939999999999997,243.310000000000002,246.490000000000009,245.50999999999999,0.98,0.3992,149277.489999999990686,3665507.785999999847263
300750.SZ,2023.08.08,245.979999999999989,249.330000000000012,244.879999999999995,247.139999999999986,246.490000000000009,0.65,0.2637,150666.760000000009313,3733050.029000000096857
300750.SZ,2023.08.09,245.5,247.680000000000006,243.139999999999986,247,247.139999999999986,-0.14,-0.0566,116846.610000000000582,2873152.334999999962747
300750.SZ,2023.08.10,247.900000000000005,251.330000000000012,244.120000000000004,246.5,247,-0.5,-0.2024,140409.640000000013969,3469375.410999999847263
300750.SZ,2023.08.11,248.949999999999988,248.949999999999988,241.5,241.5,246.5,-5,-2.0284,172040.640000000013969,4212036.440000000409781
300750.SZ,2023.08.14,239.199999999999988,239.979999999999989,230.210000000000007,232.900000000000005,241.5,-8.599999999999999,-3.5611,256932.179999999993015,6000203.547000000253319
300750.SZ,2023.08.15,232.879999999999995,234.599999999999994,229.400000000000005,231.300000000000011,232.900000000000005,-1.6,-0.687,146100.730000000010477,3378905.587999999988824
300750.SZ,2023.08.16,231.52000000000001,234.379999999999995,230.110000000000013,232.599999999999994,231.300000000000011,1.3,0.562,140090.450000000011641,3263663.518999999854713
300750.SZ,2023.08.17,234.990000000000009,236.5,228.879999999999995,235.25,232.599999999999994,2.65,1.1393,204427.730000000010477,4767790.092000000178813
300750.SZ,2023.08.18,235.289999999999992,239.120000000000004,234.419999999999987,235.870000000000004,235.25,0.62,0.2635,167699.980000000010477,3977909.566000000108033
300750.SZ,2023.08.21,233.990000000000009,235.870000000000004,232.199999999999988,232.960000000000008,235.870000000000004,-2.91,-1.2337,107804.389999999999417,2524111.214000000152736
300750.SZ,2023.08.22,234.800000000000011,235.180000000000006,227.50999999999999,230.75,232.960000000000008,-2.21,-0.9487,151889.410000000003492,3507619.5
300750.SZ,2023.08.23,230.699999999999988,231.900000000000005,227,227.5,230.75,-3.25,-1.4085,118749.110000000000582,2721026.998000000137835
300750.SZ,2023.08.24,228.879999999999995,231.539999999999992,226.5,228.949999999999988,227.5,1.45,0.6374,141577.160000000003492,3254958.700000000186264
300750.SZ,2023.08.25,227.930000000000006,229.969999999999998,225.810000000000002,228.340000000000003,228.949999999999988,-0.61,-0.2664,111851.289999999993597,2549494.197000000160187
300750.SZ,2023.08.28,241.5,243.960000000000008,229.5,230.5,228.340000000000003,2.16,0.946,223115.149999999994179,5230083.379999999888241
300750.SZ,2023.08.29,231.199999999999988,243,230.919999999999987,238.5,230.5,8,3.4707,291749.950000000011641,6966379.985999999567866
300750.SZ,2023.08.30,239.400000000000005,242,237.5,237.5,238.5,-1,-0.4193,145916.369999999995343,3492477.898000000044703
300750.SZ,2023.08.31,237.099999999999994,238.5,236.129999999999995,236.550000000000011,237.5,-0.95,-0.4,96715.270000000004074,2294576.162000000011175
300750.SZ,2023.09.01,236.599999999999994,239.50999999999999,234.599999999999994,236.400000000000005,236.550000000000011,-0.15,-0.0634,91011.320000000006984,2157778.481000000145286
300750.SZ,2023.09.04,238.210000000000007,238.75999999999999,233.400000000000005,237.650000000000005,236.400000000000005,1.25,0.5288,140523.869999999995343,3327817.52199999988079
300750.SZ,2023.09.05,237,239.5,236.159999999999996,236.819999999999993,237.650000000000005,-0.83,-0.3493,115816.649999999994179,2752197.34500000020489
300750.SZ,2023.09.06,236.050000000000011,237.169999999999987,232.800000000000011,234.419999999999987,236.819999999999993,-2.4,-1.0134,124747.830000000001746,2921536.58199999993667
300750.SZ,2023.09.07,233,233.75,226.50999999999999,226.50999999999999,234.419999999999987,-7.91,-3.3743,192660.899999999994179,4405103.043999999761581
300750.SZ,2023.09.08,225,227.199999999999988,220.5,222.939999999999997,226.50999999999999,-3.57,-1.5761,164994.429999999993015,3670618.81499999994412
300750.SZ,2023.09.11,222.900000000000005,223.550000000000011,219.680000000000006,221.530000000000001,222.939999999999997,-1.41,-0.6325,170608.970000000001164,3774798.958999999798834
300750.SZ,2023.09.12,222,222.409999999999996,217.539999999999992,217.930000000000006,221.530000000000001,-3.6,-1.6251,182312.089999999996507,3994776.421999999787658
300750.SZ,2023.09.13,217,219.150000000000005,215.030000000000001,216.599999999999994,217.930000000000006,-1.33,-0.6103,151356.929999999993015,3278699.754999999888241
300750.SZ,2023.09.14,213.680000000000006,216.300000000000011,213.030000000000001,214.930000000000006,216.599999999999994,-1.67,-0.771,182941.040000000008149,3919045.405999999959021
300750.SZ,2023.09.15,212,214,206.599999999999994,207.75999999999999,214.930000000000006,-7.17,-3.336,336799.919999999983701,7033151.411000000312924
300750.SZ,2023.09.18,206,214.689999999999997,206,213.060000000000002,207.75999999999999,5.3,2.551,265934.849999999976716,5645065.103000000119209
300750.SZ,2023.09.19,213.060000000000002,213.479999999999989,210.599999999999994,212.319999999999993,213.060000000000002,-0.74,-0.3473,150243.950000000011641,3183848.137000000104308
300750.SZ,2023.09.20,213,213.330000000000012,208.680000000000006,209.900000000000005,212.319999999999993,-2.42,-1.1398,130874.85000000000582,2750166.643000000156462
300750.SZ,2023.09.21,210.00999999999999,210.949999999999988,206.669999999999987,206.729999999999989,209.900000000000005,-3.17,-1.5102,162149.290000000008149,3368171.870000000111758
300750.SZ,2023.09.22,205.5,211.449999999999988,205.5,210.930000000000006,206.729999999999989,4.200000000000001,2.0316,225090.649999999994179,4696859.644000000320374
300750.SZ,2023.09.25,213.02000000000001,213.620000000000004,208.710000000000007,209.280000000000001,210.930000000000006,-1.65,-0.7823,136053.549999999988358,2864421.899999999906867
300750.SZ,2023.09.26,206.669999999999987,207.349999999999994,203.5,204.5,209.280000000000001,-4.780000000000001,-2.284,202537.820000000006984,4150919.714999999850988
300750.SZ,2023.09.27,206.300000000000011,208.490000000000009,202.449999999999988,203.659999999999996,204.5,-0.84,-0.4108,218489.589999999996507,4470658.973000000230968
300750.SZ,2023.09.28,204,206.5,202.580000000000012,203.030000000000001,203.659999999999996,-0.63,-0.3093,158095.239999999990686,3223265.861000000033527
300750.SZ,2023.10.09,201,201.280000000000001,193,195.5,203.030000000000001,-7.530000000000001,-3.7088,337428.260000000009313,6617775.154000000096857
300750.SZ,2023.10.10,197.879999999999995,198,194.719999999999998,194.719999999999998,195.5,-0.78,-0.399,198654.60000000000582,3895932.691999999806284
300750.SZ,2023.10.11,197.870000000000004,198.599999999999994,194.099999999999994,194.77000000000001,194.719999999999998,0.05,0.0257,202482.450000000011641,3964353.023000000044703
300750.SZ,2023.10.12,195.00999999999999,197.800000000000011,194,195.939999999999997,194.77000000000001,1.17,0.6007,242059.119999999995343,4744179.131000000052154
300750.SZ,2023.10.13,193.849999999999994,194.830000000000012,189.599999999999994,190.599999999999994,195.939999999999997,-5.34,-2.7253,284222.380000000004656,5429864.563000000081956
300750.SZ,2023.10.16,190.340000000000003,190.530000000000001,183.909999999999996,184.75999999999999,190.599999999999994,-5.84,-3.064,246836.489999999990686,4603170.883000000379979
300750.SZ,2023.10.17,185.50999999999999,189.300000000000011,184.569999999999993,185.439999999999997,184.75999999999999,0.68,0.368,215583,4027297.387999999802559
300750.SZ,2023.10.18,185.099999999999994,188.25,183.599999999999994,186.300000000000011,185.439999999999997,0.86,0.4638,176519.25,3284047.970999999903142
300750.SZ,2023.10.19,184.409999999999996,185.680000000000006,182.280000000000001,182.699999999999988,186.300000000000011,-3.6,-1.9324,174541.60000000000582,3209465.700000000186264
300750.SZ,2023.10.20,179,187.689999999999997,179,181,182.699999999999988,-1.7,-0.9305,300268.929999999993015,5478351.217000000178813
300750.SZ,2023.10.23,180.300000000000011,180.300000000000011,175.800000000000011,177.25999999999999,181,-3.74,-2.0663,202233.20999999999185,3597554.197999999858438
300750.SZ,2023.10.24,178,179.199999999999988,175.300000000000011,176.419999999999987,177.25999999999999,-0.84,-0.4739,243794.589999999996507,4310104.360999999567866
300750.SZ,2023.10.25,178.199999999999988,179.5,175.680000000000006,175.979999999999989,176.419999999999987,-0.44,-0.2494,215341.809999999997671,3818928.276999999769032
300750.SZ,2023.10.26,174,178.300000000000011,168.810000000000002,178.069999999999993,175.979999999999989,2.09,1.1876,414205.669999999983701,7175542.946999999694526
300750.SZ,2023.10.27,177.849999999999994,185.879999999999995,176.02000000000001,184.719999999999998,178.069999999999993,6.650000000000001,3.7345,477952.830000000016298,8729936.698000000789761
300750.SZ,2023.10.30,187,189.879999999999995,184.800000000000011,188.02000000000001,184.719999999999998,3.3,1.7865,322594.919999999983701,6050993.029000000096857
300750.SZ,2023.10.31,186.680000000000006,187.219999999999998,184.599999999999994,185.599999999999994,188.02000000000001,-2.42,-1.2871,181525.35000000000582,3369355.371999999973922
300750.SZ,2023.11.01,185.789999999999992,190.300000000000011,184.5,187.539999999999992,185.599999999999994,1.94,1.0453,197272.649999999994179,3695120.175999999977648
300750.SZ,2023.11.02,188.5,189.879999999999995,185.569999999999993,185.569999999999993,187.539999999999992,-1.97,-1.0504,137626.769999999989522,2577685.558999999891966
300750.SZ,2023.11.03,186,188.680000000000006,184.599999999999994,187.439999999999997,185.569999999999993,1.87,1.0077,143654.5,2683301.61200000019744
300750.SZ,2023.11.06,188.569999999999993,197.099999999999994,188.449999999999988,197.080000000000012,187.439999999999997,9.64,5.143,349684.299999999988358,6798069.247000000439584
300750.SZ,2023.11.07,195.990000000000009,196.110000000000013,190.120000000000004,191.240000000000009,197.080000000000012,-5.84,-2.9633,260802.929999999993015,5008846.046000000089406
300750.SZ,2023.11.08,190.180000000000006,192.939999999999997,190,191.840000000000003,191.240000000000009,0.6,0.3137,146521.660000000003492,2809047.604999999981373
300750.SZ,2023.11.09,190.629999999999995,192.580000000000012,190.530000000000001,191.449999999999988,191.840000000000003,-0.39,-0.2033,109970.970000000001164,2104229.337999999988824
300750.SZ,2023.11.10,189,189.969999999999998,188.050000000000011,189.030000000000001,191.449999999999988,-2.42,-1.264,116099.559999999997671,2189830.81900000013411
300750.SZ,2023.11.13,192,192.199999999999988,187.02000000000001,187.849999999999994,189.030000000000001,-1.18,-0.6242,125195.949999999997089,2362258.975999999791383
300750.SZ,2023.11.14,187.849999999999994,188.800000000000011,183,183.680000000000006,187.849999999999994,-4.17,-2.2199,234882.839999999996507,4346598.776999999769032
300750.SZ,2023.11.15,186.889999999999986,188.590000000000003,183.580000000000012,184.479999999999989,183.680000000000006,0.8,0.4355,238071.910000000003492,4423251.195000000298023
300750.SZ,2023.11.16,185.479999999999989,185.490000000000009,180.099999999999994,181.150000000000005,184.479999999999989,-3.33,-1.8051,174662,3180032.495000000111758
300750.SZ,2023.11.17,179.849999999999994,181.25,179.490000000000009,180.729999999999989,181.150000000000005,-0.42,-0.2319,110840.35000000000582,2000359.41400000010617
300750.SZ,2023.11.20,180.740000000000009,181.800000000000011,179.00999999999999,180.300000000000011,180.729999999999989,-0.43,-0.2379,124087.190000000002328,2235037.632999999914318
300750.SZ,2023.11.21,182,184,180.00999999999999,180.610000000000013,180.300000000000011,0.31,0.1719,197662.20999999999185,3601130.910000000149011
300750.SZ,2023.11.22,179.550000000000011,181.300000000000011,177,177,180.610000000000013,-3.61,-1.9988,186885.690000000002328,3332638.16399999987334
300750.SZ,2023.11.23,176.00999999999999,177.699999999999988,174.889999999999986,177.699999999999988,177,0.7,0.3955,157202.529999999998835,2771265.524999999906867
300750.SZ,2023.11.24,177.030000000000001,178.199999999999988,174.5,175,177.699999999999988,-2.7,-1.5194,166212.480000000010477,2918741.660999999847263
300750.SZ,2023.11.27,174.289999999999992,174.5,170.599999999999994,170.699999999999988,175,-4.3,-2.4571,184220.070000000006984,3161041.987999999895691
300750.SZ,2023.11.28,170.030000000000001,171.969999999999998,168.870000000000004,171.919999999999987,170.699999999999988,1.22,0.7147,202107.299999999988358,3443539.75
300750.SZ,2023.11.29,171,171.379999999999995,166.370000000000004,166.849999999999994,171.919999999999987,-5.070000000000001,-2.949,251885.269999999989522,4235346.582000000402331
300750.SZ,2023.11.30,165.219999999999998,168.659999999999996,164.490000000000009,167,166.849999999999994,0.15,0.0899,230271.60999999998603,3834512.348999999929219
300750.SZ,2023.12.01,167.289999999999992,167.699999999999988,164.430000000000006,165.5,167,-1.5,-0.8982,169622.089999999996507,2816101.714999999850988
300750.SZ,2023.12.04,163.5,164.439999999999997,161.240000000000009,161.650000000000005,165.5,-3.85,-2.3263,239304.010000000009313,3892529.225000000093132
300750.SZ,2023.12.05,160.150000000000005,162.370000000000004,158.650000000000005,158.810000000000002,161.650000000000005,-2.84,-1.7569,248077.390000000013969,3978910.66399999987334
300750.SZ,2023.12.06,158.650000000000005,166.860000000000013,158.219999999999998,162.879999999999995,158.810000000000002,4.070000000000001,2.5628,367692.760000000009313,6024339.620000000111758
300750.SZ,2023.12.07,162,166.360000000000013,161.599999999999994,164.490000000000009,162.879999999999995,1.61,0.9885,269084.270000000018626,4410841.808000000193715
300750.SZ,2023.12.08,165,166.330000000000012,163.120000000000004,163.590000000000003,164.490000000000009,-0.9,-0.5471,245020.470000000001164,4030383.347000000067055
300750.SZ,2023.12.11,162.00999999999999,165.689999999999997,160.159999999999996,165.349999999999994,163.590000000000003,1.76,1.0759,214895.690000000002328,3497265.740000000223517
300750.SZ,2023.12.12,164,165.219999999999998,162.979999999999989,163.629999999999995,165.349999999999994,-1.72,-1.0402,147338.769999999989522,2415527.908999999985098
300750.SZ,2023.12.13,162.550000000000011,163.590000000000003,158.710000000000007,159.349999999999994,163.629999999999995,-4.280000000000001,-2.6157,252593.989999999990686,4045085.654000000096857
300750.SZ,2023.12.14,160.879999999999995,161.490000000000009,156.439999999999997,156.629999999999995,159.349999999999994,-2.72,-1.7069,227514,3596263.195999999996274
300750.SZ,2023.12.15,157.199999999999988,158.680000000000006,154.599999999999994,155,156.629999999999995,-1.63,-1.0407,202046.35000000000582,3158101.584999999962747
300750.SZ,2023.12.18,153.110000000000013,153.689999999999997,146.280000000000001,146.969999999999998,155,-8.029999999999999,-5.1806,429129.200000000011641,6398809.828999999910593
300750.SZ,2023.12.19,146.310000000000002,149.979999999999989,146.27000000000001,149,146.969999999999998,2.03,1.3812,251851.809999999997671,3734066.913000000175088
300750.SZ,2023.12.20,149.199999999999988,151.199999999999988,148.319999999999993,148.449999999999988,149,-0.55,-0.3691,212493.679999999993015,3174602.188000000081956
300750.SZ,2023.12.21,147.569999999999993,155.330000000000012,147.569999999999993,154.389999999999986,148.449999999999988,5.940000000000001,4.0013,421315.010000000009313,6433383.992999999783933
300750.SZ,2023.12.22,153.5,158.409999999999996,152.199999999999988,156.289999999999992,154.389999999999986,1.9,1.2306,280321.270000000018626,4359921.762000000104308
300750.SZ,2023.12.25,155.5,157.879999999999995,154.800000000000011,157.539999999999992,156.289999999999992,1.25,0.7998,130056.080000000001746,2036117.774999999906867
300750.SZ,2023.12.26,156.969999999999998,157.5,154.740000000000009,156.129999999999995,157.539999999999992,-1.41,-0.895,127672.520000000004074,1994477.781999999890103
300750.SZ,2023.12.27,157.530000000000001,158,153.870000000000004,154.330000000000012,156.129999999999995,-1.8,-1.1529,173564.60000000000582,2686313.989000000059604
300750.SZ,2023.12.28,154.219999999999998,163.159999999999996,153.569999999999993,162.990000000000009,154.330000000000012,8.66,5.6114,378501.789999999979045,6079407.754999999888241
300750.SZ,2023.12.29,163.979999999999989,165,162,163.25999999999999,162.990000000000009,0.27,0.1657,226837.820000000006984,3707101.873999999836087
300750.SZ,2024.01.02,162.219999999999998,162.530000000000001,156.620000000000004,156.830000000000012,163.25999999999999,-6.43,-3.9385,214032.679999999993015,3390080.350000000093132
300750.SZ,2024.01.03,156.099999999999994,157.280000000000001,154.400000000000005,155.800000000000011,156.830000000000012,-1.03,-0.6568,197575.809999999997671,3070016.674000000115484
300750.SZ,2024.01.04,155.5,155.719999999999998,149.77000000000001,151.199999999999988,155.800000000000011,-4.6,-2.9525,272417.619999999995343,4114835.334999999962747
300750.SZ,2024.01.05,150.990000000000009,154.729999999999989,149.490000000000009,150.900000000000005,151.199999999999988,-0.3,-0.1984,210353.179999999993015,3195235.677000000141561
300750.SZ,2024.01.08,150.199999999999988,153.389999999999986,149.080000000000012,150,150.900000000000005,-0.9,-0.5964,193854.049999999988358,2926528.36200000019744
300750.SZ,2024.01.09,149.960000000000008,151.370000000000004,145.75,148.699999999999988,150,-1.3,-0.8667,233916.25,3473507.459999999962747
300750.SZ,2024.01.10,146.939999999999997,153.110000000000013,146.550000000000011,150.659999999999996,148.699999999999988,1.96,1.3181,232119.60000000000582,3500326.620000000111758
300750.SZ,2024.01.11,150.659999999999996,157.77000000000001,148.50999999999999,154.819999999999993,150.659999999999996,4.160000000000001,2.7612,328018.020000000018626,5037065.543999999761581
300750.SZ,2024.01.12,154,157.330000000000012,152.199999999999988,154.629999999999995,154.819999999999993,-0.19,-0.1227,254622.279999999998835,3943737.15100000007078
300750.SZ,2024.01.15,153.5,153.699999999999988,149.349999999999994,151.699999999999988,154.629999999999995,-2.93,-1.8948,172721.929999999993015,2618158.007999999914318
300750.SZ,2024.01.16,151.659999999999996,157.25,150.560000000000002,156.949999999999988,151.699999999999988,5.25,3.4608,284692.700000000011641,4421625.828999999910593
300750.SZ,2024.01.17,156.860000000000013,156.860000000000013,151.75,152.240000000000009,156.949999999999988,-4.71,-3.001,217615.25,3343384.132000000216066
300750.SZ,2024.01.18,150.099999999999994,155.199999999999988,150.00999999999999,154.610000000000013,152.240000000000009,2.37,1.5568,307787.789999999979045,4688436.697999999858438
300750.SZ,2024.01.19,153.800000000000011,157.889999999999986,153.400000000000005,154.900000000000005,154.610000000000013,0.29,0.1876,265949.080000000016298,4136034.23300000000745
300750.SZ,2024.01.22,153.5,159.949999999999988,150.650000000000005,155.659999999999996,154.900000000000005,0.76,0.4906,404888.099999999976716,6323471.152999999932944
300750.SZ,2024.01.23,155,158.800000000000011,153.189999999999997,153.909999999999996,155.659999999999996,-1.75,-1.1242,323058.950000000011641,5033058.275999999605119
300750.SZ,2024.01.24,154.5,154.990000000000009,149.50999999999999,153.479999999999989,153.909999999999996,-0.43,-0.2794,248709.829999999987194,3776131.708000000100582
300750.SZ,2024.01.25,152,155.099999999999994,149.710000000000007,155,153.479999999999989,1.52,0.9904,294796.090000000025611,4503492.567999999970197
300750.SZ,2024.01.26,152.5,154.479999999999989,150,150,155,-5,-3.2258,271812.700000000011641,4118576.148000000044703
300750.SZ,2024.01.29,149.439999999999997,150.780000000000001,147.02000000000001,147.02000000000001,150,-2.98,-1.9867,217675,3235910.043000000063329
300750.SZ,2024.01.30,145.5,147.439999999999997,140.400000000000005,140.75,147.02000000000001,-6.27,-4.264700000000001,327274.25,4680164.654000000096857
300750.SZ,2024.01.31,145,152.960000000000008,144,151.590000000000003,140.75,10.839999999999999,7.7016,595221.07999999995809,8943013.792999999597668
300750.SZ,2024.02.01,151.580000000000012,152.52000000000001,148.580000000000012,149.02000000000001,151.590000000000003,-2.57,-1.6954,279688.440000000002328,4197978.843000000342726
300750.SZ,2024.02.02,148,149,143.370000000000004,146,149.02000000000001,-3.02,-2.0266,307060.369999999995343,4494266.567999999970197
300750.SZ,2024.02.05,142.610000000000013,154.5,142.300000000000011,151.939999999999997,146,5.940000000000001,4.068500000000001,471326.130000000004656,7035622.773000000044703
300750.SZ,2024.02.06,151.189999999999997,159.25999999999999,150.819999999999993,158.330000000000012,151.939999999999997,6.39,4.2056,437459.260000000009313,6828296.923999999649822
300750.SZ,2024.02.07,158,159.789999999999992,156,159.599999999999994,158.330000000000012,1.27,0.8021,366070.400000000023283,5800699.416000000201165
300750.SZ,2024.02.08,159.5,165,158.879999999999995,162.840000000000003,159.599999999999994,3.24,2.0301,309011.559999999997671,5016344.779000000096857
300750.SZ,2024.02.19,164.960000000000008,164.960000000000008,159.090000000000003,160.090000000000003,162.840000000000003,-2.75,-1.6888,270924.760000000009313,4355156.563000000081956
300750.SZ,2024.02.20,161.879999999999995,161.879999999999995,156.069999999999993,158.330000000000012,160.090000000000003,-1.76,-1.0994,221947.910000000003492,3506366.282999999821186
300750.SZ,2024.02.21,157.379999999999995,163.300000000000011,156.340000000000003,161.199999999999988,158.330000000000012,2.87,1.8127,257826.630000000004656,4135575.623999999836087
300750.SZ,2024.02.22,161.330000000000012,161.330000000000012,158.879999999999995,160.349999999999994,161.199999999999988,-0.85,-0.5273,209559.470000000001164,3349275.887000000104308
300750.SZ,2024.02.23,161.969999999999998,162,159.060000000000002,160.5,160.349999999999994,0.15,0.0935,210176.390000000013969,3368773.225999999791383
300750.SZ,2024.02.26,159.229999999999989,159.990000000000009,154.699999999999988,156,160.5,-4.5,-2.8037,360664.25,5638931.753999999724328
300750.SZ,2024.02.27,155.080000000000012,157.849999999999994,154.539999999999992,157.830000000000012,156,1.83,1.1731,290400.75,4531078.100999999791383
300750.SZ,2024.02.28,158.180000000000006,163.300000000000011,157.00999999999999,157.00999999999999,157.830000000000012,-0.82,-0.5195,400917.10999999998603,6423464.925999999977648
300750.SZ,2024.02.29,156.099999999999994,163.77000000000001,155.659999999999996,163.50999999999999,157.00999999999999,6.5,4.1399,391675.039999999979045,6315294.344999999739229
300750.SZ,2024.03.01,163.530000000000001,165.560000000000002,162.400000000000005,164.550000000000011,163.50999999999999,1.04,0.636,281013.35999999998603,4610970.230999999679625
300750.SZ,2024.03.04,165,167.860000000000013,162.77000000000001,163.900000000000005,164.550000000000011,-0.65,-0.395,268085.770000000018626,4424835.389999999664723
300750.SZ,2024.03.05,162.099999999999994,165.199999999999988,160,164.650000000000005,163.900000000000005,0.75,0.4576,275495.989999999990686,4478109.343999999575316
300750.SZ,2024.03.06,162.580000000000012,166.900000000000005,161.699999999999988,163.639999999999986,164.650000000000005,-1.01,-0.6134,187180.089999999996507,3067856.205000000074505
300750.SZ,2024.03.07,163,164.169999999999987,159.479999999999989,160.150000000000005,163.639999999999986,-3.49,-2.1327,221450.20999999999185,3568786.296999999787658
300750.SZ,2024.03.08,159.129999999999995,160.800000000000011,156.650000000000005,158,160.150000000000005,-2.15,-1.3425,202170.230000000010477,3194520.066999999806284
300750.SZ,2024.03.11,165,181.650000000000005,164.099999999999994,180.849999999999994,158,22.850000000000001,14.461999999999999,763350.46999999997206,13248182.792999999597668
300750.SZ,2024.03.12,183.340000000000003,186.430000000000006,180,185.840000000000003,180.849999999999994,4.990000000000001,2.7592,621649,11428112.945000000298023
300750.SZ,2024.03.13,187,187.689999999999997,183.300000000000011,185.180000000000006,185.840000000000003,-0.66,-0.3551,347957.979999999981373,6444102.061999999918043
300750.SZ,2024.03.14,184.889999999999986,187.960000000000008,182.960000000000008,183.810000000000002,185.180000000000006,-1.37,-0.7398,305356.460000000020954,5642924.970999999903142
300750.SZ,2024.03.15,183.629999999999995,183.900000000000005,176.849999999999994,181,183.810000000000002,-2.81,-1.5288,354836.440000000002328,6371462.214999999850988
300750.SZ,2024.03.18,190.039999999999992,193.75999999999999,188.949999999999988,190.960000000000008,181,9.96,5.5028,483051.729999999981373,9229188.78999999910593
300750.SZ,2024.03.19,190.490000000000009,192.300000000000011,186.599999999999994,187.25,190.960000000000008,-3.71,-1.9428,269575.760000000009313,5099068.939000000245869
300750.SZ,2024.03.20,185.50999999999999,191.240000000000009,185.50999999999999,189.479999999999989,187.25,2.23,1.1909,210315.839999999996507,3987105.282000000122934
300750.SZ,2024.03.21,189.50999999999999,191.879999999999995,189.080000000000012,189.080000000000012,189.479999999999989,-0.4,-0.2111,187567.200000000011641,3571619.013999999966472
300750.SZ,2024.03.22,189.090000000000003,189.909999999999996,184.990000000000009,186.50999999999999,189.080000000000012,-2.57,-1.3592,191033.670000000012805,3563063.416999999899417
300750.SZ,2024.03.25,185.569999999999993,188.199999999999988,184.479999999999989,184.800000000000011,186.50999999999999,-1.71,-0.9168,164133.649999999994179,3046334.225999999791383
300750.SZ,2024.03.26,185.699999999999988,193.129999999999995,185.689999999999997,191.800000000000011,184.800000000000011,7,3.7879,302473.080000000016298,5746016.496000000275671
300750.SZ,2024.03.27,191.740000000000009,191.75,188,188,191.800000000000011,-3.8,-1.9812,206457.040000000008149,3910050.27600000007078
300750.SZ,2024.03.28,188.069999999999993,191.699999999999988,186.599999999999994,188.780000000000001,188,0.78,0.4149,200367.25,3792149.245000000111758
300750.SZ,2024.03.29,190.300000000000011,195,189.379999999999995,190.159999999999996,188.780000000000001,1.38,0.731,164648.059999999997671,3154024.72899999981746
300750.SZ,2024.04.01,194,199.830000000000012,193.400000000000005,197.840000000000003,190.159999999999996,7.68,4.038700000000001,275131.869999999995343,5438688.735000000335276
300750.SZ,2024.04.02,198.099999999999994,201.569999999999993,196.5,199.699999999999988,197.840000000000003,1.86,0.9402,240381.10000000000582,4793028.387000000104308
300750.SZ,2024.04.03,198.939999999999997,198.949999999999988,194.599999999999994,197.650000000000005,199.699999999999988,-2.05,-1.0265,234890.410000000003492,4635543.376000000163912
300750.SZ,2024.04.08,197.650000000000005,199.900000000000005,194.599999999999994,194.599999999999994,197.650000000000005,-3.05,-1.5431,189575.559999999997671,3729974.586999999824911
300750.SZ,2024.04.09,194,196.5,193.710000000000007,196,194.599999999999994,1.4,0.7194,145700.010000000009313,2845224.467000000178813
300750.SZ,2024.04.10,194.110000000000013,195,191.530000000000001,192.740000000000009,196,-3.26,-1.6633,179614.950000000011641,3459617.611000000033527
300750.SZ,2024.04.11,190.810000000000002,194.300000000000011,187,192.599999999999994,192.740000000000009,-0.14,-0.0726,192954.440000000002328,3681659.228000000119209
300750.SZ,2024.04.12,191,191.979999999999989,188.00999999999999,188.389999999999986,192.599999999999994,-4.21,-2.1859,166256.450000000011641,3153751.598999999929219
300750.SZ,2024.04.15,193.849999999999994,197.139999999999986,191.860000000000013,197.139999999999986,188.389999999999986,8.75,4.6446,305482.5,5978911.501000000163912
300750.SZ,2024.04.16,199,199.300000000000011,194.919999999999987,197.150000000000005,197.139999999999986,0.01,0.0051,276231.200000000011641,5450235.800999999977648
300750.SZ,2024.04.17,195.349999999999994,196.930000000000006,193.02000000000001,195.990000000000009,197.150000000000005,-1.16,-0.5884,216191.640000000013969,4211033.978000000119209
300750.SZ,2024.04.18,193.969999999999998,197.449999999999988,191.389999999999986,195.560000000000002,195.990000000000009,-0.43,-0.2194,195395.760000000009313,3808772.287000000011175
300750.SZ,2024.04.19,193.060000000000002,194.460000000000007,189.50999999999999,190.800000000000011,195.560000000000002,-4.76,-2.434,184914.720000000001164,3533488.436000000219792
300750.SZ,2024.04.22,192.800000000000011,194.889999999999986,190.569999999999993,190.599999999999994,190.800000000000011,-0.2,-0.1048,150987.429999999993015,2903026.006000000052154
300750.SZ,2024.04.23,191.129999999999995,192.5,187.879999999999995,189.930000000000006,190.599999999999994,-0.67,-0.3515,111137.960000000006402,2113386.950000000186264
300750.SZ,2024.04.24,192,192.400000000000005,186.400000000000005,189.599999999999994,189.930000000000006,-0.33,-0.1737,151542.790000000008149,2865374.634999999776482
300750.SZ,2024.04.25,188.569999999999993,194.349999999999994,187.889999999999986,193.199999999999988,189.599999999999994,3.6,1.8987,164183.230000000010477,3150746.11200000019744
300750.SZ,2024.04.26,192.00999999999999,198.879999999999995,192.00999999999999,198.479999999999989,193.199999999999988,5.280000000000001,2.7329,224880.70999999999185,4413524.313000000081956
300750.SZ,2024.04.29,200.569999999999993,213.5,200,209.629999999999995,198.479999999999989,11.15,5.617700000000001,438630.349999999976716,9119637.969000000506639
300750.SZ,2024.04.30,205.75999999999999,205.75999999999999,202,202.599999999999994,204.620000000000004,-2.02,-0.9872,214330.239999999990686,4377316.691999999806284
300750.SZ,2024.05.06,211,211.699999999999988,206.030000000000001,206.979999999999989,202.599999999999994,4.38,2.1619,270998.989999999990686,5634660.009999999776482
300750.SZ,2024.05.07,206.180000000000006,207.879999999999995,205.150000000000005,206.879999999999995,206.979999999999989,-0.1,-0.0483,131799.019999999989522,2722386.148000000044703
300750.SZ,2024.05.08,207,207.800000000000011,203.110000000000013,203.229999999999989,206.879999999999995,-3.65,-1.7643,124329.970000000001164,2544539.626000000163912
300750.SZ,2024.05.09,206.27000000000001,210.50999999999999,206.199999999999988,209.400000000000005,203.229999999999989,6.17,3.036,219216.279999999998835,4575999.959999999962747
300750.SZ,2024.05.10,209.400000000000005,209.400000000000005,203,203.5,209.400000000000005,-5.900000000000001,-2.8176,228011.320000000006984,4675581.900000000372529
300750.SZ,2024.05.13,196.300000000000011,201.77000000000001,195.50999999999999,199.349999999999994,203.5,-4.150000000000001,-2.0393,221967.230000000010477,4425713.32799999974668
300750.SZ,2024.05.14,200.599999999999994,201.199999999999988,198.120000000000004,199.00999999999999,199.349999999999994,-0.34,-0.1706,106947.119999999995343,2131826.964000000152736
300750.SZ,2024.05.15,199.00999999999999,203.330000000000012,197.5,197.889999999999986,199.00999999999999,-1.12,-0.5628,130741.160000000003492,2607766.83199999993667
300750.SZ,2024.05.16,198.800000000000011,201.639999999999986,196.979999999999989,199.669999999999987,197.889999999999986,1.78,0.8995,153782.040000000008149,3065019.509000000078231
300750.SZ,2024.05.17,199.699999999999988,203,198.580000000000012,203,199.669999999999987,3.33,1.6678,184962.010000000009313,3727316.445999999996274
300750.SZ,2024.05.20,207.199999999999988,207.879999999999995,203.00999999999999,203.449999999999988,203,0.45,0.2217,199171.70999999999185,4083626.152999999932944
300750.SZ,2024.05.21,203.669999999999987,204.580000000000012,200.560000000000002,201.560000000000002,203.449999999999988,-1.89,-0.929,122963.580000000001746,2480343.310000000055879
300750.SZ,2024.05.22,202.5,207,201.599999999999994,204.889999999999986,201.560000000000002,3.33,1.6521,252365.60999999998603,5153120.078999999910593
300750.SZ,2024.05.23,204.199999999999988,205.650000000000005,203.129999999999995,204.340000000000003,204.889999999999986,-0.55,-0.2684,176548.200000000011641,3602986.56900000013411
300750.SZ,2024.05.24,202.800000000000011,204.860000000000013,200.789999999999992,200.979999999999989,204.340000000000003,-3.36,-1.6443,155106.929999999993015,3136303.496999999973922
300750.SZ,2024.05.27,201.800000000000011,201.800000000000011,198.5,200.00999999999999,200.979999999999989,-0.97,-0.4826,163617.85000000000582,3261446.782999999821186
300750.SZ,2024.05.28,199.460000000000007,200.580000000000012,197.599999999999994,197.800000000000011,200.00999999999999,-2.21,-1.1049,126899.940000000002328,2517505.166000000201165
300750.SZ,2024.05.29,198.00999999999999,202.5,197.800000000000011,198.789999999999992,197.800000000000011,0.99,0.5005,133387.549999999988358,2663801.634999999776482
300750.SZ,2024.05.30,199.050000000000011,200.879999999999995,197.659999999999996,199.349999999999994,198.789999999999992,0.56,0.2817,127840.039999999993597,2548445.865000000223517
300750.SZ,2024.05.31,199.349999999999994,202.25,197.75999999999999,197.75999999999999,199.349999999999994,-1.59,-0.7976,138086.269999999989522,2760668.470999999903142
300750.SZ,2024.06.03,197.75999999999999,203.599999999999994,195.800000000000011,202.5,197.75999999999999,4.740000000000001,2.3968,187180.679999999993015,3757638.839999999850988
300750.SZ,2024.06.04,201.990000000000009,207.240000000000009,201,205.969999999999998,202.5,3.47,1.7136,177149.390000000013969,3639805.938000000081956
300750.SZ,2024.06.05,205.699999999999988,207.849999999999994,204.00999999999999,204.120000000000004,205.969999999999998,-1.85,-0.8982,117773.899999999994179,2420867.501999999862164
300750.SZ,2024.06.06,203.979999999999989,206.879999999999995,202.199999999999988,204.789999999999992,204.120000000000004,0.67,0.3282,124125.699999999997089,2544442.657999999821186
300750.SZ,2024.06.07,198.860000000000013,202.449999999999988,187.590000000000003,193.199999999999988,204.789999999999992,-11.589999999999999,-5.659500000000001,516867.599999999976716,10008885.040999999269843
300750.SZ,2024.06.11,189,192,184.610000000000013,188.77000000000001,193.199999999999988,-4.43,-2.293,420723.630000000004656,7876263.876000000163912
300750.SZ,2024.06.12,186,189.75999999999999,185.479999999999989,185.599999999999994,188.77000000000001,-3.17,-1.6793,203103.920000000012805,3788449.182000000029802
300750.SZ,2024.06.13,187,190.00999999999999,185.120000000000004,185.180000000000006,185.599999999999994,-0.42,-0.2263,221176.369999999995343,4134985.666000000201165
300750.SZ,2024.06.14,186.099999999999994,186.580000000000012,178.580000000000012,184.889999999999986,185.180000000000006,-0.29,-0.1566,371849.489999999990686,6764196.086000000126659
300750.SZ,2024.06.17,182.550000000000011,190.5,182.310000000000002,188.199999999999988,184.889999999999986,3.31,1.7903,269293.179999999993015,5044213.365000000223517
300750.SZ,2024.06.18,188.150000000000005,190.469999999999998,187.02000000000001,190.330000000000012,188.199999999999988,2.13,1.1318,156529.089999999996507,2959271.842999999877065
300750.SZ,2024.06.19,190.599999999999994,190.699999999999988,187.680000000000006,189.00999999999999,190.330000000000012,-1.32,-0.6935,107539.75,2030697.600000000093132
300750.SZ,2024.06.20,189.990000000000009,190.110000000000013,187.099999999999994,187.990000000000009,189.00999999999999,-1.02,-0.5397,115623.699999999997089,2172637.22899999981746
300750.SZ,2024.06.21,188.310000000000002,188.960000000000008,182.370000000000004,185.159999999999996,187.990000000000009,-2.83,-1.5054,184677.170000000012805,3416688.22000000020489
300750.SZ,2024.06.24,183,187.990000000000009,183,186.979999999999989,185.159999999999996,1.82,0.9829,180354.899999999994179,3363422.626000000163912
300750.SZ,2024.06.25,187,189.199999999999988,185.599999999999994,186.319999999999993,186.979999999999989,-0.66,-0.353,144144.119999999995343,2696969.882000000216066
300750.SZ,2024.06.26,185.120000000000004,186.629999999999995,183.199999999999988,185.50999999999999,186.319999999999993,-0.81,-0.4347,104813.979999999995925,1940490.558999999891966
300750.SZ,2024.06.27,185.50999999999999,185.879999999999995,183.00999999999999,185,185.50999999999999,-0.51,-0.2749,126535.770000000004074,2330478.211000000126659
300750.SZ,2024.06.28,183.800000000000011,185.479999999999989,179.840000000000003,180.030000000000001,185,-4.97,-2.6865,194205.059999999997671,3539244.333000000100582
300750.SZ,2024.07.01,179.189999999999997,179.280000000000001,171.169999999999987,176.069999999999993,180.030000000000001,-3.96,-2.1996,269957.440000000002328,4709620.520999999716877
300750.SZ,2024.07.02,173.849999999999994,176.960000000000008,172.110000000000013,176.080000000000012,176.069999999999993,0.01,0.0057,144155.85999999998603,2529552.188999999780207
300750.SZ,2024.07.03,177,182.5,176.310000000000002,179.5,176.080000000000012,3.42,1.9423,162053.20999999999185,2906473.774000000208616
300750.SZ,2024.07.04,180.389999999999986,182.990000000000009,179.199999999999988,179.599999999999994,179.5,0.1,0.0557,118346.460000000006402,2137596.470000000204891
300750.SZ,2024.07.05,181,182.490000000000009,176.5,177.620000000000004,179.599999999999994,-1.98,-1.1024,135247.070000000006984,2414693.953999999910593
300750.SZ,2024.07.08,176.00999999999999,178.370000000000004,175.00999999999999,175.909999999999996,177.620000000000004,-1.71,-0.9627,108063.970000000001164,1907514.419999999925494
300750.SZ,2024.07.09,175.300000000000011,177.300000000000011,173.090000000000003,175.77000000000001,175.909999999999996,-0.14,-0.0796,164439.149999999994179,2876833.390000000130385
300750.SZ,2024.07.10,175.00999999999999,180.090000000000003,173.050000000000011,173.050000000000011,175.77000000000001,-2.72,-1.5475,177729.190000000002328,3123226.776999999769032
300750.SZ,2024.07.11,175,178.979999999999989,173.490000000000009,177.00999999999999,173.050000000000011,3.96,2.2884,208111.480000000010477,3678618.339999999850988
300750.SZ,2024.07.12,177.849999999999994,181.77000000000001,177,179.800000000000011,177.00999999999999,2.79,1.5762,195504.60000000000582,3523525.35399999981746
300750.SZ,2024.07.15,178.300000000000011,179.949999999999988,177.110000000000013,178.120000000000004,179.800000000000011,-1.68,-0.9344,114696.960000000006402,2041627.402000000001862
300750.SZ,2024.07.16,177.5,180.5,177.300000000000011,179.300000000000011,178.120000000000004,1.18,0.6625,151487.369999999995343,2710034.962999999988824
300750.SZ,2024.07.17,178,182.659999999999996,175.939999999999997,180.889999999999986,179.300000000000011,1.59,0.8868,185901.410000000003492,3346445.646000000182539
300750.SZ,2024.07.18,180,189.099999999999994,179.680000000000006,188.349999999999994,180.889999999999986,7.46,4.124100000000001,319944.010000000009313,5957621.425999999977648
300750.SZ,2024.07.19,186.349999999999994,190.090000000000003,186.199999999999988,189.439999999999997,188.349999999999994,1.09,0.5787,208476.309999999997671,3929663.334999999962747
300750.SZ,2024.07.22,191.189999999999997,194.180000000000006,187.400000000000005,189.52000000000001,189.439999999999997,0.08,0.0422,171682.519999999989522,3259890.052999999839812
300750.SZ,2024.07.23,189.00999999999999,189.699999999999988,186.199999999999988,186.199999999999988,189.52000000000001,-3.32,-1.7518,119031.039999999993597,2233862.305999999865889
300750.SZ,2024.07.24,186,189.090000000000003,185.389999999999986,186.319999999999993,186.199999999999988,0.12,0.0644,144681.35999999998603,2708577.543000000063329
300750.SZ,2024.07.25,186.120000000000004,190.729999999999989,185.060000000000002,187.729999999999989,186.319999999999993,1.41,0.7568,205958.880000000004656,3863507.11200000019744
300750.SZ,2024.07.26,190,193.300000000000011,188.050000000000011,189.349999999999994,187.729999999999989,1.62,0.8629,233477.179999999993015,4436931.315000000409781
300750.SZ,2024.07.29,187,187,180,184.530000000000001,189.349999999999994,-4.820000000000001,-2.5456,213623.660000000003492,3918833.598000000230967
300750.SZ,2024.07.30,183.219999999999998,185.330000000000012,183.219999999999998,184.889999999999986,184.530000000000001,0.36,0.1951,127251.630000000004656,2349179.518000000156462
300750.SZ,2024.07.31,182,186.879999999999995,182,186.310000000000002,184.889999999999986,1.42,0.768,198969.399999999994179,3690880.179000000003725
300750.SZ,2024.08.01,185,186,180.099999999999994,180.300000000000011,186.310000000000002,-6.01,-3.2258,230126.589999999996507,4180640.117999999783933
300750.SZ,2024.08.02,179,180,176.740000000000009,177.090000000000003,180.300000000000011,-3.21,-1.7804,154936.85000000000582,2753866.401999999769032
300750.SZ,2024.08.05,175.00999999999999,180.189999999999997,175,177,177.090000000000003,-0.09,-0.0508,193476.589999999996507,3451887.572000000160187
300750.SZ,2024.08.06,178.409999999999996,179.389999999999986,173.710000000000007,174.949999999999988,177,-2.05,-1.1582,157687.029999999998835,2771240.101999999955296
300750.SZ,2024.08.07,174.949999999999988,176.229999999999989,173.669999999999987,173.669999999999987,174.949999999999988,-1.28,-0.7316,127539.589999999996507,2230380.711000000126659
300750.SZ,2024.08.08,173.00999999999999,173.599999999999994,170.120000000000004,172.400000000000005,173.669999999999987,-1.27,-0.7313,146589.95999999999185,2520197.339999999850988
300750.SZ,2024.08.09,173.599999999999994,174.870000000000004,170,170,172.400000000000005,-2.4,-1.3921,154129.890000000013969,2646422.839999999850988
300750.SZ,2024.08.12,170.569999999999993,171.120000000000004,166.800000000000011,169,170,-1,-0.5882,174155.809999999997671,2934605.438000000081956
300750.SZ,2024.08.13,168.889999999999986,174.960000000000008,168.379999999999995,173.780000000000001,169,4.780000000000001,2.8284,193892.559999999997671,3336604.796000000089406
300750.SZ,2024.08.14,172.990000000000009,174.449999999999988,171.719999999999998,172.210000000000007,173.780000000000001,-1.57,-0.9034,99662.85000000000582,1720375.361999999964609
300750.SZ,2024.08.15,172,174.599999999999994,171.289999999999992,173.400000000000005,172.210000000000007,1.19,0.691,144812.019999999989522,2511442.938999999780207
300750.SZ,2024.08.16,173.400000000000005,176,172.879999999999995,173.620000000000004,173.400000000000005,0.22,0.1269,111506.410000000003492,1941327.489000000059604
300750.SZ,2024.08.19,173.349999999999994,177.939999999999997,173.150000000000005,175.599999999999994,173.620000000000004,1.98,1.1404,140358.429999999993015,2473581.501000000163912
300750.SZ,2024.08.20,175,176,173.659999999999996,174.870000000000004,175.599999999999994,-0.73,-0.4157,84369.55000000000291,1475662.466000000014901
300750.SZ,2024.08.21,174,175.409999999999996,172,174.00999999999999,174.870000000000004,-0.86,-0.4918,111474.05000000000291,1940113.037999999942258
300750.SZ,2024.08.22,174.979999999999989,179.969999999999998,174.300000000000011,178.800000000000011,174.00999999999999,4.79,2.7527,199011.35999999998603,3536569.763999999966472
300750.SZ,2024.08.23,177,182.52000000000001,177,181.800000000000011,178.800000000000011,3,1.6779,184151.760000000009313,3332172.740999999921768
300750.SZ,2024.08.26,181.900000000000005,184.560000000000002,181,183.919999999999987,181.800000000000011,2.12,1.1661,148387.489999999990686,2717728.513999999966472
300750.SZ,2024.08.27,182.52000000000001,184.490000000000009,181.5,183.5,183.919999999999987,-0.42,-0.2284,99769.919999999998253,1827225.121999999973922
300750.SZ,2024.08.28,182.800000000000011,183.689999999999997,181.280000000000001,182.819999999999993,183.5,-0.68,-0.3706,106390.149999999994179,1940292.274999999906867
300750.SZ,2024.08.29,179.169999999999987,182.990000000000009,179.169999999999987,180.800000000000011,182.819999999999993,-2.02,-1.1049,156702.420000000012805,2839993.927000000141561
300750.SZ,2024.08.30,180.800000000000011,185.960000000000008,180.800000000000011,184.340000000000003,180.800000000000011,3.54,1.958,254291.70999999999185,4689604.093999999575316
300750.SZ,2024.09.02,184.439999999999997,185.590000000000003,181,181.189999999999997,184.340000000000003,-3.15,-1.7088,129851.759999999994761,2371406.001999999862164
300750.SZ,2024.09.03,180.300000000000011,186.699999999999988,180.02000000000001,185.650000000000005,181.189999999999997,4.46,2.4615,181968.85999999998603,3362146.072999999858438
300750.SZ,2024.09.04,185.319999999999993,189,184.849999999999994,187.150000000000005,185.650000000000005,1.5,0.808,165645.239999999990686,3101382.415000000037252
300750.SZ,2024.09.05,187.150000000000005,189.550000000000011,185.800000000000011,186.800000000000011,187.150000000000005,-0.35,-0.187,123182.149999999994179,2302962.597000000067055
300750.SZ,2024.09.06,186.120000000000004,188.5,185.400000000000005,185.949999999999988,186.800000000000011,-0.85,-0.455,75254.860000000000582,1404159.125
300750.SZ,2024.09.09,185.110000000000013,188.659999999999996,183.469999999999998,185.150000000000005,185.949999999999988,-0.8,-0.4302,134753.549999999988358,2494206.445999999996274
300750.SZ,2024.09.10,185.5,185.5,181.050000000000011,181.159999999999996,185.150000000000005,-3.99,-2.155,154244.130000000004656,2809100.73700000019744
300750.SZ,2024.09.11,182.400000000000005,187.780000000000001,181.159999999999996,186.560000000000002,181.159999999999996,5.400000000000001,2.9808,211970.829999999987194,3938430.663000000175088
300750.SZ,2024.09.12,188,192.159999999999996,186.710000000000007,189.349999999999994,186.560000000000002,2.79,1.4955,207099.85999999998603,3931885.572999999858438
300750.SZ,2024.09.13,188.879999999999995,188.879999999999995,183.5,183.5,189.349999999999994,-5.85,-3.0895,172872.880000000004656,3202147.524000000208616
300750.SZ,2024.09.18,183.599999999999994,187.430000000000006,183.289999999999992,186.400000000000005,183.5,2.9,1.5804,113778.949999999997089,2116044.595999999903142
300750.SZ,2024.09.19,187,188.219999999999998,183.599999999999994,186.900000000000005,186.400000000000005,0.5,0.2682,157694.089999999996507,2940618.89699999988079
300750.SZ,2024.09.20,186.900000000000005,187.900000000000005,183.680000000000006,185.599999999999994,186.900000000000005,-1.3,-0.6956,155027.029999999998835,2874252.972000000067055
300750.SZ,2024.09.23,186.659999999999996,189.430000000000006,185.5,188.199999999999988,185.599999999999994,2.6,1.4009,157925.489999999990686,2968348.168000000063329
300750.SZ,2024.09.24,191.960000000000008,198.169999999999987,188.889999999999986,197.52000000000001,188.199999999999988,9.32,4.952200000000001,354517.349999999976716,6891613.101999999955296
300750.SZ,2024.09.25,207.389999999999986,207.400000000000005,202.590000000000003,203.099999999999994,197.52000000000001,5.58,2.825,420101.190000000002328,8606648.805999999865889
300750.SZ,2024.09.26,203.699999999999988,207.330000000000012,198.930000000000006,205.50999999999999,203.099999999999994,2.41,1.1866,354893.460000000020954,7190132.217000000178813
300750.SZ,2024.09.27,212,231.680000000000006,211.669999999999987,226.810000000000002,205.50999999999999,21.3,10.364499999999999,701813.260000000009313,15567947.39699999988079
300750.SZ,2024.09.30,233.02000000000001,255,232,251.889999999999986,226.810000000000002,25.079999999999998,11.0577,913611.449999999953433,22246725.635999999940395
300750.SZ,2024.10.08,296,301.5,267.660000000000024,299,251.889999999999986,47.109999999999999,18.7026,1376464.790000000037252,39285155.657999999821186
300750.SZ,2024.10.09,279.899999999999977,279.990000000000009,255,255,299,-44,-14.7157,1086915.93999999994412,29017394.644999999552965
300750.SZ,2024.10.10,255,265.990000000000009,250.159999999999996,258,255,3,1.1765,608338.32999999995809,15786972.610999999567866
300750.SZ,2024.10.11,255.5,255.5,237.930000000000006,241.789999999999992,258,-16.21,-6.2829,476402.299999999988358,11668275.357999999076128
300750.SZ,2024.10.14,249.990000000000009,252.800000000000011,244.939999999999997,249.719999999999998,241.789999999999992,7.93,3.2797,467598.630000000004656,11671765.786000000312924
300750.SZ,2024.10.15,249.810000000000002,250.840000000000003,241.129999999999995,241.219999999999998,249.719999999999998,-8.5,-3.4038,327653.340000000025611,8057930.637000000104308
300750.SZ,2024.10.16,238.819999999999993,238.819999999999993,233.330000000000012,233.849999999999994,241.219999999999998,-7.370000000000001,-3.0553,335859.539999999979045,7918107.275999999605119
300750.SZ,2024.10.17,234,238.879999999999995,230.860000000000013,231.5,233.849999999999994,-2.35,-1.0049,261646.720000000001164,6135626.736999999731779
300750.SZ,2024.10.18,230,258.879999999999995,229.599999999999994,249.889999999999986,231.5,18.39,7.943800000000001,680137.869999999995343,16734812.130000000819563
300750.SZ,2024.10.21,259,262.529999999999972,251.75,253.360000000000013,249.889999999999986,3.47,1.3886,584558.089999999967403,14972853.359999999403953
300750.SZ,2024.10.22,254,254.560000000000002,247.25999999999999,250.550000000000011,253.360000000000013,-2.81,-1.1091,278760.330000000016298,6986426.718999999575316
300750.SZ,2024.10.23,247.810000000000002,254.939999999999997,246.860000000000013,249.300000000000011,250.550000000000011,-1.25,-0.4989,321541.21999999997206,8076690.148000000044703
300750.SZ,2024.10.24,249.77000000000001,251.5,245,246.159999999999996,249.300000000000011,-3.14,-1.2595,214657.899999999994179,5297733.385999999940395
300750.SZ,2024.10.25,252.340000000000003,265,246.300000000000011,258.879999999999995,246.159999999999996,12.72,5.1674,578985.510000000009313,14887536.978000000119209
300750.SZ,2024.10.28,256.129999999999995,258.610000000000013,253,256.240000000000009,258.879999999999995,-2.64,-1.0198,276019.349999999976716,7053002.719999999739229
300750.SZ,2024.10.29,256.240000000000009,257.709999999999979,251.240000000000009,251.780000000000001,256.240000000000009,-4.46,-1.7406,269948.080000000016298,6853075.171000000089406
300750.SZ,2024.10.30,250,252.300000000000011,244.5,248.030000000000001,251.780000000000001,-3.75,-1.4894,271343.739999999990686,6734690.047000000253319
300750.SZ,2024.10.31,246.990000000000009,250.5,244,245.979999999999989,248.030000000000001,-2.05,-0.8265,255002.790000000008149,6286268.643000000156462
300750.SZ,2024.11.01,246.530000000000001,249.819999999999993,245.180000000000006,246.199999999999988,245.979999999999989,0.22,0.0894,259158.290000000008149,6418140.473000000230967
300750.SZ,2024.11.04,244,254.300000000000011,244,251.199999999999988,246.199999999999988,5,2.0309,242472.220000000001164,6074686.402999999932944
300750.SZ,2024.11.05,250.580000000000012,262.819999999999993,249.129999999999995,261.389999999999986,251.199999999999988,10.189999999999999,4.0565,484820.940000000002328,12547431.634999999776482
300750.SZ,2024.11.06,258.990000000000009,269.5,253.5,256.5,261.389999999999986,-4.89,-1.8708,452393.099999999976716,11840068.81000000052154
300750.SZ,2024.11.07,258,262.800000000000011,253.879999999999995,262.800000000000011,256.5,6.3,2.4561,335710.270000000018626,8698717.049000000581145
300750.SZ,2024.11.08,269.660000000000024,272,257.100000000000022,257.5,262.800000000000011,-5.3,-2.0167,402941.270000000018626,10612727.375
300750.SZ,2024.11.11,252.349999999999994,268.990000000000009,251.00999999999999,267.5,257.5,10,3.8835,491539.070000000006984,12844920.27199999988079
300750.SZ,2024.11.12,278.279999999999972,285.199999999999988,270.980000000000018,273.019999999999981,267.5,5.52,2.0636,744030.07999999995809,20764206.510000001639127
300750.SZ,2024.11.13,269,288.199999999999988,266.769999999999981,282,273.019999999999981,8.98,3.2891,557736.880000000004656,15410247.017999999225139
300750.SZ,2024.11.14,283,284.990000000000009,274.660000000000024,275,282,-7,-2.4823,426572.099999999976716,11940874.424000000581145
300750.SZ,2024.11.15,269.5,275,265.560000000000002,265.560000000000002,275,-9.439999999999999,-3.4327,351983.169999999983701,9488134.618000000715255
300750.SZ,2024.11.18,265.560000000000002,270.949999999999988,261,262.920000000000015,265.560000000000002,-2.64,-0.9941,306500.099999999976716,8135717.135999999940395
300750.SZ,2024.11.19,262.019999999999981,272,258,268.720000000000027,262.920000000000015,5.8,2.206,348128.869999999995343,9211079.120999999344348
300750.SZ,2024.11.20,266.949999999999988,269.899999999999977,264.600000000000022,267.550000000000011,268.720000000000027,-1.17,-0.4354,227087.779999999998835,6060616.029000000096857
300750.SZ,2024.11.21,265.660000000000024,271.430000000000006,263.660000000000024,268.25999999999999,267.550000000000011,0.71,0.2654,205508.269999999989522,5510533.650000000372529
300750.SZ,2024.11.22,267.930000000000006,269,258.879999999999995,259.100000000000022,268.25999999999999,-9.16,-3.4146,225551.010000000009313,5937579.844999999739229
300750.SZ,2024.11.25,263.060000000000002,266.560000000000002,261.180000000000006,264.100000000000022,259.100000000000022,5,1.9298,262390.710000000020954,6923644.963000000454485
300750.SZ,2024.11.26,261.569999999999993,263.970000000000027,255.659999999999996,256.720000000000027,264.100000000000022,-7.38,-2.7944,273604.049999999988358,7076484.876000000163912
300750.SZ,2024.11.27,254.699999999999988,260.899999999999977,251.469999999999998,259.899999999999977,256.720000000000027,3.18,1.2387,274006.650000000023283,7033615.361999999731779
300750.SZ,2024.11.28,259.199999999999988,259.529999999999972,253.5,254.699999999999988,259.899999999999977,-5.200000000000001,-2.0008,223555.980000000010477,5728197.559999999590218
300750.SZ,2024.11.29,251.229999999999989,267.990000000000009,251.229999999999989,261.240000000000009,254.699999999999988,6.54,2.5677,313662.71999999997206,8192074.188000000081956
300750.SZ,2024.12.02,258.639999999999986,263.550000000000011,257.209999999999979,262.189999999999997,261.240000000000009,0.95,0.3637,206475.470000000001164,5387882.833999999798834
300750.SZ,2024.12.03,261,262.990000000000009,259,261.839999999999975,262.189999999999997,-0.35,-0.1335,173107.890000000013969,4514867.561999999918043
300750.SZ,2024.12.04,260,262,257.5,258.970000000000027,261.839999999999975,-2.87,-1.0961,161813.950000000011641,4186965.339000000152736
300750.SZ,2024.12.05,257.990000000000009,258.949999999999988,255.00999999999999,256,258.970000000000027,-2.97,-1.1469,160215.799999999988358,4109014.222000000067055
300750.SZ,2024.12.06,256,269.899999999999977,255,266.550000000000011,256,10.55,4.121100000000001,330381.35999999998603,8719647.873999999836087
300750.SZ,2024.12.09,266.990000000000009,269.660000000000024,264.410000000000025,268.050000000000011,266.550000000000011,1.5,0.5627,224560.899999999994179,6005103.479000000283122
300750.SZ,2024.12.10,281.279999999999972,281.5,269.329999999999984,270.569999999999993,268.050000000000011,2.52,0.9401,329044.35999999998603,9035442.03999999910593
300750.SZ,2024.12.11,273.959999999999979,279.5,266.519999999999981,267.100000000000022,270.569999999999993,-3.47,-1.2825,194008.20999999999185,5262014.872000000439584
300750.SZ,2024.12.12,265.899999999999977,275.379999999999995,265.199999999999988,273.709999999999979,267.100000000000022,6.610000000000001,2.4747,223295.140000000013969,6055502.391999999992549
300750.SZ,2024.12.13,269.879999999999995,272,266,267.029999999999972,273.709999999999979,-6.68,-2.4405,283164.409999999974388,7596460.115000000223517
300750.SZ,2024.12.16,266.220000000000027,269.5,264.050000000000011,267.199999999999988,267.029999999999972,0.17,0.0637,162575.079999999987194,4333963.457000000402331
300750.SZ,2024.12.17,267,278,266.54000000000002,273.800000000000011,267.199999999999988,6.6,2.4701,282146.099999999976716,7746201.690999999642372
300750.SZ,2024.12.18,274.310000000000002,274.730000000000018,270.310000000000002,271.410000000000025,273.800000000000011,-2.39,-0.8729,150853.290000000008149,4110472.402999999932944
300750.SZ,2024.12.19,269.25999999999999,272.350000000000022,266.620000000000004,269.79000000000002,271.410000000000025,-1.62,-0.5969,153460.179999999993015,4137668.598999999929219
300750.SZ,2024.12.20,269.79000000000002,270.800000000000011,260.319999999999993,262.709999999999979,269.79000000000002,-7.08,-2.6243,277400.979999999981373,7313368.050999999977648
300750.SZ,2024.12.23,262.709999999999979,268.879999999999995,262.709999999999979,263.5,262.709999999999979,0.79,0.3007,206393.829999999987194,5482614.220999999903142
300750.SZ,2024.12.24,263,268.25,263,268.230000000000018,263.5,4.730000000000001,1.7951,196153.519999999989522,5229920.632000000216066
300750.SZ,2024.12.25,268.910000000000024,270.910000000000024,266.25999999999999,267.970000000000027,268.230000000000018,-0.26,-0.0969,114138.10000000000582,3058526.680000000167638
300750.SZ,2024.12.26,267.199999999999988,267.199999999999988,261,261.25,267.970000000000027,-6.72,-2.5077,224437.619999999995343,5898437.343999999575316
300750.SZ,2024.12.27,260.569999999999993,263.420000000000015,255,262,261.25,0.75,0.2871,243519.179999999993015,6338085.457000000402331
300750.SZ,2024.12.30,260.879999999999995,267.5,260.50999999999999,266.579999999999984,262,4.58,1.7481,226313.519999999989522,6013633.016999999992549
300750.SZ,2024.12.31,265.089999999999974,270.5,265.089999999999974,266,266.579999999999984,-0.58,-0.2176,249339.519999999989522,6694555.730999999679625
300750.SZ,2025.01.02,266.25,266.300000000000011,257,258.779999999999972,266,-7.22,-2.7143,233545.760000000009313,6090661.831000000238418
300750.SZ,2025.01.03,258.779999999999972,263,257.209999999999979,257.629999999999995,258.779999999999972,-1.15,-0.4444,185237.579999999987194,4812148.52199999988079
300750.SZ,2025.01.06,258,260,253,256.75,257.629999999999995,-0.88,-0.3416,172890.769999999989522,4433101.112999999895691
300750.SZ,2025.01.07,243,252,241.080000000000012,249.449999999999988,256.75,-7.3,-2.8432,401035.989999999990686,9934923.664000000804662
300750.SZ,2025.01.08,245.990000000000009,248.310000000000002,243.319999999999993,245.340000000000003,249.449999999999988,-4.110000000000001,-1.6476,271857.520000000018626,6681628.785000000149011
300750.SZ,2025.01.09,241.349999999999994,250.25,241.159999999999996,247.330000000000012,245.340000000000003,1.99,0.8111,169328.779999999998835,4168600.175999999977648
300750.SZ,2025.01.10,246.5,249.949999999999988,244.680000000000006,246,247.330000000000012,-1.33,-0.5377,147294.329999999987194,3643092.328999999910593
300750.SZ,2025.01.13,243.5,250,242,246.909999999999996,246,0.91,0.3699,180922.260000000009313,4467775.091000000014901
300750.SZ,2025.01.14,247.710000000000007,257,245.210000000000007,256.199999999999988,246.909999999999996,9.289999999999999,3.7625,202467.339999999996507,5108567.634999999776482
300750.SZ,2025.01.15,256.199999999999988,256.399999999999977,249.669999999999987,250.870000000000004,256.199999999999988,-5.33,-2.0804,150626.649999999994179,3798504.600000000093132
300750.SZ,2025.01.16,252,254.599999999999994,248.25999999999999,249.930000000000006,250.870000000000004,-0.94,-0.3747,161883.779999999998835,4056598.313999999780207
300750.SZ,2025.01.17,248.5,253.5,248.080000000000012,251.5,249.930000000000006,1.57,0.6282,111066,2786220.134999999776482
300750.SZ,2025.01.20,256.5,267.610000000000013,256.310000000000002,265.519999999999981,251.5,14.019999999999999,5.574600000000001,342834.96999999997206,9048642.226999999955296
300750.SZ,2025.01.21,268.5,268.75999999999999,263.220000000000027,264.180000000000006,265.519999999999981,-1.34,-0.5047,138933.059999999997671,3681448.143999999854713
300750.SZ,2025.01.22,262,264.899999999999977,254.210000000000007,258,264.180000000000006,-6.18,-2.3393,250407.369999999995343,6440345.376000000163912
300750.SZ,2025.01.23,259.850000000000022,262.5,256.980000000000018,257.5,258,-0.5,-0.1938,165536.880000000004656,4291744.661999999545514
300750.SZ,2025.01.24,256.00999999999999,264.779999999999972,256.00999999999999,260.620000000000004,256.269999999999981,4.35,1.6974,224397.95999999999185,5876198.259999999776482
300750.SZ,2025.01.27,260.629999999999995,262.970000000000027,257,257,260.620000000000004,-3.62,-1.389,171026.369999999995343,4460049.868999999947845
300750.SZ,2025.02.05,260,262,251.050000000000011,252.120000000000004,257,-4.88,-1.8988,240481.399999999994179,6141794.779000000096857
300750.SZ,2025.02.06,251,253.490000000000009,249.199999999999988,253.099999999999994,252.120000000000004,0.98,0.3887,248961.010000000009313,6261792.980000000447034
300750.SZ,2025.02.07,257,262.560000000000002,251.620000000000004,261.279999999999972,253.099999999999994,8.179999999999999,3.2319,344412.539999999979045,8922582.684000000357627
300750.SZ,2025.02.10,261.279999999999972,261.470000000000027,255.180000000000006,258.449999999999988,261.279999999999972,-2.83,-1.0831,229267.10000000000582,5928297.100999999791383
300750.SZ,2025.02.11,260.439999999999997,260.5,251.060000000000002,251.800000000000011,258.449999999999988,-6.650000000000001,-2.573,247919.799999999988358,6268157.34999999962747
300750.SZ,2025.02.12,250.00999999999999,256,247.080000000000012,255.300000000000011,251.800000000000011,3.5,1.39,273822.140000000013969,6902713.445000000298023
300750.SZ,2025.02.13,255.990000000000009,263.990000000000009,255.099999999999994,261.389999999999986,255.300000000000011,6.09,2.3854,375349.669999999983701,9803005.760999999940395
300750.SZ,2025.02.14,261.529999999999972,273,261.529999999999972,269.709999999999979,261.389999999999986,8.32,3.183,387800.299999999988358,10409880.413000000640749
300750.SZ,2025.02.17,274.899999999999977,274.899999999999977,266.019999999999981,269.399999999999977,269.709999999999979,-0.31,-0.1149,241829.60000000000582,6513084.025999999605119
300750.SZ,2025.02.18,272.959999999999979,275.5,269,270.769999999999981,269.399999999999977,1.37,0.5085,238457.549999999988358,6497674.093000000342726
300750.SZ,2025.02.19,268.569999999999993,276,268.550000000000011,273.550000000000011,270.769999999999981,2.78,1.0267,204455.390000000013969,5580141.095999999903142
300750.SZ,2025.02.20,272.800000000000011,272.800000000000011,267,270.199999999999988,273.550000000000011,-3.35,-1.2246,195890.010000000009313,5267400.81900000013411
300750.SZ,2025.02.21,268.579999999999984,276.879999999999995,267.779999999999972,275.550000000000011,270.199999999999988,5.35,1.98,309519.059999999997671,8443562.273000000044703
300750.SZ,2025.02.24,273.00999999999999,274.699999999999988,268.160000000000025,271.5,275.550000000000011,-4.05,-1.4698,277537.619999999995343,7510840.228000000119209
300750.SZ,2025.02.25,267.480000000000018,274,264.50999999999999,269.480000000000018,271.5,-2.02,-0.744,232093.75,6243748.571000000461935
300750.SZ,2025.02.26,271.449999999999988,272.879999999999995,267.180000000000006,268.620000000000004,269.480000000000018,-0.86,-0.3191,211730.739999999990686,5698649.75
300750.SZ,2025.02.27,270.269999999999981,271.699999999999988,267.670000000000015,270,268.620000000000004,1.38,0.5137,231851.10000000000582,6250587.950000000186264
300750.SZ,2025.02.28,269.600000000000022,271.310000000000002,263.610000000000013,264.300000000000011,270,-5.700000000000001,-2.1111,222654.579999999987194,5935077.344999999739229
300750.SZ,2025.03.03,265,279.300000000000011,262.240000000000009,273.529999999999972,264.300000000000011,9.23,3.4922,387364.030000000027939,10603328.987999999895691
300750.SZ,2025.03.04,270,271,262.730000000000018,263,273.529999999999972,-10.529999999999999,-3.8497,268365.419999999983701,7115460.891999999992549
300750.SZ,2025.03.05,263,263.889999999999986,258.5,260.990000000000009,263,-2.01,-0.7643,208696.10000000000582,5438997.025999999605119
300750.SZ,2025.03.06,262.25,265.529999999999972,261,264.310000000000002,260.990000000000009,3.32,1.2721,250273.20999999999185,6601078.27199999988079
300750.SZ,2025.03.07,262.959999999999979,263.579999999999984,258.680000000000006,260.75999999999999,264.310000000000002,-3.55,-1.3431,222871.079999999987194,5812794.649000000208616
300750.SZ,2025.03.10,261.800000000000011,261.860000000000013,253.610000000000013,256.5,260.75999999999999,-4.26,-1.6337,286750.739999999990686,7355227.161000000312924
300750.SZ,2025.03.11,253.069999999999993,255.5,253.050000000000011,255.199999999999988,256.5,-1.3,-0.5068,171350.769999999989522,4355529.582999999634921
300750.SZ,2025.03.12,256.00999999999999,256.620000000000004,251.490000000000009,254.5,255.199999999999988,-0.7,-0.2743,199146.899999999994179,5058919.203999999910593
300750.SZ,2025.03.13,254,259.199999999999988,253,253.219999999999998,254.5,-1.28,-0.5029,168851.5,4316530.458999999798834
300750.SZ,2025.03.14,253,264.850000000000022,252.650000000000005,262,253.219999999999998,8.779999999999999,3.4673,351089.349999999976716,9148092.797000000253319
300750.SZ,2025.03.17,263.100000000000022,265.470000000000027,255.740000000000009,256,262,-6,-2.2901,335154.85999999998603,8685706.367000000551342
300750.SZ,2025.03.18,258,260.779999999999972,255.5,257,256,1,0.3906,225767.320000000006984,5817534.421000000089406
300750.SZ,2025.03.19,257.199999999999988,266.970000000000027,256.779999999999972,265.389999999999986,257,8.39,3.2646,369541.200000000011641,9737109.379000000655651
300750.SZ,2025.03.20,265.389999999999986,266.5,261.019999999999981,262.149999999999977,265.389999999999986,-3.24,-1.2208,144246.529999999998835,3794188.020000000018626
300750.SZ,2025.03.21,262.680000000000006,264.529999999999972,255.669999999999987,256,262.149999999999977,-6.150000000000001,-2.346,194320.059999999997671,5026360.932000000029802
300750.SZ,2025.03.24,257.699999999999988,258.980000000000018,256.279999999999972,258.160000000000025,256,2.16,0.8438,167302.170000000012805,4311680.872999999672174
300750.SZ,2025.03.25,257.709999999999979,260,255.289999999999992,259.480000000000018,258.160000000000025,1.32,0.5113,127857.779999999998835,3303477.319999999832361
300750.SZ,2025.03.26,259.399999999999977,262.699999999999988,256.699999999999988,256.920000000000015,259.480000000000018,-2.56,-0.9866,129046.259999999994761,3336108.308000000193715
300750.SZ,2025.03.27,256.189999999999997,262.800000000000011,254.25,258.879999999999995,256.920000000000015,1.96,0.7629,141792.059999999997671,3675726.419999999925494
300750.SZ,2025.03.28,256.110000000000013,258.879999999999995,255.800000000000011,256.800000000000011,258.879999999999995,-2.08,-0.8035,112420.679999999993015,2888588.257999999914318
300750.SZ,2025.03.31,256.060000000000002,257.980000000000018,252.120000000000004,252.939999999999997,256.800000000000011,-3.86,-1.5031,194633.549999999988358,4951863.265999999828636
300750.SZ,2025.04.01,252.939999999999997,254.5,248.580000000000012,249.060000000000002,252.939999999999997,-3.88,-1.534,194162.079999999987194,4862442.756000000052154
300750.SZ,2025.04.02,250.199999999999988,252.460000000000007,247.560000000000002,249.139999999999986,249.060000000000002,0.08,0.0321,137321.119999999995343,3433096.885999999940395
300750.SZ,2025.04.03,245,247.699999999999988,242.550000000000011,243.080000000000012,249.139999999999986,-6.06,-2.4324,232816.390000000013969,5693962.717000000178813
300750.SZ,2025.04.07,226.090000000000003,230,209.110000000000013,215.219999999999998,243.080000000000012,-27.859999999999999,-11.461199999999999,723645.819999999948777,15811389.635999999940395
300750.SZ,2025.04.08,219.949999999999988,225,216.400000000000005,219.050000000000011,215.219999999999998,3.83,1.7796,476594.210000000020954,10471952.815999999642372
300750.SZ,2025.04.09,212.919999999999987,218.75,210.090000000000003,211.389999999999986,219.050000000000011,-7.660000000000001,-3.4969,536023.390000000013969,11459705.354000000283122
300750.SZ,2025.04.10,221,222.789999999999992,215.460000000000007,217.979999999999989,211.389999999999986,6.59,3.1175,372741.190000000002328,8168675.411999999545514
300750.SZ,2025.04.11,216,225.550000000000011,214.699999999999988,224,217.979999999999989,6.02,2.7617,302991.150000000023283,6696905.325000000186264
300750.SZ,2025.04.14,227.150000000000005,228,222.680000000000006,224,224,0,0,206965.040000000008149,4642121.044999999925494
300750.SZ,2025.04.15,226,230.449999999999988,225.120000000000004,228.150000000000005,224,4.150000000000001,1.8527,266865.419999999983701,6087451.730000000447034
300750.SZ,2025.04.16,227,227.180000000000006,221.550000000000011,224.889999999999986,228.150000000000005,-3.26,-1.4289,216550.95999999999185,4838764.472000000067055
300750.SZ,2025.04.17,223,227.330000000000012,222.219999999999998,226,224.889999999999986,1.11,0.4936,157376.589999999996507,3551280.611000000033527
300750.SZ,2025.04.18,225.210000000000007,226.5,223.659999999999996,225.460000000000007,226,-0.54,-0.2389,115127.940000000002328,2588857.714999999850988
300750.SZ,2025.04.21,225.460000000000007,235,224.180000000000006,231.360000000000013,225.460000000000007,5.900000000000001,2.6169,220081.910000000003492,5088523.082000000402331
300750.SZ,2025.04.22,230,231.159999999999996,227.199999999999988,230.689999999999997,226.819999999999993,3.87,1.7062,169354.230000000010477,3885729.763999999966472
300750.SZ,2025.04.23,235,238.75,233,233.349999999999994,230.689999999999997,2.66,1.1531,191979.799999999988358,4507058.716000000014901
300750.SZ,2025.04.24,234.5,238.659999999999996,232.25,236.870000000000004,233.349999999999994,3.52,1.5085,181554.390000000013969,4297351.277999999932944
300750.SZ,2025.04.25,237.199999999999988,237.919999999999987,235.090000000000003,236.599999999999994,236.870000000000004,-0.27,-0.114,127619.889999999999417,3016796.56499999994412
300750.SZ,2025.04.28,238.25,238.25999999999999,233.199999999999988,234.849999999999994,236.599999999999994,-1.75,-0.7396,143124.320000000006984,3357178.149000000208616
300750.SZ,2025.04.29,234,234.800000000000011,230.719999999999998,232.030000000000001,234.849999999999994,-2.82,-1.2008,167424.35000000000582,3892978.723999999929219
300750.SZ,2025.04.30,233.050000000000011,234.379999999999995,231.5,231.5,232.030000000000001,-0.53,-0.2284,156328.35000000000582,3635403.836999999824911
300750.SZ,2025.05.06,233.909999999999996,236.300000000000011,231.199999999999988,231.629999999999995,231.5,0.13,0.0562,196876.790000000008149,4591289.269999999552965
300750.SZ,2025.05.07,236.449999999999988,240.879999999999995,236.080000000000012,238.610000000000013,231.629999999999995,6.980000000000001,3.0134,312809.849999999976716,7444719.326999999582767
300750.SZ,2025.05.08,239.490000000000009,248.680000000000006,237.979999999999989,244.569999999999993,238.610000000000013,5.96,2.4978,312856.400000000023283,7666995.082000000402331
300750.SZ,2025.05.09,246.069999999999993,249.77000000000001,244.650000000000005,248.27000000000001,244.569999999999993,3.7,1.5129,236933.170000000012805,5858468.264000000432133
300750.SZ,2025.05.12,255,257.990000000000009,253,257,248.27000000000001,8.73,3.5163,302315.059999999997671,7731591.600999999791383
300750.SZ,2025.05.13,262,262,255.02000000000001,258.769999999999981,257,1.77,0.6887,204805.910000000003492,5281511.47499999962747
300750.SZ,2025.05.14,258.769999999999981,264.459999999999979,256.00999999999999,262.600000000000022,258.769999999999981,3.83,1.4801,231463.070000000006984,6020688.165000000037252
300750.SZ,2025.05.15,262.620000000000004,262.870000000000004,259.600000000000022,260.180000000000006,262.600000000000022,-2.42,-0.9216,141118.929999999993015,3685574.614000000059604
300750.SZ,2025.05.16,259.139999999999986,261.730000000000018,257.730000000000018,259.360000000000013,260.180000000000006,-0.82,-0.3152,189000.579999999987194,4904611.048000000417232
300750.SZ,2025.05.19,260.5,260.54000000000002,257.269999999999981,260,259.360000000000013,0.64,0.2468,169740.170000000012805,4399897.902999999932944
300750.SZ,2025.05.20,264.439999999999997,265.5,255.199999999999988,263,260,3,1.1538,346423.640000000013969,9053425.367000000551342
300750.SZ,2025.05.21,266.990000000000009,279.990000000000009,265.800000000000011,274.079999999999984,263,11.08,4.212900000000001,565245.170000000041909,15470587.404999999329447
300750.SZ,2025.05.22,277.800000000000011,277.939999999999997,268.269999999999981,270.370000000000004,274.079999999999984,-3.71,-1.3536,276081.179999999993015,7470701.467000000178813
300750.SZ,2025.05.23,271.00999999999999,274,266.949999999999988,266.990000000000009,270.370000000000004,-3.38,-1.2501,230003.519999999989522,6218224.097000000067055
300750.SZ,2025.05.26,265,266.379999999999995,252.900000000000005,255.900000000000005,266.990000000000009,-11.089999999999999,-4.1537,330122.150000000023283,8477228.630000000819563
300750.SZ,2025.05.27,255.889999999999986,257.209999999999979,252.389999999999986,253.990000000000009,255.900000000000005,-1.91,-0.7464,176679.950000000011641,4491281.265999999828636
300750.SZ,2025.05.28,255.610000000000013,258.269999999999981,253.319999999999993,253.599999999999994,253.990000000000009,-0.39,-0.1535,154562.649999999994179,3946773.464999999850988
300750.SZ,2025.05.29,253,253.979999999999989,249,251.849999999999994,253.599999999999994,-1.75,-0.6901,217882.85000000000582,5487937.548000000417232
300750.SZ,2025.05.30,250.900000000000005,252.650000000000005,247.469999999999998,250,251.849999999999994,-1.85,-0.7346,204337.470000000001164,5107325.148000000044703
300750.SZ,2025.06.03,252,253.900000000000005,250.439999999999997,251.150000000000005,250,1.15,0.46,158411.660000000003492,3989341.99599999981001
300750.SZ,2025.06.04,252.5,253.599999999999994,250.699999999999988,251.050000000000011,251.150000000000005,-0.1,-0.0398,130401.949999999997089,3285855.859000000171363
300750.SZ,2025.06.05,251.360000000000013,252.439999999999997,248.27000000000001,251.5,251.050000000000011,0.45,0.1792,135258.510000000009313,3386751.734999999869614
300750.SZ,2025.06.06,252,253.330000000000012,248.5,248.879999999999995,251.5,-2.62,-1.0417,165514.739999999990686,4138221.069999999832361
300750.SZ,2025.06.09,248.879999999999995,250.879999999999995,245.5,245.580000000000012,248.879999999999995,-3.3,-1.3259,185497.570000000006984,4593124.63800000026822
300750.SZ,2025.06.10,245,246.860000000000013,242.219999999999998,243.139999999999986,245.580000000000012,-2.44,-0.9936,139324.589999999996507,3406606.342999999877065
300750.SZ,2025.06.11,246.090000000000003,252.439999999999997,244.800000000000011,250.5,243.139999999999986,7.360000000000001,3.0271,279934.039999999979045,7006354.612999999895691
300750.SZ,2025.06.12,252,252.5,248.77000000000001,249.810000000000002,250.5,-0.69,-0.2754,175696.170000000012805,4386403.720999999903142
300750.SZ,2025.06.13,248.099999999999994,250.409999999999996,246.370000000000004,248.199999999999988,249.810000000000002,-1.61,-0.6445,174032.450000000011641,4322411.796000000089406
300750.SZ,2025.06.16,248,248.699999999999988,245.800000000000011,246.659999999999996,248.199999999999988,-1.54,-0.6205,122175.710000000006402,3013514.214999999850988
300750.SZ,2025.06.17,246.960000000000008,248.430000000000006,245.219999999999998,246.25999999999999,246.659999999999996,-0.4,-0.1622,97650.240000000005238,2407928.75
300750.SZ,2025.06.18,246.979999999999989,249.580000000000012,245.569999999999993,245.569999999999993,246.25999999999999,-0.69,-0.2802,104605.610000000000582,2586543.839000000152736
300750.SZ,2025.06.19,245.300000000000011,246.159999999999996,241.599999999999994,242.099999999999994,245.569999999999993,-3.47,-1.413,147984.559999999997671,3604508.60399999981746
300750.SZ,2025.06.20,241.060000000000002,243.120000000000004,239.5,240.25999999999999,242.099999999999994,-1.84,-0.76,136883.399999999994179,3293985.95699999993667
300750.SZ,2025.06.23,239.300000000000011,240.599999999999994,238.030000000000001,239.610000000000013,240.25999999999999,-0.65,-0.2705,127099.270000000004074,3040680.712999999988824
300750.SZ,2025.06.24,240.580000000000012,248.080000000000012,240.580000000000012,245.919999999999987,239.610000000000013,6.31,2.6334,235010.809999999997671,5767361.453999999910593
300750.SZ,2025.06.25,246.5,255.879999999999995,246,254.900000000000005,245.919999999999987,8.98,3.6516,315377.229999999981373,7930320.891999999992549
300750.SZ,2025.06.26,255.879999999999995,256.29000000000002,252.360000000000013,252.789999999999992,254.900000000000005,-2.11,-0.8278,199145.299999999988358,5062386.536999999545514
300750.SZ,2025.06.27,256.5,257.449999999999988,250.110000000000013,250.990000000000009,252.789999999999992,-1.8,-0.7121,236200.670000000012805,5985026.675999999977648
300750.SZ,2025.06.30,251.5,253.5,249.699999999999988,252.219999999999998,250.990000000000009,1.23,0.4901,176233.700000000011641,4434817.07799999974668
300750.SZ,2025.07.01,252.5,252.740000000000009,249.879999999999995,251.5,252.219999999999998,-0.72,-0.2855,95322.580000000001746,2395104.336000000126659
300750.SZ,2025.07.02,251.5,252.00999999999999,249.189999999999997,250.449999999999988,251.5,-1.05,-0.4175,115713.740000000005238,2897311.833999999798834
300750.SZ,2025.07.03,251.469999999999998,263.209999999999979,250.590000000000003,262.589999999999975,250.449999999999988,12.14,4.8473,338037.46999999997206,8746803.692999999970197
300750.SZ,2025.07.04,265.00999999999999,269.980000000000018,260.980000000000018,265.800000000000011,262.589999999999975,3.21,1.2224,272060.130000000004656,7214227.942999999970197
300750.SZ,2025.07.07,265.800000000000011,268.879999999999995,258.879999999999995,260.889999999999986,265.800000000000011,-4.91,-1.8473,174664.980000000010477,4568972.964999999850988
300750.SZ,2025.07.08,260.699999999999988,265.899999999999977,259.819999999999993,263.310000000000002,260.889999999999986,2.42,0.9276,155922.920000000012805,4104293.094000000040978
300750.SZ,2025.07.09,262.199999999999988,274.459999999999979,262.100000000000022,270.800000000000011,263.310000000000002,7.490000000000001,2.8446,293883.710000000020954,7948423.739000000059604
300750.SZ,2025.07.10,274.990000000000009,274.990000000000009,268.5,272,270.800000000000011,1.2,0.4431,242393.489999999990686,6594201.201999999582767
300750.SZ,2025.07.11,271.5,274,270.100000000000022,271.5,272,-0.5,-0.1838,213281.529999999998835,5798544.033999999985098
300750.SZ,2025.07.14,271,271.319999999999993,266.100000000000022,268.5,271.5,-3,-1.105,149788.839999999996507,4013693.003000000026077
300750.SZ,2025.07.15,268.5,272.5,266,267.75,268.5,-0.75,-0.2793,169526.489999999990686,4553827.627999999560415
300750.SZ,2025.07.16,268.5,268.699999999999988,263.04000000000002,264.399999999999977,267.75,-3.35,-1.2512,156264.790000000008149,4135841.242000000085681
300750.SZ,2025.07.17,265.370000000000004,267.75,264.360000000000013,265.5,264.399999999999977,1.1,0.416,145110.170000000012805,3852746.251000000163912
300750.SZ,2025.07.18,268.699999999999988,272.449999999999988,265.800000000000011,271.199999999999988,265.5,5.700000000000001,2.1469,221865.579999999987194,5981601.235000000335276
300750.SZ,2025.07.21,277,282,273.550000000000011,279.660000000000024,271.199999999999988,8.46,3.1195,324862.75,9047295.149000000208616
300750.SZ,2025.07.22,280,290,279.180000000000006,286.660000000000024,279.660000000000024,7,2.503,333090.289999999979045,9468912.161000000312924
300750.SZ,2025.07.23,288.160000000000025,290.75,286.589999999999975,287.019999999999981,286.660000000000024,0.36,0.1256,200189.739999999990686,5772653.126000000163912
300750.SZ,2025.07.24,289,289.199999999999988,282.910000000000024,285.199999999999988,287.019999999999981,-1.82,-0.6341,223891.140000000013969,6394082.071999999694526
300750.SZ,2025.07.25,285.199999999999988,285.199999999999988,281.75,282.800000000000011,285.199999999999988,-2.4,-0.8415,134326.010000000009313,3802835.259999999776482
300750.SZ,2025.07.28,283.019999999999981,289.089999999999974,281.300000000000011,286.300000000000011,282.800000000000011,3.5,1.2376,238973.35999999998603,6830867.029000000096857
300750.SZ,2025.07.29,286.699999999999988,292,286.680000000000006,291.819999999999993,286.300000000000011,5.52,1.928,233945.549999999988358,6785427.582999999634921
300750.SZ,2025.07.30,292.199999999999988,292.199999999999988,276.360000000000013,277.089999999999974,291.819999999999993,-14.73,-5.0476,415943.010000000009313,11712764.593000000342726
300750.SZ,2025.07.31,280.800000000000011,281.980000000000018,264.620000000000004,264.620000000000004,277.089999999999974,-12.47,-4.500300000000001,447103.549999999988358,12088514.55100000090897
300750.SZ,2025.08.01,264.800000000000011,266.600000000000022,262.75,263.069999999999993,264.620000000000004,-1.55,-0.5857,252500.019999999989522,6682814.645999999716877
300750.SZ,2025.08.04,263,268,261.699999999999988,266.480000000000018,263.069999999999993,3.41,1.2962,237681.679999999993015,6286238.371000000275671
300750.SZ,2025.08.05,267.5,269,263.5,265.699999999999988,266.480000000000018,-0.78,-0.2927,219760.399999999994179,5844478.669999999925494
300750.SZ,2025.08.06,265.220000000000027,266.899999999999977,263.230000000000018,265,265.699999999999988,-0.7,-0.2635,153233.10999999998603,4058482.396000000182539
300750.SZ,2025.08.07,265,266.490000000000009,262.199999999999988,263.050000000000011,265,-1.95,-0.7358,165481.040000000008149,4363462.114000000059604
300750.SZ,2025.08.08,264,266.160000000000025,262.00999999999999,263.480000000000018,263.050000000000011,0.43,0.1635,174282.160000000003492,4604736.20299999974668
300750.SZ,2025.08.11,263.480000000000018,266.149999999999977,262.5,263.660000000000024,263.480000000000018,0.18,0.0683,213308.760000000009313,5627553.110000000335276
300750.SZ,2025.08.12,263.5,265.180000000000006,257.720000000000027,263.25,263.660000000000024,-0.41,-0.1555,222407.390000000013969,5829140.855999999679625
300750.SZ,2025.08.13,264.769999999999981,275,264.50999999999999,273.600000000000022,263.25,10.349999999999999,3.9316,394667.690000000002328,10661084.797000000253319
300750.SZ,2025.08.14,276.889999999999986,282,274.480000000000018,279.889999999999986,273.600000000000022,6.29,2.299,371707.570000000006984,10378442.059000000357627
300750.SZ,2025.08.15,278.379999999999995,282.300000000000011,276.100000000000022,280.670000000000015,279.889999999999986,0.78,0.2787,241091.690000000002328,6735591.186999999918043
300750.SZ,2025.08.18,280.670000000000015,285.480000000000018,278.019999999999981,283,280.670000000000015,2.33,0.8302,285287.929999999993015,8056186.542000000365078
300750.SZ,2025.08.19,283,284,276.220000000000027,277.800000000000011,283,-5.200000000000001,-1.8375,244285.85000000000582,6816442.572999999858438
300750.SZ,2025.08.20,277.5,279.990000000000009,272.050000000000011,279.199999999999988,276.800000000000011,2.4,0.8671,233534.920000000012805,6414344.337000000290572
300750.SZ,2025.08.21,279.269999999999981,281.800000000000011,278,279,279.199999999999988,-0.2,-0.0716,182698.140000000013969,5103914.720999999903142
300750.SZ,2025.08.22,278.930000000000006,289.350000000000022,278.600000000000022,287.180000000000006,279,8.179999999999999,2.9319,264218.510000000009313,7543698.627999999560415
300750.SZ,2025.08.25,290,293.879999999999995,286.779999999999972,290.279999999999972,287.180000000000006,3.1,1.0795,312297.200000000011641,9046692.964999999850988
300750.SZ,2025.08.26,287.019999999999981,290.990000000000009,285.579999999999984,289.5,290.279999999999972,-0.78,-0.2687,230244.619999999995343,6648848.315000000409781
300750.SZ,2025.08.27,289,289.54000000000002,278.189999999999997,278.300000000000011,289.5,-11.199999999999999,-3.8687,382584.289999999979045,10859010.300000000745058
300750.SZ,2025.08.28,276.060000000000002,278.990000000000009,272.720000000000027,277.410000000000025,278.300000000000011,-0.89,-0.3198,304664.010000000009313,8407974.99100000038743
300750.SZ,2025.08.29,278.310000000000002,316.660000000000024,277.949999999999988,306.180000000000006,277.410000000000025,28.769999999999999,10.3709,780138.920000000041909,23482893.636999998241662
300750.SZ,2025.09.01,306.5,306.899999999999977,299.300000000000011,304,306.180000000000006,-2.18,-0.712,429964.210000000020954,13012795.663000000640749
300750.SZ,2025.09.02,304.029999999999972,311.100000000000022,299.029999999999972,302.870000000000004,304,-1.13,-0.3717,371168.890000000013969,11289093.083000000566244
300750.SZ,2025.09.03,303.5,311.649999999999977,303.029999999999972,309,302.870000000000004,6.13,2.024,508974.729999999981373,15640548.985999999567866
300750.SZ,2025.09.04,313.470000000000027,323.329999999999984,300.629999999999995,304.029999999999972,309,-4.97,-1.6084,657547.540000000037252,20442631.453000001609325
300750.SZ,2025.09.05,299.899999999999977,325.110000000000013,299.819999999999993,325.110000000000013,304.029999999999972,21.079999999999998,6.933500000000001,708197.790000000037252,22440211.715999998152256
300750.SZ,2025.09.08,334,337.649999999999977,323.5,325.370000000000004,325.110000000000013,0.26,0.08,588345.780000000027939,19349632.0489999987185
300750.SZ,2025.09.09,322.800000000000011,334.579999999999984,317.160000000000025,320,325.370000000000004,-5.370000000000001,-1.6504,434023.96999999997206,14085497.657999999821186
300750.SZ,2025.09.10,317.990000000000009,322,313,316.04000000000002,320,-3.96,-1.2375,367526.830000000016298,11649703.595000000670552
300750.SZ,2025.09.11,315.550000000000011,322.980000000000018,309.04000000000002,322.550000000000011,316.04000000000002,6.51,2.0599,380344.599999999976716,12060756.826999999582767
300750.SZ,2025.09.12,325.899999999999977,329.899999999999977,322.199999999999988,325,322.550000000000011,2.45,0.7596,338713.159999999974388,11031032.653000000864267
300750.SZ,2025.09.15,346.00999999999999,371.519999999999981,344.019999999999981,354.699999999999988,325,29.699999999999999,9.1385,718410.229999999981373,25586615.24100000038743
300750.SZ,2025.09.16,356.110000000000013,359,348.5,353.420000000000015,354.699999999999988,-1.28,-0.3609,377444.650000000023283,13325722.242000000551342
300750.SZ,2025.09.17,356.800000000000011,381.879999999999995,354,377.100000000000022,353.420000000000015,23.679999999999999,6.7002,543771,20113064.234000001102685
300750.SZ,2025.09.18,374.589999999999975,380,360.800000000000011,366.889999999999986,377.100000000000022,-10.21,-2.7075,518896.900000000023283,19308545.614000000059604
300750.SZ,2025.09.19,365,375.709999999999979,361.720000000000027,368.490000000000009,366.889999999999986,1.6,0.4361,339148.85999999998603,12515443.887000000104308
300750.SZ,2025.09.22,370.5,372.720000000000027,362.779999999999972,370.050000000000011,368.490000000000009,1.56,0.4233,285277.630000000004656,10474484.764000000432133
300750.SZ,2025.09.23,368,376.959999999999979,360,368.149999999999977,370.050000000000011,-1.9,-0.5134,348493.150000000023283,12813882.34999999962747
300750.SZ,2025.09.24,371,380,366.060000000000002,379.930000000000006,368.149999999999977,11.779999999999999,3.1998,383145.479999999981373,14311189.085999999195337
300750.SZ,2025.09.25,376.600000000000022,402.589999999999975,376.470000000000027,392.850000000000022,379.930000000000006,12.92,3.4006,466393.380000000004656,18251421.708000000566244
300750.SZ,2025.09.26,392.019999999999981,399.990000000000009,380,380.399999999999977,392.850000000000022,-12.449999999999999,-3.1691,362633.260000000009313,14106499.742000000551342
300750.SZ,2025.09.29,386.339999999999974,399.889999999999986,386.00999999999999,397.370000000000004,380.399999999999977,16.969999999999998,4.4611,389647.450000000011641,15381134.070000000298023
300750.SZ,2025.09.30,396,408.879999999999995,396,402,397.370000000000004,4.63,1.1652,330313.099999999976716,13278445.666999999433755
300750.SZ,2025.10.09,399.980000000000018,424.360000000000013,399.740000000000009,409.889999999999986,402,7.89,1.9627,412088.229999999981373,16989122.537999998778104
300750.SZ,2025.10.10,401,403.800000000000011,379.00999999999999,381.949999999999988,409.889999999999986,-27.940000000000001,-6.8165,533117.979999999981373,20684330.795000001788139
300750.SZ,2025.10.13,362.860000000000013,384.600000000000022,362.860000000000013,374.5,381.949999999999988,-7.450000000000001,-1.9505,471509.979999999981373,17618650.276999998837709
300750.SZ,2025.10.14,381,385.800000000000011,355.769999999999981,358,374.5,-16.5,-4.4059,496399.390000000013969,18319370.881000000983476
300750.SZ,2025.10.15,358.5,369.709999999999979,354.75999999999999,369.300000000000011,358,11.3,3.1564,369933.549999999988358,13383852.916999999433755
300750.SZ,2025.10.16,367.5,373.899999999999977,364.5,368.5,369.300000000000011,-0.8,-0.2166,276294.669999999983701,10185159.268999999389052
300750.SZ,2025.10.17,367.5,375,356.990000000000009,358.139999999999986,368.5,-10.359999999999999,-2.8114,319057.60999999998603,11588825.855000000447034
300750.SZ,2025.10.20,365,368.889999999999986,359.529999999999972,366.5,358.139999999999986,8.359999999999999,2.3343,284324.200000000011641,10372513.059000000357627
300750.SZ,2025.10.21,373,381.350000000000022,363.100000000000022,375.899999999999977,366.5,9.4,2.5648,446328.700000000011641,16784956.526000000536441
300750.SZ,2025.10.22,375.899999999999977,378.879999999999995,368.199999999999988,372.860000000000013,375.899999999999977,-3.04,-0.8087,219458.790000000008149,8178934.535000000149011
300750.SZ,2025.10.23,373.800000000000011,378.800000000000011,369,376.449999999999988,372.860000000000013,3.59,0.9628,239980.980000000010477,8982628.027000000700354
300750.SZ,2025.10.24,379.970000000000027,387.800000000000011,378,385.769999999999981,376.449999999999988,9.32,2.4758,320415.780000000027939,12276721.104000000283122
300750.SZ,2025.10.27,393,393,376.569999999999993,386.180000000000006,385.769999999999981,0.41,0.1063,404510.179999999993015,15542852.576999999582767
300750.SZ,2025.10.28,386.160000000000025,393.800000000000011,383.019999999999981,386.480000000000018,386.180000000000006,0.3,0.0777,287082.950000000011641,11160796.766000000759959
300750.SZ,2025.10.29,386,400.04000000000002,384.699999999999988,400,386.480000000000018,13.519999999999999,3.4982,344740.460000000020954,13644645.225999999791383
300750.SZ,2025.10.30,405.980000000000018,409.079999999999984,396.829999999999984,398.29000000000002,400,-1.71,-0.4275,343060.880000000004656,13797530.229000000283122
300750.SZ,2025.10.31,398,406.800000000000011,388.199999999999988,388.769999999999981,398.29000000000002,-9.519999999999999,-2.3902,340483.5,13515773.430999999865889
300750.SZ,2025.11.03,387,391.910000000000024,375.769999999999981,386.860000000000013,388.769999999999981,-1.91,-0.4913,263681.770000000018626,10106566.78099999949336
300750.SZ,2025.11.04,383.060000000000002,386.5,374,378.949999999999988,386.860000000000013,-7.91,-2.0447,239390.739999999990686,9091842.153000000864267
300750.SZ,2025.11.05,372.850000000000022,393,372,388.699999999999988,378.949999999999988,9.75,2.5729,311425.320000000006984,11937586.811000000685453
300750.SZ,2025.11.06,390,399.490000000000009,388.699999999999988,394.680000000000006,388.699999999999988,5.980000000000001,1.5385,234474.769999999989522,9261688.312000000849366
300750.SZ,2025.11.07,393.5,397.50999999999999,388.879999999999995,395.370000000000004,394.680000000000006,0.69,0.1748,165548.920000000012805,6516185.371000000275671
300750.SZ,2025.11.10,398.399999999999977,400.310000000000002,383.319999999999993,384.50999999999999,395.370000000000004,-10.859999999999999,-2.7468,238959.910000000003492,9267204.047000000253319
300750.SZ,2025.11.11,386,394.769999999999981,384.5,385.600000000000022,384.50999999999999,1.09,0.2835,193031.75,7500041.112999999895691
300750.SZ,2025.11.12,390.779999999999972,392.990000000000009,383.980000000000018,386.379999999999995,385.600000000000022,0.78,0.2023,212998.25,8261238.196999999694526
300750.SZ,2025.11.13,385.050000000000011,421.300000000000011,385.050000000000011,415.600000000000022,386.379999999999995,29.219999999999998,7.5625,562654.489999999990686,22945441.956000000238418
300750.SZ,2025.11.14,407,414.600000000000022,403.879999999999995,404.120000000000004,415.600000000000022,-11.48,-2.7623,241721.200000000011641,9879119.548000000417232
300750.SZ,2025.11.17,388,392.399999999999977,382.5,390.779999999999972,404.120000000000004,-13.339999999999999,-3.301,476855.030000000027939,18542294.254999998956918
300750.SZ,2025.11.18,389,398.629999999999995,381,385,390.779999999999972,-5.780000000000001,-1.4791,395658.140000000013969,15353867.656999999657273
300750.SZ,2025.11.19,385.5,398.439999999999997,384.959999999999979,391.100000000000022,385,6.1,1.5844,292666.85999999998603,11462348.542999999597668
300750.SZ,2025.11.20,394.899999999999977,395,377.00999999999999,379.389999999999986,391.100000000000022,-11.71,-2.9941,336742.849999999976716,12895238.923000000417232
300750.SZ,2025.11.21,375,383,370,370,379.389999999999986,-9.39,-2.475,316313.349999999976716,11850710.342000000178813
300750.SZ,2025.11.24,373.800000000000011,374.899999999999977,367.180000000000006,370.550000000000011,370,0.55,0.1486,228458.190000000002328,8464724.007999999448657
300750.SZ,2025.11.25,375,379.660000000000024,370.589999999999975,372.360000000000013,370.550000000000011,1.81,0.4885,206332.45999999999185,7733117.132000000216066
300750.SZ,2025.11.26,375.5,375.5,370.069999999999993,372.819999999999993,372.360000000000013,0.46,0.1235,189106.60000000000582,7048903.987999999895691
300750.SZ,2025.11.27,373,378.879999999999995,370,371.199999999999988,372.819999999999993,-1.62,-0.4345,222002.589999999996507,8289124.680999999865889
300750.SZ,2025.11.28,370.5,375.480000000000018,366.160000000000025,373.199999999999988,371.199999999999988,2,0.5388,203402.630000000004656,7542337.298000000417232
300750.SZ,2025.12.01,374.75999999999999,382.970000000000027,374.029999999999972,382.970000000000027,373.199999999999988,9.769999999999999,2.6179,267510.130000000004656,10120862.870999999344348
300750.SZ,2025.12.02,383.5,384.980000000000018,377.399999999999977,380.079999999999984,382.970000000000027,-2.89,-0.7546,163484.60999999998603,6220569.502000000327825
300750.SZ,2025.12.03,380.089999999999974,383.370000000000004,375,376.079999999999984,380.079999999999984,-4,-1.0524,139911.35000000000582,5294871.742999999783933
300750.SZ,2025.12.04,379.189999999999997,383.600000000000022,375.149999999999977,383.350000000000022,376.079999999999984,7.27,1.9331,191658.089999999996507,7299943.081000000238418
300750.SZ,2025.12.05,387.199999999999988,389.310000000000002,382,389.089999999999974,383.350000000000022,5.740000000000001,1.4973,232915.589999999996507,9004580.815999999642372
300750.SZ,2025.12.08,390.430000000000006,395.379999999999995,385.5,392.5,389.089999999999974,3.41,0.8764,216597.579999999987194,8476698.699999999254941
300750.SZ,2025.12.09,391.5,392.25999999999999,386,387.589999999999975,392.5,-4.91,-1.251,186917.730000000010477,7255076.087000000290572
300750.SZ,2025.12.10,385.050000000000011,388,377.25999999999999,382.379999999999995,387.589999999999975,-5.21,-1.3442,194334.049999999988358,7399361.24100000038743
300750.SZ,2025.12.11,384.899999999999977,398.860000000000013,383.379999999999995,388.990000000000009,382.379999999999995,6.610000000000001,1.7286,282153.780000000027939,11089031.994999999180436
300750.SZ,2025.12.12,392,393.389999999999986,385.5,391.800000000000011,388.990000000000009,2.81,0.7224,240020.220000000001164,9355490.915999999269843
300750.SZ,2025.12.15,391.5,394.970000000000027,385.209999999999979,385.5,391.800000000000011,-6.3,-1.608,182749.929999999993015,7099251.458999999798834
300750.SZ,2025.12.16,386,389.079999999999984,378.029999999999972,378.410000000000025,385.5,-7.09,-1.8392,191216.760000000009313,7292054.834999999962747
300750.SZ,2025.12.17,376.449999999999988,384.5,375.060000000000002,383.420000000000015,378.410000000000025,5.01,1.324,222574.079999999987194,8453303.23399999924004
300750.SZ,2025.12.18,379.569999999999993,380.949999999999988,370.00999999999999,372,383.420000000000015,-11.419999999999999,-2.9785,296392.830000000016298,11079385.459000000730156
300750.SZ,2025.12.19,374.079999999999984,377.680000000000006,370.800000000000011,374,372,2,0.5376,175599.450000000011641,6572807.889999999664723
300750.SZ,2025.12.22,376,377.990000000000009,368.100000000000022,371.839999999999975,374,-2.16,-0.5775,254935.380000000004656,9489773.61600000038743
300750.SZ,2025.12.23,372,380.5,371.600000000000022,378.100000000000022,371.839999999999975,6.26,1.6835,236040.85999999998603,8879315.764000000432133
300750.SZ,2025.12.24,378.079999999999984,378.079999999999984,372,375.600000000000022,378.100000000000022,-2.5,-0.6612,210883.869999999995343,7902857.946000000461935
300750.SZ,2025.12.25,374.209999999999979,374.209999999999979,369.120000000000004,373.00999999999999,375.600000000000022,-2.59,-0.6896,203431.440000000002328,7559336.243999999947845
300750.SZ,2025.12.26,372.959999999999979,378,370.100000000000022,374.430000000000006,373.00999999999999,1.42,0.3807,257236.890000000013969,9616116.052999999374151
300750.SZ,2025.12.29,374,374.430000000000006,368,369.310000000000002,374.430000000000006,-5.120000000000001,-1.3674,241240.720000000001164,8924502.782999999821186
300750.SZ,2025.12.30,367.100000000000022,371,366.560000000000002,369.199999999999988,369.310000000000002,-0.11,-0.0298,190308.20999999999185,7014015.793999999761581
300750.SZ,2025.12.31,369.79000000000002,372,367.149999999999977,367.25999999999999,369.199999999999988,-1.94,-0.5255,160265.970000000001164,5920431.544999999925494
300750.SZ,2026.01.05,370,378,368.189999999999997,377.5,367.25999999999999,10.24,2.7882,336881.349999999976716,12583419.573999999091029
300750.SZ,2026.01.06,380,380.5,369.04000000000002,373.990000000000009,377.5,-3.51,-0.9298,341477.099999999976716,12764795.666999999433755
300750.SZ,2026.01.07,372.949999999999988,375.480000000000018,368.490000000000009,371.00999999999999,373.990000000000009,-2.98,-0.7968,262285.349999999976716,9730943.678999999538064
300750.SZ,2026.01.08,368,373.329999999999984,367,369.209999999999979,371.00999999999999,-1.8,-0.4852,269590.349999999976716,9962397.480000000447034
300750.SZ,2026.01.09,369.170000000000015,377.629999999999995,367.00999999999999,369.230000000000018,369.209999999999979,0.02,0.0054,314771.869999999995343,11681035.309000000357627
300750.SZ,2026.01.12,368,368,351.660000000000024,361.680000000000006,369.230000000000018,-7.55,-2.0448,488307.390000000013969,17505537.199000000953674
300750.SZ,2026.01.13,366.25,367.769999999999981,357,359,361.680000000000006,-2.68,-0.741,296709.200000000011641,10745692.369999999180436
300750.SZ,2026.01.14,360.029999999999972,361.220000000000027,351.709999999999979,353.980000000000018,359,-5.02,-1.3983,380833.650000000023283,13553362.723999999463558
300750.SZ,2026.01.15,352.75,358.279999999999972,351.800000000000011,353.75,353.980000000000018,-0.23,-0.065,323709.119999999995343,11474019.06000000052154
300750.SZ,2026.01.16,357.990000000000009,361.720000000000027,351.50999999999999,352.319999999999993,353.75,-1.43,-0.4042,319818.419999999983701,11350569.562999999150633
300750.SZ,2026.01.19,351.470000000000027,355.339999999999974,345.329999999999984,348.899999999999977,352.319999999999993,-3.42,-0.9707,338642.840000000025611,11842421.264000000432133
300750.SZ,2026.01.20,350,356.910000000000024,347.899999999999977,349.600000000000022,348.899999999999977,0.7,0.2006,354405.890000000013969,12466608.900000000372529
300750.SZ,2026.01.21,351.939999999999997,357.689999999999997,349,349.810000000000002,349.600000000000022,0.21,0.0601,393935.729999999981373,13919426.404999999329447
300750.SZ,2026.01.22,351.029999999999972,353.730000000000018,339.5,345.800000000000011,349.810000000000002,-4.01,-1.1463,459948.179999999993015,15851213.229000000283122
300750.SZ,2026.01.23,348.00999999999999,350,343.25,347,345.800000000000011,1.2,0.347,339761.270000000018626,11775914.385999999940395
300750.SZ,2026.01.26,352.019999999999981,352.550000000000011,341.209999999999979,342.050000000000011,347,-4.950000000000001,-1.4265,332913.85999999998603,11468681.278999999165534
300750.SZ,2026.01.27,344.889999999999986,344.899999999999977,334.019999999999981,339.399999999999977,342.050000000000011,-2.65,-0.7747,322948.849999999976716,10953698.562000000849366
300750.SZ,2026.01.28,337.879999999999995,344,333.00999999999999,339.990000000000009,339.399999999999977,0.59,0.1738,463081.710000000020954,15638344.008999999612569
300750.SZ,2026.01.29,340.5,345.160000000000025,338.160000000000025,341.889999999999986,339.990000000000009,1.9,0.5588,338444.190000000002328,11569006.793999999761581
300750.SZ,2026.01.30,348.399999999999977,353.75999999999999,344.100000000000022,350,341.889999999999986,8.109999999999999,2.3721,486501.150000000023283,17048600
300750.SZ,2026.02.02,357,357.990000000000009,344.129999999999995,348.980000000000018,350,-1.02,-0.2914,391917.46999999997206,13766144.458000000566244
300750.SZ,2026.02.03,349,352.800000000000011,343.5,347.910000000000024,348.980000000000018,-1.07,-0.3066,265163.25,9220045.791999999433755
300750.SZ,2026.02.04,350.959999999999979,366.649999999999977,347.50999999999999,365.029999999999972,347.910000000000024,17.120000000000001,4.9208,485316.849999999976716,17369398.061999998986721
300750.SZ,2026.02.05,365.769999999999981,366.75,356.019999999999981,362.939999999999997,365.029999999999972,-2.09,-0.5726,284271.570000000006984,10268243.282999999821186
300750.SZ,2026.02.06,359.319999999999993,372.879999999999995,358.00999999999999,369.110000000000013,362.939999999999997,6.17,1.7,393726.179999999993015,14514523.059000000357627
300750.SZ,2026.02.09,370.5,372.5,362.600000000000022,368.819999999999993,369.110000000000013,-0.29,-0.0786,274486.299999999988358,10080946.31900000013411
300750.SZ,2026.02.10,365.170000000000015,370.800000000000011,364,364.970000000000027,368.819999999999993,-3.85,-1.0439,185634.989999999990686,6798020.173999999649822
300750.SZ,2026.02.11,366.899999999999977,370.990000000000009,364.5,368,364.970000000000027,3.03,0.8302,196534.589999999996507,7239804.071000000461935
300750.SZ,2026.02.12,370,377.879999999999995,368.029999999999972,375.870000000000004,368,7.87,2.1386,277545.799999999988358,10410892.196000000461935
300750.SZ,2026.02.13,375.610000000000013,377,365.00999999999999,365.339999999999974,375.870000000000004,-10.529999999999999,-2.8015,223145.320000000006984,8229700.940999999642372
300750.SZ,2026.02.24,372.639999999999986,373.5,361.949999999999988,361.949999999999988,365.339999999999974,-3.39,-0.9279,226951.309999999997671,8316534.692999999970197
300750.SZ,2026.02.25,363.689999999999997,366.600000000000022,360.100000000000022,362.180000000000006,361.949999999999988,0.23,0.0635,187166.390000000013969,6802110.618999999947845
300750.SZ,2026.02.26,356.050000000000011,358.199999999999988,343.5,346,362.180000000000006,-16.179999999999999,-4.4674,435413.809999999997671,15108143.009999999776482
300750.SZ,2026.02.27,347.120000000000004,348.939999999999997,342.00999999999999,342.00999999999999,346,-3.99,-1.1532,254466.200000000011641,8775054.149000000208616
