ts_code,trade_date,open,high,low,close,pre_close,change,pct_chg,vol,amount
600036.SH,2023.03.01,37.25,38.340000000000003,37.200000000000002,38.25,37.310000000000002,0.94,2.5194,571194.010000000009313,2169732.584999999962747
600036.SH,2023.03.02,38.039999999999999,38.5,37.770000000000003,38.25,38.25,0,0,349070.090000000025611,1332878.911000000080093
600036.SH,2023.03.03,38.5,38.770000000000003,37.899999999999998,38.25,38.25,0,0,357113.900000000023283,1365470.222000000067055
600036.SH,2023.03.06,38.020000000000003,38.229999999999996,36.909999999999996,37,38.25,-1.25,-3.268,810519.390000000013969,3015166.370000000111758
600036.SH,2023.03.07,36.89,37.479999999999996,36.409999999999996,36.560000000000002,37,-0.44,-1.1892,737411.489999999990686,2722185.234000000171363
600036.SH,2023.03.08,36.25,36.32,35.799999999999997,36,36.560000000000002,-0.56,-1.5317,616583.569999999948777,2216886.86200000019744
600036.SH,2023.03.09,36,36.079999999999998,35.5,35.579999999999998,36,-0.42,-1.1667,539996.020000000018626,1928666.141000000061467
600036.SH,2023.03.10,35.049999999999997,35.659999999999996,34.950000000000002,35.030000000000001,35.579999999999998,-0.55,-1.5458,558453.660000000032596,1963698.972000000067055
600036.SH,2023.03.13,34.920000000000001,35.380000000000002,34.71,35.049999999999997,35.030000000000001,0.02,0.0571,584204.630000000004656,2046110.685000000055879
600036.SH,2023.03.14,34.679999999999999,34.929999999999999,34.340000000000003,34.579999999999998,35.049999999999997,-0.47,-1.3409,626667.5,2168927.833999999798834
600036.SH,2023.03.15,35.149999999999998,35.71,34.880000000000002,34.880000000000002,34.579999999999998,0.3,0.8676,676383.780000000027939,2380639.263999999966472
600036.SH,2023.03.16,34.5,35.149999999999998,34.21,34.649999999999998,34.880000000000002,-0.23,-0.6594,403894.890000000013969,1401995.821999999927356
600036.SH,2023.03.17,35.020000000000003,35.369999999999997,34.020000000000003,34.359999999999999,34.649999999999998,-0.29,-0.8369,832715.780000000027939,2893458.532999999821186
600036.SH,2023.03.20,34.439999999999997,34.909999999999996,34.020000000000003,34.119999999999997,34.359999999999999,-0.24,-0.6985,520725.150000000023283,1790157.156999999890103
600036.SH,2023.03.21,34.21,34.5,34.009999999999998,34.229999999999996,34.119999999999997,0.11,0.3224,367475.390000000013969,1256872.360000000102445
600036.SH,2023.03.22,34.520000000000003,34.729999999999996,34.280000000000001,34.539999999999999,34.229999999999996,0.31,0.9056,459867.400000000023283,1587045.183999999891966
600036.SH,2023.03.23,34.399999999999998,35.340000000000003,34.32,35.200000000000002,34.539999999999999,0.66,1.9108,542146.32999999995809,1890730.122999999905005
600036.SH,2023.03.24,34.979999999999996,34.979999999999996,34.229999999999996,34.429999999999999,35.200000000000002,-0.77,-2.1875,678718.390000000013969,2342134.998999999836087
600036.SH,2023.03.27,34.600000000000001,34.600000000000001,34.049999999999997,34.21,34.429999999999999,-0.22,-0.639,449836.099999999976716,1538661.023999999975785
600036.SH,2023.03.28,34.409999999999996,34.719999999999998,34.179999999999999,34.399999999999998,34.21,0.19,0.5554,533234.35999999998603,1834470.874000000068917
600036.SH,2023.03.29,34.609999999999999,34.700000000000002,34.100000000000001,34.119999999999997,34.399999999999998,-0.28,-0.814,418630.119999999995343,1433206.73300000000745
600036.SH,2023.03.30,34.149999999999998,34.39,33.71,34.350000000000001,34.119999999999997,0.23,0.6741,562289.699999999953433,1915822.304000000003725
600036.SH,2023.03.31,34.359999999999999,34.82,34.14,34.270000000000003,34.350000000000001,-0.08,-0.2329,577794.280000000027939,1993103.479000000050291
600036.SH,2023.04.03,34.310000000000002,34.450000000000002,33.979999999999996,34.369999999999997,34.270000000000003,0.1,0.2918,504675.010000000009313,1727952.628000000026077
600036.SH,2023.04.04,34.380000000000002,34.420000000000001,34.060000000000002,34.280000000000001,34.369999999999997,-0.09,-0.2619,487820.659999999974388,1668757.195999999996274
600036.SH,2023.04.06,34.170000000000001,34.170000000000001,33.729999999999996,33.799999999999997,34.280000000000001,-0.48,-1.4002,486795.669999999983701,1650684.311999999918043
600036.SH,2023.04.07,33.850000000000001,34.259999999999997,33.75,34.14,33.799999999999997,0.34,1.0059,394141.200000000011641,1343439.510999999940395
600036.SH,2023.04.10,34.149999999999998,34.299999999999997,33.969999999999998,34.240000000000002,34.14,0.1,0.2929,330159.489999999990686,1128256.665000000037252
600036.SH,2023.04.11,34.240000000000002,34.340000000000003,33.630000000000002,33.729999999999996,34.240000000000002,-0.51,-1.4895,733991.530000000027939,2485887.912000000011175
600036.SH,2023.04.12,33.89,33.950000000000002,33.659999999999996,33.740000000000002,33.729999999999996,0.01,0.0296,416127.690000000002328,1403968.679000000003725
600036.SH,2023.04.13,33.649999999999998,34.240000000000002,33.25,34.009999999999998,33.740000000000002,0.27,0.8002,634304.560000000055879,2142100.174999999813735
600036.SH,2023.04.14,34.200000000000002,34.789999999999999,34.020000000000003,34.39,34.009999999999998,0.38,1.1173,693923.380000000004656,2387857.214000000152736
600036.SH,2023.04.17,34.32,35.200000000000002,34.100000000000001,35.200000000000002,34.39,0.81,2.3553,893730.119999999995343,3107511.586999999824911
600036.SH,2023.04.18,35.21,36.350000000000001,35.119999999999997,35.679999999999999,35.200000000000002,0.48,1.3636,942714.630000000004656,3375509.115999999921768
600036.SH,2023.04.19,35.840000000000003,35.840000000000003,35.299999999999997,35.5,35.679999999999999,-0.18,-0.5045,510886.479999999981373,1815680.621999999973922
600036.SH,2023.04.20,35.600000000000001,35.740000000000002,34.859999999999999,34.990000000000001,35.5,-0.51,-1.4366,680915.300000000046566,2393722.845000000204891
600036.SH,2023.04.21,34.990000000000001,35.179999999999999,34.429999999999999,34.5,34.990000000000001,-0.49,-1.4004,531591.459999999962747,1849378.442999999970197
600036.SH,2023.04.24,34.520000000000003,34.689999999999997,33.509999999999997,33.600000000000001,34.5,-0.9,-2.6087,729873.680000000051222,2474101.753000000026077
600036.SH,2023.04.25,33.609999999999999,34.14,33.509999999999997,34.030000000000001,33.600000000000001,0.43,1.2798,512212.799999999988358,1731551.112999999895691
600036.SH,2023.04.26,33.799999999999997,33.96,33.350000000000001,33.82,34.030000000000001,-0.21,-0.6171,496500.700000000011641,1673601.449999999953433
600036.SH,2023.04.27,32.969999999999998,32.990000000000001,32.14,32.630000000000002,33.82,-1.19,-3.5186,1559279.389999999897554,5072330.697999999858438
600036.SH,2023.04.28,32.46,33.75,32.409999999999996,33.600000000000001,32.630000000000002,0.97,2.9727,940213.07999999995809,3136764.115000000223517
600036.SH,2023.05.04,33.289999999999999,34.399999999999998,32.829999999999998,34.130000000000002,33.600000000000001,0.53,1.5774,725433.030000000027939,2457318.97899999981746
600036.SH,2023.05.05,34.179999999999999,35.060000000000002,34.149999999999998,34.689999999999997,34.130000000000002,0.56,1.6408,800889.729999999981373,2785096.473999999929219
600036.SH,2023.05.08,34.859999999999999,35.950000000000002,34.64,35.600000000000001,34.689999999999997,0.91,2.6232,1064265.800000000046566,3773892.299999999813735
600036.SH,2023.05.09,35.679999999999999,36.100000000000001,34.96,34.990000000000001,35.600000000000001,-0.61,-1.7135,985529.780000000027939,3503564.878000000026077
600036.SH,2023.05.10,34.899999999999998,35.119999999999997,34.289999999999999,34.399999999999998,34.990000000000001,-0.59,-1.6862,638373.869999999995343,2203715.637000000104308
600036.SH,2023.05.11,34.600000000000001,35.329999999999998,34.399999999999998,34.450000000000002,34.399999999999998,0.05,0.1453,445802.840000000025611,1547837.682999999960884
600036.SH,2023.05.12,34.469999999999998,34.549999999999997,34,34.039999999999999,34.450000000000002,-0.41,-1.1901,459365.690000000002328,1569062.496999999973922
600036.SH,2023.05.15,34.090000000000003,34.850000000000001,33.71,34.700000000000002,34.039999999999999,0.66,1.9389,528094.530000000027939,1811811.26300000003539
600036.SH,2023.05.16,34.950000000000002,35.200000000000002,34.57,34.82,34.700000000000002,0.12,0.3458,385248.039999999979045,1341479.236000000033527
600036.SH,2023.05.17,34.810000000000002,35.130000000000002,34.429999999999999,34.5,34.82,-0.32,-0.919,396376.349999999976716,1380094.247999999905005
600036.SH,2023.05.18,34.729999999999996,34.840000000000003,34.21,34.450000000000002,34.5,-0.05,-0.1449,329012.299999999988358,1137523.12100000004284
600036.SH,2023.05.19,34.350000000000001,34.450000000000002,33.939999999999997,33.950000000000002,34.450000000000002,-0.5,-1.4514,392989.799999999988358,1339332.375
600036.SH,2023.05.22,33.979999999999996,34.340000000000003,33.979999999999996,34.200000000000002,33.950000000000002,0.25,0.7364,296934.409999999974388,1014463.033000000054016
600036.SH,2023.05.23,34.21,34.380000000000002,33.600000000000001,33.600000000000001,34.200000000000002,-0.6,-1.7544,346921.260000000009313,1177389.441000000108033
600036.SH,2023.05.24,33.590000000000003,33.590000000000003,32.929999999999999,32.929999999999999,33.600000000000001,-0.67,-1.994,463998.729999999981373,1541649.338999999919906
600036.SH,2023.05.25,32.759999999999997,32.759999999999997,32.159999999999996,32.420000000000001,32.929999999999999,-0.51,-1.5487,706051.030000000027939,2286618.239000000059604
600036.SH,2023.05.26,32.439999999999997,32.859999999999999,32.219999999999998,32.740000000000002,32.420000000000001,0.32,0.987,294623.739999999990686,958855.792000000015832
600036.SH,2023.05.29,32.950000000000002,32.950000000000002,32.439999999999997,32.689999999999997,32.740000000000002,-0.05,-0.1527,387300.900000000023283,1263259.965000000083819
600036.SH,2023.05.30,32.689999999999997,32.899999999999998,32.359999999999999,32.64,32.689999999999997,-0.05,-0.153,340071.780000000027939,1108840.100000000093132
600036.SH,2023.05.31,32.600000000000001,32.799999999999997,32.240000000000002,32.299999999999997,32.64,-0.34,-1.0417,525413.979999999981373,1704091.986000000033527
600036.SH,2023.06.01,32.310000000000002,32.5,32.020000000000003,32.060000000000002,32.299999999999997,-0.24,-0.743,472398.809999999997671,1521250.952000000048428
600036.SH,2023.06.02,32.219999999999998,33.100000000000001,32.200000000000002,33.07,32.060000000000002,1.01,3.1503,558856.069999999948777,1829053.080000000074505
600036.SH,2023.06.05,33.07,33.270000000000003,32.840000000000003,33.039999999999999,33.07,-0.03,-0.0907,312730.340000000025611,1033695.633999999961815
600036.SH,2023.06.06,33.039999999999999,33.799999999999997,32.979999999999996,33.07,33.039999999999999,0.03,0.0908,386633.75,1288946.277999999932944
600036.SH,2023.06.07,33.25,33.609999999999999,33.159999999999996,33.299999999999997,33.07,0.23,0.6955,338906.349999999976716,1132209.543999999994412
600036.SH,2023.06.08,33.32,34.219999999999998,33.219999999999998,34.079999999999998,33.299999999999997,0.78,2.3423,549615.010000000009313,1859578.016000000061467
600036.SH,2023.06.09,34.049999999999997,34.25,33.740000000000002,33.740000000000002,34.079999999999998,-0.34,-0.9977,415108.71999999997206,1408235.125999999931082
600036.SH,2023.06.12,33.729999999999996,33.920000000000001,33.380000000000002,33.729999999999996,33.740000000000002,-0.01,-0.0296,406773.760000000009313,1370601.854000000050291
600036.SH,2023.06.13,33.560000000000002,33.939999999999997,33.5,33.729999999999996,33.729999999999996,0,0,231245.559999999997671,779060.070999999996274
600036.SH,2023.06.14,33.929999999999999,34.039999999999999,33.39,33.39,33.729999999999996,-0.34,-1.008,382633.099999999976716,1289658.685000000055879
600036.SH,2023.06.15,33.5,33.789999999999999,33.310000000000002,33.719999999999998,33.39,0.33,0.9883,369537.059999999997671,1239411.03499999991618
600036.SH,2023.06.16,33.859999999999999,34.039999999999999,33.75,33.929999999999999,33.719999999999998,0.21,0.6228,426806.369999999995343,1448460.381999999983236
600036.SH,2023.06.19,33.909999999999996,33.909999999999996,33.560000000000002,33.579999999999998,33.929999999999999,-0.35,-1.0315,278960.619999999995343,939883.957000000053085
600036.SH,2023.06.20,33.5,33.560000000000002,33.100000000000001,33.189999999999997,33.579999999999998,-0.39,-1.1614,307648.75,1024392.135000000009313
600036.SH,2023.06.21,33.060000000000002,33.64,33,33.170000000000001,33.189999999999997,-0.02,-0.0603,427865.989999999990686,1426164.911000000080093
600036.SH,2023.06.26,32.929999999999999,33.100000000000001,32.420000000000001,32.609999999999999,33.170000000000001,-0.56,-1.6883,432103,1410658.235000000102445
600036.SH,2023.06.27,32.630000000000002,33.009999999999998,32.439999999999997,32.82,32.609999999999999,0.21,0.644,345715.270000000018626,1132557.912999999942258
600036.SH,2023.06.28,32.810000000000002,33.179999999999999,32.719999999999998,33.049999999999997,32.82,0.23,0.7008,333818.010000000009313,1100128.735000000102445
600036.SH,2023.06.29,33.049999999999997,33.179999999999999,32.670000000000001,32.679999999999999,33.049999999999997,-0.37,-1.1195,258548.309999999997671,848217.753000000026077
600036.SH,2023.06.30,32.729999999999996,33,32.64,32.759999999999997,32.679999999999999,0.08,0.2448,293613.270000000018626,964762.581000000005587
600036.SH,2023.07.03,32.899999999999998,33.759999999999997,32.799999999999997,33.719999999999998,32.759999999999997,0.96,2.9304,453667.669999999983701,1515242.662999999942257
600036.SH,2023.07.04,33.600000000000001,33.600000000000001,33.359999999999999,33.509999999999997,33.719999999999998,-0.21,-0.6228,224086.559999999997671,749827.211000000010244
600036.SH,2023.07.05,33.5,33.5,32.840000000000003,33.030000000000001,33.509999999999997,-0.48,-1.4324,413071.580000000016298,1365494.25
600036.SH,2023.07.06,33.030000000000001,33.119999999999997,32.509999999999997,32.579999999999998,33.030000000000001,-0.45,-1.3624,407842.460000000020954,1334753.416999999899417
600036.SH,2023.07.07,32.5,32.579999999999998,32.289999999999999,32.310000000000002,32.579999999999998,-0.27,-0.8287,472794.400000000023283,1530388.128999999957159
600036.SH,2023.07.10,32.520000000000003,32.689999999999997,32.329999999999998,32.450000000000002,32.310000000000002,0.14,0.4333,272076.770000000018626,883689.381999999983236
600036.SH,2023.07.11,32.729999999999996,32.799999999999997,32.469999999999998,32.71,32.450000000000002,0.26,0.8012,329166.539999999979045,1074347.764999999897554
600036.SH,2023.07.12,32.719999999999998,33.439999999999997,32.719999999999998,33.200000000000002,32.71,0.49,1.498,632049.32999999995809,2098753.493999999947845
600036.SH,2023.07.13,31.989999999999998,32,31.449999999999999,31.850000000000001,31.46,0.39,1.2397,563850.280000000027939,1791570.807000000029802
600036.SH,2023.07.14,31.940000000000001,32.189999999999997,31.780000000000001,31.929999999999999,31.850000000000001,0.08,0.2512,347520.559999999997671,1111472.58199999993667
600036.SH,2023.07.17,31.769999999999999,31.780000000000001,31.429999999999999,31.649999999999998,31.929999999999999,-0.28,-0.8769,262002.790000000008149,827190.405999999959021
600036.SH,2023.07.18,31.649999999999998,31.769999999999999,31.39,31.46,31.649999999999998,-0.19,-0.6003,316389.460000000020954,996591.508000000030733
600036.SH,2023.07.19,31.289999999999999,31.64,31.260000000000001,31.579999999999998,31.46,0.12,0.3814,240295.640000000013969,755090.292999999946914
600036.SH,2023.07.20,31.769999999999999,32.100000000000001,31.600000000000001,31.690000000000001,31.579999999999998,0.11,0.3483,272394.429999999993015,867690.876000000047497
600036.SH,2023.07.21,31.8,31.98,31.609999999999999,31.8,31.690000000000001,0.11,0.3471,315669,1004431.832999999984167
600036.SH,2023.07.24,31.46,31.73,31.399999999999998,31.449999999999999,31.8,-0.35,-1.1006,239122.029999999998835,753332.48300000000745
600036.SH,2023.07.25,32,33.350000000000001,32,33.270000000000003,31.449999999999999,1.82,5.787,1261620.959999999962747,4159900.848000000230967
600036.SH,2023.07.26,33.270000000000003,33.729999999999996,33.07,33.350000000000001,33.270000000000003,0.08,0.2405,501751.400000000023283,1673625.171000000089406
600036.SH,2023.07.27,33.5,33.82,33.200000000000002,33.659999999999996,33.350000000000001,0.31,0.9295,548488.959999999962747,1845231.370000000111758
600036.SH,2023.07.28,33.490000000000002,35.289999999999999,33.409999999999996,35.100000000000001,33.659999999999996,1.44,4.278100000000001,1256287.590000000083819,4358344.106999999843537
600036.SH,2023.07.31,35.520000000000003,36.039999999999999,35.009999999999998,35.560000000000002,35.100000000000001,0.46,1.3105,1162756.050000000046566,4127807.307000000029802
600036.SH,2023.08.01,35.530000000000001,35.579999999999998,34.770000000000003,34.990000000000001,35.560000000000002,-0.57,-1.6029,660095.849999999976716,2316910.862999999895691
600036.SH,2023.08.02,34.159999999999996,34.82,33.770000000000003,34.030000000000001,34.990000000000001,-0.96,-2.7436,915357.60999999998603,3124298.660000000149011
600036.SH,2023.08.03,34.020000000000003,34.780000000000001,33.869999999999997,34.679999999999999,34.030000000000001,0.65,1.9101,509293.809999999997671,1750414.828999999910593
600036.SH,2023.08.04,35.079999999999998,35.5,34.719999999999998,34.880000000000002,34.679999999999999,0.2,0.5767,812642.479999999981373,2854335.236000000033527
600036.SH,2023.08.07,34.75,34.780000000000001,34.280000000000001,34.5,34.880000000000002,-0.38,-1.0894,344671.919999999983701,1187405.635000000009313
600036.SH,2023.08.08,34.329999999999998,34.649999999999998,33.810000000000002,34.149999999999998,34.5,-0.35,-1.0145,502282.549999999988358,1715919.699999999953433
600036.SH,2023.08.09,34.020000000000003,34.310000000000002,33.950000000000002,34.020000000000003,34.149999999999998,-0.13,-0.3807,386832.5,1318960.192999999970197
600036.SH,2023.08.10,33.899999999999998,34.25,33.799999999999997,34.14,34.020000000000003,0.12,0.3527,287724.690000000002328,978706.457000000053085
600036.SH,2023.08.11,34.159999999999996,34.469999999999998,33.149999999999998,33.149999999999998,34.14,-0.99,-2.8998,606240.040000000037252,2032299.867000000085681
600036.SH,2023.08.14,32.799999999999997,32.829999999999998,32.25,32.46,33.149999999999998,-0.69,-2.0814,667072.910000000032596,2167337.311000000219792
600036.SH,2023.08.15,32.46,32.64,32.149999999999998,32.359999999999999,32.46,-0.1,-0.3081,582959.140000000013969,1887265.043999999994412
600036.SH,2023.08.16,32.149999999999998,32.25,31.879999999999999,31.969999999999998,32.359999999999999,-0.39,-1.2052,580151.810000000055879,1857011.415999999968335
600036.SH,2023.08.17,31.780000000000001,31.87,31.489999999999998,31.789999999999999,31.969999999999998,-0.18,-0.563,646075.68999999994412,2043578.65100000007078
600036.SH,2023.08.18,31.75,32.630000000000002,31.75,31.879999999999999,31.789999999999999,0.09,0.2831,674594.670000000041909,2169641.216000000014901
600036.SH,2023.08.21,31.809999999999998,31.839999999999999,31.129999999999998,31.129999999999998,31.879999999999999,-0.75,-2.3526,809575.310000000055879,2537398.399000000208616
600036.SH,2023.08.22,31.21,31.469999999999998,31,31.32,31.129999999999998,0.19,0.6103,601070.43999999994412,1877097.294999999925494
600036.SH,2023.08.23,31.199999999999999,31.440000000000001,30.850000000000001,30.850000000000001,31.32,-0.47,-1.5006,560743.57999999995809,1743312.675999999977648
600036.SH,2023.08.24,31,31.149999999999998,30.8,31.059999999999998,30.850000000000001,0.21,0.6807,412256.140000000013969,1277299.34499999997206
600036.SH,2023.08.25,31,31.850000000000001,30.899999999999998,31.559999999999998,31.059999999999998,0.5,1.6098,647471.339999999967403,2028793.53499999991618
600036.SH,2023.08.28,33.299999999999997,33.929999999999999,32.030000000000001,32.259999999999997,31.559999999999998,0.7,2.218,1405093.669999999925494,4608776.006000000052154
600036.SH,2023.08.29,32.259999999999997,32.439999999999997,31.769999999999999,32.039999999999999,32.259999999999997,-0.22,-0.682,721169.979999999981373,2310485.794000000227242
600036.SH,2023.08.30,32.189999999999997,32.189999999999997,31.55,31.66,32.039999999999999,-0.38,-1.186,639801.57999999995809,2031430.068999999901279
600036.SH,2023.08.31,31.8,32.079999999999998,31.489999999999998,31.55,31.66,-0.11,-0.3474,503220.169999999983701,1595044.490999999921768
600036.SH,2023.09.01,31.949999999999999,32.630000000000002,31.879999999999999,32.270000000000003,31.55,0.72,2.2821,697526.18999999994412,2250478.41399999987334
600036.SH,2023.09.04,32.579999999999998,33.609999999999999,32.469999999999998,33.530000000000001,32.270000000000003,1.26,3.9046,1104299.320000000065192,3671655.441000000108033
600036.SH,2023.09.05,33.299999999999997,33.439999999999997,32.969999999999998,33.109999999999999,33.530000000000001,-0.42,-1.2526,447322.60999999998603,1483496.733999999938532
600036.SH,2023.09.06,33.100000000000001,33.46,32.770000000000003,33.359999999999999,33.109999999999999,0.25,0.7551,546740.46999999997206,1812037.299000000115483
600036.SH,2023.09.07,33.310000000000002,33.310000000000002,33.009999999999998,33.14,33.359999999999999,-0.22,-0.6595,358701.979999999981373,1188879.205000000074505
600036.SH,2023.09.08,33,33.259999999999997,32.950000000000002,33.170000000000001,33.14,0.03,0.0905,298500.979999999981373,989879.15300000004936
600036.SH,2023.09.11,33.130000000000002,33.289999999999999,32.909999999999996,32.909999999999996,33.170000000000001,-0.26,-0.7838,632873.68999999994412,2091952.941000000108033
600036.SH,2023.09.12,32.899999999999998,33.049999999999997,32.82,32.880000000000002,32.909999999999996,-0.03,-0.0912,277590.780000000027939,914017.922000000020489
600036.SH,2023.09.13,32.950000000000002,33.079999999999998,32.659999999999996,32.75,32.880000000000002,-0.13,-0.3954,298915.340000000025611,980129.60800000000745
600036.SH,2023.09.14,32.950000000000002,33.189999999999997,32.850000000000001,33.07,32.75,0.32,0.9771,437343.900000000023283,1443840.328999999910593
600036.SH,2023.09.15,33.299999999999997,33.420000000000001,32.799999999999997,32.96,33.07,-0.11,-0.3326,439602.150000000023283,1453249.852999999886378
600036.SH,2023.09.18,32.869999999999997,33.049999999999997,32.700000000000002,33.020000000000003,32.96,0.06,0.182,360401.919999999983701,1186454.30600000009872
600036.SH,2023.09.19,33,33,32.719999999999998,32.96,33.020000000000003,-0.06,-0.1817,384652.700000000011641,1263587.161000000080093
600036.SH,2023.09.20,32.859999999999999,32.859999999999999,32.630000000000002,32.729999999999996,32.96,-0.23,-0.6978,309317.580000000016298,1012842.172999999951571
600036.SH,2023.09.21,32.75,32.810000000000002,32.369999999999997,32.369999999999997,32.729999999999996,-0.36,-1.0999,390318.539999999979045,1270724.458000000100582
600036.SH,2023.09.22,32.590000000000003,33.369999999999997,32.32,33.340000000000003,32.369999999999997,0.97,2.9966,712833.160000000032596,2349131.841000000014901
600036.SH,2023.09.25,33.280000000000001,33.280000000000001,32.899999999999998,33,33.340000000000003,-0.34,-1.0198,456515.409999999974388,1506238.618999999947845
600036.SH,2023.09.26,32.929999999999999,33.079999999999998,32.75,32.799999999999997,33,-0.2,-0.6061,322023.559999999997671,1058673.649999999906867
600036.SH,2023.09.27,32.899999999999998,33.090000000000003,32.75,32.82,32.799999999999997,0.02,0.061,352466.789999999979045,1159673.830000000074505
600036.SH,2023.09.28,33.020000000000003,33.14,32.75,32.969999999999998,32.82,0.15,0.457,388564.690000000002328,1280959.168999999994412
600036.SH,2023.10.09,32.700000000000002,32.700000000000002,32.380000000000002,32.579999999999998,32.969999999999998,-0.39,-1.1829,361342.669999999983701,1176010.753999999957159
600036.SH,2023.10.10,33.119999999999997,33.130000000000002,32.590000000000003,32.590000000000003,32.579999999999998,0.01,0.0307,342636.979999999981373,1123856.355999999912455
600036.SH,2023.10.11,32.840000000000003,32.850000000000001,32.399999999999998,32.450000000000002,32.590000000000003,-0.14,-0.4296,376091.239999999990686,1226529.938000000081956
600036.SH,2023.10.12,32.990000000000001,33.329999999999998,32.780000000000001,33.07,32.450000000000002,0.62,1.9106,617459.630000000004656,2041713.575999999884515
600036.SH,2023.10.13,32.780000000000001,32.880000000000002,32.509999999999997,32.609999999999999,33.07,-0.46,-1.391,410371.869999999995343,1341527.524999999906867
600036.SH,2023.10.16,32.579999999999998,32.659999999999996,32.240000000000002,32.310000000000002,32.609999999999999,-0.3,-0.92,286774.140000000013969,928068.01300000003539
600036.SH,2023.10.17,32.39,32.600000000000001,32.219999999999998,32.520000000000003,32.310000000000002,0.21,0.65,286229.140000000013969,928757.315999999991618
600036.SH,2023.10.18,32.490000000000002,32.64,32.409999999999996,32.490000000000002,32.520000000000003,-0.03,-0.0923,249316.670000000012805,810933.177999999956227
600036.SH,2023.10.19,32.399999999999998,32.399999999999998,31.519999999999999,31.57,32.490000000000002,-0.92,-2.8316,604293.380000000004656,1922080.368999999947845
600036.SH,2023.10.20,31.489999999999998,31.809999999999998,31.399999999999998,31.649999999999998,31.57,0.08,0.2534,372589.369999999995343,1178535.48300000000745
600036.SH,2023.10.23,31.589999999999999,31.649999999999998,31,31.23,31.649999999999998,-0.42,-1.327,393801.840000000025611,1232365.016000000061467
600036.SH,2023.10.24,31.379999999999998,31.41,31.039999999999999,31.3,31.23,0.07,0.2241,365526.630000000004656,1142319.006000000052154
600036.SH,2023.10.25,31.600000000000001,31.75,31.199999999999999,31.420000000000001,31.3,0.12,0.3834,375693.320000000006984,1179249.723999999929219
600036.SH,2023.10.26,31.359999999999999,31.75,31.260000000000001,31.5,31.420000000000001,0.08,0.2546,287029.849999999976716,904374.422000000020489
600036.SH,2023.10.27,31.449999999999999,31.649999999999998,31.149999999999998,31.530000000000001,31.5,0.03,0.0952,391452.760000000009313,1231933.968000000109896
600036.SH,2023.10.30,31.010000000000001,31.129999999999998,30.55,30.899999999999998,31.530000000000001,-0.63,-1.9981,838500.560000000055879,2582604.675999999977648
600036.SH,2023.10.31,30.739999999999998,30.989999999999998,30.609999999999999,30.760000000000001,30.899999999999998,-0.14,-0.4531,528015.989999999990686,1624462.290000000037252
600036.SH,2023.11.01,30.8,30.879999999999999,30.429999999999999,30.449999999999999,30.760000000000001,-0.31,-1.0078,529897.069999999948777,1617976.148000000044703
600036.SH,2023.11.02,30.600000000000001,30.809999999999998,30.510000000000001,30.679999999999999,30.449999999999999,0.23,0.7553,364667.710000000020954,1118895.486000000033527
600036.SH,2023.11.03,30.679999999999999,31.039999999999999,30.600000000000001,30.989999999999998,30.679999999999999,0.31,1.0104,439568.789999999979045,1357177.293000000063329
600036.SH,2023.11.06,31.149999999999998,31.350000000000001,30.96,31.14,30.989999999999998,0.15,0.484,519823.849999999976716,1617714.881999999983236
600036.SH,2023.11.07,31.14,31.14,30.649999999999998,30.8,31.14,-0.34,-1.0918,516240.669999999983701,1589834.114000000059604
600036.SH,2023.11.08,30.739999999999998,30.780000000000001,30.5,30.600000000000001,30.8,-0.2,-0.6494,445182.979999999981373,1363161.95699999993667
600036.SH,2023.11.09,30.55,30.780000000000001,30.519999999999999,30.66,30.600000000000001,0.06,0.1961,327649.580000000016298,1003833.045000000041909
600036.SH,2023.11.10,30.5,30.559999999999998,30.100000000000001,30.16,30.66,-0.5,-1.6308,516964.619999999995343,1561581.973999999929219
600036.SH,2023.11.13,30.170000000000001,30.269999999999999,29.609999999999999,29.82,30.16,-0.34,-1.1273,634242.729999999981373,1891693.841999999945983
600036.SH,2023.11.14,29.87,30.199999999999999,29.859999999999999,30.199999999999999,29.82,0.38,1.2743,448342.669999999983701,1347710.790000000037252
600036.SH,2023.11.15,30.449999999999999,30.769999999999999,30.39,30.64,30.199999999999999,0.44,1.457,601939.599999999976716,1842095.992000000085681
600036.SH,2023.11.16,30.670000000000001,30.769999999999999,30.370000000000001,30.539999999999999,30.64,-0.1,-0.3264,315719.929999999993015,965161.753999999957159
600036.SH,2023.11.17,30.46,30.519999999999999,30.100000000000001,30.329999999999998,30.539999999999999,-0.21,-0.6876,432452.820000000006984,1308022.70299999997951
600036.SH,2023.11.20,30.339999999999999,30.589999999999999,30.14,30.579999999999998,30.329999999999998,0.25,0.8243,369227.080000000016298,1123420.442000000039115
600036.SH,2023.11.21,30.75,30.87,30.370000000000001,30.429999999999999,30.579999999999998,-0.15,-0.4905,488544.700000000011641,1497630.759000000078231
600036.SH,2023.11.22,30.3,30.41,30.149999999999998,30.16,30.429999999999999,-0.27,-0.8873,273705.419999999983701,828342.908000000054016
600036.SH,2023.11.23,30.019999999999999,30.21,29.949999999999999,30.14,30.16,-0.02,-0.0663,299793.830000000016298,900540.283000000054016
600036.SH,2023.11.24,30.059999999999998,30.100000000000001,29.929999999999999,30,30.14,-0.14,-0.4645,291162.760000000009313,873539.195999999996274
600036.SH,2023.11.27,30,30.030000000000001,29.289999999999999,29.399999999999998,30,-0.6,-2,581019.57999999995809,1714186.982000000076368
600036.SH,2023.11.28,29.41,29.489999999999998,29.039999999999999,29.16,29.399999999999998,-0.24,-0.8163,475165.10999999998603,1389229.277999999932944
600036.SH,2023.11.29,29.199999999999999,29.239999999999998,28.679999999999999,28.8,29.16,-0.36,-1.2346,620637.520000000018626,1789462.813000000081956
600036.SH,2023.11.30,28.8,28.98,28.600000000000001,28.789999999999999,28.8,-0.01,-0.0347,551560.060000000055879,1585194.742000000085681
600036.SH,2023.12.01,28.719999999999998,28.739999999999998,28.07,28.260000000000001,28.789999999999999,-0.53,-1.8409,882736.43999999994412,2496795.770000000018626
600036.SH,2023.12.04,28.269999999999999,28.46,28.019999999999999,28.079999999999998,28.260000000000001,-0.18,-0.6369,557878.300000000046566,1569603.287999999942257
600036.SH,2023.12.05,28.059999999999998,28.07,27.5,27.510000000000001,28.079999999999998,-0.57,-2.0299,618901.670000000041909,1717656.519000000087544
600036.SH,2023.12.06,27.559999999999998,27.96,27.449999999999999,27.760000000000001,27.510000000000001,0.25,0.9088,611259.260000000009313,1697947.804999999934807
600036.SH,2023.12.07,27.769999999999999,27.940000000000001,27.289999999999999,27.809999999999998,27.760000000000001,0.05,0.1801,594966.979999999981373,1643064.047000000020489
600036.SH,2023.12.08,27.699999999999999,27.949999999999999,27.5,27.5,27.809999999999998,-0.31,-1.1147,533497.650000000023283,1479206.064000000013038
600036.SH,2023.12.11,27.25,27.850000000000001,26.899999999999998,27.760000000000001,27.5,0.26,0.9455,758085.96999999997206,2067921.10800000000745
600036.SH,2023.12.12,27.699999999999999,28.07,27.609999999999999,28.05,27.760000000000001,0.29,1.0447,504201.10999999998603,1409339.297999999951571
600036.SH,2023.12.13,27.920000000000001,27.920000000000001,27.199999999999999,27.219999999999998,28.05,-0.83,-2.959,671239.319999999948777,1844591.027000000001862
600036.SH,2023.12.14,27.440000000000001,27.64,27.030000000000001,27.030000000000001,27.219999999999998,-0.19,-0.698,445268.080000000016298,1214879.007999999914318
600036.SH,2023.12.15,27.469999999999998,28.05,27.199999999999999,27.23,27.030000000000001,0.2,0.7399,980686.589999999967403,2697705.037000000011175
600036.SH,2023.12.18,27,27.379999999999998,26.899999999999998,27.280000000000001,27.23,0.05,0.1836,477164.25,1299068.334999999962747
600036.SH,2023.12.19,27.199999999999999,27.350000000000001,27.019999999999999,27.289999999999999,27.280000000000001,0.01,0.0367,376573.729999999981373,1024185.206000000005587
600036.SH,2023.12.20,27.309999999999998,27.41,27.059999999999998,27.059999999999998,27.289999999999999,-0.23,-0.8428,531128.07999999995809,1446520.286000000080093
600036.SH,2023.12.21,26.98,27.75,26.920000000000001,27.71,27.059999999999998,0.65,2.4021,759104.810000000055879,2082187.757999999914318
600036.SH,2023.12.22,27.780000000000001,27.850000000000001,27.41,27.609999999999999,27.71,-0.1,-0.3609,623643.71999999997206,1721377.205000000074505
600036.SH,2023.12.25,27.600000000000001,27.719999999999998,27.420000000000001,27.530000000000001,27.609999999999999,-0.08,-0.2898,419033.85999999998603,1154001.375
600036.SH,2023.12.26,27.489999999999998,27.489999999999998,27.16,27.269999999999999,27.530000000000001,-0.26,-0.9444,365257.080000000016298,997177.589000000036321
600036.SH,2023.12.27,27.329999999999998,27.370000000000001,27.05,27.3,27.269999999999999,0.03,0.11,410636.869999999995343,1117439.216000000014901
600036.SH,2023.12.28,27.25,28.129999999999998,27.25,27.989999999999998,27.3,0.69,2.5275,1061062.850000000093132,2953200.85800000000745
600036.SH,2023.12.29,27.899999999999998,28.05,27.769999999999999,27.82,27.989999999999998,-0.17,-0.6074,655773.449999999953433,1827818.810999999986961
600036.SH,2024.01.02,27.949999999999999,27.96,27.559999999999998,27.579999999999998,27.82,-0.24,-0.8627,542194.800000000046566,1500865.547999999951571
600036.SH,2024.01.03,27.579999999999998,27.839999999999999,27.519999999999999,27.769999999999999,27.579999999999998,0.19,0.6889,433955.880000000004656,1200383.624000000068917
600036.SH,2024.01.04,27.760000000000001,27.829999999999998,27.359999999999999,27.809999999999998,27.769999999999999,0.04,0.144,637102.489999999990686,1759101.593000000109896
600036.SH,2024.01.05,27.75,28.780000000000001,27.62,28.289999999999999,27.809999999999998,0.48,1.726,1190633.149999999906867,3376466.447000000160187
600036.SH,2024.01.08,28.170000000000001,28.589999999999999,27.949999999999999,28.129999999999998,28.289999999999999,-0.16,-0.5656,816820.699999999953433,2305065.736000000033527
600036.SH,2024.01.09,28.120000000000001,28.280000000000001,27.899999999999998,28.170000000000001,28.129999999999998,0.04,0.1422,558663.060000000055879,1569684.229999999981373
600036.SH,2024.01.10,28.019999999999999,28.350000000000001,28.019999999999999,28.05,28.170000000000001,-0.12,-0.426,453640.479999999981373,1277638.872999999905005
600036.SH,2024.01.11,28,28.57,27.850000000000001,28.379999999999998,28.05,0.33,1.1765,735318.260000000009313,2082611.272000000113621
600036.SH,2024.01.12,28.260000000000001,28.780000000000001,28.260000000000001,28.539999999999999,28.379999999999998,0.16,0.5638,577832.010000000009313,1652242.625999999931082
600036.SH,2024.01.15,28.5,28.940000000000001,28.370000000000001,28.769999999999999,28.539999999999999,0.23,0.8059,482452.289999999979045,1383953.760000000009313
600036.SH,2024.01.16,28.629999999999999,29.129999999999998,28.600000000000001,29.129999999999998,28.769999999999999,0.36,1.2513,853440.239999999990686,2469511.282000000122934
600036.SH,2024.01.17,29.120000000000001,29.579999999999998,29.030000000000001,29.190000000000001,29.129999999999998,0.06,0.206,1308601.459999999962747,3843478.822999999858438
600036.SH,2024.01.18,28.940000000000001,29.679999999999999,28.600000000000001,29.579999999999998,29.190000000000001,0.39,1.3361,1295126.449999999953433,3762050.845999999903142
600036.SH,2024.01.19,29.370000000000001,29.899999999999998,29.14,29.73,29.579999999999998,0.15,0.5071,968616.229999999981373,2865398.412000000011175
600036.SH,2024.01.22,29.760000000000001,30.5,29.699999999999999,30.25,29.73,0.52,1.7491,1549702.669999999925494,4691297.09999999962747
600036.SH,2024.01.23,30.010000000000001,30.350000000000001,29.8,29.989999999999998,30.25,-0.26,-0.8595,886055.520000000018626,2661547.376000000163912
600036.SH,2024.01.24,30.149999999999998,30.289999999999999,29.379999999999998,30.089999999999999,29.989999999999998,0.1,0.3334,974892.390000000013969,2904947.629000000189989
600036.SH,2024.01.25,30.309999999999998,31,30.179999999999999,30.899999999999998,30.089999999999999,0.81,2.6919,1234509.21999999997206,3791899.865999999921768
600036.SH,2024.01.26,30.920000000000001,31.350000000000001,30.66,31.120000000000001,30.899999999999998,0.22,0.712,1009915.780000000027939,3132788.305000000167638
600036.SH,2024.01.29,31.199999999999999,31.600000000000001,31.170000000000001,31.350000000000001,31.120000000000001,0.23,0.7391,838824.32999999995809,2632393.040000000037252
600036.SH,2024.01.30,31.199999999999999,31.5,30.780000000000001,31,31.350000000000001,-0.35,-1.1164,743999.130000000004656,2316762.5
600036.SH,2024.01.31,30.920000000000001,31.190000000000001,30.589999999999999,30.71,31,-0.29,-0.9355,808949.280000000027939,2494516.010999999940395
600036.SH,2024.02.01,30.670000000000001,30.839999999999999,30.199999999999999,30.420000000000001,30.71,-0.29,-0.9443,859700.089999999967403,2621519.217999999877065
600036.SH,2024.02.02,30.449999999999999,30.66,29.64,30.23,30.420000000000001,-0.19,-0.6246,987291.650000000023283,2986530.10800000000745
600036.SH,2024.02.05,30.23,30.949999999999999,30.059999999999998,30.71,30.23,0.48,1.5878,1063978.810000000055879,3246673.367999999783933
600036.SH,2024.02.06,30.71,31.350000000000001,30.600000000000001,31.329999999999998,30.71,0.62,2.0189,1062158.429999999934807,3296036.540000000037252
600036.SH,2024.02.07,31.420000000000001,31.48,30.809999999999998,31.309999999999998,31.329999999999998,-0.02,-0.0638,1110510.580000000074505,3458135.328999999910593
600036.SH,2024.02.08,31.309999999999998,31.449999999999999,31.019999999999999,31.399999999999998,31.309999999999998,0.09,0.2874,873004.35999999998603,2728137.527999999932944
600036.SH,2024.02.19,31.989999999999998,31.989999999999998,31.41,31.62,31.399999999999998,0.22,0.7006,875490.099999999976716,2770406.836999999824911
600036.SH,2024.02.20,31.62,31.62,31.289999999999999,31.399999999999998,31.62,-0.22,-0.6958,606404.68999999994412,1907541.533000000054016
600036.SH,2024.02.21,31.399999999999998,33.39,31.350000000000001,33,31.399999999999998,1.6,5.095500000000001,1528656.120000000111758,5003152.627999999560415
600036.SH,2024.02.22,32.810000000000002,32.950000000000002,32.39,32.799999999999997,33,-0.2,-0.6061,752760.380000000004656,2461009.464999999850988
600036.SH,2024.02.23,32.810000000000002,33.399999999999998,32.619999999999997,32.950000000000002,32.799999999999997,0.15,0.4573,639848.71999999997206,2118316.307000000029802
600036.SH,2024.02.26,32.859999999999999,33.060000000000002,32.079999999999998,32.25,32.950000000000002,-0.7,-2.1244,666390.180000000051222,2163023.086999999824911
600036.SH,2024.02.27,32.240000000000002,32.399999999999998,31.989999999999998,32.179999999999999,32.25,-0.07,-0.2171,543491.540000000037252,1746108.591999999945983
600036.SH,2024.02.28,32.289999999999999,32.289999999999999,31.600000000000001,32.020000000000003,32.179999999999999,-0.16,-0.4972,683707.520000000018626,2186677.932000000029802
600036.SH,2024.02.29,31.89,32.200000000000002,31.850000000000001,32.039999999999999,32.020000000000003,0.02,0.0625,498928.289999999979045,1595634.178000000072643
600036.SH,2024.03.28,32.340000000000003,32.5,32.07,32.179999999999999,32.299999999999997,-0.12,-0.3715,694744.920000000041909,2242513.222000000067055
600036.SH,2024.03.29,32.100000000000001,32.64,32.07,32.200000000000002,32.179999999999999,0.02,0.0622,514001.309999999997671,1663236.763999999966472
600036.SH,2024.03.01,31.920000000000001,32.079999999999998,31.75,31.940000000000001,32.039999999999999,-0.1,-0.3121,427173.919999999983701,1361853.700999999884515
600036.SH,2024.03.04,31.760000000000001,31.87,31.469999999999998,31.519999999999999,31.940000000000001,-0.42,-1.315,591350.150000000023283,1868022.543999999994412
600036.SH,2024.03.05,31.420000000000001,32.21,31.309999999999998,32.179999999999999,31.519999999999999,0.66,2.0939,894028.670000000041909,2850224.114000000059604
600036.SH,2024.03.06,32.14,32.259999999999997,31.87,31.87,32.179999999999999,-0.31,-0.9633,516101.770000000018626,1655425.114999999990686
600036.SH,2024.03.07,31.87,32.130000000000002,31.780000000000001,32,31.87,0.13,0.4079,519491.96999999997206,1659111.449000000022351
600036.SH,2024.03.08,31.89,32.009999999999998,31.55,31.670000000000001,32,-0.33,-1.0313,441071.169999999983701,1399732.269000000087544
600036.SH,2024.03.11,31.55,31.75,31.199999999999999,31.48,31.670000000000001,-0.19,-0.5999,738537.93999999994412,2318402.185000000055879
600036.SH,2024.03.12,31.420000000000001,32.149999999999998,31.280000000000001,31.949999999999999,31.48,0.47,1.493,769253.75,2447163.516999999992549
600036.SH,2024.03.13,31.96,31.989999999999998,31.429999999999999,31.519999999999999,31.949999999999999,-0.43,-1.3459,469387.140000000013969,1482651.384000000078231
600036.SH,2024.03.14,31.46,31.719999999999998,31.16,31.25,31.519999999999999,-0.27,-0.8566,508174.979999999981373,1595073.269000000087544
600036.SH,2024.03.15,31.239999999999998,31.420000000000001,31,31.179999999999999,31.25,-0.07,-0.224,520780.630000000004656,1621589.212999999988824
600036.SH,2024.03.18,31.149999999999998,31.339999999999999,31,31.129999999999998,31.179999999999999,-0.05,-0.1604,461897.700000000011641,1436837.360000000102445
600036.SH,2024.03.19,31.100000000000001,31.109999999999999,30.73,30.8,31.129999999999998,-0.33,-1.0601,547025.300000000046566,1688506.945999999996274
600036.SH,2024.03.20,30.8,31.199999999999999,30.66,31.179999999999999,30.8,0.38,1.2338,498272.25,1544956.631000000052154
600036.SH,2024.03.21,31.170000000000001,31.760000000000001,31.05,31.55,31.179999999999999,0.37,1.1867,646761.07999999995809,2040298.375999999931082
600036.SH,2024.03.22,31.530000000000001,31.55,30.899999999999998,31.199999999999999,31.55,-0.35,-1.1094,552878.520000000018626,1722145.155999999959021
600036.SH,2024.03.25,31.109999999999999,31.510000000000001,30.920000000000001,31.350000000000001,31.199999999999999,0.15,0.4808,483759.020000000018626,1514858.504999999888241
600036.SH,2024.03.26,31.8,32.659999999999996,31.73,32.399999999999998,31.350000000000001,1.05,3.3493,1244307.90999999991618,4014510.509999999776482
600036.SH,2024.03.27,32.289999999999999,32.649999999999998,32.21,32.299999999999997,32.399999999999998,-0.1,-0.3086,782084.880000000004656,2539984.049999999813735
600036.SH,2024.04.01,32.179999999999999,32.850000000000001,32.179999999999999,32.64,32.200000000000002,0.44,1.3665,570152.319999999948777,1861582.316000000108033
600036.SH,2024.04.02,32.700000000000002,32.920000000000001,32.439999999999997,32.549999999999997,32.64,-0.09,-0.2757,536618.989999999990686,1753251.097000000067055
600036.SH,2024.04.03,32.539999999999999,32.630000000000002,32.229999999999996,32.229999999999996,32.549999999999997,-0.32,-0.9831,498081.630000000004656,1612691.615999999921768
600036.SH,2024.04.08,32.240000000000002,32.560000000000002,32.030000000000001,32.399999999999998,32.229999999999996,0.17,0.5275,477291.229999999981373,1544564.95699999993667
600036.SH,2024.04.09,32.5,32.630000000000002,32.310000000000002,32.310000000000002,32.399999999999998,-0.09,-0.2778,384772.070000000006984,1248965.235000000102445
600036.SH,2024.04.10,32.189999999999997,32.679999999999999,32.189999999999997,32.490000000000002,32.310000000000002,0.18,0.5571,504013.71999999997206,1638691.786000000080093
600036.SH,2024.04.11,32.310000000000002,32.420000000000001,32.130000000000002,32.299999999999997,32.490000000000002,-0.19,-0.5848,443747.729999999981373,1432073.800999999977648
600036.SH,2024.04.12,32.280000000000001,32.469999999999998,32.060000000000002,32.119999999999997,32.299999999999997,-0.18,-0.5573,478204.140000000013969,1540845.216000000014901
600036.SH,2024.04.15,32.100000000000001,33,32.090000000000003,32.829999999999998,32.119999999999997,0.71,2.2105,764644.729999999981373,2503221.029000000096857
600036.SH,2024.04.16,32.71,32.969999999999998,32.450000000000002,32.75,32.829999999999998,-0.08,-0.2437,741556.099999999976716,2429469.044999999925494
600036.SH,2024.04.17,32.689999999999997,33.490000000000002,32.469999999999998,33.299999999999997,32.75,0.55,1.6794,948211.959999999962747,3131202.074000000022351
600036.SH,2024.04.18,33.259999999999997,34.100000000000001,33.189999999999997,33.649999999999998,33.299999999999997,0.35,1.0511,1006574.010000000009313,3393695.785000000149011
600036.SH,2024.04.19,33.560000000000002,33.840000000000003,33.420000000000001,33.619999999999997,33.649999999999998,-0.03,-0.0892,540383.5,1818443.520999999949708
600036.SH,2024.04.22,33.780000000000001,34.189999999999997,33.049999999999997,33.340000000000003,33.619999999999997,-0.28,-0.8328,607535.069999999948777,2034006.573000000091269
600036.SH,2024.04.23,33.299999999999997,33.82,33.229999999999996,33.380000000000002,33.340000000000003,0.04,0.12,512452.440000000002328,1717681.682000000029802
600036.SH,2024.04.24,33.380000000000002,33.549999999999997,33.100000000000001,33.46,33.380000000000002,0.08,0.2397,443383.530000000027939,1480785.929000000003725
600036.SH,2024.04.25,33.439999999999997,34.399999999999998,33.380000000000002,34.399999999999998,33.46,0.94,2.8093,919481.800000000046566,3136628.385999999940395
600036.SH,2024.04.26,34.399999999999998,34.869999999999997,34.219999999999998,34.479999999999996,34.399999999999998,0.08,0.2326,954898.82999999995809,3292052.901999999769031
600036.SH,2024.04.29,34.399999999999998,35.159999999999996,34.200000000000002,34.880000000000002,34.479999999999996,0.4,1.1601,818064.119999999995343,2854804.595999999903142
600036.SH,2024.04.30,34.399999999999998,34.579999999999998,34.049999999999997,34.310000000000002,34.880000000000002,-0.57,-1.6342,868041.800000000046566,2982962.844000000040978
600036.SH,2024.05.06,35.100000000000001,35.359999999999999,34.719999999999998,34.880000000000002,34.310000000000002,0.57,1.6613,1000704.93999999994412,3501168.455999999772757
600036.SH,2024.05.07,34.880000000000002,34.950000000000002,34.630000000000002,34.869999999999997,34.880000000000002,-0.01,-0.0287,473848.570000000006984,1649813.220999999903142
600036.SH,2024.05.08,34.82,34.96,34.549999999999997,34.57,34.869999999999997,-0.3,-0.8603,412861.580000000016298,1434042.864999999990686
600036.SH,2024.05.09,34.600000000000001,34.929999999999999,34.600000000000001,34.840000000000003,34.57,0.27,0.781,512391.309999999997671,1782846.432000000029802
600036.SH,2024.05.10,34.840000000000003,35.850000000000001,34.799999999999997,35.619999999999997,34.840000000000003,0.78,2.2388,940365.699999999953433,3331360.839999999850988
600036.SH,2024.05.13,35.439999999999997,36.07,35.329999999999998,35.909999999999996,35.619999999999997,0.29,0.8141,747800.260000000009313,2674602.938000000081956
600036.SH,2024.05.14,35.89,36.130000000000002,35.200000000000002,35.340000000000003,35.909999999999996,-0.57,-1.5873,687778.839999999967403,2440460.308999999891966
600036.SH,2024.05.15,35.329999999999998,35.439999999999997,34.689999999999997,35.049999999999997,35.340000000000003,-0.29,-0.8206,674944.060000000055879,2361226.415000000037252
600036.SH,2024.05.16,35.079999999999998,36.450000000000002,35,36.25,35.049999999999997,1.2,3.4237,1291475.530000000027939,4659047.071000000461935
600036.SH,2024.05.17,36.299999999999997,36.899999999999998,36.060000000000002,36.850000000000001,36.25,0.6,1.6552,916879.43999999994412,3342837.157999999821186
600036.SH,2024.05.20,36.850000000000001,37,36.090000000000003,36.380000000000002,36.850000000000001,-0.47,-1.2754,914250,3337501.050999999977648
600036.SH,2024.05.21,36.359999999999999,36.520000000000003,36.130000000000002,36.240000000000002,36.380000000000002,-0.14,-0.3848,445999.440000000002328,1620630.879999999888241
600036.SH,2024.05.22,36.219999999999998,36.380000000000002,35.759999999999997,36.060000000000002,36.240000000000002,-0.18,-0.4967,664477.390000000013969,2398900.243999999947845
600036.SH,2024.05.23,35.899999999999998,36.009999999999998,35.32,35.5,36.060000000000002,-0.56,-1.553,924584.949999999953433,3284073.836999999824911
600036.SH,2024.05.24,35.299999999999997,35.479999999999996,34.659999999999996,34.740000000000002,35.5,-0.76,-2.1408,870440,3051224.757999999914318
600036.SH,2024.05.27,34.850000000000001,35.21,34.75,35.14,34.740000000000002,0.4,1.1514,570938.140000000013969,1997775.668999999994412
600036.SH,2024.05.28,35.100000000000001,35.329999999999998,34.719999999999998,34.829999999999998,35.14,-0.31,-0.8822,476190.580000000016298,1660811.057999999960884
600036.SH,2024.05.29,34.75,35.060000000000002,34.46,34.57,34.829999999999998,-0.26,-0.7465,491041.179999999993015,1703567.317999999970197
600036.SH,2024.05.30,34.450000000000002,34.899999999999998,34.179999999999999,34.340000000000003,34.57,-0.23,-0.6653,559244.839999999967403,1928489.154000000096857
600036.SH,2024.05.31,34.530000000000001,34.600000000000001,34.280000000000001,34.280000000000001,34.340000000000003,-0.06,-0.1747,508932.479999999981373,1752657.845999999903142
600036.SH,2024.06.03,34.219999999999998,34.380000000000002,33.920000000000001,34.149999999999998,34.280000000000001,-0.13,-0.3792,608111.349999999976716,2071791.245000000111758
600036.SH,2024.06.04,34.149999999999998,34.679999999999999,34.100000000000001,34.539999999999999,34.149999999999998,0.39,1.142,533788.420000000041909,1840296.168999999994412
600036.SH,2024.06.05,34.679999999999999,34.700000000000002,33.89,33.990000000000001,34.539999999999999,-0.55,-1.5924,691041.21999999997206,2359792.655999999959021
600036.SH,2024.06.06,34.090000000000003,34.200000000000002,33.780000000000001,34,33.990000000000001,0.01,0.0294,677240.660000000032596,2302856.623999999836087
600036.SH,2024.06.07,34.049999999999997,34.25,33.649999999999998,33.990000000000001,34,-0.01,-0.0294,678265.589999999967403,2298090.330000000074505
600036.SH,2024.06.11,33.780000000000001,33.969999999999998,33.119999999999997,33.359999999999999,33.990000000000001,-0.63,-1.8535,690448.310000000055879,2309722.313000000081956
600036.SH,2024.06.12,33.350000000000001,33.359999999999999,32.950000000000002,33.090000000000003,33.359999999999999,-0.27,-0.8094,511380.590000000025611,1693037.688000000081956
600036.SH,2024.06.13,33.200000000000002,33.219999999999998,32.719999999999998,32.82,33.090000000000003,-0.27,-0.816,550184.209999999962747,1808251.997999999905005
600036.SH,2024.06.14,32.82,34.020000000000003,32.82,33.810000000000002,32.82,0.99,3.0165,991674.290000000037252,3324856.785000000149011
600036.SH,2024.06.17,33.600000000000001,33.799999999999997,33.39,33.729999999999996,33.810000000000002,-0.08,-0.2366,457682.479999999981373,1539063.152000000001862
600036.SH,2024.06.18,33.859999999999999,34.299999999999997,33.619999999999997,33.71,33.729999999999996,-0.02,-0.0593,453675.390000000013969,1538144.777000000001862
600036.SH,2024.06.19,33.71,34.399999999999998,33.659999999999996,34.149999999999998,33.71,0.44,1.3053,585937.21999999997206,1997678.158999999985098
600036.SH,2024.06.20,34.159999999999996,34.229999999999996,33.899999999999998,34.009999999999998,34.149999999999998,-0.14,-0.41,392466.669999999983701,1336247.232000000076368
600036.SH,2024.06.21,33.880000000000002,34.079999999999998,33.490000000000002,33.700000000000002,34.009999999999998,-0.31,-0.9115,523962.799999999988358,1765822.361999999964609
600036.SH,2024.06.24,33.789999999999999,34.219999999999998,33.490000000000002,34.07,33.700000000000002,0.37,1.0979,692589.540000000037252,2350203.464000000152736
600036.SH,2024.06.25,34.07,34.469999999999998,33.969999999999998,34.299999999999997,34.07,0.23,0.6751,638160.199999999953433,2187945.493999999947845
600036.SH,2024.06.26,34.179999999999999,34.359999999999999,33.950000000000002,34.060000000000002,34.299999999999997,-0.24,-0.6997,452638.010000000009313,1545807.547999999951571
600036.SH,2024.06.27,33.96,34.340000000000003,33.829999999999998,34.259999999999997,34.060000000000002,0.2,0.5872,555172.599999999976716,1894891.372999999905005
600036.SH,2024.06.28,34.200000000000002,34.479999999999996,34.039999999999999,34.189999999999997,34.259999999999997,-0.07,-0.2043,525749.400000000023283,1799951.939000000013038
600036.SH,2024.07.01,34.189999999999997,34.399999999999998,33.950000000000002,34.359999999999999,34.189999999999997,0.17,0.4972,472238.650000000023283,1616131.283000000054016
600036.SH,2024.07.02,34.380000000000002,35.25,34.359999999999999,35.079999999999998,34.359999999999999,0.72,2.0955,868770.709999999962747,3041833.254999999888241
600036.SH,2024.07.03,35.009999999999998,35.090000000000003,34.310000000000002,34.46,35.079999999999998,-0.62,-1.7674,691372.699999999953433,2388331.234000000171363
600036.SH,2024.07.04,34.539999999999999,35.039999999999999,34.479999999999996,34.71,34.46,0.25,0.7255,696918.920000000041909,2424281.265999999828636
600036.SH,2024.07.05,34.71,34.829999999999998,33.659999999999996,33.880000000000002,34.71,-0.83,-2.3912,967782.760000000009313,3295568.199000000022351
600036.SH,2024.07.08,33.850000000000001,34.229999999999996,33.71,33.990000000000001,33.880000000000002,0.11,0.3247,545730.020000000018626,1855611.835999999893829
600036.SH,2024.07.09,33.990000000000001,34.549999999999997,33.719999999999998,34.469999999999998,33.990000000000001,0.48,1.4122,621037.010000000009313,2124005.154000000096857
600036.SH,2024.07.10,34.469999999999998,35,34.450000000000002,34.679999999999999,34.469999999999998,0.21,0.6092,726314.239999999990686,2524474.646000000182539
600036.SH,2024.07.11,33.079999999999998,33.130000000000002,32.789999999999999,32.899999999999998,32.71,0.19,0.5809,732388.959999999962747,2411951.385999999940395
600036.SH,2024.07.12,33.009999999999998,34.079999999999998,33.009999999999998,34,32.899999999999998,1.1,3.3435,944904.25,3199683.546999999787658
600036.SH,2024.07.15,34,34.049999999999997,33.719999999999998,33.780000000000001,34,-0.22,-0.6471,474603.659999999974388,1605883.746999999973922
600036.SH,2024.07.16,33.759999999999997,33.89,33.46,33.789999999999999,33.780000000000001,0.01,0.0296,455792.549999999988358,1535668.997999999905005
600036.SH,2024.07.17,33.700000000000002,34.189999999999997,33.649999999999998,34.07,33.789999999999999,0.28,0.8286,577954.21999999997206,1964635.266999999992549
600036.SH,2024.07.18,34.07,34.25,33.759999999999997,34.090000000000003,34.07,0.02,0.0587,598627.170000000041909,2036474.280000000027939
600036.SH,2024.07.19,34,34.299999999999997,33.590000000000003,34.25,34.090000000000003,0.16,0.4693,810072.180000000051222,2749172.009999999776482
600036.SH,2024.07.22,34.170000000000001,34.170000000000001,33.090000000000003,33.340000000000003,34.25,-0.91,-2.6569,808205.770000000018626,2694241.975000000093132
600036.SH,2024.07.23,33.340000000000003,33.71,33.229999999999996,33.340000000000003,33.340000000000003,0,0,538754.680000000051222,1803269.600000000093132
600036.SH,2024.07.24,33.450000000000002,33.579999999999998,33.030000000000001,33.179999999999999,33.340000000000003,-0.16,-0.4799,482452.940000000002328,1604648.70299999997951
600036.SH,2024.07.25,33.219999999999998,33.32,32.369999999999997,32.829999999999998,33.179999999999999,-0.35,-1.0549,762078.540000000037252,2496804.672999999951571
600036.SH,2024.07.26,32.799999999999997,33.039999999999999,32.109999999999999,32.369999999999997,32.829999999999998,-0.46,-1.4012,601461.670000000041909,1952156.131999999983236
600036.SH,2024.07.29,32.380000000000002,32.649999999999998,32.200000000000002,32.450000000000002,32.369999999999997,0.08,0.2471,413475.330000000016298,1343740.114999999990686
600036.SH,2024.07.30,32.399999999999998,32.590000000000003,32.149999999999998,32.420000000000001,32.450000000000002,-0.03,-0.0924,390781.60999999998603,1264925.929000000003725
600036.SH,2024.07.31,32.420000000000001,33,32.25,32.729999999999996,32.420000000000001,0.31,0.9562,595369.650000000023283,1948675.368000000016763
600036.SH,2024.08.01,32.729999999999996,32.850000000000001,32.270000000000003,32.71,32.729999999999996,-0.02,-0.0611,409138.809999999997671,1332771.462999999988824
600036.SH,2024.08.02,32.420000000000001,32.600000000000001,32.229999999999996,32.280000000000001,32.71,-0.43,-1.3146,386130.239999999990686,1250037.016999999992549
600036.SH,2024.08.05,32.200000000000002,32.520000000000003,32.049999999999997,32.100000000000001,32.280000000000001,-0.18,-0.5576,584419.839999999967403,1884940.81499999994412
600036.SH,2024.08.06,32.359999999999999,32.39,31.510000000000001,31.699999999999999,32.100000000000001,-0.4,-1.2461,514388.640000000013969,1637765.272000000113621
600036.SH,2024.08.07,31.73,31.899999999999998,31.55,31.579999999999998,31.699999999999999,-0.12,-0.3785,390731.729999999981373,1238023.516000000061467
600036.SH,2024.08.08,31.609999999999999,31.98,31.379999999999998,31.929999999999999,31.579999999999998,0.35,1.1083,394599.780000000027939,1252394.781999999890103
600036.SH,2024.08.09,31.969999999999998,32.579999999999998,31.809999999999998,32.329999999999998,31.929999999999999,0.4,1.2527,482748.46999999997206,1561254.686999999918043
600036.SH,2024.08.12,32.299999999999997,32.340000000000003,31.929999999999999,32.119999999999997,32.329999999999998,-0.21,-0.6496,318943.210000000020954,1023447.631999999983236
600036.SH,2024.08.13,32.100000000000001,32.229999999999996,31.760000000000001,31.940000000000001,32.119999999999997,-0.18,-0.5604,282377.690000000002328,902009.895999999949708
600036.SH,2024.08.14,31.899999999999998,32.14,31.809999999999998,31.859999999999999,31.940000000000001,-0.08,-0.2505,282446.099999999976716,901196.910999999963678
600036.SH,2024.08.15,31.850000000000001,32.920000000000001,31.649999999999998,32.759999999999997,31.859999999999999,0.9,2.8249,739789.82999999995809,2409557.382999999914318
600036.SH,2024.08.16,32.75,33.25,32.719999999999998,33.149999999999998,32.759999999999997,0.39,1.1905,418503.020000000018626,1383877.361999999964609
600036.SH,2024.08.19,33.25,33.5,33.030000000000001,33.420000000000001,33.149999999999998,0.27,0.8145,422843.419999999983701,1409948.503000000026077
600036.SH,2024.08.20,33.450000000000002,33.600000000000001,33.159999999999996,33.479999999999996,33.420000000000001,0.06,0.1795,423728.729999999981373,1415473.210999999893829
600036.SH,2024.08.21,33.299999999999997,33.429999999999999,32.82,33.240000000000002,33.479999999999996,-0.24,-0.7168,378101.049999999988358,1254587.421000000089406
600036.SH,2024.08.22,33.280000000000001,33.549999999999997,33.179999999999999,33.299999999999997,33.240000000000002,0.06,0.1805,382863.989999999990686,1276718.682999999960884
600036.SH,2024.08.23,33.270000000000003,33.850000000000001,33.07,33.700000000000002,33.299999999999997,0.4,1.2012,465587.260000000009313,1561509.817999999970197
600036.SH,2024.08.26,33.700000000000002,33.840000000000003,33.469999999999998,33.770000000000003,33.700000000000002,0.07,0.2077,351174.599999999976716,1182990.040000000037252
600036.SH,2024.08.27,33.770000000000003,33.939999999999997,33.530000000000001,33.700000000000002,33.770000000000003,-0.07,-0.2073,387208.570000000006984,1308314.397000000113621
600036.SH,2024.08.28,33.829999999999998,33.979999999999996,33.439999999999997,33.679999999999999,33.700000000000002,-0.02,-0.0593,415232.080000000016298,1398682.394000000087544
600036.SH,2024.08.29,33.590000000000003,33.770000000000003,32.899999999999998,32.929999999999999,33.679999999999999,-0.75,-2.2268,516387.820000000006984,1712021.358999999938532
600036.SH,2024.08.30,32.799999999999997,33.109999999999999,32.119999999999997,32.149999999999998,32.929999999999999,-0.78,-2.3687,1112229.830000000074505,3618077.5
600036.SH,2024.09.02,32,32.380000000000002,31.839999999999999,31.929999999999999,32.149999999999998,-0.22,-0.6843,558020.650000000023283,1787602.791999999899417
600036.SH,2024.09.03,32.009999999999998,32.079999999999998,31.399999999999998,31.62,31.929999999999999,-0.31,-0.9709,505751.880000000004656,1596269.780000000027939
600036.SH,2024.09.04,31.530000000000001,31.929999999999999,31.350000000000001,31.359999999999999,31.62,-0.26,-0.8223,380525.900000000023283,1198859.445999999996274
600036.SH,2024.09.05,31.359999999999999,31.440000000000001,30.899999999999998,31.199999999999999,31.359999999999999,-0.16,-0.5102,542063.449999999953433,1687017.959999999962747
600036.SH,2024.09.06,31.25,31.739999999999998,31.199999999999999,31.25,31.199999999999999,0.05,0.1603,383182.140000000013969,1206615.762000000104308
600036.SH,2024.09.09,30.98,30.989999999999998,30.039999999999999,30.239999999999998,31.25,-1.01,-3.232,871073.46999999997206,2641195.521000000182539
600036.SH,2024.09.10,30.25,30.429999999999999,29.940000000000001,30.190000000000001,30.239999999999998,-0.05,-0.1653,476023.570000000006984,1435849.554999999934807
600036.SH,2024.09.11,30.14,30.199999999999999,29.929999999999999,30.079999999999998,30.190000000000001,-0.11,-0.3644,415793.760000000009313,1249059.023000000044703
600036.SH,2024.09.12,30.100000000000001,30.5,29.940000000000001,30.23,30.079999999999998,0.15,0.4987,410266.96999999997206,1242374.645000000018626
600036.SH,2024.09.13,30.280000000000001,30.899999999999998,30,30.600000000000001,30.23,0.37,1.2239,495974.429999999993015,1520857.905999999959021
600036.SH,2024.09.18,30.609999999999999,31.199999999999999,30.609999999999999,31.109999999999999,30.600000000000001,0.51,1.6667,418540.270000000018626,1295345.114000000059604
600036.SH,2024.09.19,31.199999999999999,31.23,30.629999999999999,30.82,31.109999999999999,-0.29,-0.9322,451191.260000000009313,1393040.942000000039115
600036.SH,2024.09.20,30.82,31.109999999999999,30.66,30.940000000000001,30.82,0.12,0.3894,487417.549999999988358,1505998.311999999918043
600036.SH,2024.09.23,30.850000000000001,31.489999999999998,30.839999999999999,31.39,30.940000000000001,0.45,1.4544,344608.71999999997206,1076332.364999999990686
600036.SH,2024.09.24,31.679999999999999,33.14,31.670000000000001,33.130000000000002,31.39,1.74,5.5432,1361218,4427310.18599999975413
600036.SH,2024.09.25,33.850000000000001,34.490000000000002,33.700000000000002,34.149999999999998,33.130000000000002,1.02,3.0788,1856242.790000000037252,6327661.421000000089406
600036.SH,2024.09.26,34.159999999999996,35.380000000000002,33.909999999999996,35.380000000000002,34.149999999999998,1.23,3.6018,1745329.989999999990686,6068657.571999999694526
600036.SH,2024.09.27,36.109999999999999,36.5,34.909999999999996,35.630000000000002,35.380000000000002,0.25,0.7066,745457.819999999948777,2653812.669999999925494
600036.SH,2024.09.30,36.350000000000001,38,35.920000000000001,37.609999999999999,35.630000000000002,1.98,5.557100000000001,2561012.600000000093132,9443438.267999999225139
600036.SH,2024.10.08,41.369999999999997,41.369999999999997,38.82,40,37.609999999999999,2.39,6.354700000000001,2973038.680000000167638,11999361.937999999150633
600036.SH,2024.10.09,39.700000000000002,39.719999999999998,37.009999999999998,37.009999999999998,40,-2.99,-7.475,1855932.100000000093132,7113813.985000000335276
600036.SH,2024.10.10,37.399999999999998,39.5,37.399999999999998,38.729999999999996,37.009999999999998,1.72,4.647400000000001,1433298.40999999991618,5528664.144000000320374
600036.SH,2024.10.11,38.729999999999996,39.219999999999998,38.030000000000001,38.429999999999999,38.729999999999996,-0.3,-0.7746,903475.800000000046566,3498241.859999999869614
600036.SH,2024.10.14,39.009999999999998,39.799999999999997,38.689999999999997,39.329999999999998,38.429999999999999,0.9,2.3419,1292938.389999999897554,5076841.419999999925494
600036.SH,2024.10.15,39.170000000000001,39.990000000000001,38.5,38.5,39.329999999999998,-0.83,-2.1103,955976.530000000027939,3755705.941999999806284
600036.SH,2024.10.16,38.149999999999998,39.5,38.130000000000002,39.5,38.5,1,2.5974,1012548.150000000023283,3963555.265000000130385
600036.SH,2024.10.17,39.530000000000001,39.789999999999999,38.490000000000002,38.490000000000002,39.5,-1.01,-2.557,848922.280000000027939,3315820.470999999903142
600036.SH,2024.10.18,38.509999999999997,39.429999999999999,38.21,39.049999999999997,38.490000000000002,0.56,1.4549,928194.32999999995809,3603949.498000000137835
600036.SH,2024.10.21,39.149999999999998,39.149999999999998,38.5,38.850000000000001,39.049999999999997,-0.2,-0.5122,717539.459999999962747,2780905.731000000145286
600036.SH,2024.10.22,38.840000000000003,39.600000000000001,38.75,39.170000000000001,38.850000000000001,0.32,0.8237,600526.099999999976716,2352800.199000000022351
600036.SH,2024.10.23,39.060000000000002,39.939999999999997,39.020000000000003,39.659999999999996,39.170000000000001,0.49,1.251,627099.680000000051222,2482861.34500000020489
600036.SH,2024.10.24,39.549999999999997,39.679999999999999,39.14,39.310000000000002,39.659999999999996,-0.35,-0.8825,336312.200000000011641,1323826.642999999923631
600036.SH,2024.10.25,39.25,39.490000000000002,39.060000000000002,39.100000000000001,39.310000000000002,-0.21,-0.5342,447931.190000000002328,1756222.719000000040978
600036.SH,2024.10.28,39.009999999999998,39.100000000000001,38.280000000000001,38.520000000000003,39.100000000000001,-0.58,-1.4834,664640.93999999994412,2559210.507000000216066
600036.SH,2024.10.29,38.600000000000001,39.100000000000001,38.409999999999996,38.600000000000001,38.520000000000003,0.08,0.2077,514681.60999999998603,1990283.154000000096857
600036.SH,2024.10.30,38.509999999999997,38.899999999999998,37.609999999999999,37.880000000000002,38.600000000000001,-0.72,-1.8653,703408.280000000027939,2680423.055999999865889
600036.SH,2024.10.31,37.799999999999997,37.990000000000001,36.909999999999996,37.359999999999999,37.880000000000002,-0.52,-1.3728,850392.510000000009313,3173924.098999999929219
600036.SH,2024.11.01,37.439999999999997,38.299999999999997,37.380000000000002,38.009999999999998,37.359999999999999,0.65,1.7398,703102.10999999998603,2671523.515000000130385
600036.SH,2024.11.04,38.100000000000001,38.75,37.409999999999996,38.75,38.009999999999998,0.74,1.9469,646612.089999999967403,2466019.719000000040978
600036.SH,2024.11.05,38.429999999999999,39.100000000000001,38.399999999999998,39.079999999999998,38.75,0.33,0.8516,628744.760000000009313,2445317.942999999970197
600036.SH,2024.11.06,39,39.079999999999998,38.149999999999998,38.560000000000002,39.079999999999998,-0.52,-1.3306,648336.290000000037252,2501077.845000000204891
600036.SH,2024.11.07,38.420000000000001,39.579999999999998,38.380000000000002,39.57,38.560000000000002,1.01,2.6193,743472.180000000051222,2904874.006000000052154
600036.SH,2024.11.08,39.679999999999999,39.850000000000001,38.75,38.799999999999997,39.57,-0.77,-1.9459,745368.459999999962747,2920926.026999999769032
600036.SH,2024.11.11,38.299999999999997,38.700000000000002,37.89,38.329999999999998,38.799999999999997,-0.47,-1.2113,703145.550000000046566,2682610.299000000115483
600036.SH,2024.11.12,38.189999999999997,38.840000000000003,37.509999999999997,37.590000000000003,38.329999999999998,-0.74,-1.9306,893289.280000000027939,3399364.219000000040978
600036.SH,2024.11.13,37.590000000000003,37.979999999999996,37.509999999999997,37.82,37.590000000000003,0.23,0.6119,485304.400000000023283,1833809.094000000040978
600036.SH,2024.11.14,37.659999999999996,38.479999999999996,37.530000000000001,38.060000000000002,37.82,0.24,0.6346,676440.300000000046566,2585688.546000000089406
600036.SH,2024.11.15,38.079999999999998,38.57,37.810000000000002,37.82,38.060000000000002,-0.24,-0.6306,699276.880000000004656,2671344.641999999992549
600036.SH,2024.11.18,38.049999999999997,38.659999999999996,37.799999999999997,37.899999999999998,37.82,0.08,0.2115,763448.069999999948777,2918992.43999999994412
600036.SH,2024.11.19,37.909999999999996,38.179999999999999,37.450000000000002,37.719999999999998,37.899999999999998,-0.18,-0.4749,521248.549999999988358,1967719.175000000046566
600036.SH,2024.11.20,37.799999999999997,37.850000000000001,37.399999999999998,37.479999999999996,37.719999999999998,-0.24,-0.6363,451291.260000000009313,1693331.536000000080093
600036.SH,2024.11.21,37.479999999999996,37.659999999999996,37.270000000000003,37.429999999999999,37.479999999999996,-0.05,-0.1334,350336.140000000013969,1309684.432999999960884
600036.SH,2024.11.22,37.429999999999999,37.549999999999997,36.359999999999999,36.450000000000002,37.429999999999999,-0.98,-2.6182,690490.900000000023283,2544524.441000000108033
600036.SH,2024.11.25,36.700000000000002,36.859999999999999,36.119999999999997,36.219999999999998,36.450000000000002,-0.23,-0.631,534094.729999999981373,1945383.40999999991618
600036.SH,2024.11.26,36.030000000000001,36.579999999999998,35.840000000000003,36.39,36.219999999999998,0.17,0.4694,459421.210000000020954,1666651.767999999923631
600036.SH,2024.11.27,36.39,36.679999999999999,36.109999999999999,36.600000000000001,36.39,0.21,0.5771,392076.880000000004656,1429782.932999999960884
600036.SH,2024.11.28,36.600000000000001,36.850000000000001,36.179999999999999,36.469999999999998,36.600000000000001,-0.13,-0.3552,451939.099999999976716,1647865.702000000048428
600036.SH,2024.11.29,36.590000000000003,37,36.310000000000002,36.340000000000003,36.469999999999998,-0.13,-0.3565,664379.989999999990686,2437776.751999999862164
600036.SH,2024.12.02,36.450000000000002,36.679999999999999,36.200000000000002,36.509999999999997,36.340000000000003,0.17,0.4678,424652.090000000025611,1548959.360000000102445
600036.SH,2024.12.03,36.649999999999998,37.219999999999998,36.380000000000002,37.119999999999997,36.509999999999997,0.61,1.6708,721986.089999999967403,2658919.81900000013411
600036.SH,2024.12.04,37.090000000000003,37.090000000000003,36.530000000000001,36.810000000000002,37.119999999999997,-0.31,-0.8351,620511.239999999990686,2285383.469000000040978
600036.SH,2024.12.05,36.659999999999996,37.359999999999999,36.609999999999999,36.909999999999996,36.810000000000002,0.1,0.2717,568949.339999999967403,2108115.265000000130385
600036.SH,2024.12.06,37.009999999999998,37.82,37.009999999999998,37.700000000000002,36.909999999999996,0.79,2.1403,877235.869999999995343,3296793.041999999899417
600036.SH,2024.12.09,37.590000000000003,37.990000000000001,37.350000000000001,37.700000000000002,37.700000000000002,0,0,492995.349999999976716,1859542.283000000054016
600036.SH,2024.12.10,38.799999999999997,38.990000000000001,38.399999999999998,38.600000000000001,37.700000000000002,0.9,2.3873,1038953.18999999994412,4022695.501000000163912
600036.SH,2024.12.11,38.539999999999999,38.789999999999999,38.229999999999996,38.299999999999997,38.600000000000001,-0.3,-0.7772,517709.35999999998603,1988895.959000000031665
600036.SH,2024.12.12,38.289999999999999,38.829999999999998,38.21,38.799999999999997,38.299999999999997,0.5,1.3055,586888.760000000009313,2267252.62099999981001
600036.SH,2024.12.13,38.450000000000002,38.600000000000001,37.280000000000001,37.299999999999997,38.799999999999997,-1.5,-3.866,1117982.800000000046566,4213094.968999999575317
600036.SH,2024.12.16,37.350000000000001,37.780000000000001,37.32,37.740000000000002,37.299999999999997,0.44,1.1796,640315.890000000013969,2409086.953999999910593
600036.SH,2024.12.17,37.539999999999999,38.159999999999996,37.539999999999999,37.850000000000001,37.740000000000002,0.11,0.2915,603104.07999999995809,2287237.53899999987334
600036.SH,2024.12.18,38.020000000000003,38.659999999999996,37.859999999999999,38.520000000000003,37.850000000000001,0.67,1.7701,805855.35999999998603,3101731.955999999772757
600036.SH,2024.12.19,38.380000000000002,38.530000000000001,38,38.020000000000003,38.520000000000003,-0.5,-1.298,611195.819999999948777,2336249.856999999843537
600036.SH,2024.12.20,38.049999999999997,38.280000000000001,37.859999999999999,37.909999999999996,38.020000000000003,-0.11,-0.2893,542150.380000000004656,2060744.58199999993667
600036.SH,2024.12.23,37.990000000000001,38.700000000000002,37.979999999999996,38.350000000000001,37.909999999999996,0.44,1.1606,902691.560000000055879,3473126.151999999769032
600036.SH,2024.12.24,38.350000000000001,39.289999999999999,38.32,39.219999999999998,38.350000000000001,0.87,2.2686,993428.459999999962747,3875223.367999999783933
600036.SH,2024.12.25,39.229999999999996,39.560000000000002,38.990000000000001,39.399999999999998,39.219999999999998,0.18,0.4589,755913.069999999948777,2972981.820999999996274
600036.SH,2024.12.26,39.399999999999998,39.539999999999999,39.009999999999998,39.479999999999996,39.399999999999998,0.08,0.203,539251.93999999994412,2125139.424999999813735
600036.SH,2024.12.27,39.479999999999996,39.64,38.780000000000001,39.340000000000003,39.479999999999996,-0.14,-0.3546,700319.550000000046566,2742768.757999999914318
600036.SH,2024.12.30,39.340000000000003,39.799999999999997,39.25,39.619999999999997,39.340000000000003,0.28,0.7117,678845.32999999995809,2690314.72899999981746
600036.SH,2024.12.31,39.560000000000002,39.899999999999998,39.299999999999997,39.299999999999997,39.619999999999997,-0.32,-0.8077,643716.989999999990686,2549055.493999999947845
600036.SH,2025.01.02,39.350000000000001,39.5,38.340000000000003,38.509999999999997,39.299999999999997,-0.79,-2.0102,642000.699999999953433,2493694.677000000141561
600036.SH,2025.01.03,38.600000000000001,39.039999999999999,38.539999999999999,38.659999999999996,38.509999999999997,0.15,0.3895,682583.060000000055879,2646967.328999999910593
600036.SH,2025.01.06,38.899999999999998,39.100000000000001,38.130000000000002,39.049999999999997,38.659999999999996,0.39,1.0088,617158.630000000004656,2394244.404000000096857
600036.SH,2025.01.07,38.969999999999998,39.149999999999998,38.609999999999999,38.899999999999998,39.049999999999997,-0.15,-0.3841,492752.049999999988358,1917344.814000000013038
600036.SH,2025.01.08,38.829999999999998,39.549999999999997,38.82,39.280000000000001,38.899999999999998,0.38,0.9769,751481.020000000018626,2952943.867999999783933
600036.SH,2025.01.09,39.399999999999998,39.429999999999999,38.829999999999998,39,39.280000000000001,-0.28,-0.7128,447083.349999999976716,1748399.287999999942257
600036.SH,2025.01.10,39.340000000000003,39.450000000000002,38.810000000000002,38.979999999999996,39,-0.02,-0.0513,481424.799999999988358,1881660.496999999973922
600036.SH,2025.01.13,38.929999999999999,39.149999999999998,38.539999999999999,39.07,38.979999999999996,0.09,0.2309,606322.739999999990686,2360608.44400000013411
600036.SH,2025.01.14,39.090000000000003,39.969999999999998,38.899999999999998,39.850000000000001,39.07,0.78,1.9964,708011.880000000004656,2802857.578000000212341
600036.SH,2025.01.15,39.990000000000001,41,39.89,40.64,39.850000000000001,0.79,1.9824,796700.880000000004656,3234242.853000000119209
600036.SH,2025.01.16,40.649999999999998,41.149999999999998,40.530000000000001,40.990000000000001,40.64,0.35,0.8612,592593.85999999998603,2423118.469000000040978
600036.SH,2025.01.17,40.96,41.159999999999996,40.130000000000002,40.71,40.990000000000001,-0.28,-0.6831,475900.5,1936832.043999999994412
600036.SH,2025.01.20,40.979999999999996,41.07,40.109999999999999,40.119999999999997,40.71,-0.59,-1.4493,542574.819999999948777,2195966.479999999981373
600036.SH,2025.01.21,40.32,40.509999999999997,40.009999999999998,40.14,40.119999999999997,0.02,0.0499,400685.059999999997671,1613495.367000000085681
600036.SH,2025.01.22,40.14,40.159999999999996,39.32,39.450000000000002,40.14,-0.69,-1.719,588912.21999999997206,2327377.021000000182539
600036.SH,2025.01.23,39.670000000000001,40.229999999999996,39.520000000000003,39.829999999999998,39.450000000000002,0.38,0.9632,606618.099999999976716,2417576.583000000100582
600036.SH,2025.01.24,39.659999999999996,40.549999999999997,39.46,40.259999999999997,39.829999999999998,0.43,1.0796,574652.339999999967403,2312073.725999999791383
600036.SH,2025.01.27,40.579999999999998,40.969999999999998,40.549999999999997,40.649999999999998,40.259999999999997,0.39,0.9687,526060.46999999997206,2144848.680999999865889
600036.SH,2025.02.05,40.850000000000001,40.899999999999998,39.899999999999998,40,40.649999999999998,-0.65,-1.599,504788.890000000013969,2030411.80199999990873
600036.SH,2025.02.06,40,40.380000000000002,39.729999999999996,40.200000000000002,40,0.2,0.5,466088.419999999983701,1866867.477999999886378
600036.SH,2025.02.07,40.100000000000001,40.399999999999998,39.96,40.200000000000002,40.200000000000002,0,0,521066.179999999993015,2092855.370000000111758
600036.SH,2025.02.10,40.200000000000002,40.920000000000001,39.96,40.600000000000001,40.200000000000002,0.4,0.995,581805.949999999953433,2357786.973999999929219
600036.SH,2025.02.11,40.75,41.039999999999999,40.64,40.979999999999996,40.600000000000001,0.38,0.936,457771.190000000002328,1872296.622999999905005
600036.SH,2025.02.12,40.96,41.659999999999996,40.560000000000002,41.619999999999997,40.979999999999996,0.64,1.5617,603591.489999999990686,2484722.115000000223517
600036.SH,2025.02.13,41.649999999999998,41.950000000000002,41.340000000000003,41.71,41.619999999999997,0.09,0.2162,462206.979999999981373,1927409.816000000108033
600036.SH,2025.02.14,41.689999999999997,42.030000000000001,41.520000000000003,42.030000000000001,41.71,0.32,0.7672,498736.900000000023283,2086301.71999999997206
600036.SH,2025.02.17,41.990000000000001,41.990000000000001,41.359999999999999,41.719999999999998,42.030000000000001,-0.31,-0.7376,536125.60999999998603,2228540.282000000122934
600036.SH,2025.02.18,41.509999999999997,42.479999999999996,41.509999999999997,42.049999999999997,41.719999999999998,0.33,0.791,546665.390000000013969,2301403.254000000189989
600036.SH,2025.02.19,42,42.149999999999998,41.759999999999997,41.979999999999996,42.049999999999997,-0.07,-0.1665,374702.229999999981373,1572476.675999999977648
600036.SH,2025.02.20,42,42.090000000000003,41.679999999999999,41.850000000000001,41.979999999999996,-0.13,-0.3097,407675.080000000016298,1705724.683999999891966
600036.SH,2025.02.21,41.96,41.990000000000001,41.219999999999998,41.399999999999998,41.850000000000001,-0.45,-1.0753,595255.790000000037252,2467492.898000000044703
600036.SH,2025.02.24,41.39,41.75,41.100000000000001,41.270000000000003,41.399999999999998,-0.13,-0.314,571107.089999999967403,2361716.15100000007078
600036.SH,2025.02.25,41.149999999999998,41.439999999999997,40.909999999999996,41.030000000000001,41.270000000000003,-0.24,-0.5815,507321.200000000011641,2088784.243999999947845
600036.SH,2025.02.26,41.130000000000002,41.700000000000002,41.049999999999997,41.479999999999996,41.030000000000001,0.45,1.0968,476446.60999999998603,1974231.834000000031664
600036.SH,2025.02.27,41.600000000000001,42.399999999999998,41.280000000000001,42.380000000000002,41.479999999999996,0.9,2.1697,622596.569999999948777,2611617.503000000026077
600036.SH,2025.02.28,42.380000000000002,42.659999999999996,42.049999999999997,42.049999999999997,42.380000000000002,-0.33,-0.7787,705423.650000000023283,2985755.469000000040978
600036.SH,2025.03.03,42.119999999999997,42.619999999999997,41.950000000000002,42.049999999999997,42.049999999999997,0,0,470149.020000000018626,1983165.729999999981373
600036.SH,2025.03.04,41.909999999999996,42.100000000000001,41.770000000000003,41.799999999999997,42.049999999999997,-0.25,-0.5945,317245.419999999983701,1329037.847000000067055
600036.SH,2025.03.05,41.96,42.909999999999996,41.75,42.89,41.799999999999997,1.09,2.6077,632037.430000000051222,2689749.94400000013411
600036.SH,2025.03.06,42.89,43.100000000000001,42.450000000000002,42.96,42.89,0.07,0.1632,572053.040000000037252,2450800.591000000014901
600036.SH,2025.03.07,42.899999999999998,43.799999999999997,42.850000000000001,43.57,42.96,0.61,1.4199,605413.18999999994412,2626484.643999999854713
600036.SH,2025.03.10,43.490000000000002,43.579999999999998,42.82,43.07,43.57,-0.5,-1.1476,508749.710000000020954,2191791.878000000026077
600036.SH,2025.03.11,42.770000000000003,43.64,42.71,43.509999999999997,43.07,0.44,1.0216,565741.089999999967403,2447134.268999999854713
600036.SH,2025.03.12,43.5,43.859999999999999,43.25,43.539999999999999,43.509999999999997,0.03,0.0689,418258.35999999998603,1822497.448000000091269
600036.SH,2025.03.13,43.600000000000001,44.380000000000002,43.5,43.840000000000003,43.539999999999999,0.3,0.689,585539.280000000027939,2575079.640000000130385
600036.SH,2025.03.14,44,45.469999999999998,43.939999999999997,45.159999999999996,43.840000000000003,1.32,3.0109,911275.349999999976716,4095818.342999999877065
600036.SH,2025.03.17,45.32,45.5,44.979999999999996,45.039999999999999,45.159999999999996,-0.12,-0.2657,654209.729999999981373,2957486.225000000093132
600036.SH,2025.03.18,45.289999999999999,45.380000000000002,44.82,45.14,45.039999999999999,0.1,0.222,428220.010000000009313,1933102.847999999998137
600036.SH,2025.03.19,45.280000000000001,46.100000000000001,45.100000000000001,46.020000000000003,45.14,0.88,1.9495,670705.93999999994412,3061182.015000000130385
600036.SH,2025.03.20,45.920000000000001,45.920000000000001,44.780000000000001,45.240000000000002,46.020000000000003,-0.78,-1.6949,678656.030000000027939,3067327.046999999787658
600036.SH,2025.03.21,45.119999999999997,45.340000000000003,44.520000000000003,44.700000000000002,45.240000000000002,-0.54,-1.1936,675411.699999999953433,3030118.214999999850988
600036.SH,2025.03.24,44.549999999999997,45.189999999999997,44.549999999999997,45.049999999999997,44.700000000000002,0.35,0.783,449576.190000000002328,2018232.266000000061467
600036.SH,2025.03.25,45,45.5,44.950000000000002,45.090000000000003,45.049999999999997,0.04,0.0888,356871.549999999988358,1610425.397000000113621
600036.SH,2025.03.26,44.5,44.590000000000003,42.609999999999999,42.659999999999996,45.090000000000003,-2.43,-5.3892,1578326.320000000065192,6817699.593999999575316
600036.SH,2025.03.27,42.75,43.740000000000002,42.740000000000002,43.259999999999997,42.659999999999996,0.6,1.4065,827950.810000000055879,3583722.317999999970197
600036.SH,2025.03.28,43.299999999999997,43.450000000000002,43.060000000000002,43.219999999999998,43.259999999999997,-0.04,-0.0925,386184.090000000025611,1671063.293999999994412
600036.SH,2025.03.31,43.21,43.780000000000001,42.609999999999999,43.289999999999999,43.219999999999998,0.07,0.162,539568.880000000004656,2334387.177000000141561
600036.SH,2025.04.01,43.280000000000001,43.289999999999999,42.75,42.869999999999997,43.289999999999999,-0.42,-0.9702,389360.349999999976716,1671945.743000000016763
600036.SH,2025.04.02,42.869999999999997,43.149999999999998,42.679999999999999,42.729999999999996,42.869999999999997,-0.14,-0.3266,331201.890000000013969,1420244.307999999960884
600036.SH,2025.04.03,42.020000000000003,42.850000000000001,42.020000000000003,42.649999999999998,42.729999999999996,-0.08,-0.1872,464165.5,1977833.088999999919906
600036.SH,2025.04.07,40.939999999999997,42,39.39,40.829999999999998,42.649999999999998,-1.82,-4.2673,1815632.919999999925494,7360169.684000000357627
600036.SH,2025.04.08,40.780000000000001,41.200000000000002,40.439999999999997,41.149999999999998,40.829999999999998,0.32,0.7837,1610477.360000000102445,6562173.339999999850988
600036.SH,2025.04.09,40.600000000000001,41.020000000000003,40.299999999999997,40.46,41.149999999999998,-0.69,-1.6768,973969.349999999976716,3956703.949000000022351
600036.SH,2025.04.10,40.990000000000001,41.450000000000002,40.549999999999997,41.100000000000001,40.46,0.64,1.5818,743788.75,3057795.208000000100582
600036.SH,2025.04.11,41.109999999999999,41.689999999999997,40.810000000000002,41.509999999999997,41.100000000000001,0.41,0.9976,583056.910000000032596,2404586.566000000108033
600036.SH,2025.04.14,41.679999999999999,41.909999999999996,41.409999999999996,41.479999999999996,41.509999999999997,-0.03,-0.0723,482159.840000000025611,2006762.053000000072643
600036.SH,2025.04.15,41.490000000000002,42.289999999999999,41.450000000000002,42.100000000000001,41.479999999999996,0.62,1.4947,614563.85999999998603,2578602.435000000055879
600036.SH,2025.04.16,41.979999999999996,42.579999999999998,41.82,42.25,42.100000000000001,0.15,0.3563,576293.57999999995809,2425842.589000000152736
600036.SH,2025.04.17,42.119999999999997,42.359999999999999,41.850000000000001,42.119999999999997,42.25,-0.13,-0.3077,405792.880000000004656,1711632.453999999910593
600036.SH,2025.04.18,42.130000000000002,42.789999999999999,42.049999999999997,42.75,42.119999999999997,0.63,1.4957,435001.280000000027939,1849158.561999999918043
600036.SH,2025.04.21,42.659999999999996,43.079999999999998,42.280000000000001,42.280000000000001,42.75,-0.47,-1.0994,416465.849999999976716,1774479.13800000003539
600036.SH,2025.04.22,42.310000000000002,42.539999999999999,42.009999999999998,42.009999999999998,42.280000000000001,-0.27,-0.6386,433788.130000000004656,1831804.304000000003725
600036.SH,2025.04.23,42.299999999999997,42.299999999999997,41.770000000000003,41.990000000000001,42.009999999999998,-0.02,-0.0476,467743.590000000025611,1965588.260999999940395
600036.SH,2025.04.24,42,42.380000000000002,41.950000000000002,42.21,41.990000000000001,0.22,0.5239,413651.849999999976716,1747384.624000000068917
600036.SH,2025.04.25,42.289999999999999,42.549999999999997,42.039999999999999,42.079999999999998,42.21,-0.13,-0.308,424349.929999999993015,1792844.932999999960884
600036.SH,2025.04.28,42.149999999999998,42.560000000000002,42.030000000000001,42.350000000000001,42.079999999999998,0.27,0.6416,386973.169999999983701,1639160.75
600036.SH,2025.04.29,42.350000000000001,42.649999999999998,42,42,42.350000000000001,-0.35,-0.8264,457698.530000000027939,1933096.299000000115483
600036.SH,2025.04.30,41.64,41.64,40.509999999999997,40.740000000000002,42,-1.26,-3,1172682.100000000093132,4782474.91399999987334
600036.SH,2025.05.06,40.899999999999998,41.409999999999996,40.509999999999997,41.369999999999997,40.740000000000002,0.63,1.5464,666409.989999999990686,2734586.583999999798834
600036.SH,2025.05.07,41.789999999999999,42.229999999999996,41.310000000000002,42.020000000000003,41.369999999999997,0.65,1.5712,712913.880000000004656,2985699.305999999865889
600036.SH,2025.05.08,42.009999999999998,43.420000000000001,42,42.799999999999997,42.020000000000003,0.78,1.8563,833809.640000000013969,3581050.504999999888241
600036.SH,2025.05.09,42.799999999999997,43.600000000000001,42.799999999999997,43.479999999999996,42.799999999999997,0.68,1.5888,668154.71999999997206,2897563.044999999925494
600036.SH,2025.05.12,43.450000000000002,44.399999999999998,43.109999999999999,43.799999999999997,43.479999999999996,0.32,0.736,848974.089999999967403,3724155.033999999985098
600036.SH,2025.05.13,44.090000000000003,44.649999999999998,43.850000000000001,44.560000000000002,43.799999999999997,0.76,1.7352,699124.170000000041909,3099990.419999999925494
600036.SH,2025.05.14,44.549999999999997,45.299999999999997,44.32,44.810000000000002,44.560000000000002,0.25,0.561,712790.180000000051222,3194543.663000000175088
600036.SH,2025.05.15,44.829999999999998,45.380000000000002,44.649999999999998,44.920000000000001,44.810000000000002,0.11,0.2455,684600.479999999981373,3080577.617999999783933
600036.SH,2025.05.16,44.75,44.979999999999996,44.030000000000001,44.270000000000003,44.920000000000001,-0.65,-1.447,619655.349999999976716,2743750.955999999772757
600036.SH,2025.05.19,44.200000000000002,44.46,43.75,43.840000000000003,44.270000000000003,-0.43,-0.9713,502817.010000000009313,2213557.25
600036.SH,2025.05.20,44.030000000000001,44.609999999999999,43.869999999999997,43.899999999999998,43.840000000000003,0.06,0.1369,500534.830000000016298,2210731.575999999884515
600036.SH,2025.05.21,43.950000000000002,44.369999999999997,43.840000000000003,43.899999999999998,43.899999999999998,0,0,499200.349999999976716,2199193.617999999783933
600036.SH,2025.05.22,43.899999999999998,44.560000000000002,43.75,44.509999999999997,43.899999999999998,0.61,1.3895,565655.619999999995343,2503244.591000000014901
600036.SH,2025.05.23,44.509999999999997,44.679999999999999,43.899999999999998,44.049999999999997,44.509999999999997,-0.46,-1.0335,541460.089999999967403,2395482.58199999993667
600036.SH,2025.05.26,43.89,44.170000000000001,43.630000000000002,43.799999999999997,44.049999999999997,-0.25,-0.5675,456099.75,2000068.963999999919906
600036.SH,2025.05.27,43.799999999999997,44.149999999999998,43.670000000000001,43.740000000000002,43.799999999999997,-0.06,-0.137,363750.010000000009313,1594752.084000000031664
600036.SH,2025.05.28,43.780000000000001,44.049999999999997,43.600000000000001,43.679999999999999,43.740000000000002,-0.06,-0.1372,300355.239999999990686,1313730.557000000029802
600036.SH,2025.05.29,43.700000000000002,43.950000000000002,43.450000000000002,43.469999999999998,43.679999999999999,-0.21,-0.4808,492989.700000000011641,2152530.686000000219792
600036.SH,2025.05.30,43.549999999999997,43.880000000000002,43.350000000000001,43.429999999999999,43.469999999999998,-0.04,-0.092,571391.43999999994412,2491890.458000000100582
600036.SH,2025.06.03,43.5,44.429999999999999,43.5,43.969999999999998,43.429999999999999,0.54,1.2434,503685.130000000004656,2216746.052000000141561
600036.SH,2025.06.04,44.049999999999997,44.270000000000003,43.899999999999998,44.060000000000002,43.969999999999998,0.09,0.2047,373416.669999999983701,1644649.608999999938532
600036.SH,2025.06.05,44.060000000000002,44.420000000000001,44,44.369999999999997,44.060000000000002,0.31,0.7036,421316.799999999988358,1865235.665999999968335
600036.SH,2025.06.06,44.450000000000002,44.71,44.299999999999997,44.469999999999998,44.369999999999997,0.1,0.2254,373498.950000000011641,1660462.752000000094994
600036.SH,2025.06.09,44.600000000000001,44.679999999999999,44.21,44.600000000000001,44.469999999999998,0.13,0.2923,474774.460000000020954,2111750.061000000219792
600036.SH,2025.06.10,44.57,45.049999999999997,44.450000000000002,44.670000000000001,44.600000000000001,0.07,0.157,528348.920000000041909,2364300.623999999836087
600036.SH,2025.06.11,44.719999999999998,45.679999999999999,44.719999999999998,45.310000000000002,44.670000000000001,0.64,1.4327,776761.07999999995809,3518360.40100000007078
600036.SH,2025.06.12,45.399999999999998,45.649999999999998,45.100000000000001,45.229999999999996,45.310000000000002,-0.08,-0.1766,452390.700000000011641,2050510.492000000085681
600036.SH,2025.06.13,45.240000000000002,45.350000000000001,44.950000000000002,45.179999999999999,45.229999999999996,-0.05,-0.1105,474080.559999999997671,2141145.231000000145286
600036.SH,2025.06.16,45.079999999999998,45.810000000000002,44.950000000000002,45.780000000000001,45.179999999999999,0.6,1.328,414474.349999999976716,1885267.74600000004284
600036.SH,2025.06.17,45.880000000000002,46.049999999999997,45.71,45.979999999999996,45.780000000000001,0.2,0.4369,474209.010000000009313,2177741.322000000160187
600036.SH,2025.06.18,45.920000000000001,46.07,45.649999999999998,45.850000000000001,45.979999999999996,-0.13,-0.2827,426428.590000000025611,1957406.402999999932944
600036.SH,2025.06.19,45.840000000000003,46.060000000000002,45.369999999999997,45.630000000000002,45.850000000000001,-0.22,-0.4798,513454.299999999988358,2342843.183999999891966
600036.SH,2025.06.20,45.729999999999996,46.179999999999999,45.549999999999997,45.990000000000001,45.630000000000002,0.36,0.789,448156.520000000018626,2059058.897000000113621
600036.SH,2025.06.23,45.899999999999998,46.340000000000003,45.429999999999999,46.25,45.990000000000001,0.26,0.5653,538931.479999999981373,2475802.504000000189989
600036.SH,2025.06.24,46.310000000000002,47,46.179999999999999,46.75,46.25,0.5,1.0811,655814.60999999998603,3058493.530999999959021
600036.SH,2025.06.25,46.75,47.5,46.590000000000003,47.5,46.75,0.75,1.6043,607679.869999999995343,2862914.072999999858438
600036.SH,2025.06.26,47.490000000000002,47.880000000000002,47.049999999999997,47.880000000000002,47.5,0.38,0.8,590200.640000000013969,2807185.759999999776482
600036.SH,2025.06.27,47.850000000000001,47.869999999999997,46.039999999999999,46.219999999999998,47.880000000000002,-1.66,-3.467,954143.199999999953433,4461309.934999999590217
600036.SH,2025.06.30,46.130000000000002,46.289999999999999,45.770000000000003,45.950000000000002,46.219999999999998,-0.27,-0.5842,624613.630000000004656,2870068.037000000011175
600036.SH,2025.07.01,45.96,46.670000000000001,45.920000000000001,46.450000000000002,45.950000000000002,0.5,1.0881,450613.090000000025611,2089060.871999999973922
600036.SH,2025.07.02,46.700000000000002,47.159999999999996,46.450000000000002,46.899999999999998,46.450000000000002,0.45,0.9688,518563.179999999993015,2429269.828999999910593
600036.SH,2025.07.03,46.899999999999998,46.950000000000002,46.340000000000003,46.609999999999999,46.899999999999998,-0.29,-0.6183,556225.760000000009313,2595710.464999999850988
600036.SH,2025.07.04,46.600000000000001,47.5,46.399999999999998,47.07,46.609999999999999,0.46,0.9869,678948.319999999948777,3190053.518000000156462
600036.SH,2025.07.07,47.07,47.299999999999997,46.700000000000002,47.200000000000002,47.07,0.13,0.2762,567427.420000000041909,2672021.320999999996274
600036.SH,2025.07.08,47.280000000000001,47.670000000000001,47.100000000000001,47.619999999999997,47.200000000000002,0.42,0.8898,637421.010000000009313,3025850.416000000201165
600036.SH,2025.07.09,47.5,47.770000000000003,47.130000000000002,47.130000000000002,47.619999999999997,-0.49,-1.029,614566.349999999976716,2912999.773000000044703
600036.SH,2025.07.10,47.100000000000001,48.549999999999997,47.100000000000001,48.240000000000002,47.130000000000002,1.11,2.3552,1219784.040000000037252,5860161.557000000029802
600036.SH,2025.07.11,46.280000000000001,46.5,45.619999999999997,45.64,46.240000000000002,-0.6,-1.2976,1184442.840000000083819,5446393.735000000335276
600036.SH,2025.07.14,45.649999999999998,46.090000000000003,45.439999999999997,45.57,45.64,-0.07,-0.1534,648484.369999999995343,2969040.140999999828636
600036.SH,2025.07.15,45.770000000000003,45.920000000000001,44.799999999999997,45.219999999999998,45.57,-0.35,-0.768,666206.260000000009313,3018332.344000000040978
600036.SH,2025.07.16,45.259999999999997,45.539999999999999,44.880000000000002,45.109999999999999,45.219999999999998,-0.11,-0.2433,468186.390000000013969,2112241.748000000137835
600036.SH,2025.07.17,45.100000000000001,45.329999999999998,44.909999999999996,45,45.109999999999999,-0.11,-0.2438,416895.059999999997671,1877218.807000000029802
600036.SH,2025.07.18,45.049999999999997,45.159999999999996,44.740000000000002,45.049999999999997,45,0.05,0.1111,543430.569999999948777,2445283.609000000171363
600036.SH,2025.07.21,45.049999999999997,45.229999999999996,44.829999999999998,44.850000000000001,45.049999999999997,-0.2,-0.444,566412.010000000009313,2546034.188999999780207
600036.SH,2025.07.22,44.850000000000001,44.979999999999996,44.21,44.939999999999997,44.850000000000001,0.09,0.2007,922319.060000000055879,4111116.850000000093132
600036.SH,2025.07.23,44.969999999999998,45.700000000000002,44.96,45.119999999999997,44.939999999999997,0.18,0.4005,853249.050000000046566,3864679.805000000167638
600036.SH,2025.07.24,45.21,45.359999999999999,44.799999999999997,44.880000000000002,45.119999999999997,-0.24,-0.5319,826620.130000000004656,3724435.78899999987334
600036.SH,2025.07.25,44.840000000000003,45.170000000000001,44.75,44.829999999999998,44.880000000000002,-0.05,-0.1114,696264.229999999981373,3129427.563000000081956
600036.SH,2025.07.28,44.799999999999997,45.159999999999996,44.409999999999996,44.439999999999997,44.829999999999998,-0.39,-0.87,635127.199999999953433,2838575.467000000178813
600036.SH,2025.07.29,44.439999999999997,44.799999999999997,44.14,44.14,44.439999999999997,-0.3,-0.6751,785812.819999999948777,3487013.43999999994412
600036.SH,2025.07.30,44.170000000000001,44.75,43.929999999999999,44.420000000000001,44.14,0.28,0.6343,725460.849999999976716,3222441.77600000007078
600036.SH,2025.07.31,44.399999999999998,44.560000000000002,43.850000000000001,44.479999999999996,44.420000000000001,0.06,0.1351,733195.170000000041909,3247588.211000000126659
600036.SH,2025.08.01,44.5,44.969999999999998,44.350000000000001,44.420000000000001,44.479999999999996,-0.06,-0.1349,594620.93999999994412,2651723.322999999858438
600036.SH,2025.08.04,44.310000000000002,44.969999999999998,44.310000000000002,44.899999999999998,44.420000000000001,0.48,1.0806,498008.320000000006984,2231447.773000000044703
600036.SH,2025.08.05,44.780000000000001,45.399999999999998,44.64,45.25,44.899999999999998,0.35,0.7795,555258.300000000046566,2502003.950000000186264
600036.SH,2025.08.06,45.289999999999999,45.729999999999996,45.109999999999999,45.119999999999997,45.25,-0.13,-0.2873,430296.400000000023283,1951697.828999999910593
600036.SH,2025.08.07,45.119999999999997,45.600000000000001,44.96,45.149999999999998,45.119999999999997,0.03,0.0665,440643.25,1995029.889999999897554
600036.SH,2025.08.08,45.200000000000002,45.280000000000001,44.530000000000001,44.530000000000001,45.149999999999998,-0.62,-1.3732,456421.530000000027939,2044145.472000000067055
600036.SH,2025.08.11,44.530000000000001,44.630000000000002,44.100000000000001,44.100000000000001,44.530000000000001,-0.43,-0.9656,536723.709999999962747,2375089.438000000081956
600036.SH,2025.08.12,44.130000000000002,44.479999999999996,44,44,44.100000000000001,-0.1,-0.2268,562252.430000000051222,2482688.842999999877065
600036.SH,2025.08.13,44.14,44.25,43.490000000000002,43.539999999999999,44,-0.46,-1.0455,876737.35999999998603,3837405.882999999914318
600036.SH,2025.08.14,43.549999999999997,43.939999999999997,43.5,43.780000000000001,43.539999999999999,0.24,0.5512,676351.680000000051222,2959763.586000000126659
600036.SH,2025.08.15,43.659999999999996,43.740000000000002,43.299999999999997,43.299999999999997,43.780000000000001,-0.48,-1.0964,932956.839999999967403,4051326.296999999787658
600036.SH,2025.08.18,43.100000000000001,43.670000000000001,42.89,43.509999999999997,43.299999999999997,0.21,0.485,926397.380000000004656,4005818.986000000033527
600036.SH,2025.08.19,43.450000000000002,43.700000000000002,43.289999999999999,43.399999999999998,43.509999999999997,-0.11,-0.2528,574118.520000000018626,2493609.52199999988079
600036.SH,2025.08.20,43.299999999999997,43.630000000000002,43.149999999999998,43.450000000000002,43.399999999999998,0.05,0.1152,547240.130000000004656,2374776.328000000212341
600036.SH,2025.08.21,43.5,43.590000000000003,43.229999999999996,43.469999999999998,43.450000000000002,0.02,0.046,578540.020000000018626,2512170.015999999828636
600036.SH,2025.08.22,43.469999999999998,43.479999999999996,43.039999999999999,43.259999999999997,43.469999999999998,-0.21,-0.4831,794496.25,3432029.282999999821186
600036.SH,2025.08.25,43.32,43.869999999999997,43.109999999999999,43.869999999999997,43.259999999999997,0.61,1.4101,907389.900000000023283,3956212.555000000167638
600036.SH,2025.08.26,43.89,44.020000000000003,43.420000000000001,43.520000000000003,43.869999999999997,-0.35,-0.7978,755722.310000000055879,3296532.14699999988079
600036.SH,2025.08.27,43.5,43.659999999999996,43,43,43.520000000000003,-0.52,-1.1949,758140.780000000027939,3280973.424000000115483
600036.SH,2025.08.28,43.020000000000003,43.299999999999997,42.600000000000001,42.979999999999996,43,-0.02,-0.0465,822425.569999999948777,3530397.263999999966472
600036.SH,2025.08.29,42.979999999999996,43.990000000000001,42.89,42.89,42.979999999999996,-0.09,-0.2094,1360878.989999999990686,5896873.900000000372529
600036.SH,2025.09.01,42.619999999999997,42.64,41.880000000000002,41.979999999999996,42.89,-0.91,-2.1217,1276333.290000000037252,5381676.51300000026822
600036.SH,2025.09.02,41.859999999999999,43.5,41.859999999999999,43.439999999999997,41.979999999999996,1.46,3.4778,1452141.139999999897554,6232062.120000000111758
600036.SH,2025.09.03,43.439999999999997,43.57,42.700000000000002,42.899999999999998,43.439999999999997,-0.54,-1.2431,818405.599999999976716,3528703.35399999981746
600036.SH,2025.09.04,42.810000000000002,43.32,42.14,43.049999999999997,42.899999999999998,0.15,0.3497,935363.280000000027939,3997574.924999999813735
600036.SH,2025.09.05,43,43.020000000000003,42.530000000000001,42.759999999999997,43.049999999999997,-0.29,-0.6736,572328.380000000004656,2449941.046999999787658
600036.SH,2025.09.08,42.700000000000002,43.100000000000001,42.369999999999997,42.429999999999999,42.759999999999997,-0.33,-0.7717,851681.619999999995343,3635065.671000000089406
600036.SH,2025.09.09,42.420000000000001,42.880000000000002,42.399999999999998,42.829999999999998,42.429999999999999,0.4,0.9427,589526.530000000027939,2515896.773000000044703
600036.SH,2025.09.10,42.799999999999997,43.149999999999998,42.560000000000002,43,42.829999999999998,0.17,0.3969,471386.940000000002328,2022413.171000000089406
600036.SH,2025.09.11,43.130000000000002,43.329999999999998,42.780000000000001,43.299999999999997,43,0.3,0.6977,650730.71999999997206,2804175.734000000171363
600036.SH,2025.09.12,43.380000000000002,43.469999999999998,42.420000000000001,42.539999999999999,43.299999999999997,-0.76,-1.7552,823140.030000000027939,3521647.842999999877065
600036.SH,2025.09.15,42.479999999999996,42.789999999999999,42.109999999999999,42.219999999999998,42.539999999999999,-0.32,-0.7522,699491.060000000055879,2964121.228000000119209
600036.SH,2025.09.16,42.32,42.429999999999999,41.659999999999996,41.75,42.219999999999998,-0.47,-1.1132,859050.780000000027939,3600259.578000000212341
600036.SH,2025.09.17,41.759999999999997,42.189999999999997,41.700000000000002,41.759999999999997,41.75,0.01,0.024,572362.57999999995809,2392440.771000000182539
600036.SH,2025.09.18,41.780000000000001,41.840000000000003,40.799999999999997,40.829999999999998,41.759999999999997,-0.93,-2.227,1003522.400000000023283,4131887.418000000063329
600036.SH,2025.09.19,40.799999999999997,41.530000000000001,40.549999999999997,41,40.829999999999998,0.17,0.4164,836563.069999999948777,3440376.825999999884515
600036.SH,2025.09.22,41.149999999999998,41.369999999999997,40.799999999999997,40.920000000000001,41,-0.08,-0.1951,656110.300000000046566,2688228.050999999977648
600036.SH,2025.09.23,40.979999999999996,41.75,40.630000000000002,41.549999999999997,40.920000000000001,0.63,1.5396,938850.810000000055879,3891395.841000000014901
600036.SH,2025.09.24,41.5,41.89,41.289999999999999,41.32,41.549999999999997,-0.23,-0.5535,643899.510000000009313,2672303.416000000201165
600036.SH,2025.09.25,41.32,41.359999999999999,40.810000000000002,40.82,41.32,-0.5,-1.2101,666948.869999999995343,2730478.546999999787658
600036.SH,2025.09.26,40.810000000000002,41,40.299999999999997,40.799999999999997,40.82,-0.02,-0.049,682766.670000000041909,2773964.882000000216066
600036.SH,2025.09.29,40.770000000000003,41.289999999999999,40.359999999999999,40.679999999999999,40.799999999999997,-0.12,-0.2941,835550.550000000046566,3407163.055000000167638
600036.SH,2025.09.30,40.649999999999998,40.789999999999999,40.409999999999996,40.409999999999996,40.679999999999999,-0.27,-0.6637,700025.199999999953433,2836889.512999999802559
600036.SH,2025.10.09,40.21,40.439999999999997,39.82,40.329999999999998,40.409999999999996,-0.08,-0.198,972319.530000000027939,3900217.890999999828636
600036.SH,2025.10.10,40.299999999999997,40.649999999999998,40.130000000000002,40.179999999999999,40.329999999999998,-0.15,-0.3719,955049.790000000037252,3852817.637000000104308
600036.SH,2025.10.13,39.759999999999997,40.299999999999997,39.700000000000002,40.109999999999999,40.179999999999999,-0.07,-0.1742,1065936.169999999925494,4266014.497999999672174
600036.SH,2025.10.14,40.090000000000003,41.490000000000002,39.829999999999998,41.259999999999997,40.109999999999999,1.15,2.8671,1733826.679999999934807,7102543.598000000230967
600036.SH,2025.10.15,41.25,41.57,41.009999999999998,41.5,41.259999999999997,0.24,0.5817,1062767.020000000018626,4392820.737999999895691
600036.SH,2025.10.16,41.5,41.990000000000001,41.130000000000002,41.929999999999999,41.5,0.43,1.0361,1062487.760000000009313,4427156.848000000230967
600036.SH,2025.10.17,41.880000000000002,42.219999999999998,41.380000000000002,41.590000000000003,41.929999999999999,-0.34,-0.8109,829827.050000000046566,3470670.300999999977648
600036.SH,2025.10.20,41.609999999999999,41.789999999999999,41.100000000000001,41.420000000000001,41.590000000000003,-0.17,-0.4088,649477.290000000037252,2694843.444999999832361
600036.SH,2025.10.21,41.490000000000002,42.100000000000001,41.490000000000002,41.979999999999996,41.420000000000001,0.56,1.352,759931.239999999990686,3184239.228000000119209
600036.SH,2025.10.22,41.979999999999996,42.200000000000002,41.729999999999996,41.950000000000002,41.979999999999996,-0.03,-0.0715,551333.640000000013969,2311324.891999999992549
600036.SH,2025.10.23,41.950000000000002,42.490000000000002,41.780000000000001,42.240000000000002,41.950000000000002,0.29,0.6913,713173.729999999981373,3004975.799000000115484
600036.SH,2025.10.24,42.350000000000001,42.450000000000002,41.850000000000001,41.950000000000002,42.240000000000002,-0.29,-0.6866,698831.93999999994412,2938870.334999999962747
600036.SH,2025.10.27,41.899999999999998,41.969999999999998,41.420000000000001,41.590000000000003,41.950000000000002,-0.36,-0.8582,988948.619999999995343,4120096.208000000100582
600036.SH,2025.10.28,41.619999999999997,41.719999999999998,41.229999999999996,41.600000000000001,41.590000000000003,0.01,0.024,705950.739999999990686,2928533.807000000029802
600036.SH,2025.10.29,41.530000000000001,41.530000000000001,40.689999999999997,40.770000000000003,41.600000000000001,-0.83,-1.9952,910987.599999999976716,3735043.02600000007078
600036.SH,2025.10.30,40.799999999999997,41.359999999999999,40.729999999999996,41.200000000000002,40.770000000000003,0.43,1.0547,1131538.43999999994412,4648170.383999999612569
600036.SH,2025.10.31,41.259999999999997,41.299999999999997,40.840000000000003,40.89,41.200000000000002,-0.31,-0.7524,702607,2881797.757999999914318
600036.SH,2025.11.03,41.14,41.969999999999998,41.060000000000002,41.789999999999999,40.89,0.9,2.201,921980.680000000051222,3837027.067999999970197
600036.SH,2025.11.04,41.840000000000003,43.109999999999999,41.810000000000002,43.009999999999998,41.789999999999999,1.22,2.9194,1340035.919999999925494,5731414.416000000201165
600036.SH,2025.11.05,43.100000000000001,43.469999999999998,42.75,42.799999999999997,43.009999999999998,-0.21,-0.4883,731713.770000000018626,3142006.311999999918043
600036.SH,2025.11.06,42.649999999999998,42.89,42.310000000000002,42.340000000000003,42.799999999999997,-0.46,-1.0748,871972.739999999990686,3704094.151999999769032
600036.SH,2025.11.07,42.399999999999998,42.719999999999998,42.280000000000001,42.509999999999997,42.340000000000003,0.17,0.4015,593191.180000000051222,2521251.001999999862164
600036.SH,2025.11.10,42.450000000000002,42.880000000000002,42.280000000000001,42.719999999999998,42.509999999999997,0.21,0.494,532368.729999999981373,2272065.470999999903142
600036.SH,2025.11.11,42.689999999999997,43.039999999999999,42.520000000000003,42.96,42.719999999999998,0.24,0.5618,544670.660000000032596,2335614.859999999869614
600036.SH,2025.11.12,43.119999999999997,43.359999999999999,42.929999999999999,42.929999999999999,42.96,-0.03,-0.0698,587928.780000000027939,2538488.041999999899417
600036.SH,2025.11.13,42.969999999999998,43.299999999999997,42.740000000000002,43.21,42.929999999999999,0.28,0.6522,587980.060000000055879,2531083.385999999940395
600036.SH,2025.11.14,43.240000000000002,43.590000000000003,43.179999999999999,43.25,43.21,0.04,0.0926,518209.549999999988358,2251121.742999999783933
600036.SH,2025.11.17,43.100000000000001,43.200000000000002,42.5,42.649999999999998,43.25,-0.6,-1.3873,610674.459999999962747,2605355.052999999839812
600036.SH,2025.11.18,42.560000000000002,42.909999999999996,42.439999999999997,42.880000000000002,42.649999999999998,0.23,0.5393,517439.270000000018626,2210394.705000000074505
600036.SH,2025.11.19,42.880000000000002,43.5,42.799999999999997,43.219999999999998,42.880000000000002,0.34,0.7929,511696.390000000013969,2211527.918000000063329
600036.SH,2025.11.20,43.219999999999998,43.789999999999999,43.049999999999997,43.229999999999996,43.219999999999998,0.01,0.0231,585851.520000000018626,2545450.518999999854713
600036.SH,2025.11.21,43.240000000000002,43.549999999999997,42.759999999999997,43,43.229999999999996,-0.23,-0.532,791264.050000000046566,3414438.913000000175088
600036.SH,2025.11.24,43.100000000000001,43.21,42.509999999999997,42.630000000000002,43,-0.37,-0.8605,678548.819999999948777,2903502.507999999914318
600036.SH,2025.11.25,42.659999999999996,43.299999999999997,42.439999999999997,43.25,42.630000000000002,0.62,1.4544,666409.489999999990686,2860710.967999999877065
600036.SH,2025.11.26,43.340000000000003,43.630000000000002,42.969999999999998,43.25,43.25,0,0,451072.059999999997671,1950643.252000000094994
600036.SH,2025.11.27,43.179999999999999,43.39,42.600000000000001,43.189999999999997,43.25,-0.06,-0.1387,621434.339999999967403,2671439.101999999955296
600036.SH,2025.11.28,43.100000000000001,43.119999999999997,42.82,42.950000000000002,43.189999999999997,-0.24,-0.5557,494657.890000000013969,2126261.782000000122934
600036.SH,2025.12.01,43.079999999999998,43.469999999999998,42.929999999999999,43.439999999999997,42.950000000000002,0.49,1.1409,567919.420000000041909,2454940.643000000156462
600036.SH,2025.12.02,43.439999999999997,43.649999999999998,43.219999999999998,43.380000000000002,43.439999999999997,-0.06,-0.1381,406734.96999999997206,1765681.347999999998137
600036.SH,2025.12.03,43.270000000000003,43.579999999999998,43,43.009999999999998,43.380000000000002,-0.37,-0.8529,468959.71999999997206,2029264.530999999959021
600036.SH,2025.12.04,43.049999999999997,43.420000000000001,43.009999999999998,43.219999999999998,43.009999999999998,0.21,0.4883,361207.460000000020954,1560898.874000000068917
600036.SH,2025.12.05,43.25,43.549999999999997,42.909999999999996,43.450000000000002,43.219999999999998,0.23,0.5322,548906.21999999997206,2372985.274999999906867
600036.SH,2025.12.08,43.439999999999997,43.64,43.07,43.179999999999999,43.450000000000002,-0.27,-0.6214,580038.810000000055879,2512101.223000000230967
600036.SH,2025.12.09,43.179999999999999,43.299999999999997,42.829999999999998,43.039999999999999,43.179999999999999,-0.14,-0.3242,465938.700000000011641,2007147.247999999905005
600036.SH,2025.12.10,43.079999999999998,43.079999999999998,41.549999999999997,41.700000000000002,43.039999999999999,-1.34,-3.1134,1083156.860000000102445,4546989.729000000283122
600036.SH,2025.12.11,41.859999999999999,42.049999999999997,41.409999999999996,41.679999999999999,41.700000000000002,-0.02,-0.048,846231.069999999948777,3525927.169000000227242
600036.SH,2025.12.12,41.75,41.829999999999998,41.479999999999996,41.740000000000002,41.679999999999999,0.06,0.144,717625.46999999997206,2991877.686999999918043
600036.SH,2025.12.15,41.740000000000002,42.280000000000001,41.630000000000002,41.799999999999997,41.740000000000002,0.06,0.1437,562665.569999999948777,2361986.961999999824911
600036.SH,2025.12.16,41.780000000000001,42.130000000000002,41.429999999999999,41.700000000000002,41.799999999999997,-0.1,-0.2392,566176.349999999976716,2359934.979999999981373
600036.SH,2025.12.17,41.600000000000001,41.850000000000001,41.229999999999996,41.520000000000003,41.700000000000002,-0.18,-0.4317,631267.43999999994412,2619154.132000000216066
600036.SH,2025.12.18,41.539999999999999,42.420000000000001,41.399999999999998,42.369999999999997,41.520000000000003,0.85,2.0472,768119.310000000055879,3224732.020000000018626
600036.SH,2025.12.19,42.369999999999997,42.479999999999996,41.909999999999996,41.990000000000001,42.369999999999997,-0.38,-0.8969,573823.410000000032596,2421818.092999999877065
600036.SH,2025.12.22,42.079999999999998,42.130000000000002,41.71,41.770000000000003,41.990000000000001,-0.22,-0.5239,524739.890000000013969,2197149.655999999959021
600036.SH,2025.12.23,41.740000000000002,42.039999999999999,41.659999999999996,41.909999999999996,41.770000000000003,0.14,0.3352,606510.140000000013969,2539576.612999999895691
600036.SH,2025.12.24,41.929999999999999,41.990000000000001,41.549999999999997,41.829999999999998,41.909999999999996,-0.08,-0.1909,536305.199999999953433,2241620.145000000018626
600036.SH,2025.12.25,41.929999999999999,42.079999999999998,41.700000000000002,41.780000000000001,41.829999999999998,-0.05,-0.1195,499213.510000000009313,2090265.137000000104308
600036.SH,2025.12.26,41.789999999999999,41.880000000000002,41.619999999999997,41.700000000000002,41.780000000000001,-0.08,-0.1915,508809.590000000025611,2123779.708000000100582
600036.SH,2025.12.29,41.659999999999996,41.929999999999999,41.420000000000001,41.869999999999997,41.700000000000002,0.17,0.4077,682551.050000000046566,2848984.782000000122934
600036.SH,2025.12.30,41.899999999999998,42.479999999999996,41.780000000000001,42.280000000000001,41.869999999999997,0.41,0.9792,834782.930000000051222,3522122.452000000048428
600036.SH,2025.12.31,42.240000000000002,42.329999999999998,41.920000000000001,42.100000000000001,42.280000000000001,-0.18,-0.4257,554142.390000000013969,2335536.694999999832361
600036.SH,2026.01.05,42.479999999999996,42.799999999999997,42.270000000000003,42.350000000000001,42.100000000000001,0.25,0.5938,840829.640000000013969,3571507.106999999843537
600036.SH,2026.01.06,42.450000000000002,42.789999999999999,42.090000000000003,42.729999999999996,42.350000000000001,0.38,0.8973,923714.819999999948777,3918152.81900000013411
600036.SH,2026.01.07,42.75,43.020000000000003,42.14,42.149999999999998,42.729999999999996,-0.58,-1.3574,880559.520000000018626,3735889.226999999955296
600036.SH,2026.01.08,42.200000000000002,42.25,41.299999999999997,41.579999999999998,42.149999999999998,-0.57,-1.3523,1115726.919999999925494,4642639.924999999813735
600036.SH,2026.01.09,41.539999999999999,41.759999999999997,41.119999999999997,41.299999999999997,41.579999999999998,-0.28,-0.6734,985470.739999999990686,4069939.125
600036.SH,2026.01.12,41.299999999999997,41.429999999999999,41,41.119999999999997,41.299999999999997,-0.18,-0.4358,1186640.580000000074505,4887859.873999999836087
600036.SH,2026.01.13,41.200000000000002,41.380000000000002,41.030000000000001,41.130000000000002,41.119999999999997,0.01,0.0243,1159364.729999999981373,4772124.911999999545514
600036.SH,2026.01.14,41.130000000000002,41.170000000000001,40.060000000000002,40.07,41.130000000000002,-1.06,-2.5772,1917743.800000000046566,7803195.415000000037252
600036.SH,2026.01.15,40.109999999999999,40.420000000000001,40,40.109999999999999,40.07,0.04,0.0998,1217270.93999999994412,4886718.463000000454485
600036.SH,2026.01.16,39.490000000000002,39.5,38.649999999999998,38.719999999999998,39.100000000000001,-0.38,-0.9719,1525245.300000000046566,5941062.877000000327825
600036.SH,2026.01.19,38.729999999999996,38.920000000000001,38.5,38.549999999999997,38.719999999999998,-0.17,-0.439,988702.729999999981373,3825610.921999999787658
600036.SH,2026.01.20,38.57,39.130000000000002,38.509999999999997,38.729999999999996,38.549999999999997,0.18,0.4669,1113873.21999999997206,4327688.23300000000745
600036.SH,2026.01.21,38.920000000000001,38.939999999999997,38.179999999999999,38.240000000000002,38.729999999999996,-0.49,-1.2652,1214999.850000000093132,4683716.084999999962747
600036.SH,2026.01.22,38.270000000000003,38.579999999999998,37.799999999999997,37.850000000000001,38.240000000000002,-0.39,-1.0199,1877546.330000000074505,7138121.61699999962002
600036.SH,2026.01.23,37.850000000000001,38.170000000000001,37.380000000000002,37.5,37.850000000000001,-0.35,-0.9247,1892112.729999999981373,7135111.002999999560415
600036.SH,2026.01.26,37.5,38.299999999999997,37.310000000000002,38.020000000000003,37.5,0.52,1.3867,2166794.160000000149011,8225997.387000000104308
600036.SH,2026.01.27,38.060000000000002,38.509999999999997,37.869999999999997,38.100000000000001,38.020000000000003,0.08,0.2104,1572406.270000000018626,6017368.290000000037252
600036.SH,2026.01.28,38.119999999999997,38.439999999999997,37.700000000000002,37.799999999999997,38.100000000000001,-0.3,-0.7874,2041666.879999999888241,7757392.684999999590218
600036.SH,2026.01.29,37.880000000000002,38.649999999999998,37.549999999999997,38.530000000000001,37.799999999999997,0.73,1.9312,1999981.870000000111758,7627788.338999999687075
600036.SH,2026.01.30,38.530000000000001,39.170000000000001,38.530000000000001,38.670000000000001,38.530000000000001,0.14,0.3634,1660843.030000000027939,6450474.686999999918043
600036.SH,2026.02.02,38.880000000000002,39.299999999999997,38.409999999999996,38.450000000000002,38.670000000000001,-0.22,-0.5689,1384978.879999999888241,5374972.303999999538064
600036.SH,2026.02.03,38.670000000000001,38.670000000000001,38.14,38.299999999999997,38.450000000000002,-0.15,-0.3901,842791.560000000055879,3228439.117000000085681
600036.SH,2026.02.04,38.299999999999997,39.020000000000003,38.259999999999997,39.009999999999998,38.299999999999997,0.71,1.8538,1021316.280000000027939,3961153.583000000100582
600036.SH,2026.02.05,38.939999999999997,39.920000000000001,38.909999999999996,39.71,39.009999999999998,0.7,1.7944,1218894.520000000018626,4810048.757000000216066
600036.SH,2026.02.06,39.700000000000002,39.950000000000002,39.310000000000002,39.600000000000001,39.71,-0.11,-0.277,802979.780000000027939,3178037.638999999966472
600036.SH,2026.02.09,39.600000000000001,39.740000000000002,39.329999999999998,39.479999999999996,39.600000000000001,-0.12,-0.303,658948.910000000032596,2601539.089000000152736
600036.SH,2026.02.10,39.490000000000002,39.560000000000002,39.310000000000002,39.340000000000003,39.479999999999996,-0.14,-0.3546,495964.650000000023283,1953983.695999999996274
600036.SH,2026.02.11,39.359999999999999,39.450000000000002,39.200000000000002,39.399999999999998,39.340000000000003,0.06,0.1525,528816.959999999962747,2080370.293000000063329
600036.SH,2026.02.12,39.399999999999998,39.420000000000001,38.729999999999996,38.990000000000001,39.399999999999998,-0.41,-1.0406,777525.709999999962747,3028037.808999999891966
600036.SH,2026.02.13,38.950000000000002,39.090000000000003,38.630000000000002,38.71,38.990000000000001,-0.28,-0.7181,705370.319999999948777,2738389.979999999981373
600036.SH,2026.02.24,39.200000000000002,39.409999999999996,38.82,38.939999999999997,38.71,0.23,0.5942,754674.380000000004656,2950566.958999999798834
600036.SH,2026.02.25,38.899999999999998,39.149999999999998,38.719999999999998,38.780000000000001,38.939999999999997,-0.16,-0.4109,723971.489999999990686,2817141.580000000074505
600036.SH,2026.02.26,38.799999999999997,39.020000000000003,38.5,38.700000000000002,38.780000000000001,-0.08,-0.2063,593325.339999999967403,2297277.143999999854713
600036.SH,2026.02.27,38.75,38.950000000000002,38.64,38.75,38.700000000000002,0.05,0.1292,637034.71999999997206,2472164.575999999884515
