ts_code,trade_date,open,high,low,close,pre_close,change,pct_chg,vol,amount
600030.SH,2023.03.01,20.609999999999999,21,20.530000000000001,20.899999999999998,20.649999999999998,0.25,1.2107,570920.489999999990686,1189825.666999999899417
600030.SH,2023.03.02,20.839999999999999,20.989999999999998,20.780000000000001,20.879999999999999,20.899999999999998,-0.02,-0.0957,395711.71999999997206,826551.673999999999068
600030.SH,2023.03.03,20.920000000000001,21.23,20.850000000000001,21.170000000000001,20.879999999999999,0.29,1.3889,710361.410000000032596,1496285.928000000072643
600030.SH,2023.03.06,21.179999999999999,21.190000000000001,20.629999999999999,20.690000000000001,21.170000000000001,-0.48,-2.2674,877478.82999999995809,1829806.799000000115484
600030.SH,2023.03.07,20.649999999999998,21.16,20.469999999999998,20.510000000000001,20.690000000000001,-0.18,-0.87,1201097.550000000046566,2501219.155999999959021
600030.SH,2023.03.08,20.39,20.449999999999999,20.25,20.359999999999999,20.510000000000001,-0.15,-0.7314,676840.410000000032596,1376618.833000000100582
600030.SH,2023.03.09,20.440000000000001,20.510000000000001,20.260000000000001,20.280000000000001,20.359999999999999,-0.08,-0.3929,442348.940000000002328,900495.809000000008381
600030.SH,2023.03.10,20.120000000000001,20.16,19.91,19.989999999999998,20.280000000000001,-0.29,-1.43,587130.239999999990686,1176959.571999999927356
600030.SH,2023.03.13,20,20.179999999999999,19.949999999999999,20.129999999999998,19.989999999999998,0.14,0.7004,446131.330000000016298,895084.584000000031664
600030.SH,2023.03.14,20.030000000000001,20.05,19.690000000000001,19.859999999999999,20.129999999999998,-0.27,-1.3413,568961.290000000037252,1129415.98300000000745
600030.SH,2023.03.15,20.039999999999999,20.100000000000001,19.940000000000001,20.05,19.859999999999999,0.19,0.9567,495210.979999999981373,992407.890000000013969
600030.SH,2023.03.16,19.850000000000001,20.089999999999999,19.829999999999998,19.91,20.05,-0.14,-0.6983,472923.200000000011641,944159.543999999994412
600030.SH,2023.03.17,20.05,20.5,20.05,20.16,19.91,0.25,1.2557,881548.239999999990686,1785662.523999999975785
600030.SH,2023.03.20,20.16,20.420000000000001,20.010000000000001,20.05,20.16,-0.11,-0.5456,651845.199999999953433,1316058.835999999893829
600030.SH,2023.03.21,20.129999999999998,20.350000000000001,20.05,20.21,20.05,0.16,0.798,438534.650000000023283,885654.38600000005681
600030.SH,2023.03.22,20.3,20.379999999999998,20.170000000000001,20.3,20.21,0.09,0.4453,539982.5,1094844.20699999993667
600030.SH,2023.03.23,20.16,20.5,20.129999999999998,20.489999999999998,20.3,0.19,0.936,509006.849999999976716,1037667.741000000038184
600030.SH,2023.03.24,20.46,20.589999999999999,20.370000000000001,20.519999999999999,20.489999999999998,0.03,0.1464,428716.239999999990686,878613.15300000004936
600030.SH,2023.03.27,20.519999999999999,20.589999999999999,20.269999999999999,20.399999999999998,20.519999999999999,-0.12,-0.5848,513916.650000000023283,1049583.840000000083819
600030.SH,2023.03.28,20.440000000000001,20.489999999999998,20.3,20.39,20.399999999999998,-0.01,-0.049,380341.400000000023283,775246.859000000054948
600030.SH,2023.03.29,20.48,20.489999999999998,20.100000000000001,20.21,20.39,-0.18,-0.8828,481010.739999999990686,973412.020999999949708
600030.SH,2023.03.30,20.170000000000001,20.62,20.059999999999998,20.48,20.21,0.27,1.336,576890.810000000055879,1173840.729999999981373
600030.SH,2023.03.31,20.41,20.589999999999999,20.370000000000001,20.48,20.48,0,0,390270.739999999990686,799826.390000000013969
600030.SH,2023.04.03,20.48,21.05,20.469999999999998,21,20.48,0.52,2.5391,1285585.350000000093132,2680201.165000000037252
600030.SH,2023.04.04,21,21.149999999999998,20.899999999999998,21.07,21,0.07,0.3333,992535.930000000051222,2088420.959000000031665
600030.SH,2023.04.06,21.05,21.079999999999998,20.809999999999998,20.89,21.07,-0.18,-0.8543,566801.739999999990686,1186593.277000000001862
600030.SH,2023.04.07,20.899999999999998,21.350000000000001,20.829999999999998,21.170000000000001,20.89,0.28,1.3404,789998.640000000013969,1667342.293000000063329
600030.SH,2023.04.10,21.32,21.46,21.05,21.120000000000001,21.170000000000001,-0.05,-0.2362,849665.040000000037252,1807635.649999999906867
600030.SH,2023.04.11,21.25,21.71,21.239999999999998,21.339999999999999,21.120000000000001,0.22,1.0417,1161389.93999999994412,2496887.123999999836087
600030.SH,2023.04.12,21.339999999999999,21.48,21.23,21.339999999999999,21.339999999999999,0,0,612833.479999999981373,1306727.740999999921768
600030.SH,2023.04.13,21.219999999999998,21.23,20.929999999999999,20.940000000000001,21.339999999999999,-0.4,-1.8744,647184.390000000013969,1362170.050000000046566
600030.SH,2023.04.14,21.010000000000001,21.129999999999998,20.82,20.949999999999999,20.940000000000001,0.01,0.0478,481024.979999999981373,1008174.940999999991618
600030.SH,2023.04.17,20.949999999999999,21.780000000000001,20.91,21.780000000000001,20.949999999999999,0.83,3.9618,1624228.060000000055879,3496576.628000000026077
600030.SH,2023.04.18,21.769999999999999,21.920000000000001,21.600000000000001,21.73,21.780000000000001,-0.05,-0.2296,990578.680000000051222,2156498.958999999798834
600030.SH,2023.04.19,21.71,21.73,21.420000000000001,21.48,21.73,-0.25,-1.1505,658683.890000000013969,1420881.183999999891966
600030.SH,2023.04.20,21.41,21.589999999999999,21.329999999999998,21.55,21.48,0.07,0.3259,568483.920000000041909,1220398.232000000076368
600030.SH,2023.04.21,21.519999999999999,21.539999999999999,20.8,20.809999999999998,21.55,-0.74,-3.4339,952917.290000000037252,2011565.962999999988824
600030.SH,2023.04.24,20.789999999999999,20.899999999999998,20.489999999999998,20.62,20.809999999999998,-0.19,-0.913,712966.71999999997206,1474860.985000000102445
600030.SH,2023.04.25,20.600000000000001,20.899999999999998,20.489999999999998,20.719999999999998,20.62,0.1,0.485,745540.550000000046566,1540111.175999999977648
600030.SH,2023.04.26,20.600000000000001,20.760000000000001,20.48,20.629999999999999,20.719999999999998,-0.09,-0.4344,651940.270000000018626,1343921.020000000018626
600030.SH,2023.04.27,20.600000000000001,21.100000000000001,20.530000000000001,21.030000000000001,20.629999999999999,0.4,1.9389,886400.569999999948777,1848054.656999999890103
600030.SH,2023.04.28,20.780000000000001,21.23,20.530000000000001,21.019999999999999,21.030000000000001,-0.01,-0.0476,1268278.699999999953433,2658143.470000000204891
600030.SH,2023.05.04,20.829999999999998,21.46,20.519999999999999,21.269999999999999,21.019999999999999,0.25,1.1893,1070272.399999999906867,2253852.597000000067055
600030.SH,2023.05.05,21.370000000000001,22.23,21.350000000000001,21.929999999999999,21.269999999999999,0.66,3.103,2183065.830000000074505,4787990.38800000026822
600030.SH,2023.05.08,21.8,22.98,21.649999999999998,22.690000000000001,21.929999999999999,0.76,3.4656,2838762.180000000167638,6358561.217000000178813
600030.SH,2023.05.09,22.879999999999999,23.91,22.699999999999999,22.739999999999998,22.690000000000001,0.05,0.2204,4023735.93999999994412,9384941.67600000090897
600030.SH,2023.05.10,22.5,22.66,21.769999999999999,21.89,22.739999999999998,-0.85,-3.7379,2103399.839999999850988,4656419.690000000409781
600030.SH,2023.05.11,21.920000000000001,22.109999999999999,21.719999999999998,21.8,21.89,-0.09,-0.4111,830926.680000000051222,1820599.631000000052154
600030.SH,2023.05.12,21.760000000000001,21.879999999999999,21.429999999999999,21.5,21.8,-0.3,-1.3761,851290.800000000046566,1838150.020999999949708
600030.SH,2023.05.15,21.469999999999998,21.899999999999998,21.079999999999998,21.82,21.5,0.32,1.4884,1122918.15999999991618,2414280.25
600030.SH,2023.05.16,21.8,22.149999999999998,21.679999999999999,21.8,21.82,-0.02,-0.0917,804855.150000000023283,1760859.55199999990873
600030.SH,2023.05.17,21.699999999999999,21.899999999999998,21.55,21.66,21.8,-0.14,-0.6422,483319.830000000016298,1048547.410999999963678
600030.SH,2023.05.18,21.670000000000001,22.019999999999999,21.600000000000001,21.670000000000001,21.66,0.01,0.0462,604723.520000000018626,1316619.074000000022351
600030.SH,2023.05.19,21.600000000000001,21.600000000000001,21.21,21.289999999999999,21.670000000000001,-0.38,-1.7536,766752.839999999967403,1634752.012000000104308
600030.SH,2023.05.22,21.269999999999999,21.46,21.21,21.3,21.289999999999999,0.01,0.047,484949.210000000020954,1032995.597999999998137
600030.SH,2023.05.23,21.280000000000001,21.32,20.850000000000001,20.850000000000001,21.3,-0.45,-2.1127,773845.699999999953433,1625452.016000000061467
600030.SH,2023.05.24,20.839999999999999,20.839999999999999,20.260000000000001,20.280000000000001,20.850000000000001,-0.57,-2.7338,1090076.510000000009313,2233926.546999999787658
600030.SH,2023.05.25,20.21,20.359999999999999,20.100000000000001,20.32,20.280000000000001,0.04,0.1972,660117.390000000013969,1336241.723999999929219
600030.SH,2023.05.26,20.32,20.489999999999998,20.16,20.370000000000001,20.32,0.05,0.2461,457692.690000000002328,930327.420000000041909
600030.SH,2023.05.29,20.359999999999999,20.440000000000001,20.219999999999998,20.350000000000001,20.370000000000001,-0.02,-0.0982,500162.710000000020954,1017562.180000000051222
600030.SH,2023.05.30,20.39,20.46,20.100000000000001,20.359999999999999,20.350000000000001,0.01,0.0491,655883.10999999998603,1330113.854000000050291
600030.SH,2023.05.31,20.3,20.3,19.949999999999999,20.05,20.359999999999999,-0.31,-1.5226,982477.979999999981373,1970325.16400000010617
600030.SH,2023.06.01,20.05,20.309999999999998,19.96,20.100000000000001,20.05,0.05,0.2494,750125.459999999962747,1508997.266000000061467
600030.SH,2023.06.02,20.149999999999998,20.269999999999999,20.109999999999999,20.190000000000001,20.100000000000001,0.09,0.4478,882619.780000000027939,1782217.067000000039115
600030.SH,2023.06.05,20.199999999999999,20.219999999999998,19.98,20,20.190000000000001,-0.19,-0.9411,613004.46999999997206,1231346.310000000055879
600030.SH,2023.06.06,20,20.21,19.8,19.829999999999998,20,-0.17,-0.85,740980.239999999990686,1482148.341999999945983
600030.SH,2023.06.07,19.850000000000001,20.039999999999999,19.809999999999998,19.87,19.829999999999998,0.04,0.2017,476802.780000000027939,949185.851999999955296
600030.SH,2023.06.08,19.879999999999999,20.289999999999999,19.739999999999998,20.199999999999999,19.87,0.33,1.6608,771346.349999999976716,1548094.658999999985098
600030.SH,2023.06.09,20.179999999999999,20.3,20.079999999999998,20.179999999999999,20.199999999999999,-0.02,-0.099,510678.400000000023283,1030974.935000000055879
600030.SH,2023.06.12,20.149999999999998,20.170000000000001,19.829999999999998,19.850000000000001,20.179999999999999,-0.33,-1.6353,897547.21999999997206,1788103.754999999888241
600030.SH,2023.06.13,19.809999999999998,20,19.809999999999998,19.98,19.850000000000001,0.13,0.6549,509989.729999999981373,1016642.73100000002887
600030.SH,2023.06.14,20,20.260000000000001,19.98,20,19.98,0.02,0.1001,756191.25,1521827.73300000000745
600030.SH,2023.06.15,20.129999999999998,20.359999999999999,20.030000000000001,20.3,20,0.3,1.5,830879.21999999997206,1679572.45299999997951
600030.SH,2023.06.16,20.329999999999998,20.429999999999999,20.219999999999998,20.39,20.3,0.09,0.4433,702425.660000000032596,1428084.237999999895691
600030.SH,2023.06.19,20.379999999999998,20.379999999999998,20.089999999999999,20.149999999999998,20.39,-0.24,-1.177,679583.050000000046566,1371655.371999999973922
600030.SH,2023.06.20,20.149999999999998,20.21,20,20.059999999999998,20.149999999999998,-0.09,-0.4467,601378.780000000027939,1207409.41400000010617
600030.SH,2023.06.21,20.019999999999999,20.089999999999999,19.82,19.850000000000001,20.059999999999998,-0.21,-1.0469,512317.789999999979045,1022579.949000000022351
600030.SH,2023.06.26,19.66,19.66,19.280000000000001,19.289999999999999,19.850000000000001,-0.56,-2.8212,833980.030000000027939,1618562.463999999919906
600030.SH,2023.06.27,19.3,19.559999999999998,19.3,19.489999999999998,19.289999999999999,0.2,1.0368,376665.669999999983701,731925.831000000005587
600030.SH,2023.06.28,19.469999999999998,19.539999999999999,19.359999999999999,19.5,19.489999999999998,0.01,0.0513,384116.650000000023283,747052.104999999981373
600030.SH,2023.06.29,19.489999999999998,19.57,19.370000000000001,19.440000000000001,19.5,-0.06,-0.3077,295885.770000000018626,575913.726999999955296
600030.SH,2023.06.30,19.420000000000001,19.91,19.420000000000001,19.780000000000001,19.440000000000001,0.34,1.749,518329.419999999983701,1022917.692999999970197
600030.SH,2023.07.03,19.8,20.39,19.780000000000001,20.239999999999998,19.780000000000001,0.46,2.3256,871629.46999999997206,1757998.858999999938532
600030.SH,2023.07.04,20.179999999999999,20.41,20.16,20.280000000000001,20.239999999999998,0.04,0.1976,462443.640000000013969,938334.579000000027008
600030.SH,2023.07.05,20.260000000000001,20.339999999999999,20.149999999999998,20.149999999999998,20.280000000000001,-0.13,-0.641,343733.119999999995343,695068.834999999962747
600030.SH,2023.07.06,20,20.23,19.969999999999998,20.05,20.149999999999998,-0.1,-0.4963,421413.419999999983701,845509.32799999997951
600030.SH,2023.07.07,19.969999999999998,20.239999999999998,19.920000000000001,20.129999999999998,20.05,0.08,0.399,415074.059999999997671,834597.709000000031664
600030.SH,2023.07.10,20.16,20.289999999999999,20.019999999999999,20.120000000000001,20.129999999999998,-0.01,-0.0497,339428.210000000020954,684436.062999999965541
600030.SH,2023.07.11,20.199999999999999,20.3,20.149999999999998,20.239999999999998,20.120000000000001,0.12,0.5964,353911.25,716118.20299999997951
600030.SH,2023.07.12,20.269999999999999,20.309999999999998,20.059999999999998,20.079999999999998,20.239999999999998,-0.16,-0.7905,315571.679999999993015,637090.766999999992549
600030.SH,2023.07.13,20.190000000000001,20.539999999999999,20.179999999999999,20.469999999999998,20.079999999999998,0.39,1.9422,803792.780000000027939,1643443.226000000024214
600030.SH,2023.07.14,20.530000000000001,20.579999999999998,20.39,20.5,20.469999999999998,0.03,0.1466,445110.520000000018626,911724.353000000002793
600030.SH,2023.07.17,20.440000000000001,20.440000000000001,20.199999999999999,20.280000000000001,20.5,-0.22,-1.0732,349438.940000000002328,708736.501999999978579
600030.SH,2023.07.18,20.379999999999998,20.39,20.199999999999999,20.289999999999999,20.280000000000001,0.01,0.0493,274262.489999999990686,556363.979999999981373
600030.SH,2023.07.19,20.14,20.429999999999999,20.14,20.41,20.289999999999999,0.12,0.5914,387182.390000000013969,787116.076000000000931
600030.SH,2023.07.20,20.5,20.55,20.289999999999999,20.3,20.41,-0.11,-0.539,441117.940000000002328,902068.660999999963678
600030.SH,2023.07.21,20.3,20.57,20.269999999999999,20.359999999999999,20.3,0.06,0.2956,445414.989999999990686,909156.709999999962747
600030.SH,2023.07.24,20.16,20.600000000000001,20.149999999999998,20.39,20.359999999999999,0.03,0.1473,396660.690000000002328,809092.393999999971128
600030.SH,2023.07.25,21.3,21.75,20.989999999999998,21.579999999999998,20.39,1.19,5.8362,2590024.919999999925494,5533914.220999999903142
600030.SH,2023.07.26,21.55,21.8,21.440000000000001,21.780000000000001,21.579999999999998,0.2,0.9268,1284301.790000000037252,2778443.919000000227242
600030.SH,2023.07.27,21.769999999999999,21.969999999999998,21.469999999999998,21.519999999999999,21.780000000000001,-0.26,-1.1938,916243.310000000055879,1988769.91400000010617
600030.SH,2023.07.28,21.469999999999998,23.670000000000001,21.46,23.670000000000001,21.519999999999999,2.15,9.9907,4413377.209999999962747,10176122.55100000090897
600030.SH,2023.07.31,24.3,24.87,23.899999999999998,24.100000000000001,23.670000000000001,0.43,1.8166,4465017.049999999813735,10869042.987999999895691
600030.SH,2023.08.01,23.899999999999998,24.269999999999999,23.379999999999998,23.670000000000001,24.100000000000001,-0.43,-1.7842,2738399.089999999850988,6526470.475999999791383
600030.SH,2023.08.02,23.679999999999999,24.589999999999999,23.649999999999998,23.850000000000001,23.670000000000001,0.18,0.7605,2239608.259999999776482,5398448.770999999716877
600030.SH,2023.08.03,24.46,24.839999999999999,23.789999999999999,24.429999999999999,23.850000000000001,0.58,2.4319,2633857.299999999813735,6391229.793999999761581
600030.SH,2023.08.04,25,26.100000000000001,24.489999999999998,24.699999999999999,24.429999999999999,0.27,1.1052,4677812.679999999701976,11765352.796000000089406
600030.SH,2023.08.07,24.280000000000001,24.879999999999999,23.91,24.769999999999999,24.699999999999999,0.07,0.2834,1919689.370000000111758,4694751.56099999975413
600030.SH,2023.08.08,24.420000000000001,25.399999999999998,23.879999999999999,24.899999999999998,24.769999999999999,0.13,0.5248,2488179.529999999795108,6180883.718999999575316
600030.SH,2023.08.09,24.64,25.199999999999999,24.530000000000001,24.91,24.899999999999998,0.01,0.0402,1639236.46999999997206,4073148.149999999906867
600030.SH,2023.08.10,24.899999999999998,25.199999999999999,24.75,25.199999999999999,24.91,0.29,1.1642,1872111.46999999997206,4681327.783999999985098
600030.SH,2023.08.11,24.98,24.98,23.98,24.100000000000001,25.199999999999999,-1.1,-4.3651,2801687.509999999776482,6841019.604000000283122
600030.SH,2023.08.14,23.5,24.23,23.5,23.75,24.100000000000001,-0.35,-1.4523,1938486.139999999897554,4625763.875
600030.SH,2023.08.15,23.73,24.14,23.629999999999999,24.109999999999999,23.75,0.36,1.5158,1491247.260000000009313,3567792.836000000126659
600030.SH,2023.08.16,23.760000000000001,24.64,23.440000000000001,24.010000000000001,24.109999999999999,-0.1,-0.4148,1453083.379999999888241,3500021.811000000219792
600030.SH,2023.08.17,23.8,24.23,23.5,23.949999999999999,24.010000000000001,-0.06,-0.2499,1330954.68999999994412,3171207.799999999813735
600030.SH,2023.08.18,24.260000000000001,24.829999999999998,23.969999999999998,23.969999999999998,23.949999999999999,0.02,0.0835,1600767.310000000055879,3906812.257999999914318
600030.SH,2023.08.21,23.670000000000001,23.760000000000001,22.89,22.940000000000001,23.969999999999998,-1.03,-4.297,2116637.890000000130385,4904903.314000000245869
600030.SH,2023.08.22,23.23,23.469999999999998,22.899999999999998,23.219999999999998,22.940000000000001,0.28,1.2206,1277266.979999999981373,2960309.535000000149011
600030.SH,2023.08.23,23.109999999999999,23.239999999999998,22.789999999999999,22.8,23.219999999999998,-0.42,-1.8088,752343.089999999967403,1729103.030999999959021
600030.SH,2023.08.24,23.010000000000001,23.920000000000001,22.949999999999999,23.559999999999998,22.8,0.76,3.3333,1556384.15999999991618,3652547.197999999858438
600030.SH,2023.08.25,22.989999999999998,23.64,22.829999999999998,23.429999999999999,23.07,0.36,1.5605,1343605.449999999953433,3140901.212999999988824
600030.SH,2023.08.28,25.769999999999999,25.769999999999999,23.66,23.789999999999999,23.429999999999999,0.36,1.5365,5056353.929999999701976,12580601.070000000298023
600030.SH,2023.08.29,23.370000000000001,23.75,22.899999999999998,23.379999999999998,23.789999999999999,-0.41,-1.7234,2511461.310000000055879,5863110.757000000216066
600030.SH,2023.08.30,23.379999999999998,23.379999999999998,22.530000000000001,22.559999999999998,23.379999999999998,-0.82,-3.5073,2316335.100000000093132,5279777.69400000013411
600030.SH,2023.08.31,22.559999999999998,22.719999999999998,22.179999999999999,22.199999999999999,22.559999999999998,-0.36,-1.5957,1216413.949999999953433,2724111.211999999824911
600030.SH,2023.09.01,22.32,22.649999999999998,22.21,22.379999999999998,22.199999999999999,0.18,0.8108,998386.119999999995343,2237552.330000000074505
600030.SH,2023.09.04,22.510000000000001,22.760000000000001,22.3,22.57,22.379999999999998,0.19,0.849,992209.640000000013969,2237230.617000000085681
600030.SH,2023.09.05,22.469999999999998,22.469999999999998,22.239999999999998,22.379999999999998,22.57,-0.19,-0.8418,646907.5,1444051.083000000100582
600030.SH,2023.09.06,22.239999999999998,22.32,21.96,22.129999999999998,22.379999999999998,-0.25,-1.1171,977956.530000000027939,2165464.958000000100582
600030.SH,2023.09.07,22.129999999999998,22.420000000000001,22.010000000000001,22.120000000000001,22.129999999999998,-0.01,-0.0452,857824.040000000037252,1902128.416999999899417
600030.SH,2023.09.08,22.030000000000001,22.32,21.780000000000001,22.25,22.120000000000001,0.13,0.5877,735700.93999999994412,1624646.995000000111758
600030.SH,2023.09.11,22.3,22.780000000000001,22.109999999999999,22.600000000000001,22.25,0.35,1.573,1127081.540000000037252,2535351.115999999921768
600030.SH,2023.09.12,22.510000000000001,22.62,22.359999999999999,22.39,22.600000000000001,-0.21,-0.9292,655933.930000000051222,1472288.76300000003539
600030.SH,2023.09.13,22.440000000000001,22.46,22.179999999999999,22.280000000000001,22.39,-0.11,-0.4913,558953.030000000027939,1245310.85800000000745
600030.SH,2023.09.14,22.269999999999999,22.379999999999998,22.16,22.289999999999999,22.280000000000001,0.01,0.0449,559796.790000000037252,1245730.183999999891966
600030.SH,2023.09.15,22.339999999999999,22.379999999999998,21.949999999999999,22.05,22.289999999999999,-0.24,-1.0767,749102.459999999962747,1655739.492000000085681
600030.SH,2023.09.18,21.949999999999999,22.149999999999998,21.82,22.14,22.05,0.09,0.4082,597284.32999999995809,1316765.338999999919906
600030.SH,2023.09.19,22.14,22.149999999999998,21.96,22.019999999999999,22.14,-0.12,-0.542,479371.789999999979045,1056327.476000000024214
600030.SH,2023.09.20,21.989999999999998,22.05,21.73,21.899999999999998,22.019999999999999,-0.12,-0.545,393267.419999999983701,863974.538999999989755
600030.SH,2023.09.21,21.82,22.030000000000001,21.719999999999998,21.73,21.899999999999998,-0.17,-0.7763,493029.070000000006984,1075917.808999999891966
600030.SH,2023.09.22,21.690000000000001,22.649999999999998,21.670000000000001,22.609999999999999,21.73,0.88,4.0497,1278376.800000000046566,2845536.839999999850988
600030.SH,2023.09.25,22.48,22.48,21.850000000000001,21.899999999999998,22.609999999999999,-0.71,-3.1402,1036854.069999999948777,2283798.077000000048428
600030.SH,2023.09.26,21.87,22.14,21.829999999999998,21.98,21.899999999999998,0.08,0.3653,571625.930000000051222,1256759.752000000094994
600030.SH,2023.09.27,21.91,22.179999999999999,21.91,22.030000000000001,21.98,0.05,0.2275,583678.369999999995343,1287934.746999999973922
600030.SH,2023.09.28,22.07,22.16,21.649999999999998,21.66,22.030000000000001,-0.37,-1.6795,854425.71999999997206,1857947.584000000031664
600030.SH,2023.10.09,21.420000000000001,21.739999999999998,21.089999999999999,21.679999999999999,21.66,0.02,0.0923,707714.489999999990686,1518711.509000000078231
600030.SH,2023.10.10,21.809999999999998,21.859999999999999,21.41,21.429999999999999,21.679999999999999,-0.25,-1.1531,405554.030000000027939,875088.890999999945051
600030.SH,2023.10.11,21.579999999999998,21.670000000000001,21.449999999999999,21.510000000000001,21.429999999999999,0.08,0.3733,393845.789999999979045,848855.684000000008381
600030.SH,2023.10.12,21.879999999999999,21.98,21.649999999999998,21.760000000000001,21.510000000000001,0.25,1.1623,577071.140000000013969,1259034.622999999905005
600030.SH,2023.10.13,21.579999999999998,21.64,21.46,21.519999999999999,21.760000000000001,-0.24,-1.1029,375228.25,808262.917000000015832
600030.SH,2023.10.16,21.469999999999998,21.71,21.32,21.510000000000001,21.519999999999999,-0.01,-0.0465,424367.099999999976716,913187.508000000030733
600030.SH,2023.10.17,21.589999999999999,22.190000000000001,21.510000000000001,21.949999999999999,21.510000000000001,0.44,2.0456,857708.85999999998603,1878763.550999999977648
600030.SH,2023.10.18,21.809999999999998,22.039999999999999,21.760000000000001,21.859999999999999,21.949999999999999,-0.09,-0.41,469290.869999999995343,1026300.48499999998603
600030.SH,2023.10.19,21.699999999999999,21.929999999999999,21.519999999999999,21.559999999999998,21.859999999999999,-0.3,-1.3724,790916.780000000027939,1716268.486000000033527
600030.SH,2023.10.20,21.429999999999999,21.75,21.399999999999998,21.530000000000001,21.559999999999998,-0.03,-0.1391,654233.510000000009313,1408421.601000000024214
600030.SH,2023.10.23,21.359999999999999,21.469999999999998,21.05,21.179999999999999,21.530000000000001,-0.35,-1.6256,546026.239999999990686,1157653.820999999996274
600030.SH,2023.10.24,21.3,21.780000000000001,21.25,21.62,21.179999999999999,0.44,2.0774,765612.96999999997206,1645720.766999999992549
600030.SH,2023.10.25,21.920000000000001,22.100000000000001,21.73,21.839999999999999,21.62,0.22,1.0176,784530.630000000004656,1716120.459999999962747
600030.SH,2023.10.26,21.71,21.899999999999998,21.510000000000001,21.8,21.839999999999999,-0.04,-0.1832,530431.930000000051222,1151839.753999999957159
600030.SH,2023.10.27,21.66,22.179999999999999,21.399999999999998,22.030000000000001,21.8,0.23,1.055,929863.430000000051222,2036093.78900000010617
600030.SH,2023.10.30,21.859999999999999,21.879999999999999,21.329999999999998,21.600000000000001,22.030000000000001,-0.43,-1.9519,1028837.410000000032596,2219521.625
600030.SH,2023.10.31,21.579999999999998,21.859999999999999,21.5,21.71,21.600000000000001,0.11,0.5093,672833.930000000051222,1459095.668000000063329
600030.SH,2023.11.01,21.929999999999999,22.039999999999999,21.5,21.73,21.71,0.02,0.0921,581701.18999999994412,1262852.979000000050291
600030.SH,2023.11.02,21.73,21.87,21.48,21.530000000000001,21.73,-0.2,-0.9204,482603.390000000013969,1044968.155999999959021
600030.SH,2023.11.03,21.530000000000001,21.899999999999998,21.420000000000001,21.859999999999999,21.530000000000001,0.33,1.5327,895102.650000000023283,1944098.922999999951571
600030.SH,2023.11.06,22.55,23.039999999999999,22.260000000000001,22.829999999999998,21.859999999999999,0.97,4.4373,1935126.229999999981373,4386204.003999999724328
600030.SH,2023.11.07,22.609999999999999,22.920000000000001,22.579999999999998,22.789999999999999,22.829999999999998,-0.04,-0.1752,966080.32999999995809,2201868.370000000111758
600030.SH,2023.11.08,22.780000000000001,22.82,22.41,22.579999999999998,22.789999999999999,-0.21,-0.9215,918893.930000000051222,2074489.489000000059604
600030.SH,2023.11.09,22.469999999999998,22.609999999999999,22.3,22.46,22.579999999999998,-0.12,-0.5314,610135.93999999994412,1370665.766999999992549
600030.SH,2023.11.10,22.350000000000001,22.55,22.3,22.46,22.46,0,0,567731.780000000027939,1273422.337999999988824
600030.SH,2023.11.13,22.46,22.48,22.21,22.289999999999999,22.46,-0.17,-0.7569,532958.119999999995343,1187792.908999999985098
600030.SH,2023.11.14,22.309999999999998,22.949999999999999,22.3,22.62,22.289999999999999,0.33,1.4805,1105527.080000000074505,2503959.004000000189989
600030.SH,2023.11.15,22.89,22.920000000000001,22.519999999999999,22.600000000000001,22.62,-0.02,-0.0884,728542.760000000009313,1653764.168000000063329
600030.SH,2023.11.16,22.600000000000001,22.699999999999999,22.420000000000001,22.429999999999999,22.600000000000001,-0.17,-0.7522,462100.729999999981373,1041928.836000000010244
600030.SH,2023.11.17,22.329999999999998,22.519999999999999,22.239999999999998,22.519999999999999,22.429999999999999,0.09,0.4012,484639.239999999990686,1084784.40100000007078
600030.SH,2023.11.20,22.510000000000001,22.519999999999999,22.07,22.350000000000001,22.519999999999999,-0.17,-0.7549,588281.869999999995343,1309022.861999999964609
600030.SH,2023.11.21,22.469999999999998,22.839999999999999,22.359999999999999,22.440000000000001,22.350000000000001,0.09,0.4027,744222.35999999998603,1681355.682000000029802
600030.SH,2023.11.22,22.309999999999998,22.48,22.199999999999999,22.21,22.440000000000001,-0.23,-1.025,364602.549999999988358,814714.390000000013969
600030.SH,2023.11.23,22.21,22.289999999999999,21.920000000000001,22.239999999999998,22.21,0.03,0.1351,498746.400000000023283,1103374.760000000009313
600030.SH,2023.11.24,22.190000000000001,22.239999999999998,22.030000000000001,22.05,22.239999999999998,-0.19,-0.8543,465399.71999999997206,1030017.515000000013969
600030.SH,2023.11.27,22,22.010000000000001,21.510000000000001,21.690000000000001,22.05,-0.36,-1.6327,820898.810000000055879,1776390.368000000016763
600030.SH,2023.11.28,21.679999999999999,21.780000000000001,21.519999999999999,21.609999999999999,21.690000000000001,-0.08,-0.3688,463397.880000000004656,1002729.415999999968335
600030.SH,2023.11.29,21.66,21.66,21.3,21.399999999999998,21.609999999999999,-0.21,-0.9718,498813.25,1068905.925999999977648
600030.SH,2023.11.30,21.399999999999998,21.5,21.280000000000001,21.449999999999999,21.399999999999998,0.05,0.2336,477454.349999999976716,1021759.158999999985098
600030.SH,2023.12.01,21.41,21.62,21.309999999999998,21.559999999999998,21.449999999999999,0.11,0.5128,494454.650000000023283,1061627.029000000096857
600030.SH,2023.12.04,21.510000000000001,21.62,21.399999999999998,21.41,21.559999999999998,-0.15,-0.6957,374544.140000000013969,805841.197000000043772
600030.SH,2023.12.05,21.339999999999999,21.48,21.100000000000001,21.129999999999998,21.41,-0.28,-1.3078,477292.119999999995343,1015731.746999999973922
600030.SH,2023.12.06,21.089999999999999,21.179999999999999,20.949999999999999,20.949999999999999,21.129999999999998,-0.18,-0.8519,463646.809999999997671,976104.84299999999348
600030.SH,2023.12.07,20.899999999999998,21.129999999999998,20.82,21.030000000000001,20.949999999999999,0.08,0.3819,431003.530000000027939,904550.113000000012107
600030.SH,2023.12.08,21.019999999999999,21.16,20.949999999999999,20.949999999999999,21.030000000000001,-0.08,-0.3804,468350.440000000002328,985080.412000000011175
600030.SH,2023.12.11,20.8,21.25,20.589999999999999,21.21,20.949999999999999,0.26,1.2411,717468.510000000009313,1499788.016999999992549
600030.SH,2023.12.12,21.07,21.199999999999999,21.030000000000001,21.129999999999998,21.21,-0.08,-0.3772,418151.429999999993015,882611.587000000057742
600030.SH,2023.12.13,21.120000000000001,21.120000000000001,20.699999999999999,20.71,21.129999999999998,-0.42,-1.9877,667977.479999999981373,1391965.531999999890103
600030.SH,2023.12.14,20.8,20.87,20.48,20.5,20.71,-0.21,-1.014,547770.089999999967403,1131395.76300000003539
600030.SH,2023.12.15,20.57,20.809999999999998,20.440000000000001,20.46,20.5,-0.04,-0.1951,589352.069999999948777,1212153.705000000074505
600030.SH,2023.12.18,20.399999999999998,20.589999999999999,20.32,20.440000000000001,20.46,-0.02,-0.0978,422359.140000000013969,863807.557000000029802
600030.SH,2023.12.19,20.429999999999999,20.64,20.359999999999999,20.64,20.440000000000001,0.2,0.9785,485472.229999999981373,996618.096000000019557
600030.SH,2023.12.20,20.609999999999999,20.62,20.14,20.16,20.64,-0.48,-2.3256,614280.510000000009313,1248872.128000000026077
600030.SH,2023.12.21,20.109999999999999,20.350000000000001,20.030000000000001,20.269999999999999,20.16,0.11,0.5456,532444.089999999967403,1076501.135999999940395
600030.SH,2023.12.22,20.199999999999999,20.39,20.019999999999999,20.280000000000001,20.269999999999999,0.01,0.0493,530620.260000000009313,1073349.239999999990686
600030.SH,2023.12.25,20.179999999999999,20.3,19.989999999999998,20.010000000000001,20.280000000000001,-0.27,-1.3314,497956.940000000002328,1000339.77800000004936
600030.SH,2023.12.26,20,20.05,19.73,19.850000000000001,20.010000000000001,-0.16,-0.7996,402623.35999999998603,799476.197000000043772
600030.SH,2023.12.27,19.829999999999998,20.079999999999998,19.62,19.899999999999998,19.850000000000001,0.05,0.2519,631841.780000000027939,1253913.601999999955296
600030.SH,2023.12.28,19.829999999999998,20.449999999999999,19.809999999999998,20.370000000000001,19.899999999999998,0.47,2.3618,872079.979999999981373,1761385.733999999938532
600030.SH,2023.12.29,20.329999999999998,20.539999999999999,20.280000000000001,20.370000000000001,20.370000000000001,0,0,644382.369999999995343,1314516.774999999906867
600030.SH,2024.01.02,20.379999999999998,20.399999999999998,20.059999999999998,20.07,20.370000000000001,-0.3,-1.4728,587765.140000000013969,1183083.968000000109896
600030.SH,2024.01.03,20,20.25,19.98,20.179999999999999,20.07,0.11,0.5481,547513.550000000046566,1101533.870000000111758
600030.SH,2024.01.04,20.120000000000001,20.16,19.839999999999999,20,20.179999999999999,-0.18,-0.892,503918.049999999988358,1006917.540000000037252
600030.SH,2024.01.05,19.949999999999999,20.179999999999999,19.66,19.789999999999999,20,-0.21,-1.05,696147.770000000018626,1387740.195000000065192
600030.SH,2024.01.08,19.719999999999998,19.859999999999999,19.399999999999998,19.420000000000001,19.789999999999999,-0.37,-1.8696,625670.920000000041909,1222235.531999999890103
600030.SH,2024.01.09,19.420000000000001,19.559999999999998,19.329999999999998,19.46,19.420000000000001,0.04,0.206,458458.330000000016298,892306.21999999997206
600030.SH,2024.01.10,19.449999999999999,19.629999999999999,19.260000000000001,19.46,19.46,0,0,525960.630000000004656,1024533.119999999995343
600030.SH,2024.01.11,19.48,19.66,19.339999999999999,19.600000000000001,19.46,0.14,0.7194,447933.130000000004656,874928.731999999959953
600030.SH,2024.01.12,19.5,19.73,19.449999999999999,19.519999999999999,19.600000000000001,-0.08,-0.4082,397471.099999999976716,778895.687999999965541
600030.SH,2024.01.15,19.359999999999999,19.690000000000001,19.329999999999998,19.48,19.519999999999999,-0.04,-0.2049,338557.96999999997206,659832.780000000027939
600030.SH,2024.01.16,19.449999999999999,19.62,19.219999999999998,19.579999999999998,19.48,0.1,0.5133,580083.930000000051222,1127694.935000000055879
600030.SH,2024.01.17,19.5,19.530000000000001,19.219999999999998,19.219999999999998,19.579999999999998,-0.36,-1.8386,561490.640000000013969,1088333.237999999895691
600030.SH,2024.01.18,19.07,19.539999999999999,18.780000000000001,19.489999999999998,19.219999999999998,0.27,1.4048,1121366.43999999994412,2140221.938000000081956
600030.SH,2024.01.19,19.3,19.579999999999998,19.25,19.469999999999998,19.489999999999998,-0.02,-0.1026,691141.35999999998603,1343840.466999999945983
600030.SH,2024.01.22,19.399999999999998,19.57,18.920000000000001,19.129999999999998,19.469999999999998,-0.34,-1.7463,984470.569999999948777,1907709.425999999977648
600030.SH,2024.01.23,19.05,19.949999999999999,18.940000000000001,19.780000000000001,19.129999999999998,0.65,3.3978,1152869.600000000093132,2254756.632999999914318
600030.SH,2024.01.24,19.879999999999999,20.62,19.609999999999999,20.519999999999999,19.780000000000001,0.74,3.7412,1453992.71999999997206,2920645.09500000020489
600030.SH,2024.01.25,20.339999999999999,20.699999999999999,20.129999999999998,20.559999999999998,20.519999999999999,0.04,0.1949,1542793.899999999906867,3154344.626000000163912
600030.SH,2024.01.26,20.399999999999998,21.079999999999998,20.309999999999998,20.829999999999998,20.559999999999998,0.27,1.3132,1482556.770000000018626,3064826.716000000014901
600030.SH,2024.01.29,20.719999999999998,20.89,20.530000000000001,20.579999999999998,20.829999999999998,-0.25,-1.2002,893544.349999999976716,1849438.737999999895691
600030.SH,2024.01.30,20.449999999999999,20.8,20.280000000000001,20.440000000000001,20.579999999999998,-0.14,-0.6803,900566.709999999962747,1848202.280000000027939
600030.SH,2024.01.31,20.350000000000001,20.719999999999998,20.25,20.5,20.440000000000001,0.06,0.2935,793197.699999999953433,1627214.28900000010617
600030.SH,2024.02.01,20.3,20.780000000000001,20.280000000000001,20.440000000000001,20.5,-0.06,-0.2927,765050.569999999948777,1572022.997999999905005
600030.SH,2024.02.02,20.440000000000001,20.519999999999999,19.670000000000001,20.179999999999999,20.440000000000001,-0.26,-1.272,1022181.520000000018626,2061606.710999999893829
600030.SH,2024.02.05,20.079999999999998,20.519999999999999,19.760000000000001,20.179999999999999,20.179999999999999,0,0,996990.60999999998603,2008152.345999999903142
600030.SH,2024.02.06,20.16,21.219999999999998,20,21.14,20.179999999999999,0.96,4.7572,1210245.530000000027939,2509414.265999999828636
600030.SH,2024.02.07,21.019999999999999,21.280000000000001,20.899999999999998,21.179999999999999,21.14,0.04,0.1892,1121725.679999999934807,2367112.73300000000745
600030.SH,2024.02.08,21.3,21.530000000000001,21.079999999999998,21.25,21.179999999999999,0.07,0.3305,1009395.810000000055879,2149633.922999999951571
600030.SH,2024.02.19,21.120000000000001,21.120000000000001,20.55,20.850000000000001,21.25,-0.4,-1.8824,952239.300000000046566,1979888.090000000083819
600030.SH,2024.02.20,20.73,21.170000000000001,20.679999999999999,20.989999999999998,20.850000000000001,0.14,0.6715,888628.660000000032596,1858586.985000000102445
600030.SH,2024.02.21,20.899999999999998,21.71,20.809999999999998,21.379999999999998,20.989999999999998,0.39,1.858,1287129.790000000037252,2749494.325999999884516
600030.SH,2024.02.22,21.269999999999999,21.8,21.23,21.73,21.379999999999998,0.35,1.637,1094040.580000000074505,2365138.03899999987334
600030.SH,2024.02.23,21.739999999999998,21.780000000000001,21.46,21.519999999999999,21.73,-0.21,-0.9664,777535.849999999976716,1679100.350000000093132
600030.SH,2024.02.26,21.539999999999999,21.629999999999999,21.309999999999998,21.339999999999999,21.519999999999999,-0.18,-0.8364,646413.530000000027939,1386960.297999999951571
600030.SH,2024.02.27,21.32,21.469999999999998,21.23,21.46,21.339999999999999,0.12,0.5623,810284.010000000009313,1728538.412000000011175
600030.SH,2024.02.28,21.519999999999999,21.739999999999998,21,21,21.46,-0.46,-2.1435,1172924.560000000055879,2512179.782999999821186
600030.SH,2024.02.29,21,21.350000000000001,20.949999999999999,21.3,21,0.3,1.4286,963922.96999999997206,2037055.652999999932944
600030.SH,2024.03.28,19.3,19.530000000000001,19.23,19.309999999999998,19.350000000000001,-0.04,-0.2067,1037014.949999999953433,2007001.601000000024214
600030.SH,2024.03.29,19.280000000000001,19.280000000000001,19.100000000000001,19.199999999999999,19.309999999999998,-0.11,-0.5697,867230.880000000004656,1661488.227999999886378
600030.SH,2024.03.01,21.3,21.440000000000001,21.100000000000001,21.32,21.3,0.02,0.0939,723936.07999999995809,1537955.149999999906867
600030.SH,2024.03.04,21.329999999999998,21.359999999999999,21.059999999999998,21.16,21.32,-0.16,-0.7505,590708.560000000055879,1250669.911000000080093
600030.SH,2024.03.05,21.030000000000001,21.239999999999998,21.019999999999999,21.179999999999999,21.16,0.02,0.0945,790444.85999999998603,1672330.722000000067055
600030.SH,2024.03.06,21.170000000000001,21.399999999999998,21.030000000000001,21.100000000000001,21.179999999999999,-0.08,-0.3777,654450.619999999995343,1385700.08199999993667
600030.SH,2024.03.07,21.07,21.199999999999999,20.71,20.809999999999998,21.100000000000001,-0.29,-1.3744,892485.709999999962747,1868871.438000000081956
600030.SH,2024.03.08,20.8,20.899999999999998,20.71,20.8,20.809999999999998,-0.01,-0.0481,465432.890000000013969,967921.209000000031664
600030.SH,2024.03.11,20.89,21.199999999999999,20.87,21.190000000000001,20.8,0.39,1.875,758368.57999999995809,1598127.872999999905005
600030.SH,2024.03.12,21.3,21.449999999999999,21.16,21.399999999999998,21.190000000000001,0.21,0.991,820888.239999999990686,1749861.585999999893829
600030.SH,2024.03.13,21.399999999999998,21.429999999999999,21.05,21.07,21.399999999999998,-0.33,-1.5421,635468.07999999995809,1345066.747999999905005
600030.SH,2024.03.14,21.010000000000001,21.16,20.71,20.8,21.07,-0.27,-1.2814,675060.32999999995809,1410848.004999999888241
600030.SH,2024.03.15,20.71,20.89,20.589999999999999,20.87,20.8,0.07,0.3365,608803.900000000023283,1262584.773999999975785
600030.SH,2024.03.18,20.89,21.429999999999999,20.87,21.260000000000001,20.87,0.39,1.8687,1026789.630000000004656,2177023.126000000163912
600030.SH,2024.03.19,21.219999999999998,21.219999999999998,20.809999999999998,20.829999999999998,21.260000000000001,-0.43,-2.0226,724656.890000000013969,1522354.516000000061467
600030.SH,2024.03.20,20.769999999999999,20.969999999999998,20.739999999999998,20.839999999999999,20.829999999999998,0.01,0.048,479502.210000000020954,999311.219000000040978
600030.SH,2024.03.21,20.87,21.170000000000001,20.8,20.829999999999998,20.839999999999999,-0.01,-0.048,680561.229999999981373,1423455.162000000011175
600030.SH,2024.03.22,20.829999999999998,20.87,20.440000000000001,20.5,20.829999999999998,-0.33,-1.5843,766249.050000000046566,1576797.5
600030.SH,2024.03.25,19.8,19.920000000000001,19.5,19.5,20.5,-1,-4.878,1799742.020000000018626,3533742.867000000085681
600030.SH,2024.03.26,19.41,19.62,19.41,19.600000000000001,19.5,0.1,0.5128,763998.349999999976716,1490546.28499999991618
600030.SH,2024.03.27,19.519999999999999,19.539999999999999,19.32,19.350000000000001,19.600000000000001,-0.25,-1.2755,687822.489999999990686,1335178.797999999951571
600030.SH,2024.04.01,19.3,19.440000000000001,19.3,19.41,19.199999999999999,0.21,1.0938,907086.760000000009313,1757060.950999999884515
600030.SH,2024.04.02,19.420000000000001,19.469999999999998,19.280000000000001,19.309999999999998,19.41,-0.1,-0.5152,688563.390000000013969,1331754.402999999932944
600030.SH,2024.04.03,19.280000000000001,19.289999999999999,19.129999999999998,19.16,19.309999999999998,-0.15,-0.7768,530948.349999999976716,1018810.155999999959021
600030.SH,2024.04.08,19,19.07,18.780000000000001,18.920000000000001,19.16,-0.24,-1.2526,724599.540000000037252,1371551.740999999921768
600030.SH,2024.04.09,18.899999999999998,19.05,18.879999999999999,18.929999999999999,18.920000000000001,0.01,0.0529,448793.260000000009313,850475.059000000008381
600030.SH,2024.04.10,18.89,18.91,18.350000000000001,18.41,18.929999999999999,-0.52,-2.747,975998.32999999995809,1813346.73300000000745
600030.SH,2024.04.11,18.339999999999999,18.519999999999999,18.289999999999999,18.339999999999999,18.41,-0.07,-0.3802,612759.150000000023283,1126874.59499999997206
600030.SH,2024.04.12,18.350000000000001,18.420000000000001,17.899999999999998,17.940000000000001,18.339999999999999,-0.4,-2.181,1057567.340000000083819,1909255.553000000072643
600030.SH,2024.04.15,17.5,17.920000000000001,17.260000000000001,17.739999999999998,17.940000000000001,-0.2,-1.1148,1799116.560000000055879,3165646.152999999932944
600030.SH,2024.04.16,17.510000000000001,18,17.48,17.629999999999999,17.739999999999998,-0.11,-0.6201,1249251.929999999934807,2217573.728000000119209
600030.SH,2024.04.17,17.579999999999998,18.109999999999999,17.449999999999999,18.100000000000001,17.629999999999999,0.47,2.6659,1205475.40999999991618,2145695.27199999988079
600030.SH,2024.04.18,18.010000000000001,18.530000000000001,17.98,18.21,18.100000000000001,0.11,0.6077,1349376.110000000102445,2464131.257999999914318
600030.SH,2024.04.19,18.100000000000001,18.3,18.059999999999998,18.129999999999998,18.21,-0.08,-0.4393,782309.85999999998603,1420736.104000000050291
600030.SH,2024.04.22,18.129999999999998,18.55,18.129999999999998,18.280000000000001,18.129999999999998,0.15,0.8274,779616.229999999981373,1429239.753000000026077
600030.SH,2024.04.23,18.32,18.429999999999999,18.199999999999999,18.269999999999999,18.280000000000001,-0.01,-0.0547,665688.07999999995809,1217707.087000000057741
600030.SH,2024.04.24,18.25,18.329999999999998,18.05,18.269999999999999,18.269999999999999,0,0,548569.520000000018626,998853.309000000008381
600030.SH,2024.04.25,18.25,18.32,18.109999999999999,18.179999999999999,18.269999999999999,-0.09,-0.4926,516678.559999999997671,940710.871999999973922
600030.SH,2024.04.26,18.55,19.269999999999999,18.370000000000001,19.16,18.179999999999999,0.98,5.390500000000001,2255741.370000000111758,4248412.847000000067055
600030.SH,2024.04.29,19.170000000000001,19.519999999999999,19.05,19.379999999999998,19.16,0.22,1.1482,1886652.030000000027939,3638439.646000000182539
600030.SH,2024.04.30,19.25,19.359999999999999,18.949999999999999,19.010000000000001,19.379999999999998,-0.37,-1.9092,1022409.959999999962747,1955881.347000000067055
600030.SH,2024.05.06,19.25,19.449999999999999,19.120000000000001,19.21,19.010000000000001,0.2,1.0521,1078318.149999999906867,2079020.101999999955296
600030.SH,2024.05.07,19.199999999999999,19.25,19.07,19.120000000000001,19.21,-0.09,-0.4685,659792.46999999997206,1262187.135000000009313
600030.SH,2024.05.08,19.030000000000001,19.100000000000001,18.75,18.780000000000001,19.120000000000001,-0.34,-1.7782,783102.599999999976716,1478924.662999999942257
600030.SH,2024.05.09,18.829999999999998,19.019999999999999,18.82,18.91,18.780000000000001,0.13,0.6922,742667.020000000018626,1404596.262000000104308
600030.SH,2024.05.10,18.940000000000001,19.14,18.850000000000001,19.059999999999998,18.91,0.15,0.7932,905793.709999999962747,1720456.37100000004284
600030.SH,2024.05.13,19.030000000000001,19.129999999999998,18.760000000000001,18.98,19.059999999999998,-0.08,-0.4197,814225.380000000004656,1542516.577000000048428
600030.SH,2024.05.14,19.010000000000001,19.030000000000001,18.829999999999998,19.010000000000001,18.98,0.03,0.1581,669018.540000000037252,1266821.446999999927356
600030.SH,2024.05.15,19.059999999999998,19.089999999999999,18.739999999999998,18.75,19.010000000000001,-0.26,-1.3677,774120.959999999962747,1459083.365999999921768
600030.SH,2024.05.16,18.8,18.98,18.739999999999998,18.780000000000001,18.75,0.03,0.16,605089.349999999976716,1139557.601999999955296
600030.SH,2024.05.17,18.780000000000001,19.219999999999998,18.73,19.190000000000001,18.780000000000001,0.41,2.1832,1010141.010000000009313,1918998.124000000068917
600030.SH,2024.05.20,19.190000000000001,19.510000000000001,19.149999999999998,19.289999999999999,19.190000000000001,0.1,0.5211,1325606.459999999962747,2568987.458000000100582
600030.SH,2024.05.21,19.23,19.359999999999999,19.149999999999998,19.239999999999998,19.289999999999999,-0.05,-0.2592,565401.32999999995809,1088790.43100000009872
600030.SH,2024.05.22,19.199999999999999,19.359999999999999,19.149999999999998,19.309999999999998,19.239999999999998,0.07,0.3638,644842.18999999994412,1243525.648000000044703
600030.SH,2024.05.23,19.21,19.269999999999999,18.839999999999999,18.87,19.309999999999998,-0.44,-2.2786,863178.21999999997206,1640457.685000000055879
600030.SH,2024.05.24,18.8,18.920000000000001,18.519999999999999,18.589999999999999,18.87,-0.28,-1.4838,726458.800000000046566,1360105.854000000050291
600030.SH,2024.05.27,18.600000000000001,18.760000000000001,18.539999999999999,18.73,18.589999999999999,0.14,0.7531,583702.930000000051222,1087384.825999999884515
600030.SH,2024.05.28,18.679999999999999,18.91,18.600000000000001,18.62,18.73,-0.11,-0.5873,470921.700000000011641,881360.400000000023283
600030.SH,2024.05.29,18.559999999999998,18.8,18.559999999999998,18.649999999999998,18.62,0.03,0.1611,379777.690000000002328,709786.48499999998603
600030.SH,2024.05.30,18.589999999999999,18.679999999999999,18.449999999999999,18.559999999999998,18.649999999999998,-0.09,-0.4826,475488.690000000002328,882503.726000000024214
600030.SH,2024.05.31,18.64,18.839999999999999,18.579999999999998,18.62,18.559999999999998,0.06,0.3233,519552.190000000002328,971574.136999999987892
600030.SH,2024.06.03,18.55,18.559999999999998,18.350000000000001,18.429999999999999,18.62,-0.19,-1.0204,585957.069999999948777,1079851.030000000027939
600030.SH,2024.06.04,18.429999999999999,18.609999999999999,18.429999999999999,18.559999999999998,18.429999999999999,0.13,0.7054,486497.489999999990686,901981.204000000027008
600030.SH,2024.06.05,18.519999999999999,18.670000000000001,18.519999999999999,18.539999999999999,18.559999999999998,-0.02,-0.1078,451342.21999999997206,838900.165000000037252
600030.SH,2024.06.06,18.579999999999998,18.679999999999999,18.429999999999999,18.489999999999998,18.539999999999999,-0.05,-0.2697,592332.680000000051222,1098537.259000000078231
600030.SH,2024.06.07,18.55,18.600000000000001,18.199999999999999,18.379999999999998,18.489999999999998,-0.11,-0.5949,571643.459999999962747,1052028.679000000003725
600030.SH,2024.06.11,18.280000000000001,18.48,18.280000000000001,18.339999999999999,18.379999999999998,-0.04,-0.2176,452709.739999999990686,832296.170000000041909
600030.SH,2024.06.12,18.309999999999998,18.379999999999998,18.269999999999999,18.280000000000001,18.339999999999999,-0.06,-0.3272,415911.179999999993015,761921.766999999992549
600030.SH,2024.06.13,18.3,18.359999999999999,18.199999999999999,18.260000000000001,18.280000000000001,-0.02,-0.1094,461595.900000000023283,842708.376000000047497
600030.SH,2024.06.14,18.239999999999998,18.769999999999999,18.199999999999999,18.629999999999999,18.260000000000001,0.37,2.0263,1211654,2242525.169000000227242
600030.SH,2024.06.17,18.510000000000001,18.670000000000001,18.46,18.66,18.629999999999999,0.03,0.161,596441.310000000055879,1108331.617000000085681
600030.SH,2024.06.18,18.649999999999998,18.89,18.600000000000001,18.71,18.66,0.05,0.268,574729.660000000032596,1077622.165999999968335
600030.SH,2024.06.19,18.739999999999998,18.739999999999998,18.519999999999999,18.530000000000001,18.71,-0.18,-0.9621,463448.909999999974388,861542.37100000004284
600030.SH,2024.06.20,18.530000000000001,18.600000000000001,18.359999999999999,18.379999999999998,18.530000000000001,-0.15,-0.8095,423174.169999999983701,780553.079000000027008
600030.SH,2024.06.21,18.399999999999998,18.589999999999999,18.25,18.440000000000001,18.379999999999998,0.06,0.3264,604170.21999999997206,1111691.878999999957159
600030.SH,2024.06.24,18.41,18.57,18.399999999999998,18.420000000000001,18.440000000000001,-0.02,-0.1085,519766.539999999979045,960506.542000000015832
600030.SH,2024.06.25,18.429999999999999,18.46,18,18.120000000000001,18.420000000000001,-0.3,-1.6287,749159.150000000023283,1362945.574000000022351
600030.SH,2024.06.26,18.089999999999999,18.449999999999999,18.019999999999999,18.399999999999998,18.120000000000001,0.28,1.5453,510173.059999999997671,933106.618999999947845
600030.SH,2024.06.27,18.359999999999999,18.46,18.25,18.399999999999998,18.399999999999998,0,0,541512.680000000051222,996013.881999999983236
600030.SH,2024.06.28,18.359999999999999,18.600000000000001,18.129999999999998,18.23,18.399999999999998,-0.17,-0.9239,707386.07999999995809,1300681.101000000024214
600030.SH,2024.07.01,18.190000000000001,18.280000000000001,18,18.199999999999999,18.23,-0.03,-0.1646,466209.880000000004656,845784.491999999969266
600030.SH,2024.07.02,18.149999999999998,18.39,18.129999999999998,18.190000000000001,18.199999999999999,-0.01,-0.0549,400206.890000000013969,730763.530000000027939
600030.SH,2024.07.03,18.190000000000001,18.429999999999999,18.07,18.379999999999998,18.190000000000001,0.19,1.0445,434343.630000000004656,794590.716000000014901
600030.SH,2024.07.04,18.350000000000001,18.449999999999999,18.030000000000001,18.039999999999999,18.379999999999998,-0.34,-1.8498,520144.429999999993015,946439.320999999996274
600030.SH,2024.07.05,18.100000000000001,18.100000000000001,17.699999999999999,17.809999999999998,18.039999999999999,-0.23,-1.2749,786783.979999999981373,1401453.946999999927356
600030.SH,2024.07.08,17.699999999999999,17.780000000000001,17.449999999999999,17.5,17.809999999999998,-0.31,-1.7406,602172.540000000037252,1058986.20299999997951
600030.SH,2024.07.09,17.469999999999998,17.91,17.350000000000001,17.859999999999999,17.5,0.36,2.0571,641411.60999999998603,1131167.617000000085681
600030.SH,2024.07.10,17.809999999999998,18.449999999999999,17.760000000000001,18.170000000000001,17.859999999999999,0.31,1.7357,917487.650000000023283,1669558.46999999997206
600030.SH,2024.07.11,18.260000000000001,18.449999999999999,18.179999999999999,18.32,18.170000000000001,0.15,0.8255,558238.32999999995809,1023550.001000000047497
600030.SH,2024.07.12,18.329999999999998,18.41,18.23,18.359999999999999,18.32,0.04,0.2183,362181.799999999988358,664064.59499999997206
600030.SH,2024.07.15,18.359999999999999,18.55,18.32,18.46,18.359999999999999,0.1,0.5447,534401.390000000013969,986784.180999999982304
600030.SH,2024.07.16,18.489999999999998,18.850000000000001,18.399999999999998,18.73,18.46,0.27,1.4626,849411.790000000037252,1588630.416999999899417
600030.SH,2024.07.17,18.699999999999999,18.91,18.66,18.850000000000001,18.73,0.12,0.6407,837771.82999999995809,1578637.963999999919906
600030.SH,2024.07.18,18.859999999999999,19,18.64,18.969999999999998,18.850000000000001,0.12,0.6366,884103.839999999967403,1668453.861000000033527
600030.SH,2024.07.19,18.96,19.440000000000001,18.920000000000001,19.39,18.969999999999998,0.42,2.214,1591096.239999999990686,3066945.339000000152736
600030.SH,2024.07.22,19.989999999999998,20.239999999999998,19.57,20.190000000000001,19.39,0.8,4.1258,3704494.919999999925494,7364394.032999999821186
600030.SH,2024.07.23,19.850000000000001,19.87,19.179999999999999,19.199999999999999,20.190000000000001,-0.99,-4.903400000000001,2571229.459999999962747,5022003.950000000186264
600030.SH,2024.07.24,19.07,19.3,18.760000000000001,18.879999999999999,19.199999999999999,-0.32,-1.6667,1687897.149999999906867,3198694.066999999806284
600030.SH,2024.07.25,18.839999999999999,19.339999999999999,18.789999999999999,19.019999999999999,18.879999999999999,0.14,0.7415,1306206.739999999990686,2490783.476999999955296
600030.SH,2024.07.26,18.920000000000001,19.539999999999999,18.87,19.260000000000001,19.019999999999999,0.24,1.2618,1134245.350000000093132,2186433.086999999824911
600030.SH,2024.07.29,19.05,19.190000000000001,18.859999999999999,18.879999999999999,19.260000000000001,-0.38,-1.973,959430.510000000009313,1821926.95299999997951
600030.SH,2024.07.30,18.82,18.969999999999998,18.739999999999998,18.920000000000001,18.879999999999999,0.04,0.2119,700062.920000000041909,1320638.610000000102445
600030.SH,2024.07.31,18.920000000000001,20.120000000000001,18.879999999999999,19.8,18.920000000000001,0.88,4.651200000000001,2253176.399999999906867,4428709.174999999813735
600030.SH,2024.08.01,19.55,19.82,19.510000000000001,19.579999999999998,19.8,-0.22,-1.1111,1264389.389999999897554,2483167.598000000230967
600030.SH,2024.08.02,19.48,19.649999999999998,19.149999999999998,19.21,19.579999999999998,-0.37,-1.8897,977031.869999999995343,1890702.077000000048428
600030.SH,2024.08.05,19.120000000000001,19.420000000000001,19.089999999999999,19.120000000000001,19.21,-0.09,-0.4685,966170.140000000013969,1859377.629999999888241
600030.SH,2024.08.06,19.32,19.370000000000001,18.929999999999999,19.109999999999999,19.120000000000001,-0.01,-0.0523,750600.050000000046566,1433376.712999999988824
600030.SH,2024.08.07,19.120000000000001,19.219999999999998,18.929999999999999,18.969999999999998,19.109999999999999,-0.14,-0.7326,572450.729999999981373,1088904.006000000052154
600030.SH,2024.08.08,18.929999999999999,19.219999999999998,18.850000000000001,19.07,18.969999999999998,0.1,0.5271,647324.979999999981373,1233211.162000000011175
600030.SH,2024.08.09,19.14,19.199999999999999,18.879999999999999,18.89,19.07,-0.18,-0.9439,539984.020000000018626,1027402.386999999987892
600030.SH,2024.08.12,18.82,18.920000000000001,18.719999999999998,18.87,18.89,-0.02,-0.1059,450725.809999999997671,848463.354999999981373
600030.SH,2024.08.13,18.850000000000001,19.079999999999998,18.8,19.059999999999998,18.87,0.19,1.0069,474724.460000000020954,898005.758999999961815
600030.SH,2024.08.14,18.989999999999998,19.07,18.829999999999998,18.850000000000001,19.059999999999998,-0.21,-1.1018,465023.25,879791.557000000029802
600030.SH,2024.08.15,18.839999999999999,19.3,18.809999999999998,19.149999999999998,18.850000000000001,0.3,1.5915,835145,1597152.698000000091269
600030.SH,2024.08.16,19.100000000000001,19.21,19,19.100000000000001,19.149999999999998,-0.05,-0.2611,453321.299999999988358,865184.295999999972991
600030.SH,2024.08.19,19.07,19.219999999999998,19.010000000000001,19.039999999999999,19.100000000000001,-0.06,-0.3141,433058.419999999983701,826900.172000000020489
600030.SH,2024.08.20,19.059999999999998,19.079999999999998,18.87,18.929999999999999,19.039999999999999,-0.11,-0.5777,416586.169999999983701,788835.153999999980442
600030.SH,2024.08.21,18.899999999999998,18.98,18.789999999999999,18.920000000000001,18.929999999999999,-0.01,-0.0528,379241.590000000025611,716968.057999999960884
600030.SH,2024.08.22,19,19.089999999999999,18.64,18.73,18.920000000000001,-0.19,-1.0042,502415.479999999981373,944929.814000000013038
600030.SH,2024.08.23,18.71,19.199999999999999,18.690000000000001,19.100000000000001,18.73,0.37,1.9754,686558.770000000018626,1305618.024999999906867
600030.SH,2024.08.26,18.629999999999999,18.719999999999998,18.370000000000001,18.46,18.629999999999999,-0.17,-0.9125,588412.790000000037252,1089938.097000000067055
600030.SH,2024.08.27,18.399999999999998,18.510000000000001,18.260000000000001,18.46,18.46,0,0,402102.539999999979045,739365.131999999983236
600030.SH,2024.08.28,18.41,18.530000000000001,18.329999999999998,18.429999999999999,18.46,-0.03,-0.1625,333700.729999999981373,614642.146999999997206
600030.SH,2024.08.29,18.5,18.949999999999999,18.46,18.789999999999999,18.429999999999999,0.36,1.9533,866324.07999999995809,1629341.685999999986961
600030.SH,2024.08.30,18.75,19.48,18.719999999999998,19.289999999999999,18.789999999999999,0.5,2.661,1421581.429999999934807,2735400.700000000186264
600030.SH,2024.09.02,19.190000000000001,19.199999999999999,18.91,18.920000000000001,19.289999999999999,-0.37,-1.9181,653954.199999999953433,1243771.468000000109896
600030.SH,2024.09.03,18.91,19.25,18.91,19.120000000000001,18.920000000000001,0.2,1.0571,508718.830000000016298,971650.930999999982304
600030.SH,2024.09.04,19.05,19.289999999999999,19.05,19.120000000000001,19.120000000000001,0,0,467109.299999999988358,894498.619999999995343
600030.SH,2024.09.05,19.05,19.179999999999999,18.969999999999998,19.109999999999999,19.120000000000001,-0.01,-0.0523,523894.780000000027939,999567.984000000054948
600030.SH,2024.09.06,19.440000000000001,19.579999999999998,19.039999999999999,19.059999999999998,19.109999999999999,-0.05,-0.2616,1176128.169999999925494,2270723.933000000193715
600030.SH,2024.09.09,18.789999999999999,19.199999999999999,18.75,18.98,19.059999999999998,-0.08,-0.4197,729014.849999999976716,1386724.718000000109896
600030.SH,2024.09.10,19.039999999999999,19.059999999999998,18.75,18.879999999999999,18.98,-0.1,-0.5269,530734.119999999995343,1001496.949999999953433
600030.SH,2024.09.11,18.850000000000001,19.079999999999998,18.82,19,18.879999999999999,0.12,0.6356,460407.85999999998603,874378.089999999967403
600030.SH,2024.09.12,19.019999999999999,19.039999999999999,18.839999999999999,18.879999999999999,19,-0.12,-0.6316,341255.960000000020954,645613.091999999945983
600030.SH,2024.09.13,18.91,19.079999999999998,18.839999999999999,18.920000000000001,18.879999999999999,0.04,0.2119,461499.919999999983701,876310.760000000009313
600030.SH,2024.09.18,18.8,19.010000000000001,18.769999999999999,18.940000000000001,18.920000000000001,0.02,0.1057,379326.070000000006984,716767.63600000005681
600030.SH,2024.09.19,19.07,19.5,18.949999999999999,19.339999999999999,18.940000000000001,0.4,2.1119,989388.520000000018626,1906649.05600000009872
600030.SH,2024.09.20,19.3,19.359999999999999,19.129999999999998,19.289999999999999,19.339999999999999,-0.05,-0.2585,629197.010000000009313,1211200.793000000063329
600030.SH,2024.09.23,19.32,19.469999999999998,19.170000000000001,19.309999999999998,19.289999999999999,0.02,0.1037,536510.890000000013969,1037305.241000000038184
600030.SH,2024.09.24,19.71,20.829999999999998,19.399999999999998,20.82,19.309999999999998,1.51,7.8198,2869163.390000000130385,5812378.580000000074505
600030.SH,2024.09.25,21.289999999999999,21.780000000000001,21.05,21.16,20.82,0.34,1.633,3007318.229999999981373,6440028.900999999605119
600030.SH,2024.09.26,21.010000000000001,22.489999999999998,21.010000000000001,22.48,21.16,1.32,6.2382,3093203.120000000111758,6741430.787999999709427
600030.SH,2024.09.27,23.399999999999998,24.73,22.699999999999999,24.73,22.48,2.25,10.0089,2799347.180000000167638,6591736.855999999679625
600030.SH,2024.09.30,27.199999999999999,27.199999999999999,26.440000000000001,27.199999999999999,24.73,2.47,9.987899999999999,3949174.529999999795108,10719669.519999999552965
600030.SH,2024.10.08,29.920000000000001,29.920000000000001,29.920000000000001,29.920000000000001,27.199999999999999,2.72,10,1475213.399999999906867,4413838.492999999783933
600030.SH,2024.10.09,31,32.89,28.769999999999999,30.350000000000001,29.920000000000001,0.43,1.4372,13514551.400000000372529,42197359.700999997556209
600030.SH,2024.10.10,29.100000000000001,29.739999999999998,27.48,27.75,30.350000000000001,-2.6,-8.5667,7746704.120000000111758,22003292.806000001728534
600030.SH,2024.10.11,27.199999999999999,28.839999999999999,26.679999999999999,28.170000000000001,27.75,0.42,1.5135,4859990.469999999739229,13374058.536000000312924
600030.SH,2024.10.14,27.969999999999998,27.98,26.07,27.46,28.170000000000001,-0.71,-2.5204,4504190.820000000298023,12170846.09999999962747
600030.SH,2024.10.15,27,27.789999999999999,26.66,26.719999999999998,27.46,-0.74,-2.6948,2781008.529999999795108,7580601.662999999709427
600030.SH,2024.10.16,26.109999999999999,27.14,26.07,26.41,26.719999999999998,-0.31,-1.1602,2594892.049999999813735,6871284.446999999694526
600030.SH,2024.10.17,26.5,26.989999999999998,26.14,26.16,26.41,-0.25,-0.9466,2065193.669999999925494,5484875.177000000141561
600030.SH,2024.10.18,26.120000000000001,28.780000000000001,26.100000000000001,27.91,26.16,1.75,6.689600000000001,5711829.019999999552965,15746269.660000000149011
600030.SH,2024.10.21,27.440000000000001,27.899999999999998,27.199999999999999,27.46,27.91,-0.45,-1.6123,3633976.890000000130385,10009390.463999999687075
600030.SH,2024.10.22,27.48,27.91,27.32,27.670000000000001,27.46,0.21,0.7647,2238020.729999999981373,6179374.320000000298023
600030.SH,2024.10.23,27.679999999999999,28.190000000000001,27.469999999999998,27.57,27.670000000000001,-0.1,-0.3614,2793649.600000000093132,7763427.775999999605119
600030.SH,2024.10.24,27.399999999999998,27.71,27.109999999999999,27.280000000000001,27.57,-0.29,-1.0519,1629022.540000000037252,4461535.777999999932944
600030.SH,2024.10.25,27.280000000000001,27.89,27.199999999999999,27.5,27.280000000000001,0.22,0.8065,1665720.850000000093132,4581169.510999999940395
600030.SH,2024.10.28,27.510000000000001,27.609999999999999,27.339999999999999,27.489999999999998,27.5,-0.01,-0.0364,1345731.949999999953433,3691356.705999999772757
600030.SH,2024.10.29,27.519999999999999,27.96,27.199999999999999,27.23,27.489999999999998,-0.26,-0.9458,1868916.260000000009313,5145710.56900000013411
600030.SH,2024.10.30,27.25,27.780000000000001,27.170000000000001,27.46,27.23,0.23,0.8447,1944753.15999999991618,5331028.925999999977648
600030.SH,2024.10.31,27.399999999999998,28.8,27.199999999999999,28.120000000000001,27.46,0.66,2.4035,4095203.520000000018626,11535642.433000000193715
600030.SH,2024.11.01,28.120000000000001,28.62,27.839999999999999,27.949999999999999,28.120000000000001,-0.17,-0.6046,2721581.669999999925494,7672169.095999999903142
600030.SH,2024.11.04,28.010000000000001,29.07,28.010000000000001,29.059999999999998,27.949999999999999,1.11,3.9714,2742896.839999999850988,7846310.564000000245869
600030.SH,2024.11.05,29.23,30.989999999999998,28.690000000000001,30.469999999999998,29.059999999999998,1.41,4.852000000000001,4274423.769999999552965,12816061.523000000044703
600030.SH,2024.11.06,31.010000000000001,33,30.589999999999999,31.079999999999998,30.469999999999998,0.61,2.002,5450963.59999999962747,17240261.828999999910593
600030.SH,2024.11.07,30.5,34.189999999999997,30.5,34.189999999999997,31.079999999999998,3.11,10.006399999999999,4804505.230000000447034,15537735.137000000104308
600030.SH,2024.11.08,36.490000000000002,36.490000000000002,34.549999999999997,34.880000000000002,34.189999999999997,0.69,2.0181,7454302.53000000026077,26491205.20499999821186
600030.SH,2024.11.11,33.549999999999997,35.600000000000001,33.100000000000001,34.880000000000002,34.880000000000002,0,0,5133058.429999999701976,17642461.682000000029802
600030.SH,2024.11.12,34.89,35.100000000000001,33.179999999999999,33.929999999999999,34.880000000000002,-0.95,-2.7236,4145650.339999999850988,14166082.323999999091029
600030.SH,2024.11.13,33,33.490000000000002,32.469999999999998,32.920000000000001,33.929999999999999,-1.01,-2.9767,3647055.390000000130385,12011916.258999999612569
600030.SH,2024.11.14,32.929999999999999,33.630000000000002,32.590000000000003,32.670000000000001,32.920000000000001,-0.25,-0.7594,2554450.669999999925494,8452182.995999999344348
600030.SH,2024.11.15,32.670000000000001,33,31.109999999999999,31.129999999999998,32.670000000000001,-1.54,-4.7138,3022570.080000000074505,9658174.453999999910593
600030.SH,2024.11.18,31.05,31.41,30.379999999999998,30.670000000000001,31.129999999999998,-0.46,-1.4777,2450263.830000000074505,7563239.700000000186264
600030.SH,2024.11.19,30.699999999999999,31.519999999999999,30.48,31.3,30.670000000000001,0.63,2.0541,2194106.120000000111758,6795769.178999999538064
600030.SH,2024.11.20,31.339999999999999,32.159999999999996,31.010000000000001,31.739999999999998,31.3,0.44,1.4058,2172904.259999999776482,6873427.377999999560415
600030.SH,2024.11.21,31.519999999999999,32.119999999999997,31.379999999999998,31.89,31.739999999999998,0.15,0.4726,1904305.899999999906867,6042276.753999999724328
600030.SH,2024.11.22,31.89,31.98,30.239999999999998,30.329999999999998,31.89,-1.56,-4.8918,2305779.430000000167638,7164401.757000000216066
600030.SH,2024.11.25,30.329999999999998,30.5,29.14,29.66,30.329999999999998,-0.67,-2.209,2318101.129999999888241,6880269.269000000320374
600030.SH,2024.11.26,29.679999999999999,30.25,29.589999999999999,29.719999999999998,29.66,0.06,0.2023,1365192.649999999906867,4077617.098999999929219
600030.SH,2024.11.27,29.690000000000001,30.289999999999999,29.489999999999998,30.280000000000001,29.719999999999998,0.56,1.8843,1783033.899999999906867,5342614.122000000439584
600030.SH,2024.11.28,30.359999999999999,30.41,29.809999999999998,29.87,30.280000000000001,-0.41,-1.354,1281967.399999999906867,3858994.297999999951571
600030.SH,2024.11.29,29.879999999999999,31.879999999999999,29.75,30.75,29.87,0.88,2.9461,2932909.109999999869614,9039101.214999999850988
600030.SH,2024.12.02,30.600000000000001,31.46,30.489999999999998,31.269999999999999,30.75,0.52,1.6911,1932380.360000000102445,6024240.987999999895691
600030.SH,2024.12.03,31.269999999999999,31.46,30.699999999999999,31.079999999999998,31.269999999999999,-0.19,-0.6076,1542309.199999999953433,4787944.45299999974668
600030.SH,2024.12.04,31,31.199999999999999,30.62,30.8,31.079999999999998,-0.28,-0.9009,1178785.739999999990686,3643248.466000000014901
600030.SH,2024.12.05,30.699999999999999,31.25,30.649999999999998,30.899999999999998,30.8,0.1,0.3247,1158933.310000000055879,3584769.688999999780207
600030.SH,2024.12.06,30.899999999999998,31.64,30.649999999999998,31.239999999999998,30.899999999999998,0.34,1.1003,2054177.479999999981373,6420319.586000000126659
600030.SH,2024.12.09,31.149999999999998,31.379999999999998,30.75,31.120000000000001,31.239999999999998,-0.12,-0.3841,1258571.699999999953433,3912475.317999999970197
600030.SH,2024.12.10,33,33,31.39,31.48,31.120000000000001,0.36,1.1568,3066783.930000000167638,9869463.92600000090897
600030.SH,2024.12.11,31.429999999999999,31.719999999999998,31.16,31.339999999999999,31.48,-0.14,-0.4447,1311479.870000000111758,4119760.433000000193715
600030.SH,2024.12.12,31.280000000000001,31.98,31.039999999999999,31.66,31.339999999999999,0.32,1.0211,1694641.169999999925494,5331870.963999999687075
600030.SH,2024.12.13,31.339999999999999,31.350000000000001,30.370000000000001,30.420000000000001,31.66,-1.24,-3.9166,2013226.449999999953433,6204088.514999999664723
600030.SH,2024.12.16,30.3,30.350000000000001,29.949999999999999,30.030000000000001,30.420000000000001,-0.39,-1.2821,1263453.310000000055879,3801767.876000000163912
600030.SH,2024.12.17,30.010000000000001,30.649999999999998,29.91,30.23,30.030000000000001,0.2,0.666,1197166.030000000027939,3621328.203000000212341
600030.SH,2024.12.18,30.399999999999998,30.5,30.179999999999999,30.289999999999999,30.23,0.06,0.1985,698694.459999999962747,2116480.629000000189989
600030.SH,2024.12.19,30,30.39,29.879999999999999,30.329999999999998,30.289999999999999,0.04,0.1321,921467.869999999995343,2782391.123000000137835
600030.SH,2024.12.20,30.089999999999999,30.559999999999998,30.030000000000001,30.339999999999999,30.089999999999999,0.25,0.8308,977712.479999999981373,2964895.279999999795109
600030.SH,2024.12.23,30.100000000000001,30.530000000000001,29.879999999999999,29.920000000000001,30.339999999999999,-0.42,-1.3843,1045889.069999999948777,3149338.368999999947845
600030.SH,2024.12.24,29.920000000000001,30.379999999999998,29.899999999999998,30.32,29.920000000000001,0.4,1.3369,1082009.419999999925494,3264728.040000000037252
600030.SH,2024.12.25,30.339999999999999,30.39,29.899999999999998,30.089999999999999,30.32,-0.23,-0.7586,940862.260000000009313,2833858.81499999994412
600030.SH,2024.12.26,30.089999999999999,30.329999999999998,29.949999999999999,30.149999999999998,30.089999999999999,0.06,0.1994,811411.979999999981373,2447344.066000000108033
600030.SH,2024.12.27,30.16,30.760000000000001,29.920000000000001,30.219999999999998,30.149999999999998,0.07,0.2322,1792644.020000000018626,5429064.622000000439584
600030.SH,2024.12.30,30.100000000000001,30.539999999999999,30,30.510000000000001,30.219999999999998,0.29,0.9596,1206691.050000000046566,3662919.134000000078231
600030.SH,2024.12.31,30.530000000000001,30.57,29.149999999999998,29.170000000000001,30.510000000000001,-1.34,-4.392000000000001,1980812.810000000055879,5903231.591000000014901
600030.SH,2025.01.02,28.98,29,27.170000000000001,27.449999999999999,29.170000000000001,-1.72,-5.8965,2828487.330000000074505,7898902.462000000290572
600030.SH,2025.01.03,27.339999999999999,27.57,26.839999999999999,26.969999999999998,27.449999999999999,-0.48,-1.7486,1839546.080000000074505,4998126.76300000026822
600030.SH,2025.01.06,26.8,27.109999999999999,26.519999999999999,27.059999999999998,26.969999999999998,0.09,0.3337,1236877.100000000093132,3329164.14699999988079
600030.SH,2025.01.07,27.100000000000001,27.32,26.809999999999998,27.16,27.059999999999998,0.1,0.3695,979724.050000000046566,2650426.337999999988824
600030.SH,2025.01.08,27.120000000000001,27.280000000000001,26.5,26.98,27.16,-0.18,-0.6627,1192336.010000000009313,3199334.777999999932944
600030.SH,2025.01.09,26.929999999999999,27.120000000000001,26.8,26.89,26.98,-0.09,-0.3336,630007.530000000027939,1699066.075999999884516
600030.SH,2025.01.10,26.929999999999999,27.079999999999998,26.46,26.46,26.89,-0.43,-1.5991,800249.770000000018626,2145973.115000000223517
600030.SH,2025.01.13,26.16,26.589999999999999,26.16,26.510000000000001,26.46,0.05,0.189,660663.890000000013969,1745282.888999999966472
600030.SH,2025.01.14,26.62,27.760000000000001,26.55,27.699999999999999,26.510000000000001,1.19,4.4889,1666249.229999999981373,4556431.361999999731779
600030.SH,2025.01.15,27.489999999999998,27.66,27.280000000000001,27.370000000000001,27.699999999999999,-0.33,-1.1913,888639.839999999967403,2439628.711000000126659
600030.SH,2025.01.16,27.55,27.789999999999999,27.019999999999999,27.25,27.370000000000001,-0.12,-0.4384,884583.839999999967403,2422135.498999999836087
600030.SH,2025.01.17,27.109999999999999,27.589999999999999,27.109999999999999,27.309999999999998,27.25,0.06,0.2202,670562.5,1835393.759000000078231
600030.SH,2025.01.20,27.55,27.850000000000001,27.32,27.399999999999998,27.309999999999998,0.09,0.3295,909528.040000000037252,2509191.200000000186264
600030.SH,2025.01.21,27.600000000000001,27.64,27.25,27.420000000000001,27.399999999999998,0.02,0.073,729069.520000000018626,2001896.77600000007078
600030.SH,2025.01.22,27.350000000000001,27.429999999999999,27.100000000000001,27.23,27.420000000000001,-0.19,-0.6929,700670.819999999948777,1906375.662000000011175
600030.SH,2025.01.23,27.82,28.5,27.429999999999999,27.449999999999999,27.23,0.22,0.8079,1624527.669999999925494,4530428.408999999985098
600030.SH,2025.01.24,27.429999999999999,27.739999999999998,27.339999999999999,27.539999999999999,27.449999999999999,0.09,0.3279,969037.21999999997206,2672866.998999999836087
600030.SH,2025.01.27,27.629999999999999,27.649999999999998,26.920000000000001,26.929999999999999,27.539999999999999,-0.61,-2.215,886259.760000000009313,2413270.220999999903142
600030.SH,2025.02.05,27.269999999999999,27.269999999999999,26.839999999999999,26.949999999999999,26.929999999999999,0.02,0.0743,786528.900000000023283,2123929.188000000081956
600030.SH,2025.02.06,26.899999999999998,27.46,26.839999999999999,27.370000000000001,26.949999999999999,0.42,1.5584,1044841.619999999995343,2841760.89699999988079
600030.SH,2025.02.07,27.350000000000001,28.670000000000001,27.23,28.14,27.370000000000001,0.77,2.8133,2157365.649999999906867,6040036.145999999716877
600030.SH,2025.02.10,28.16,28.3,27.96,28.149999999999998,28.14,0.01,0.0355,1089052.790000000037252,3061349.66399999987334
600030.SH,2025.02.11,28.109999999999999,28.129999999999998,27.829999999999998,27.969999999999998,28.149999999999998,-0.18,-0.6394,890392.310000000055879,2488585.226999999955296
600030.SH,2025.02.12,27.969999999999998,28.350000000000001,27.71,28.269999999999999,27.969999999999998,0.3,1.0726,1159838.260000000009313,3249412.217999999877065
600030.SH,2025.02.13,28.269999999999999,28.57,28,28.120000000000001,28.269999999999999,-0.15,-0.5306,1476616.68999999994412,4172564.748000000137835
600030.SH,2025.02.14,28,28.370000000000001,27.96,28.239999999999998,28.120000000000001,0.12,0.4267,986332.25,2779540.098000000230967
600030.SH,2025.02.17,28.5,28.629999999999999,28.100000000000001,28.289999999999999,28.239999999999998,0.05,0.1771,1208648.739999999990686,3429274.427000000141561
600030.SH,2025.02.18,28.190000000000001,28.23,27.46,27.539999999999999,28.289999999999999,-0.75,-2.6511,1114981.040000000037252,3107292.512999999802559
600030.SH,2025.02.19,27.55,28.16,27.5,27.989999999999998,27.539999999999999,0.45,1.634,1000718.43999999994412,2792111.25
600030.SH,2025.02.20,27.929999999999999,28.059999999999998,27.719999999999998,27.89,27.989999999999998,-0.1,-0.3573,712570.489999999990686,1988990.232000000076368
600030.SH,2025.02.21,27.89,28.609999999999999,27.71,28.46,27.89,0.57,2.0437,1847404.340000000083819,5232423.976999999955296
600030.SH,2025.02.24,28.46,28.679999999999999,28.109999999999999,28.350000000000001,28.46,-0.11,-0.3865,1197933.010000000009313,3405197.277999999932944
600030.SH,2025.02.25,28.100000000000001,28.219999999999998,27.719999999999998,27.829999999999998,28.350000000000001,-0.52,-1.8342,1038603.60999999998603,2906055.925999999977648
600030.SH,2025.02.26,27.879999999999999,28.449999999999999,27.760000000000001,28.449999999999999,27.829999999999998,0.62,2.2278,1393826.739999999990686,3916115.61200000019744
600030.SH,2025.02.27,28.23,28.5,27.829999999999998,28.239999999999998,28.449999999999999,-0.21,-0.7381,1444799.959999999962747,4062952.242999999783933
600030.SH,2025.02.28,28.16,28.579999999999998,27.3,27.329999999999998,28.239999999999998,-0.91,-3.2224,1594991.120000000111758,4442533.957999999634921
600030.SH,2025.03.03,27.429999999999999,27.8,27.21,27.359999999999999,27.329999999999998,0.03,0.1098,1065089.810000000055879,2931519.666999999899417
600030.SH,2025.03.04,27.219999999999998,27.489999999999998,27.16,27.359999999999999,27.359999999999999,0,0,641731.199999999953433,1755293.975000000093132
600030.SH,2025.03.05,27.359999999999999,27.48,27.120000000000001,27.339999999999999,27.359999999999999,-0.02,-0.0731,781856.459999999962747,2134914.467000000178813
600030.SH,2025.03.06,27.510000000000001,28.100000000000001,27.5,28,27.339999999999999,0.66,2.414,1562844.090000000083819,4359222.945000000298023
600030.SH,2025.03.07,27.8,27.89,27.519999999999999,27.579999999999998,28,-0.42,-1.5,957911.930000000051222,2653091.475000000093132
600030.SH,2025.03.10,27.5,27.5,27.14,27.239999999999998,27.579999999999998,-0.34,-1.2328,904437.869999999995343,2465622.785999999847263
600030.SH,2025.03.11,27,27.309999999999998,26.91,27.3,27.239999999999998,0.06,0.2203,779485.589999999967403,2112824.029999999795109
600030.SH,2025.03.12,27.3,27.719999999999998,27.190000000000001,27.3,27.3,0,0,975786.180000000051222,2674523.651999999769032
600030.SH,2025.03.13,27.25,27.449999999999999,26.98,27.100000000000001,27.3,-0.2,-0.7326,860428.619999999995343,2338986.157000000122934
600030.SH,2025.03.14,27.23,28.46,27.14,28.07,27.100000000000001,0.97,3.5793,2612083.799999999813735,7293137.588999999687075
600030.SH,2025.03.17,28.179999999999999,28.179999999999999,27.829999999999998,27.859999999999999,28.07,-0.21,-0.7481,1040019.520000000018626,2908938.808000000193715
600030.SH,2025.03.18,27.96,28.109999999999999,27.839999999999999,27.949999999999999,27.859999999999999,0.09,0.323,684072.270000000018626,1912300.537999999942257
600030.SH,2025.03.19,27.929999999999999,28.089999999999999,27.829999999999998,27.929999999999999,27.949999999999999,-0.02,-0.0716,677622.550000000046566,1893145.479999999981373
600030.SH,2025.03.20,27.929999999999999,27.949999999999999,27.609999999999999,27.679999999999999,27.929999999999999,-0.25,-0.8951,641191.07999999995809,1777878.915999999968334
600030.SH,2025.03.21,27.600000000000001,27.71,27.05,27.089999999999999,27.679999999999999,-0.59,-2.1315,977012.640000000013969,2668760.589000000152736
600030.SH,2025.03.24,27.089999999999999,27.199999999999999,27,27.190000000000001,27.089999999999999,0.1,0.3691,668790.050000000046566,1812137.628999999957159
600030.SH,2025.03.25,27.199999999999999,27.219999999999998,27,27.019999999999999,27.190000000000001,-0.17,-0.6252,539050.680000000051222,1459856.179999999934807
600030.SH,2025.03.26,27.019999999999999,27.109999999999999,26.940000000000001,26.98,27.019999999999999,-0.04,-0.148,564081.010000000009313,1523533.195999999996274
600030.SH,2025.03.27,26.940000000000001,27.16,26.71,26.899999999999998,26.98,-0.08,-0.2965,725472.310000000055879,1953678.394000000087544
600030.SH,2025.03.28,26.98,27.030000000000001,26.73,26.8,26.899999999999998,-0.1,-0.3717,658975.680000000051222,1769583.852999999886378
600030.SH,2025.03.31,26.719999999999998,26.839999999999999,26.3,26.519999999999999,26.8,-0.28,-1.0448,797838.699999999953433,2115699.501999999862164
600030.SH,2025.04.01,26.519999999999999,26.66,26.39,26.440000000000001,26.519999999999999,-0.08,-0.3017,596397.699999999953433,1580113.213999999919906
600030.SH,2025.04.02,26.399999999999998,26.609999999999999,26.350000000000001,26.539999999999999,26.440000000000001,0.1,0.3782,456718.669999999983701,1211260.841999999945983
600030.SH,2025.04.03,26.3,26.719999999999998,26.3,26.440000000000001,26.539999999999999,-0.1,-0.3768,558677.57999999995809,1479533.337000000057742
600030.SH,2025.04.07,25,25.170000000000001,23.8,24.019999999999999,26.440000000000001,-2.42,-9.152799999999999,2277299.850000000093132,5537982.334999999962747
600030.SH,2025.04.08,24.109999999999999,24.589999999999999,23.879999999999999,24.5,24.019999999999999,0.48,1.9983,1718956.209999999962747,4187725.098999999929219
600030.SH,2025.04.09,24.440000000000001,25.120000000000001,24.149999999999998,24.89,24.5,0.39,1.5918,1423351.71999999997206,3510522.520000000018626
600030.SH,2025.04.10,25.25,25.399999999999998,24.699999999999999,25.14,24.89,0.25,1.0044,1227315.169999999925494,3093831.094000000040978
600030.SH,2025.04.11,25.129999999999998,25.589999999999999,25.030000000000001,25.359999999999999,25.14,0.22,0.8751,932289.959999999962747,2355030.85800000000745
600030.SH,2025.04.14,25.440000000000001,25.489999999999998,25.21,25.23,25.359999999999999,-0.13,-0.5126,635100.140000000013969,1608059.449999999953433
600030.SH,2025.04.15,25.190000000000001,25.21,24.940000000000001,25.109999999999999,25.23,-0.12,-0.4756,562515.650000000023283,1409537.55199999990873
600030.SH,2025.04.16,25.089999999999999,25.25,24.769999999999999,25.149999999999998,25.109999999999999,0.04,0.1593,662043.420000000041909,1651630.52600000007078
600030.SH,2025.04.17,25.05,25.25,24.969999999999998,25.170000000000001,25.149999999999998,0.02,0.0795,481694.729999999981373,1210732.279000000096857
600030.SH,2025.04.18,25.059999999999998,25.25,25,25.149999999999998,25.170000000000001,-0.02,-0.0795,476293.840000000025611,1196730.533999999985098
600030.SH,2025.04.21,25.07,25.280000000000001,24.989999999999998,25.23,25.149999999999998,0.08,0.3181,441371.229999999981373,1112592.222000000067055
600030.SH,2025.04.22,25.199999999999999,25.3,25.079999999999998,25.079999999999998,25.23,-0.15,-0.5945,459491.140000000013969,1157699.162999999942258
600030.SH,2025.04.23,25.23,25.280000000000001,25.039999999999999,25.129999999999998,25.079999999999998,0.05,0.1994,483723.789999999979045,1216639.786000000080093
600030.SH,2025.04.24,25.120000000000001,25.25,24.949999999999999,25,25.129999999999998,-0.13,-0.5173,519160.770000000018626,1302315.279000000096857
600030.SH,2025.04.25,25.100000000000001,25.329999999999998,25.079999999999998,25.199999999999999,25,0.2,0.8,670113.21999999997206,1690527.144000000087544
600030.SH,2025.04.28,25.199999999999999,25.21,25,25.129999999999998,25.199999999999999,-0.07,-0.2778,440655.96999999997206,1106437.411000000080093
600030.SH,2025.04.29,25.14,25.199999999999999,24.96,25.010000000000001,25.129999999999998,-0.12,-0.4775,462586.390000000013969,1158492.283000000054016
600030.SH,2025.04.30,25.079999999999998,25.280000000000001,25.019999999999999,25.079999999999998,25.010000000000001,0.07,0.2799,514514.229999999981373,1293711.645000000018626
600030.SH,2025.05.06,25.280000000000001,25.679999999999999,25.199999999999999,25.510000000000001,25.079999999999998,0.43,1.7145,819029.57999999995809,2086441.328999999910593
600030.SH,2025.05.07,26.280000000000001,26.420000000000001,25.609999999999999,25.670000000000001,25.510000000000001,0.16,0.6272,1173234.260000000009313,3040010.228000000119209
600030.SH,2025.05.08,25.64,26.199999999999999,25.55,25.859999999999999,25.670000000000001,0.19,0.7402,836747.43999999994412,2170080.322000000160187
600030.SH,2025.05.09,25.8,25.879999999999999,25.539999999999999,25.55,25.859999999999999,-0.31,-1.1988,476958.369999999995343,1223488.810000000055879
600030.SH,2025.05.12,25.780000000000001,26.379999999999998,25.649999999999998,26.3,25.55,0.75,2.9354,1314581.560000000055879,3436067.273000000044703
600030.SH,2025.05.13,26.5,26.55,26.059999999999998,26.089999999999999,26.3,-0.21,-0.7985,796426.180000000051222,2088033.654000000096857
600030.SH,2025.05.14,26.05,27.739999999999998,26.010000000000001,27.07,26.089999999999999,0.98,3.7562,2739056.370000000111758,7367935.399000000208616
600030.SH,2025.05.15,26.8,27.010000000000001,26.519999999999999,26.579999999999998,27.07,-0.49,-1.8101,994564.560000000055879,2657150.20699999993667
600030.SH,2025.05.16,26.469999999999998,26.679999999999999,26.129999999999998,26.21,26.579999999999998,-0.37,-1.392,714799.979999999981373,1878231.800999999977648
600030.SH,2025.05.19,26.179999999999999,26.239999999999998,26.019999999999999,26.109999999999999,26.21,-0.1,-0.3815,492746.309999999997671,1285903.213999999919906
600030.SH,2025.05.20,26.16,26.280000000000001,26.059999999999998,26.089999999999999,26.109999999999999,-0.02,-0.0766,505240.729999999981373,1320882.682999999960884
600030.SH,2025.05.21,26.089999999999999,26.199999999999999,26.030000000000001,26.039999999999999,26.089999999999999,-0.05,-0.1916,536492.25,1400914.012000000104308
600030.SH,2025.05.22,26,26.07,25.859999999999999,25.989999999999998,26.039999999999999,-0.05,-0.192,443994.580000000016298,1153132.884000000078231
600030.SH,2025.05.23,25.929999999999999,26.149999999999998,25.66,25.670000000000001,25.989999999999998,-0.32,-1.2312,664481.82999999995809,1720713.753000000026077
600030.SH,2025.05.26,25.649999999999998,25.769999999999999,25.530000000000001,25.62,25.670000000000001,-0.05,-0.1948,450698.979999999981373,1154448.355999999912455
600030.SH,2025.05.27,25.589999999999999,25.629999999999999,25.420000000000001,25.510000000000001,25.62,-0.11,-0.4294,435104.919999999983701,1110726.854000000050291
600030.SH,2025.05.28,25.539999999999999,25.579999999999998,25.359999999999999,25.420000000000001,25.510000000000001,-0.09,-0.3528,354733.270000000018626,902758.24800000002142
600030.SH,2025.05.29,25.41,25.789999999999999,25.41,25.699999999999999,25.420000000000001,0.28,1.1015,542716.349999999976716,1392291.071999999927356
600030.SH,2025.05.30,25.579999999999998,25.649999999999998,25.370000000000001,25.519999999999999,25.699999999999999,-0.18,-0.7004,549770.71999999997206,1402145.833000000100582
600030.SH,2025.06.03,25.399999999999998,25.780000000000001,25.359999999999999,25.589999999999999,25.519999999999999,0.07,0.2743,549946.390000000013969,1407063.922999999951571
600030.SH,2025.06.04,25.579999999999998,26.05,25.559999999999998,25.89,25.589999999999999,0.3,1.1723,639143.010000000009313,1653640.823000000091269
600030.SH,2025.06.05,25.920000000000001,26.23,25.859999999999999,26.179999999999999,25.89,0.29,1.1201,852045.550000000046566,2221904.941999999806284
600030.SH,2025.06.06,26.179999999999999,26.280000000000001,25.949999999999999,25.98,26.179999999999999,-0.2,-0.7639,504053.650000000023283,1313321.249000000068917
600030.SH,2025.06.09,26.079999999999998,26.530000000000001,26.079999999999998,26.429999999999999,25.98,0.45,1.7321,908769.93999999994412,2399507.280999999959021
600030.SH,2025.06.10,26.429999999999999,26.489999999999998,25.82,25.949999999999999,26.429999999999999,-0.48,-1.8161,735343.699999999953433,1920532.860000000102445
600030.SH,2025.06.11,26.05,26.699999999999999,26,26.379999999999998,25.949999999999999,0.43,1.657,1032665.57999999995809,2730197.606000000145286
600030.SH,2025.06.12,26.170000000000001,26.679999999999999,26.059999999999998,26.440000000000001,26.379999999999998,0.06,0.2274,748015.140000000013969,1978379.472999999998137
600030.SH,2025.06.13,26.350000000000001,26.440000000000001,26.179999999999999,26.3,26.440000000000001,-0.14,-0.5295,737265.260000000009313,1937850.752000000094994
600030.SH,2025.06.16,26.199999999999999,26.75,26.170000000000001,26.679999999999999,26.3,0.38,1.4449,780961.239999999990686,2072284.895000000018626
600030.SH,2025.06.17,26.670000000000001,26.719999999999998,26.519999999999999,26.699999999999999,26.679999999999999,0.02,0.075,514967.640000000013969,1371101.918000000063329
600030.SH,2025.06.18,26.699999999999999,26.71,26.25,26.379999999999998,26.699999999999999,-0.32,-1.1985,523047.690000000002328,1381128.495000000111758
600030.SH,2025.06.19,26.350000000000001,26.420000000000001,25.859999999999999,25.91,26.379999999999998,-0.47,-1.7817,652146.699999999953433,1698490.898999999975785
600030.SH,2025.06.20,25.91,26.05,25.879999999999999,25.879999999999999,25.91,-0.03,-0.1158,419924.35999999998603,1089208.101000000024214
600030.SH,2025.06.23,25.780000000000001,26.3,25.75,26.23,25.879999999999999,0.35,1.3524,552357.75,1439115.621999999973922
600030.SH,2025.06.24,26.280000000000001,27.07,26.260000000000001,26.91,26.23,0.68,2.5925,1364249.649999999906867,3659696.310000000055879
600030.SH,2025.06.25,26.940000000000001,28.199999999999999,26.850000000000001,28.030000000000001,26.91,1.12,4.162,2856361.22000000020489,7881370.307000000029802
600030.SH,2025.06.26,27.98,28.059999999999998,27.55,27.57,28.030000000000001,-0.46,-1.6411,1669402.280000000027939,4633306.781000000424683
600030.SH,2025.06.27,27.649999999999998,28.46,27.5,27.579999999999998,27.57,0.01,0.0363,1776584.919999999925494,4968291.923000000417232
600030.SH,2025.06.30,27.609999999999999,27.850000000000001,27.350000000000001,27.62,27.579999999999998,0.04,0.145,968626.489999999990686,2670400.296000000089406
600030.SH,2025.07.01,27.629999999999999,27.780000000000001,27.309999999999998,27.39,27.62,-0.23,-0.8327,707623.479999999981373,1940654.049000000115483
600030.SH,2025.07.02,27.399999999999998,27.519999999999999,27.23,27.280000000000001,27.39,-0.11,-0.4016,575250.520000000018626,1573744.148999999975785
600030.SH,2025.07.03,27.39,27.75,27.359999999999999,27.670000000000001,27.280000000000001,0.39,1.4296,725989.170000000041909,2000459.020000000018626
600030.SH,2025.07.04,27.600000000000001,28.05,27.350000000000001,27.66,27.670000000000001,-0.01,-0.0361,1021393.71999999997206,2830151.537000000011175
600030.SH,2025.07.07,27.530000000000001,27.91,27.489999999999998,27.789999999999999,27.66,0.13,0.47,572223.770000000018626,1588782.682999999960884
600030.SH,2025.07.08,27.719999999999998,28.079999999999998,27.71,28.019999999999999,27.789999999999999,0.23,0.8276,845803.239999999990686,2365303.709999999962747
600030.SH,2025.07.09,28.019999999999999,28.260000000000001,27.760000000000001,27.809999999999998,28.019999999999999,-0.21,-0.7495,807702.099999999976716,2261446.228000000119209
600030.SH,2025.07.10,27.780000000000001,28.420000000000001,27.719999999999998,28.23,27.809999999999998,0.42,1.5102,1421972.15999999991618,4006903.003000000026077
600030.SH,2025.07.11,28.329999999999998,29.289999999999999,28.16,28.66,28.23,0.43,1.5232,2465015.479999999981373,7099768.617999999783933
600030.SH,2025.07.14,28.769999999999999,28.82,28.379999999999998,28.41,28.66,-0.25,-0.8723,1009297.229999999981373,2880998.85399999981746
600030.SH,2025.07.15,28.449999999999999,28.62,28.079999999999998,28.239999999999998,28.41,-0.17,-0.5984,943268.369999999995343,2669330.265000000130385
600030.SH,2025.07.16,28.239999999999998,28.329999999999998,27.899999999999998,28.079999999999998,28.239999999999998,-0.16,-0.5666,761523.57999999995809,2140328.873999999836087
600030.SH,2025.07.17,28.07,28.379999999999998,28.010000000000001,28.25,28.079999999999998,0.17,0.6054,639997.060000000055879,1801602.016999999992549
600030.SH,2025.07.18,28.3,28.46,28.16,28.339999999999999,28.25,0.09,0.3186,666698.300000000046566,1886801.281999999890103
600030.SH,2025.07.21,28.449999999999999,29.010000000000001,28.339999999999999,28.899999999999998,28.339999999999999,0.56,1.976,1329004.639999999897554,3827828.697000000160187
600030.SH,2025.07.22,28.899999999999998,29.079999999999998,28.539999999999999,28.929999999999999,28.899999999999998,0.03,0.1038,1121874.40999999991618,3231521.990999999921768
600030.SH,2025.07.23,29.010000000000001,30.059999999999998,29,29.780000000000001,28.929999999999999,0.85,2.9381,2887813.180000000167638,8542345.798000000417232
600030.SH,2025.07.24,29.559999999999998,30.280000000000001,29.48,30.039999999999999,29.780000000000001,0.26,0.8731,2097840.959999999962747,6293474.531999999657273
600030.SH,2025.07.25,30.089999999999999,30.219999999999998,29.609999999999999,29.699999999999999,30.039999999999999,-0.34,-1.1318,1213934.840000000083819,3625225.120000000111758
600030.SH,2025.07.28,29.73,30.429999999999999,29.64,29.96,29.699999999999999,0.26,0.8754,1257925.46999999997206,3779720.808000000193715
600030.SH,2025.07.29,29.8,29.989999999999998,29.449999999999999,29.949999999999999,29.96,-0.01,-0.0334,1229931.050000000046566,3656078.961999999824911
600030.SH,2025.07.30,29.899999999999998,30.329999999999998,29.449999999999999,29.780000000000001,29.949999999999999,-0.17,-0.5676,1268808.600000000093132,3797224.72899999981746
600030.SH,2025.07.31,29.589999999999999,29.899999999999998,28.850000000000001,29.019999999999999,29.780000000000001,-0.76,-2.552,1413395.209999999962747,4146844.445999999996274
600030.SH,2025.08.01,29,29.199999999999999,28.699999999999999,28.75,29.019999999999999,-0.27,-0.9304,963890.800000000046566,2786733.535999999847263
600030.SH,2025.08.04,28.649999999999998,28.989999999999998,28.600000000000001,28.91,28.75,0.16,0.5565,713717.560000000055879,2055044.70699999993667
600030.SH,2025.08.05,28.96,29.280000000000001,28.879999999999999,29.179999999999999,28.91,0.27,0.9339,913588.520000000018626,2654420.805000000167638
600030.SH,2025.08.06,29.100000000000001,29.260000000000001,28.96,29.16,29.179999999999999,-0.02,-0.0685,739240.339999999967403,2153758.083999999798834
600030.SH,2025.08.07,29.21,29.449999999999999,28.940000000000001,29.109999999999999,29.16,-0.05,-0.1715,880056.35999999998603,2566335.296999999787658
600030.SH,2025.08.08,29.100000000000001,29.109999999999999,28.82,28.879999999999999,29.109999999999999,-0.23,-0.7901,654561.369999999995343,1894690.752000000094994
600030.SH,2025.08.11,28.89,29.649999999999998,28.89,29.379999999999998,28.879999999999999,0.5,1.7313,1267734.989999999990686,3724263.634999999776482
600030.SH,2025.08.12,29.440000000000001,29.57,29.309999999999998,29.48,29.379999999999998,0.1,0.3404,820512.599999999976716,2415805.697999999858438
600030.SH,2025.08.13,29.649999999999998,30.059999999999998,29.32,29.62,29.48,0.14,0.4749,2000478.65999999991618,5945238.502999999560415
600030.SH,2025.08.14,29.71,30.199999999999999,29.57,29.649999999999998,29.62,0.03,0.1013,1861877.030000000027939,5562185.689000000245869
600030.SH,2025.08.15,29.649999999999998,31.510000000000001,29.510000000000001,31.100000000000001,29.649999999999998,1.45,4.8904,4008066.100000000093132,12313562.40599999949336
600030.SH,2025.08.18,31.190000000000001,32.299999999999997,30.899999999999998,31.699999999999999,31.100000000000001,0.6,1.9293,3566481.879999999888241,11284010.951999999582767
600030.SH,2025.08.19,31.5,31.829999999999998,30.940000000000001,31.019999999999999,31.699999999999999,-0.68,-2.1451,1968582.620000000111758,6158371.746000000275671
600030.SH,2025.08.20,30.899999999999998,31.16,30.350000000000001,31.149999999999998,31.019999999999999,0.13,0.4191,1858230.25,5718792.644999999552965
600030.SH,2025.08.21,31.350000000000001,31.420000000000001,30.719999999999998,30.879999999999999,31.149999999999998,-0.27,-0.8668,1379012.679999999934807,4284970.507000000216066
600030.SH,2025.08.22,30.87,32.219999999999998,30.859999999999999,32.200000000000002,30.879999999999999,1.32,4.274600000000001,2704919.799999999813735,8561038.378000000491738
600030.SH,2025.08.25,32.5,32.530000000000001,31.629999999999999,32.14,31.920000000000001,0.22,0.6892,2514491.819999999832361,8054612.645999999716877
600030.SH,2025.08.26,31.940000000000001,32.090000000000003,31.629999999999999,31.679999999999999,32.14,-0.46,-1.4312,1399982.820000000065192,4459689.621000000275671
600030.SH,2025.08.27,31.670000000000001,32.079999999999998,30.87,30.89,31.679999999999999,-0.79,-2.4937,2094916.949999999953433,6604013.662999999709427
600030.SH,2025.08.28,30.899999999999998,31.5,30.690000000000001,31.5,30.89,0.61,1.9747,1639483.780000000027939,5092858.422000000253319
600030.SH,2025.08.29,31.699999999999999,32.079999999999998,31.350000000000001,31.48,31.5,-0.02,-0.0635,2486871.069999999832361,7870324.45299999974668
600030.SH,2025.09.01,31.489999999999998,31.55,30.899999999999998,31.170000000000001,31.48,-0.31,-0.9848,1708743.070000000065192,5328087.689000000245869
600030.SH,2025.09.02,31.199999999999999,31.329999999999998,30.66,30.780000000000001,31.170000000000001,-0.39,-1.2512,1700845.90999999991618,5255366.923000000417232
600030.SH,2025.09.03,30.969999999999998,31.07,29.519999999999999,29.789999999999999,30.780000000000001,-0.99,-3.2164,1884760.820000000065192,5681134.739000000059604
600030.SH,2025.09.04,29.760000000000001,29.91,29.199999999999999,29.559999999999998,29.789999999999999,-0.23,-0.7721,1815806.530000000027939,5367895.398000000044703
600030.SH,2025.09.05,29.57,29.850000000000001,29.329999999999998,29.829999999999998,29.559999999999998,0.27,0.9134,1333730.600000000093132,3946998.043000000063329
600030.SH,2025.09.08,29.8,29.8,29.350000000000001,29.449999999999999,29.829999999999998,-0.38,-1.2739,1551198.169999999925494,4576095.541000000201165
600030.SH,2025.09.09,29.449999999999999,29.739999999999998,29.379999999999998,29.519999999999999,29.449999999999999,0.07,0.2377,1179284.050000000046566,3481157.225000000093132
600030.SH,2025.09.10,29.57,29.690000000000001,29.339999999999999,29.48,29.519999999999999,-0.04,-0.1355,884048.430000000051222,2609280.737999999895691
600030.SH,2025.09.11,29.39,30.329999999999998,29.3,30.329999999999998,29.48,0.85,2.8833,1863990.770000000018626,5582043.265999999828636
600030.SH,2025.09.12,30.359999999999999,30.429999999999999,29.699999999999999,29.780000000000001,30.329999999999998,-0.55,-1.8134,1479843.239999999990686,4443482.473000000230967
600030.SH,2025.09.15,29.859999999999999,30.149999999999998,29.420000000000001,29.589999999999999,29.780000000000001,-0.19,-0.638,1724541.020000000018626,5134931.803000000305473
600030.SH,2025.09.16,29.600000000000001,29.859999999999999,29.21,29.280000000000001,29.589999999999999,-0.31,-1.0477,2083444.209999999962747,6137333.281999999657273
600030.SH,2025.09.17,29.289999999999999,29.510000000000001,28.96,28.989999999999998,29.280000000000001,-0.29,-0.9904,3024152.620000000111758,8823722.23399999924004
600030.SH,2025.09.18,29.010000000000001,29.190000000000001,28.149999999999998,28.350000000000001,28.989999999999998,-0.64,-2.2077,3729978.839999999850988,10712761.661000000312924
600030.SH,2025.09.19,28.25,28.600000000000001,28.14,28.309999999999998,28.350000000000001,-0.04,-0.1411,1662300.320000000065192,4717340.586000000126659
600030.SH,2025.09.22,28.449999999999999,28.879999999999999,28.359999999999999,28.780000000000001,28.309999999999998,0.47,1.6602,1559234.179999999934807,4470772.78000000026077
600030.SH,2025.09.23,28.629999999999999,28.809999999999998,28.25,28.5,28.780000000000001,-0.28,-0.9729,1497357.239999999990686,4261899.074000000022351
600030.SH,2025.09.24,28.350000000000001,28.87,28.339999999999999,28.690000000000001,28.5,0.19,0.6667,1558198.040000000037252,4449992.754999999888241
600030.SH,2025.09.25,28.629999999999999,28.839999999999999,28.55,28.71,28.690000000000001,0.02,0.0697,1328063.21999999997206,3815540.27199999988079
600030.SH,2025.09.26,28.670000000000001,28.989999999999998,28.510000000000001,28.719999999999998,28.71,0.01,0.0348,1266430.600000000093132,3641096.137000000104308
600030.SH,2025.09.29,28.719999999999998,31.489999999999998,28.62,30.41,28.719999999999998,1.69,5.884400000000001,5937714.490000000223517,17972866.572000000625848
600030.SH,2025.09.30,30.280000000000001,30.600000000000001,29.739999999999998,29.899999999999998,30.41,-0.51,-1.6771,2950387.970000000204891,8855514.217000000178813
600030.SH,2025.10.09,29.600000000000001,30.25,29.350000000000001,29.649999999999998,29.899999999999998,-0.25,-0.8361,3807984.680000000167638,11325172.370999999344348
600030.SH,2025.10.10,29.64,30.269999999999999,29.539999999999999,29.679999999999999,29.649999999999998,0.03,0.1012,2675856.279999999795109,7995783.962000000290572
600030.SH,2025.10.13,28.899999999999998,29.489999999999998,28.809999999999998,29.199999999999999,29.679999999999999,-0.48,-1.6173,2110493.259999999776482,6135452.946999999694526
600030.SH,2025.10.14,29.199999999999999,29.71,28.929999999999999,29.030000000000001,29.199999999999999,-0.17,-0.5822,1955124.520000000018626,5727412.730000000447034
600030.SH,2025.10.15,29.14,29.73,29.059999999999998,29.690000000000001,29.030000000000001,0.66,2.2735,1964851.919999999925494,5779800.802000000141561
600030.SH,2025.10.16,29.600000000000001,29.98,29.5,29.649999999999998,29.690000000000001,-0.04,-0.1347,1597315.179999999934807,4745901.326999999582767
600030.SH,2025.10.17,29.66,29.929999999999999,29.05,29.089999999999999,29.649999999999998,-0.56,-1.8887,1739898.899999999906867,5124858.639000000432133
600030.SH,2025.10.20,29.399999999999998,29.539999999999999,29.120000000000001,29.23,29.089999999999999,0.14,0.4813,1227306.840000000083819,3594768.007999999914318
600030.SH,2025.10.21,29.309999999999998,30.109999999999999,29.21,29.359999999999999,29.23,0.13,0.4447,3068678.200000000186264,9070647.643999999389052
600030.SH,2025.10.22,29.219999999999998,29.23,29.019999999999999,29.190000000000001,29.359999999999999,-0.17,-0.579,1226948.260000000009313,3574148.771000000182539
600030.SH,2025.10.23,29.199999999999999,29.579999999999998,28.850000000000001,29.519999999999999,29.190000000000001,0.33,1.1305,1403605.350000000093132,4096658.10399999981746
600030.SH,2025.10.24,29.55,30.059999999999998,29.5,29.87,29.519999999999999,0.35,1.1856,2990943.430000000167638,8892004.442999999970197
600030.SH,2025.10.27,30.25,30.629999999999999,29.829999999999998,29.989999999999998,29.87,0.12,0.4017,4612142.110000000335276,13902244.214999999850988
600030.SH,2025.10.28,29.98,30.339999999999999,29.8,30,29.989999999999998,0.01,0.0333,2263316.029999999795109,6798411.078999999910593
600030.SH,2025.10.29,29.949999999999999,30.46,29.850000000000001,30.3,30,0.3,1,3136701.979999999981373,9477951.60899999924004
600030.SH,2025.10.30,30.190000000000001,30.23,29.62,29.679999999999999,30.3,-0.62,-2.0462,2452208.419999999925494,7339678.553999999538064
600030.SH,2025.10.31,29.719999999999998,29.87,29.370000000000001,29.379999999999998,29.679999999999999,-0.3,-1.0108,1671532.290000000037252,4938189.520999999716877
600030.SH,2025.11.03,29.350000000000001,29.379999999999998,28.929999999999999,29.219999999999998,29.379999999999998,-0.16,-0.5446,1393516.929999999934807,4059197.675999999977648
600030.SH,2025.11.04,29.179999999999999,29.25,28.96,29.079999999999998,29.219999999999998,-0.14,-0.4791,1197589.449999999953433,3482779.128000000026077
600030.SH,2025.11.05,28.929999999999999,29.170000000000001,28.920000000000001,29.059999999999998,29.079999999999998,-0.02,-0.0688,940558.790000000037252,2735028.199000000022351
600030.SH,2025.11.06,29.120000000000001,29.429999999999999,29.100000000000001,29.190000000000001,29.059999999999998,0.13,0.4474,1625618.070000000065192,4753244.677000000141561
600030.SH,2025.11.07,29.089999999999999,29.120000000000001,28.949999999999999,29,29.190000000000001,-0.19,-0.6509,960721.339999999967403,2787864.865000000223517
600030.SH,2025.11.10,29,29.46,28.96,29.3,29,0.3,1.0345,1621940.179999999934807,4737134.776999999769032
600030.SH,2025.11.11,29.339999999999999,29.399999999999998,29,29.059999999999998,29.3,-0.24,-0.8191,1042995.400000000023283,3038989.817999999970197
600030.SH,2025.11.12,29.07,29.109999999999999,28.809999999999998,28.899999999999998,29.059999999999998,-0.16,-0.5506,1086308.120000000111758,3144600.711000000126659
600030.SH,2025.11.13,28.879999999999999,29.120000000000001,28.859999999999999,29.079999999999998,28.899999999999998,0.18,0.6228,1178749.070000000065192,3418473.433999999891966
600030.SH,2025.11.14,28.949999999999999,28.96,28.62,28.64,29.079999999999998,-0.44,-1.5131,1201707.060000000055879,3463551.86200000019744
600030.SH,2025.11.17,28.609999999999999,28.609999999999999,28.260000000000001,28.289999999999999,28.64,-0.35,-1.2221,1077709.050000000046566,3058387.828000000212341
600030.SH,2025.11.18,28.269999999999999,28.429999999999999,28.170000000000001,28.219999999999998,28.289999999999999,-0.07,-0.2474,915153.890000000013969,2589358.391999999992549
600030.SH,2025.11.19,28.219999999999998,28.420000000000001,28.199999999999999,28.3,28.219999999999998,0.08,0.2835,844812.739999999990686,2392792.473999999929219
600030.SH,2025.11.20,28.850000000000001,28.940000000000001,28.280000000000001,28.3,28.3,0,0,1528642.850000000093132,4380360.23300000000745
600030.SH,2025.11.21,28.010000000000001,28.25,27.3,27.3,28.3,-1,-3.5336,1695039.15999999991618,4693752.815999999642372
600030.SH,2025.11.24,27.399999999999998,27.5,27.260000000000001,27.39,27.3,0.09,0.3297,891388.790000000037252,2441061.828999999910593
600030.SH,2025.11.25,27.469999999999998,27.649999999999998,27.399999999999998,27.469999999999998,27.39,0.08,0.2921,802259.050000000046566,2207852.490000000223517
600030.SH,2025.11.26,27.519999999999999,27.719999999999998,27.440000000000001,27.600000000000001,27.469999999999998,0.13,0.4732,681694.520000000018626,1881110.588999999919906
600030.SH,2025.11.27,27.530000000000001,27.809999999999998,27.519999999999999,27.579999999999998,27.600000000000001,-0.02,-0.0725,648647.400000000023283,1794367.924000000115484
600030.SH,2025.11.28,27.609999999999999,27.64,27.41,27.589999999999999,27.579999999999998,0.01,0.0363,746598.229999999981373,2055903.546000000089406
600030.SH,2025.12.01,27.5,27.73,27.48,27.670000000000001,27.589999999999999,0.08,0.29,707987.369999999995343,1956001.679000000003725
600030.SH,2025.12.02,27.66,27.690000000000001,27.350000000000001,27.370000000000001,27.670000000000001,-0.3,-1.0842,652921.520000000018626,1793505.908000000054016
600030.SH,2025.12.03,27.449999999999999,27.57,27.030000000000001,27.149999999999998,27.370000000000001,-0.22,-0.8038,781105.35999999998603,2129256.756000000052154
600030.SH,2025.12.04,27.14,27.379999999999998,27.019999999999999,27.199999999999999,27.149999999999998,0.05,0.1842,692375.569999999948777,1882466.793000000063329
600030.SH,2025.12.05,27.199999999999999,28.089999999999999,27.16,27.859999999999999,27.199999999999999,0.66,2.4265,1637905.209999999962747,4536315.644000000320374
600030.SH,2025.12.08,28.379999999999998,29.059999999999998,28.379999999999998,28.699999999999999,27.859999999999999,0.84,3.0151,3146216.700000000186264,9057705.851999999955296
600030.SH,2025.12.09,28.519999999999999,28.829999999999998,28.379999999999998,28.530000000000001,28.699999999999999,-0.17,-0.5923,1301285.209999999962747,3717964.325000000186264
600030.SH,2025.12.10,28.420000000000001,28.57,28.16,28.519999999999999,28.530000000000001,-0.01,-0.0351,992896.869999999995343,2815735.191999999806284
600030.SH,2025.12.11,28.55,28.579999999999998,28.149999999999998,28.289999999999999,28.519999999999999,-0.23,-0.8065,742250.229999999981373,2103229.398000000044703
600030.SH,2025.12.12,28.260000000000001,28.559999999999998,28.079999999999998,28.41,28.289999999999999,0.12,0.4242,1067569.840000000083819,3023765.535999999847263
600030.SH,2025.12.15,28.260000000000001,28.940000000000001,28.179999999999999,28.55,28.41,0.14,0.4928,1193241.229999999981373,3418024.766999999992549
600030.SH,2025.12.16,28.440000000000001,28.789999999999999,28.280000000000001,28.48,28.55,-0.07,-0.2452,1001616.020000000018626,2851192.433999999891966
600030.SH,2025.12.17,28.48,29.149999999999998,28.399999999999998,28.969999999999998,28.48,0.49,1.7205,1617037.71999999997206,4662507.508000000379979
600030.SH,2025.12.18,28.899999999999998,28.899999999999998,28.469999999999998,28.530000000000001,28.969999999999998,-0.44,-1.5188,1135938.280000000027939,3248014.078000000212341
600030.SH,2025.12.19,28.579999999999998,28.940000000000001,28.469999999999998,28.679999999999999,28.530000000000001,0.15,0.5258,983481.530000000027939,2821714.141999999992549
600030.SH,2025.12.22,28.62,28.789999999999999,28.600000000000001,28.649999999999998,28.679999999999999,-0.03,-0.1046,753313.099999999976716,2160286.841000000014901
600030.SH,2025.12.23,28.679999999999999,28.879999999999999,28.589999999999999,28.629999999999999,28.649999999999998,-0.02,-0.0698,940646.569999999948777,2702038.43999999994412
600030.SH,2025.12.24,28.609999999999999,28.829999999999998,28.55,28.739999999999998,28.629999999999999,0.11,0.3842,789519.21999999997206,2266348.143000000156462
600030.SH,2025.12.25,28.75,29.019999999999999,28.699999999999999,28.96,28.739999999999998,0.22,0.7655,1044947.959999999962747,3020073.433999999891966
600030.SH,2025.12.26,28.96,29.399999999999998,28.899999999999998,29.100000000000001,28.96,0.14,0.4834,1413525.75,4122805.470000000204891
600030.SH,2025.12.29,29.030000000000001,29.14,28.859999999999999,28.940000000000001,29.100000000000001,-0.16,-0.5498,906710.96999999997206,2628004.106000000145286
600030.SH,2025.12.30,28.859999999999999,29.019999999999999,28.75,28.829999999999998,28.940000000000001,-0.11,-0.3801,854347.930000000051222,2463949.22899999981746
600030.SH,2025.12.31,28.8,29.07,28.679999999999999,28.71,28.829999999999998,-0.12,-0.4162,856347.530000000027939,2470416.839999999850988
600030.SH,2026.01.05,28.829999999999998,29.359999999999999,28.8,29.329999999999998,28.71,0.62,2.1595,1851770.129999999888241,5402908.222000000067055
600030.SH,2026.01.06,29.359999999999999,30.25,29.329999999999998,30.190000000000001,29.329999999999998,0.86,2.9322,3349357.990000000223517,10055094.451999999582767
600030.SH,2026.01.07,30.21,30.21,29.399999999999998,29.5,30.190000000000001,-0.69,-2.2855,2295021.22000000020489,6829635.012000000104308
600030.SH,2026.01.08,29.289999999999999,29.289999999999999,28.449999999999999,28.539999999999999,29.5,-0.96,-3.2542,3150272.25,9039903.880999999120831
600030.SH,2026.01.09,28.539999999999999,28.670000000000001,28.350000000000001,28.57,28.539999999999999,0.03,0.1051,2326771.609999999869614,6628564.036000000312924
600030.SH,2026.01.12,28.57,28.850000000000001,28.41,28.780000000000001,28.57,0.21,0.735,2173083.100000000093132,6227140.485000000335276
600030.SH,2026.01.13,28.850000000000001,29.149999999999998,28.48,28.55,28.780000000000001,-0.23,-0.7992,2159691.089999999850988,6226326.713999999687075
600030.SH,2026.01.14,28.489999999999998,29.129999999999998,28.149999999999998,28.23,28.55,-0.32,-1.1208,3218823.410000000149011,9209655.922000000253319
600030.SH,2026.01.15,28.379999999999998,28.8,28.23,28.280000000000001,28.23,0.05,0.1771,2078141.419999999925494,5904891.816999999806284
600030.SH,2026.01.16,28.5,28.57,27.989999999999998,28.079999999999998,28.280000000000001,-0.2,-0.7072,2095812.790000000037252,5914162.07799999974668
600030.SH,2026.01.19,27.739999999999998,27.969999999999998,27.699999999999999,27.91,28.079999999999998,-0.17,-0.6054,1594337.639999999897554,4437182.144000000320374
600030.SH,2026.01.20,27.929999999999999,28.149999999999998,27.91,28.05,27.91,0.14,0.5016,1385133.360000000102445,3884362.839000000152736
600030.SH,2026.01.21,28.030000000000001,28.109999999999999,27.789999999999999,27.940000000000001,28.05,-0.11,-0.3922,1410501.260000000009313,3943890.399999999906867
600030.SH,2026.01.22,27.899999999999998,28.219999999999998,27.82,27.920000000000001,27.940000000000001,-0.02,-0.0716,1725924.739999999990686,4825498.273000000044703
600030.SH,2026.01.23,28,28.059999999999998,27.699999999999999,27.769999999999999,27.920000000000001,-0.15,-0.5372,1881061.350000000093132,5240083.934000000357627
600030.SH,2026.01.26,27.769999999999999,28.440000000000001,27.71,28.07,27.769999999999999,0.3,1.0803,2637511.640000000130385,7423210.355999999679625
600030.SH,2026.01.27,28.089999999999999,28.14,27.8,27.859999999999999,28.07,-0.21,-0.7481,1415238.120000000111758,3957139.688999999780207
600030.SH,2026.01.28,27.89,28.179999999999999,27.769999999999999,27.940000000000001,27.859999999999999,0.08,0.2872,1718793.810000000055879,4805814.918999999761581
600030.SH,2026.01.29,27.899999999999998,28.579999999999998,27.699999999999999,28.559999999999998,27.940000000000001,0.62,2.219,2977811.770000000018626,8387338.385999999940395
600030.SH,2026.01.30,28.5,28.519999999999999,28.079999999999998,28.079999999999998,28.559999999999998,-0.48,-1.6807,1907095.290000000037252,5390994.669999999925494
600030.SH,2026.02.02,28.089999999999999,28.600000000000001,27.829999999999998,27.859999999999999,28.079999999999998,-0.22,-0.7835,1818336.060000000055879,5128515.408999999985098
600030.SH,2026.02.03,28.07,28.100000000000001,27.71,27.969999999999998,27.859999999999999,0.11,0.3948,1322917.489999999990686,3686657.438999999780207
600030.SH,2026.02.04,27.850000000000001,28.39,27.839999999999999,28.379999999999998,27.969999999999998,0.41,1.4659,1572192.530000000027939,4440800.88800000026822
600030.SH,2026.02.05,28.289999999999999,28.489999999999998,28.129999999999998,28.289999999999999,28.379999999999998,-0.09,-0.3171,1156841.68999999994412,3276268.367000000085681
600030.SH,2026.02.06,28.199999999999999,28.359999999999999,28.100000000000001,28.16,28.289999999999999,-0.13,-0.4595,1074026.530000000027939,3027616.779999999795108
600030.SH,2026.02.09,28.010000000000001,28.100000000000001,27.879999999999999,28.059999999999998,27.87,0.19,0.6817,970534.349999999976716,2718596.598999999929219
600030.SH,2026.02.10,28.059999999999998,28.179999999999999,27.98,28.089999999999999,28.059999999999998,0.03,0.1069,756298.089999999967403,2124582.77600000007078
600030.SH,2026.02.11,28.109999999999999,28.149999999999998,27.949999999999999,28.039999999999999,28.089999999999999,-0.05,-0.178,836659.800000000046566,2346138.810000000055879
600030.SH,2026.02.12,28.030000000000001,28.030000000000001,27.769999999999999,27.87,28.039999999999999,-0.17,-0.6063,957854.150000000023283,2671181.327000000048428
600030.SH,2026.02.13,27.87,28,27.62,27.62,27.87,-0.25,-0.897,1090465.15999999991618,3032551.53899999987334
600030.SH,2026.02.24,27.760000000000001,27.8,27.609999999999999,27.629999999999999,27.62,0.01,0.0362,847928.050000000046566,2346720.145000000018626
600030.SH,2026.02.25,27.64,27.89,27.609999999999999,27.739999999999998,27.629999999999999,0.11,0.3981,1016230.209999999962747,2823641.660999999847263
600030.SH,2026.02.26,27.75,27.780000000000001,27.329999999999998,27.379999999999998,27.739999999999998,-0.36,-1.2978,1326288.520000000018626,3647542.589000000152736
600030.SH,2026.02.27,27.359999999999999,27.489999999999998,27.179999999999999,27.370000000000001,27.379999999999998,-0.01,-0.0365,877587.57999999995809,2400314.700999999884515
