ts_code,trade_date,open,high,low,close,pre_close,change,pct_chg,vol,amount
600276.SH,2023.03.01,43.429999999999999,44.14,43.179999999999999,43.770000000000003,43.5,0.27,0.6207,265212.820000000006984,1160326.141999999992549
600276.SH,2023.03.02,43.490000000000002,43.770000000000003,42.880000000000002,43.189999999999997,43.770000000000003,-0.58,-1.3251,230685.760000000009313,996391.535999999963678
600276.SH,2023.03.03,43.159999999999996,43.979999999999996,43.100000000000001,43.399999999999998,43.189999999999997,0.21,0.4862,190156.119999999995343,828331.822999999974854
600276.SH,2023.03.06,43.5,43.759999999999997,43.079999999999998,43.420000000000001,43.399999999999998,0.02,0.0461,210868.720000000001164,914437.005000000004656
600276.SH,2023.03.07,43.399999999999998,43.799999999999997,42.109999999999999,42.119999999999997,43.420000000000001,-1.3,-2.994,334386.820000000006984,1427706.841999999945983
600276.SH,2023.03.08,42.109999999999999,42.329999999999998,41.590000000000003,41.96,42.119999999999997,-0.16,-0.3799,270510.280000000027939,1132653.787000000011175
600276.SH,2023.03.09,41.929999999999999,42.229999999999996,41.700000000000002,41.729999999999996,41.96,-0.23,-0.5481,176773.880000000004656,741253.793999999994412
600276.SH,2023.03.10,41.359999999999999,42.21,41.329999999999998,41.859999999999999,41.729999999999996,0.13,0.3115,208267.779999999998835,871034.043999999994412
600276.SH,2023.03.13,41.530000000000001,41.899999999999998,41.21,41.420000000000001,41.859999999999999,-0.44,-1.0511,254688.540000000008149,1057253.671000000089406
600276.SH,2023.03.14,41.420000000000001,42.46,41.280000000000001,41.479999999999996,41.420000000000001,0.06,0.1449,331394.739999999990686,1385033.745000000111758
600276.SH,2023.03.15,41.850000000000001,42.270000000000003,41.259999999999997,41.380000000000002,41.479999999999996,-0.1,-0.2411,212095.70999999999185,883570.353000000002793
600276.SH,2023.03.16,41.149999999999998,41.950000000000002,41.060000000000002,41.189999999999997,41.380000000000002,-0.19,-0.4592,184247.649999999994179,764647.466000000014901
600276.SH,2023.03.17,41.549999999999997,41.789999999999999,40.700000000000002,40.82,41.189999999999997,-0.37,-0.8983,387715.549999999988358,1594954.442999999970197
600276.SH,2023.03.20,40.880000000000002,41.090000000000003,40.090000000000003,40.399999999999998,40.82,-0.42,-1.0289,335133.179999999993015,1356733.044999999925494
600276.SH,2023.03.21,40.350000000000001,41.780000000000001,40.350000000000001,41.600000000000001,40.399999999999998,1.2,2.9703,333896.630000000004656,1381649.367000000085681
600276.SH,2023.03.22,41.609999999999999,42.759999999999997,41.609999999999999,42.630000000000002,41.600000000000001,1.03,2.476,331144.239999999990686,1400488.361000000033527
600276.SH,2023.03.23,42.590000000000003,42.96,42.289999999999999,42.670000000000001,42.630000000000002,0.04,0.0938,262655.60999999998603,1119244.841999999945983
600276.SH,2023.03.24,42.600000000000001,42.869999999999997,41.630000000000002,41.700000000000002,42.670000000000001,-0.97,-2.2733,259856.410000000003492,1090994.993000000016763
600276.SH,2023.03.27,41.700000000000002,43.299999999999997,40.899999999999998,43.280000000000001,41.700000000000002,1.58,3.789,469300.85999999998603,1997213.195000000065192
600276.SH,2023.03.28,43.090000000000003,43.200000000000002,42.32,43,43.280000000000001,-0.28,-0.647,261611.179999999993015,1120913.318999999901279
600276.SH,2023.03.29,43.350000000000001,43.46,42.780000000000001,43.159999999999996,43,0.16,0.3721,183575.760000000009313,791915.354999999981373
600276.SH,2023.03.30,43.159999999999996,43.25,42.509999999999997,43.009999999999998,43.159999999999996,-0.15,-0.3475,206746.890000000013969,886710.46799999999348
600276.SH,2023.03.31,43.009999999999998,43.439999999999997,42.5,42.82,43.009999999999998,-0.19,-0.4418,220698.489999999990686,946650.491999999969266
600276.SH,2023.04.03,42.649999999999998,43.179999999999999,42.399999999999998,42.560000000000002,42.82,-0.26,-0.6072,244113.60999999998603,1040547.920999999972991
600276.SH,2023.04.04,42.560000000000002,43.159999999999996,42.100000000000001,43.149999999999998,42.560000000000002,0.59,1.3863,338527.190000000002328,1440361.472000000067055
600276.SH,2023.04.06,43.200000000000002,43.25,42.299999999999997,42.780000000000001,43.149999999999998,-0.37,-0.8575,280352.520000000018626,1195281.141000000061467
600276.SH,2023.04.07,42.789999999999999,45.299999999999997,42.789999999999999,45.149999999999998,42.780000000000001,2.37,5.54,670008.520000000018626,2995405.58199999993667
600276.SH,2023.04.10,45.149999999999998,46.689999999999997,44.899999999999998,46.270000000000003,45.149999999999998,1.12,2.4806,662719.650000000023283,3063903.640000000130385
600276.SH,2023.04.11,46.200000000000002,46.659999999999996,45.719999999999998,46.009999999999998,46.270000000000003,-0.26,-0.5619,327026.059999999997671,1506697.777999999932944
600276.SH,2023.04.12,46.100000000000001,47.350000000000001,45.560000000000002,45.630000000000002,46.009999999999998,-0.38,-0.8259,336008.690000000002328,1550776.100000000093132
600276.SH,2023.04.13,45.630000000000002,47.75,45.469999999999998,47.350000000000001,45.630000000000002,1.72,3.7694,646011.43999999994412,3044670.870000000111758
600276.SH,2023.04.14,47.939999999999997,48.630000000000002,47,47.719999999999998,47.350000000000001,0.37,0.7814,604879.520000000018626,2891168.165000000037252
600276.SH,2023.04.17,47.799999999999997,50.299999999999997,47.799999999999997,49.289999999999999,47.719999999999998,1.57,3.29,803311.569999999948777,3968648.862999999895691
600276.SH,2023.04.18,49.299999999999997,49.700000000000002,48.380000000000002,48.929999999999999,49.289999999999999,-0.36,-0.7304,376306.309999999997671,1838343.933999999891966
600276.SH,2023.04.19,48.799999999999997,49.200000000000002,48.409999999999996,48.659999999999996,48.929999999999999,-0.27,-0.5518,267819.789999999979045,1302378.972999999998137
600276.SH,2023.04.20,48.5,48.909999999999996,47.530000000000001,47.799999999999997,48.659999999999996,-0.86,-1.7674,414766.070000000006984,1987866.965000000083819
600276.SH,2023.04.21,47.799999999999997,48.350000000000001,47.32,47.32,47.799999999999997,-0.48,-1.0042,408354.840000000025611,1952335.294999999925494
600276.SH,2023.04.24,47.329999999999998,49.32,47.329999999999998,48.350000000000001,47.32,1.03,2.1767,603104.82999999995809,2925086.23300000000745
600276.SH,2023.04.25,48.350000000000001,48.96,47.280000000000001,47.979999999999996,48.350000000000001,-0.37,-0.7653,438672.080000000016298,2110863.168000000063329
600276.SH,2023.04.26,48,48.770000000000003,47.020000000000003,48.200000000000002,47.979999999999996,0.22,0.4585,360254.799999999988358,1727777.631000000052154
600276.SH,2023.04.27,48.179999999999999,48.75,47.409999999999996,48.200000000000002,48.200000000000002,0,0,400538.330000000016298,1928356.610000000102445
600276.SH,2023.04.28,48.200000000000002,48.950000000000002,47.829999999999998,48.649999999999998,48.200000000000002,0.45,0.9336,282982.960000000020954,1371262.043999999994412
600276.SH,2023.05.04,48.549999999999997,49.899999999999998,48.479999999999996,49.270000000000003,48.649999999999998,0.62,1.2744,432507.080000000016298,2136055.052000000141561
600276.SH,2023.05.05,49.380000000000002,49.479999999999996,47.079999999999998,47.469999999999998,49.270000000000003,-1.8,-3.6533,422608.25,2016143.924000000115484
600276.SH,2023.05.08,47.469999999999998,47.600000000000001,46.07,46.509999999999997,47.469999999999998,-0.96,-2.0223,468052.46999999997206,2173812.802999999839812
600276.SH,2023.05.09,46.39,46.82,45.700000000000002,45.929999999999999,46.509999999999997,-0.58,-1.247,289535.60999999998603,1338169.982000000076368
600276.SH,2023.05.10,46,46.700000000000002,45.649999999999998,46.350000000000001,45.929999999999999,0.42,0.9144,251665.119999999995343,1164998.55600000009872
600276.SH,2023.05.11,46.350000000000001,47.990000000000001,46.21,46.429999999999999,46.350000000000001,0.08,0.1726,286218.140000000013969,1342559.168999999994412
600276.SH,2023.05.12,46.439999999999997,46.869999999999997,45.369999999999997,45.509999999999997,46.429999999999999,-0.92,-1.9815,363767.099999999976716,1664150.283999999985098
600276.SH,2023.05.15,45.509999999999997,47.609999999999999,45.5,47.439999999999997,45.509999999999997,1.93,4.240800000000001,326024.929999999993015,1521748.662999999942257
600276.SH,2023.05.16,49.100000000000001,49.71,48.700000000000002,49.130000000000002,47.439999999999997,1.69,3.5624,588845.709999999962747,2901294.223000000230967
600276.SH,2023.05.17,49.25,49.350000000000001,48.159999999999996,48.5,49.130000000000002,-0.63,-1.2823,271330.919999999983701,1319909.080000000074505
600276.SH,2023.05.18,48.5,48.869999999999997,47.780000000000001,48.020000000000003,48.5,-0.48,-0.9897,229021.660000000003492,1103908.779000000096857
600276.SH,2023.05.19,48.079999999999998,49.75,48.079999999999998,49.130000000000002,48.020000000000003,1.11,2.3115,341092.830000000016298,1678078.976999999955296
600276.SH,2023.05.22,49.179999999999999,50.200000000000002,48.329999999999998,48.700000000000002,49.130000000000002,-0.43,-0.8752,291329.909999999974388,1429543.986999999964609
600276.SH,2023.05.23,48.75,49.899999999999998,48.740000000000002,49.100000000000001,48.700000000000002,0.4,0.8214,328982.599999999976716,1627856.976999999955296
600276.SH,2023.05.24,49.100000000000001,49.179999999999999,47.630000000000002,47.96,49.100000000000001,-1.14,-2.3218,287120.390000000013969,1381356.168000000063329
600276.SH,2023.05.25,47.670000000000001,48.25,47.179999999999999,48.060000000000002,47.96,0.1,0.2085,183705.35000000000582,878653.56499999994412
600276.SH,2023.05.26,47.950000000000002,49.049999999999997,47.89,48.399999999999998,48.060000000000002,0.34,0.7074,174985.950000000011641,849836.85600000002887
600276.SH,2023.05.29,48.450000000000002,49.030000000000001,47.829999999999998,48.299999999999997,48.399999999999998,-0.1,-0.2066,218624.700000000011641,1056765.398000000044703
600276.SH,2023.05.30,48.299999999999997,49.200000000000002,47.299999999999997,48.289999999999999,48.299999999999997,-0.01,-0.0207,347626.599999999976716,1679739.746999999973922
600276.SH,2023.05.31,48.5,48.630000000000002,45.009999999999998,45.549999999999997,48.289999999999999,-2.74,-5.674100000000001,859349.089999999967403,3959239.717999999877065
600276.SH,2023.06.01,45.560000000000002,46.89,45.450000000000002,45.929999999999999,45.549999999999997,0.38,0.8342,458275.909999999974388,2118563.583999999798834
600276.SH,2023.06.02,46.179999999999999,46.840000000000003,45.869999999999997,46.030000000000001,45.929999999999999,0.1,0.2177,286950.309999999997671,1327951.617000000085681
600276.SH,2023.06.05,46.200000000000002,46.899999999999998,46.039999999999999,46.5,46.030000000000001,0.47,1.0211,270911.400000000023283,1259519.912000000011175
600276.SH,2023.06.06,46.539999999999999,47.170000000000001,46.149999999999998,46.310000000000002,46.5,-0.19,-0.4086,267819.979999999981373,1253088.435999999986961
600276.SH,2023.06.07,46.299999999999997,46.689999999999997,45.350000000000001,45.5,46.310000000000002,-0.81,-1.7491,248217.519999999989522,1135394.747999999905005
600276.SH,2023.06.08,45.5,45.679999999999999,44.850000000000001,45.590000000000003,45.340000000000003,0.25,0.5514,223283.679999999993015,1009002.559000000008381
600276.SH,2023.06.09,45.340000000000003,46.149999999999998,45.109999999999999,45.789999999999999,45.590000000000003,0.2,0.4387,314957.25,1435337.094000000040978
600276.SH,2023.06.12,45.630000000000002,45.630000000000002,43.700000000000002,44.700000000000002,45.789999999999999,-1.09,-2.3804,499494.179999999993015,2227022.805999999865889
600276.SH,2023.06.13,44.609999999999999,45.340000000000003,44.270000000000003,45,44.700000000000002,0.3,0.6711,196179.739999999990686,879416.555000000051222
600276.SH,2023.06.14,45.100000000000001,46.380000000000002,44.82,46,45,1,2.2222,411555.840000000025611,1890579.168999999994412
600276.SH,2023.06.15,46.399999999999998,46.990000000000001,46.039999999999999,46.929999999999999,46,0.93,2.0217,317300.989999999990686,1477897.989000000059604
600276.SH,2023.06.16,46.799999999999997,48.479999999999996,46.700000000000002,47.5,46.929999999999999,0.57,1.2146,380343.659999999974388,1814534.587000000057742
600276.SH,2023.06.19,47.5,47.880000000000002,46.630000000000002,46.880000000000002,47.5,-0.62,-1.3053,218126.809999999997671,1023984.130000000004656
600276.SH,2023.06.20,46.969999999999998,47.490000000000002,46.700000000000002,46.780000000000001,46.880000000000002,-0.1,-0.2133,148967.220000000001164,699886.986000000033527
600276.SH,2023.06.21,46.509999999999997,47.170000000000001,46.399999999999998,46.399999999999998,46.780000000000001,-0.38,-0.8123,170862.60999999998603,798760.48100000002887
600276.SH,2023.06.26,46.280000000000001,47.079999999999998,45.679999999999999,46.359999999999999,46.399999999999998,-0.04,-0.0862,213999.890000000013969,989068.48499999998603
600276.SH,2023.06.27,46.179999999999999,46.799999999999997,45.829999999999998,45.950000000000002,46.359999999999999,-0.41,-0.8844,189783.549999999988358,876672.322000000043772
600276.SH,2023.06.28,46.130000000000002,46.399999999999998,45.71,46.200000000000002,45.950000000000002,0.25,0.5441,215203.190000000002328,992111.162000000011175
600276.SH,2023.06.29,46.149999999999998,47.439999999999997,46.100000000000001,47.049999999999997,46.200000000000002,0.85,1.8398,302949.96999999997206,1423288.084999999962747
600276.SH,2023.06.30,46.899999999999998,48.479999999999996,46.859999999999999,47.899999999999998,47.049999999999997,0.85,1.8066,283561.630000000004656,1360379.378999999957159
600276.SH,2023.07.03,47.920000000000001,47.920000000000001,47.030000000000001,47.359999999999999,47.899999999999998,-0.54,-1.1273,203984.239999999990686,967058.795000000041909
600276.SH,2023.07.04,47.299999999999997,50.5,46.509999999999997,48.850000000000001,47.359999999999999,1.49,3.1461,841570.680000000051222,4123867.419000000227242
600276.SH,2023.07.05,48.850000000000001,49.850000000000001,48.530000000000001,49.189999999999997,48.850000000000001,0.34,0.696,461083.10999999998603,2275614.523000000044703
600276.SH,2023.07.06,49.159999999999996,49.200000000000002,47.89,48.109999999999999,49.189999999999997,-1.08,-2.1956,252248.429999999993015,1219395.80199999990873
600276.SH,2023.07.07,48,48.590000000000003,47.810000000000002,48.39,48.109999999999999,0.28,0.582,172267.790000000008149,831988.640000000013969
600276.SH,2023.07.10,48.380000000000002,48.490000000000002,47.359999999999999,47.609999999999999,48.39,-0.78,-1.6119,216794.25,1034167.998999999952502
600276.SH,2023.07.11,48,48.560000000000002,47.21,48.240000000000002,47.609999999999999,0.63,1.3233,242128.380000000004656,1164154.726000000024214
600276.SH,2023.07.12,48.240000000000002,48.399999999999998,47.549999999999997,47.770000000000003,48.240000000000002,-0.47,-0.9743,146811.10000000000582,703955.312999999965541
600276.SH,2023.07.13,47.939999999999997,48.200000000000002,47.5,48.009999999999998,47.770000000000003,0.24,0.5024,246040.149999999994179,1180018.588999999919906
600276.SH,2023.07.14,47.979999999999996,47.990000000000001,47.5,47.520000000000003,48.009999999999998,-0.49,-1.0206,134610.160000000003492,641622.957000000053085
600276.SH,2023.07.17,47.520000000000003,47.520000000000003,46.729999999999996,47.200000000000002,47.520000000000003,-0.32,-0.6734,213943.589999999996507,1006066.368999999947845
600276.SH,2023.07.18,47.399999999999998,47.850000000000001,47,47.200000000000002,47.200000000000002,0,0,121134.520000000004074,572775.268000000040046
600276.SH,2023.07.19,47,47.369999999999997,46.549999999999997,46.689999999999997,47.200000000000002,-0.51,-1.0805,194150.489999999990686,909126.295999999972991
600276.SH,2023.07.20,46.990000000000001,47.399999999999998,45.869999999999997,45.96,46.689999999999997,-0.73,-1.5635,180988.290000000008149,840875.001999999978579
600276.SH,2023.07.21,46.030000000000001,46.299999999999997,45.649999999999998,45.929999999999999,45.96,-0.03,-0.0653,209765.579999999987194,963680.908000000054016
600276.SH,2023.07.24,45.899999999999998,48,45.89,47.289999999999999,45.929999999999999,1.36,2.961,473988.159999999974388,2245495.18999999994412
600276.SH,2023.07.25,47.75,47.899999999999998,47.130000000000002,47.759999999999997,47.289999999999999,0.47,0.9939,249097.690000000002328,1185933.141000000061467
600276.SH,2023.07.26,47.770000000000003,48.159999999999996,47.549999999999997,48.079999999999998,47.759999999999997,0.32,0.67,167788.040000000008149,805101.337999999988824
600276.SH,2023.07.27,48.329999999999998,48.469999999999998,47.799999999999997,48.109999999999999,48.079999999999998,0.03,0.0624,162254.720000000001164,780565.523999999975785
600276.SH,2023.07.28,47.880000000000002,49.200000000000002,47.590000000000003,49.049999999999997,48.109999999999999,0.94,1.9539,377573.400000000023283,1831117.114000000059604
600276.SH,2023.07.31,49.039999999999999,49.329999999999998,44.219999999999998,44.579999999999998,49.049999999999997,-4.47,-9.113099999999999,1359241.68999999994412,6226335.06900000013411
600276.SH,2023.08.01,44.310000000000002,44.310000000000002,42.299999999999997,43.380000000000002,44.579999999999998,-1.2,-2.6918,1344001.310000000055879,5837540.230000000447034
600276.SH,2023.08.02,43.25,43.990000000000001,42.060000000000002,42.280000000000001,43.380000000000002,-1.1,-2.5357,934818.630000000004656,4002903.506000000052154
600276.SH,2023.08.03,41.850000000000001,42.89,41.179999999999999,42.270000000000003,42.280000000000001,-0.01,-0.0237,791887.959999999962747,3340548.135999999940395
600276.SH,2023.08.04,42.549999999999997,42.670000000000001,41,41.07,42.270000000000003,-1.2,-2.8389,1064608.870000000111758,4420471.053999999538064
600276.SH,2023.08.07,40.659999999999996,40.659999999999996,38.560000000000002,39.130000000000002,41.07,-1.94,-4.723600000000001,1347893.100000000093132,5280883.459999999962747
600276.SH,2023.08.08,38.600000000000001,40.689999999999997,38.579999999999998,40.14,39.130000000000002,1.01,2.5811,974176.959999999962747,3876529.259000000078231
600276.SH,2023.08.09,39.899999999999998,40.670000000000001,39.799999999999997,40.21,40.14,0.07,0.1744,573863.280000000027939,2309143.089999999850988
600276.SH,2023.08.10,40.21,40.380000000000002,39.600000000000001,39.899999999999998,40.21,-0.31,-0.771,355952.510000000009313,1420732.10800000000745
600276.SH,2023.08.11,39.96,40.229999999999996,39.200000000000002,39.200000000000002,39.899999999999998,-0.7,-1.7544,337897.760000000009313,1337250.935000000055879
600276.SH,2023.08.14,38.829999999999998,40.789999999999999,38.799999999999997,40.619999999999997,39.200000000000002,1.42,3.6224,602789.810000000055879,2413358.862999999895691
600276.SH,2023.08.15,40.609999999999999,41.100000000000001,39.979999999999996,40.5,40.619999999999997,-0.12,-0.2954,426582.210000000020954,1726457.703999999910593
600276.SH,2023.08.16,40.39,41.909999999999996,40.25,41.009999999999998,40.5,0.51,1.2593,630408.949999999953433,2598200.518000000156462
600276.SH,2023.08.17,40.719999999999998,40.859999999999999,40.100000000000001,40.57,41.009999999999998,-0.44,-1.0729,395599.039999999979045,1599099.727999999886378
600276.SH,2023.08.18,40.5,40.579999999999998,39.799999999999997,39.950000000000002,40.57,-0.62,-1.5282,261862.079999999987194,1051772.611000000033527
600276.SH,2023.08.21,37.96,39.329999999999998,37.100000000000001,38.799999999999997,39.950000000000002,-1.15,-2.8786,607920.5,2340167.373000000137835
600276.SH,2023.08.22,39.149999999999998,39.399999999999998,38.329999999999998,39.149999999999998,38.799999999999997,0.35,0.9021,435385.590000000025611,1693144.200999999884516
600276.SH,2023.08.23,39.100000000000001,39.310000000000002,38.679999999999999,38.700000000000002,39.149999999999998,-0.45,-1.1494,258170.579999999987194,1006532.646999999997206
600276.SH,2023.08.24,38.71,40.880000000000002,38.399999999999998,40.439999999999997,38.700000000000002,1.74,4.496100000000001,477736.530000000027939,1910733.101999999955296
600276.SH,2023.08.25,40.259999999999997,41.329999999999998,40.159999999999996,40.719999999999998,40.439999999999997,0.28,0.6924,430305.789999999979045,1756092.212000000057741
600276.SH,2023.08.28,42.990000000000001,43.350000000000001,41.520000000000003,41.920000000000001,40.719999999999998,1.2,2.947,722101.770000000018626,3043511.379999999888241
600276.SH,2023.08.29,41.909999999999996,42.490000000000002,41.600000000000001,42.25,41.920000000000001,0.33,0.7872,376996.849999999976716,1588977.335999999893829
600276.SH,2023.08.30,42.5,42.5,42,42.149999999999998,42.25,-0.1,-0.2367,253503.809999999997671,1070521.273999999975785
600276.SH,2023.08.31,42.149999999999998,42.240000000000002,41.700000000000002,41.780000000000001,42.149999999999998,-0.37,-0.8778,259632.640000000013969,1088210.68100000009872
600276.SH,2023.09.01,41.850000000000001,42.020000000000003,41.429999999999999,41.530000000000001,41.780000000000001,-0.25,-0.5984,165313.029999999998835,688552.631999999983236
600276.SH,2023.09.04,41.929999999999999,41.969999999999998,41.100000000000001,41.200000000000002,41.530000000000001,-0.33,-0.7946,324688.080000000016298,1341074.605999999912455
600276.SH,2023.09.05,41.21,41.579999999999998,41.090000000000003,41.21,41.200000000000002,0.01,0.0243,202444.279999999998835,837077.292000000015832
600276.SH,2023.09.06,41.009999999999998,41.189999999999997,40.600000000000001,40.729999999999996,41.21,-0.48,-1.1648,211816.10999999998603,864434.722999999998137
600276.SH,2023.09.07,40.880000000000002,40.880000000000002,39.929999999999999,40.289999999999999,40.729999999999996,-0.44,-1.0803,286649.429999999993015,1152145.075999999884516
600276.SH,2023.09.08,40.25,40.609999999999999,40,40.579999999999998,40.289999999999999,0.29,0.7198,178496.589999999996507,720117.158999999985098
600276.SH,2023.09.11,40.75,43.159999999999996,40.75,43,40.579999999999998,2.42,5.9635,757357.060000000055879,3231973.811000000219792
600276.SH,2023.09.12,42.810000000000002,43.179999999999999,42.679999999999999,42.909999999999996,43,-0.09,-0.2093,262042.549999999988358,1124850.924000000115484
600276.SH,2023.09.13,42.850000000000001,43.079999999999998,42.009999999999998,42.200000000000002,42.909999999999996,-0.71,-1.6546,223141.290000000008149,946141.604000000050291
600276.SH,2023.09.14,42.329999999999998,42.789999999999999,42.049999999999997,42.590000000000003,42.200000000000002,0.39,0.9242,230088.519999999989522,977473.280000000027939
600276.SH,2023.09.15,42.700000000000002,43.950000000000002,42.350000000000001,43.600000000000001,42.590000000000003,1.01,2.3714,669590.640000000013969,2917106.850000000093132
600276.SH,2023.09.18,43.609999999999999,44.950000000000002,43.590000000000003,44.359999999999999,43.600000000000001,0.76,1.7431,478973.729999999981373,2129867.02600000007078
600276.SH,2023.09.19,44.359999999999999,44.82,44.090000000000003,44.630000000000002,44.359999999999999,0.27,0.6087,257265.85000000000582,1144955.600000000093132
600276.SH,2023.09.20,44.5,44.600000000000001,43.880000000000002,44.350000000000001,44.630000000000002,-0.28,-0.6274,218103.679999999993015,964374.253999999957159
600276.SH,2023.09.21,44.350000000000001,44.39,43.780000000000001,43.89,44.350000000000001,-0.46,-1.0372,192237.920000000012805,845940.881000000052154
600276.SH,2023.09.22,43.969999999999998,44.14,43.399999999999998,44.060000000000002,43.89,0.17,0.3873,282408.35999999998603,1236954.485000000102445
600276.SH,2023.09.25,44.100000000000001,45.049999999999997,43.71,44.850000000000001,44.060000000000002,0.79,1.793,407403.390000000013969,1820689.408000000054016
600276.SH,2023.09.26,44.799999999999997,45.079999999999998,44.149999999999998,44.700000000000002,44.850000000000001,-0.15,-0.3344,273017.919999999983701,1216854.601999999955296
600276.SH,2023.09.27,44.679999999999999,45.679999999999999,44.649999999999998,45.310000000000002,44.700000000000002,0.61,1.3647,357243.349999999976716,1617557.67699999990873
600276.SH,2023.09.28,45.549999999999997,45.880000000000002,44.759999999999997,44.939999999999997,45.310000000000002,-0.37,-0.8166,251307.450000000011641,1135092.320999999996274
600276.SH,2023.10.09,44.89,45.200000000000002,44.119999999999997,44.759999999999997,44.939999999999997,-0.18,-0.4005,331422.479999999981373,1475154.935999999986961
600276.SH,2023.10.10,44.920000000000001,44.990000000000001,44.280000000000001,44.369999999999997,44.759999999999997,-0.39,-0.8713,166018.619999999995343,740031.440999999991618
600276.SH,2023.10.11,44.700000000000002,45.57,44.700000000000002,45.049999999999997,44.369999999999997,0.68,1.5326,329577.190000000002328,1488505.888999999966472
600276.SH,2023.10.12,45.600000000000001,45.649999999999998,44.700000000000002,44.950000000000002,45.049999999999997,-0.1,-0.222,244607.769999999989522,1099547.112999999895691
600276.SH,2023.10.13,44.579999999999998,45.119999999999997,44.369999999999997,44.649999999999998,44.950000000000002,-0.3,-0.6674,187513.25,837370.915999999968334
600276.SH,2023.10.16,44.82,45.119999999999997,44.100000000000001,44.229999999999996,44.649999999999998,-0.42,-0.9406,214400.140000000013969,953935.320999999996274
600276.SH,2023.10.17,44.229999999999996,44.530000000000001,43.600000000000001,44.469999999999998,44.229999999999996,0.24,0.5426,214292.570000000006984,943523.854999999981373
600276.SH,2023.10.18,44.479999999999996,44.490000000000002,43.759999999999997,43.82,44.469999999999998,-0.65,-1.4617,157010.70999999999185,690070.187999999965541
600276.SH,2023.10.19,43.659999999999996,44.079999999999998,43.200000000000002,43.409999999999996,43.82,-0.41,-0.9356,262746.5,1145345.845999999903142
600276.SH,2023.10.20,43.119999999999997,43.5,42.549999999999997,42.719999999999998,43.409999999999996,-0.69,-1.5895,303034.330000000016298,1296586.797000000020489
600276.SH,2023.10.23,42.729999999999996,43.359999999999999,42.329999999999998,43.07,42.719999999999998,0.35,0.8193,224631.989999999990686,964201.611000000033527
600276.SH,2023.10.24,43.060000000000002,43.5,42.609999999999999,43.229999999999996,43.07,0.16,0.3715,260856.070000000006984,1124684.898000000044703
600276.SH,2023.10.25,43.689999999999997,43.869999999999997,43.060000000000002,43.170000000000001,43.229999999999996,-0.06,-0.1388,275145.400000000023283,1192763.486999999964609
600276.SH,2023.10.26,43.89,44.850000000000001,43.450000000000002,44.450000000000002,43.170000000000001,1.28,2.965,418091.669999999983701,1856368.719000000040978
600276.SH,2023.10.27,44.259999999999997,45.549999999999997,43.880000000000002,45.399999999999998,44.450000000000002,0.95,2.1372,414072.039999999979045,1862059.5
600276.SH,2023.10.30,45.450000000000002,47,45.200000000000002,46.579999999999998,45.399999999999998,1.18,2.5991,550653.85999999998603,2552988.93999999994412
600276.SH,2023.10.31,48.530000000000001,48.780000000000001,47.229999999999996,47.939999999999997,46.579999999999998,1.36,2.9197,706569.349999999976716,3387726.473999999929219
600276.SH,2023.11.01,47.950000000000002,48.179999999999999,47.289999999999999,47.969999999999998,47.939999999999997,0.03,0.0626,335686.630000000004656,1601908.875
600276.SH,2023.11.02,48.170000000000001,48.200000000000002,47.71,47.899999999999998,47.969999999999998,-0.07,-0.1459,205141.540000000008149,983703.283000000054016
600276.SH,2023.11.03,47.799999999999997,48.100000000000001,47.399999999999998,47.509999999999997,47.899999999999998,-0.39,-0.8142,212838.10999999998603,1015296.077000000048428
600276.SH,2023.11.06,48.490000000000002,48.880000000000002,48.159999999999996,48.329999999999998,47.509999999999997,0.82,1.726,378137.659999999974388,1834312.513999999966472
600276.SH,2023.11.07,48.5,48.810000000000002,48.179999999999999,48.429999999999999,48.329999999999998,0.1,0.2069,261491.970000000001164,1270647.902000000001862
600276.SH,2023.11.08,48.469999999999998,49.740000000000002,48.469999999999998,49.280000000000001,48.429999999999999,0.85,1.7551,318466.190000000002328,1567457.009000000078231
600276.SH,2023.11.09,49.14,49.369999999999997,48.270000000000003,48.380000000000002,49.280000000000001,-0.9,-1.8263,294700.179999999993015,1431770.225000000093132
600276.SH,2023.11.10,48.100000000000001,48.679999999999999,48.030000000000001,48.39,48.380000000000002,0.01,0.0207,186558.429999999993015,902627.141999999992549
600276.SH,2023.11.13,48.509999999999997,48.64,47.060000000000002,47.299999999999997,48.39,-1.09,-2.2525,338641.21999999997206,1606447.219000000040978
600276.SH,2023.11.14,47.369999999999997,47.679999999999999,46.799999999999997,47.039999999999999,47.299999999999997,-0.26,-0.5497,206787.549999999988358,973364.199000000022351
600276.SH,2023.11.15,47.679999999999999,47.979999999999996,47.159999999999996,47.329999999999998,47.039999999999999,0.29,0.6165,156722.040000000008149,743383.344000000040978
600276.SH,2023.11.16,47.030000000000001,47.479999999999996,46.759999999999997,46.799999999999997,47.329999999999998,-0.53,-1.1198,139575.720000000001164,655045.907000000006519
600276.SH,2023.11.17,46.789999999999999,47.329999999999998,46.679999999999999,47.14,46.799999999999997,0.34,0.7265,211799.040000000008149,995487.699000000022351
600276.SH,2023.11.20,47.21,47.979999999999996,46.96,47.490000000000002,47.14,0.35,0.7425,231080.190000000002328,1096914.504999999888241
600276.SH,2023.11.21,47.600000000000001,48.079999999999998,47.310000000000002,47.579999999999998,47.490000000000002,0.09,0.1895,205465.929999999993015,981885.819999999948777
600276.SH,2023.11.22,47.579999999999998,47.670000000000001,47.14,47.14,47.579999999999998,-0.44,-0.9248,126901.970000000001164,600591.030999999959021
600276.SH,2023.11.23,47.149999999999998,47.270000000000003,46.649999999999998,47.170000000000001,47.14,0.03,0.0636,126847.10000000000582,596480.165000000037252
600276.SH,2023.11.24,47.009999999999998,47.21,46.719999999999998,46.929999999999999,47.170000000000001,-0.24,-0.5088,146471.10000000000582,688379.060999999986961
600276.SH,2023.11.27,46.920000000000001,47.100000000000001,46.420000000000001,46.799999999999997,46.929999999999999,-0.13,-0.277,184431.95999999999185,863329.195999999996274
600276.SH,2023.11.28,46.700000000000002,47.5,46.579999999999998,47.5,46.799999999999997,0.7,1.4957,204180.190000000002328,963092.934000000008381
600276.SH,2023.11.29,47.5,47.899999999999998,47.329999999999998,47.670000000000001,47.5,0.17,0.3579,175453.649999999994179,835534.025999999954365
600276.SH,2023.11.30,47.700000000000002,48.079999999999998,47.429999999999999,48.020000000000003,47.670000000000001,0.35,0.7342,215983.329999999987194,1034052.589000000036321
600276.SH,2023.12.01,47.950000000000002,48.130000000000002,45.829999999999998,46.579999999999998,48.020000000000003,-1.44,-2.9988,408166.46999999997206,1904555.695999999996274
600276.SH,2023.12.04,46.560000000000002,46.64,45.5,45.990000000000001,46.579999999999998,-0.59,-1.2666,276861.010000000009313,1277259.196999999927356
600276.SH,2023.12.05,45.829999999999998,46.299999999999997,45.149999999999998,45.25,45.990000000000001,-0.74,-1.609,265791.429999999993015,1213967.601000000024214
600276.SH,2023.12.06,45.219999999999998,46.020000000000003,44.850000000000001,45.409999999999996,45.25,0.16,0.3536,220289.019999999989522,1000552.800999999977648
600276.SH,2023.12.07,45.479999999999996,45.75,44.729999999999996,44.780000000000001,45.409999999999996,-0.63,-1.3874,237437.940000000002328,1069538.351000000024214
600276.SH,2023.12.08,44.770000000000003,45.659999999999996,44.649999999999998,45.590000000000003,44.780000000000001,0.81,1.8088,292412.979999999981373,1326068.364999999990686
600276.SH,2023.12.11,45.369999999999997,46.600000000000001,45.060000000000002,46.530000000000001,45.590000000000003,0.94,2.0619,267694.679999999993015,1225504.46999999997206
600276.SH,2023.12.12,46.530000000000001,46.659999999999996,45.450000000000002,45.799999999999997,46.530000000000001,-0.73,-1.5689,212970.040000000008149,974828.670999999972991
600276.SH,2023.12.13,45.539999999999999,46.090000000000003,45.520000000000003,45.619999999999997,45.799999999999997,-0.18,-0.393,186764.470000000001164,856154.192000000039115
600276.SH,2023.12.14,46.079999999999998,46.189999999999997,45.57,45.729999999999996,45.619999999999997,0.11,0.2411,194061.170000000012805,890571.699999999953433
600276.SH,2023.12.15,45.75,45.840000000000003,44.450000000000002,44.659999999999996,45.729999999999996,-1.07,-2.3398,259065.70999999999185,1163993.226999999955296
600276.SH,2023.12.18,44.590000000000003,45.780000000000001,44.179999999999999,45.490000000000002,44.659999999999996,0.83,1.8585,244785.619999999995343,1110849.272000000113621
600276.SH,2023.12.19,45.409999999999996,45.439999999999997,44.21,44.780000000000001,45.490000000000002,-0.71,-1.5608,214346.760000000009313,958138.755000000004656
600276.SH,2023.12.20,44.700000000000002,45.179999999999999,44.189999999999997,44.229999999999996,44.780000000000001,-0.55,-1.2282,189820.630000000004656,846390.82799999997951
600276.SH,2023.12.21,44.179999999999999,44.630000000000002,44.049999999999997,44.490000000000002,44.229999999999996,0.26,0.5878,188352.119999999995343,835984.121999999973922
600276.SH,2023.12.22,44.479999999999996,44.57,43.509999999999997,44.009999999999998,44.490000000000002,-0.48,-1.0789,242358.230000000010477,1067834.266000000061467
600276.SH,2023.12.25,44.009999999999998,44.549999999999997,43.899999999999998,44,44.009999999999998,-0.01,-0.0227,133611.5,590059.430999999982304
600276.SH,2023.12.26,44,44.07,43.299999999999997,43.979999999999996,44,-0.02,-0.0455,150553.929999999993015,657505.417999999946914
600276.SH,2023.12.27,43.899999999999998,44.21,43.359999999999999,44.090000000000003,43.979999999999996,0.11,0.2501,216014.899999999994179,947551.025000000023283
600276.SH,2023.12.28,44.100000000000001,44.850000000000001,43.929999999999999,44.75,44.090000000000003,0.66,1.4969,307634.46999999997206,1370257.485000000102445
600276.SH,2023.12.29,44.880000000000002,45.399999999999998,44.649999999999998,45.229999999999996,44.75,0.48,1.0726,242380.45999999999185,1094134.425000000046566
600276.SH,2024.01.02,45.240000000000002,45.439999999999997,44.359999999999999,44.469999999999998,45.229999999999996,-0.76,-1.6803,182607.970000000001164,815829.089000000036321
600276.SH,2024.01.03,44.21,44.880000000000002,44.049999999999997,44.229999999999996,44.469999999999998,-0.24,-0.5397,146693.790000000008149,651690.508000000030733
600276.SH,2024.01.04,44.299999999999997,44.340000000000003,42.880000000000002,43.789999999999999,44.229999999999996,-0.44,-0.9948,339045.429999999993015,1468337.357000000076368
600276.SH,2024.01.05,43.310000000000002,43.5,41.280000000000001,41.950000000000002,43.789999999999999,-1.84,-4.201900000000001,495226.869999999995343,2085701.637000000104308
600276.SH,2024.01.08,41.799999999999997,41.799999999999997,41,41.109999999999999,41.950000000000002,-0.84,-2.0024,300091.119999999995343,1238699.558999999891966
600276.SH,2024.01.09,41.149999999999998,41.560000000000002,40.880000000000002,41.200000000000002,41.109999999999999,0.09,0.2189,211749.329999999987194,872816.753999999957159
600276.SH,2024.01.10,41.200000000000002,41.990000000000001,40.770000000000003,41.5,41.200000000000002,0.3,0.7282,206745.829999999987194,860280.444999999948777
600276.SH,2024.01.11,41.509999999999997,41.850000000000001,41.179999999999999,41.479999999999996,41.5,-0.02,-0.0482,189719.940000000002328,788171.079000000027008
600276.SH,2024.01.12,41.21,41.600000000000001,40.920000000000001,41.100000000000001,41.479999999999996,-0.38,-0.9161,132701.35000000000582,548157.56499999994412
600276.SH,2024.01.15,40.700000000000002,41.899999999999998,40.679999999999999,41.509999999999997,41.100000000000001,0.41,0.9976,148934.95999999999185,617603.018000000040046
600276.SH,2024.01.16,41.200000000000002,41.649999999999998,40.799999999999997,41.409999999999996,41.509999999999997,-0.1,-0.2409,186577.089999999996507,768555.373999999952502
600276.SH,2024.01.17,41.130000000000002,41.289999999999999,40.109999999999999,40.109999999999999,41.409999999999996,-1.3,-3.1393,240232.170000000012805,974124.256999999983236
600276.SH,2024.01.18,40,41.399999999999998,39.469999999999998,41.289999999999999,40.109999999999999,1.18,2.9419,387164.599999999976716,1559153.303000000072643
600276.SH,2024.01.19,41.090000000000003,41.600000000000001,40.810000000000002,41.409999999999996,41.289999999999999,0.12,0.2906,317394.890000000013969,1309874.297000000020489
600276.SH,2024.01.22,41.399999999999998,41.700000000000002,40.130000000000002,40.780000000000001,41.409999999999996,-0.63,-1.5214,349377.450000000011641,1430463.188000000081956
600276.SH,2024.01.23,40.679999999999999,40.920000000000001,40.229999999999996,40.299999999999997,40.780000000000001,-0.48,-1.177,208862.140000000013969,846394.265000000013969
600276.SH,2024.01.24,40.679999999999999,40.729999999999996,39.5,40.520000000000003,40.299999999999997,0.22,0.5459,250042.070000000006984,1001342.748999999952502
600276.SH,2024.01.25,40.840000000000003,41.200000000000002,40.049999999999997,41.200000000000002,40.520000000000003,0.68,1.6782,278911.630000000004656,1134726.99600000004284
600276.SH,2024.01.26,40.899999999999998,41.219999999999998,40.009999999999998,40.299999999999997,41.200000000000002,-0.9,-2.1845,302799.539999999979045,1230888.85800000000745
600276.SH,2024.01.29,40.25,40.549999999999997,39.030000000000001,39.25,40.299999999999997,-1.05,-2.6055,281051,1112608.51300000003539
600276.SH,2024.01.30,39.219999999999998,39.439999999999997,38.560000000000002,38.689999999999997,39.25,-0.56,-1.4268,233013,905581.935000000055879
600276.SH,2024.01.31,38.399999999999998,38.600000000000001,37.219999999999998,37.450000000000002,38.689999999999997,-1.24,-3.205,380597.049999999988358,1433750.351000000024214
600276.SH,2024.02.01,37.200000000000002,38.060000000000002,36.880000000000002,37.159999999999996,37.450000000000002,-0.29,-0.7744,300234.599999999976716,1122310.503999999957159
600276.SH,2024.02.02,37.219999999999998,37.670000000000001,35.509999999999997,35.950000000000002,37.159999999999996,-1.21,-3.2562,360475.090000000025611,1317464.770999999949708
600276.SH,2024.02.05,35.979999999999996,37.96,35.789999999999999,37.399999999999998,35.950000000000002,1.45,4.033400000000001,497938.599999999976716,1835851.263999999966472
600276.SH,2024.02.06,37.399999999999998,41.049999999999997,37.200000000000002,41,37.399999999999998,3.6,9.6257,568194.660000000032596,2272656.933000000193715
600276.SH,2024.02.07,41.25,41.859999999999999,40.509999999999997,41.840000000000003,41,0.84,2.0488,522123.780000000027939,2164428.887999999802559
600276.SH,2024.02.08,41.840000000000003,42.549999999999997,41.179999999999999,41.869999999999997,41.840000000000003,0.03,0.0717,379944.039999999979045,1579175.793000000063329
600276.SH,2024.02.19,41.859999999999999,42.170000000000001,41.049999999999997,41.659999999999996,41.869999999999997,-0.21,-0.5016,253807.899999999994179,1055722.627000000094994
600276.SH,2024.02.20,41.729999999999996,42.229999999999996,41.509999999999997,41.859999999999999,41.659999999999996,0.2,0.4801,212255,889338.538999999989755
600276.SH,2024.02.21,41.880000000000002,42.46,41.450000000000002,42.219999999999998,41.859999999999999,0.36,0.86,299014.700000000011641,1260180.459999999962747
600276.SH,2024.02.22,42,42.539999999999999,41.96,42.429999999999999,42.219999999999998,0.21,0.4974,175300.890000000013969,740956.883000000030733
600276.SH,2024.02.23,42.429999999999999,42.859999999999999,41.880000000000002,42.39,42.429999999999999,-0.04,-0.0943,229506.410000000003492,971812.476000000024214
600276.SH,2024.02.26,42.21,42.490000000000002,41.799999999999997,42.079999999999998,42.39,-0.31,-0.7313,188782.339999999996507,796444.427999999956227
600276.SH,2024.02.27,42.100000000000001,42.329999999999998,41.840000000000003,42.270000000000003,42.079999999999998,0.19,0.4515,176161.190000000002328,740889.141999999992549
600276.SH,2024.02.28,42.469999999999998,43.590000000000003,42.229999999999996,42.229999999999996,42.270000000000003,-0.04,-0.0946,340117.849999999976716,1458671.568999999901279
600276.SH,2024.02.29,42.219999999999998,42.850000000000001,42.100000000000001,42.64,42.229999999999996,0.41,0.9709,253408.410000000003492,1076844.665999999968335
600276.SH,2024.03.28,45.909999999999996,46.859999999999999,45.539999999999999,46.21,45.909999999999996,0.3,0.6535,214019.470000000001164,993801.317999999970197
600276.SH,2024.03.29,46.21,46.369999999999997,45.399999999999998,45.969999999999998,46.21,-0.24,-0.5194,187037.570000000006984,857879.351000000024214
600276.SH,2024.03.01,42.64,42.920000000000001,42.100000000000001,42.520000000000003,42.64,-0.12,-0.2814,215636.989999999990686,916978.866000000038184
600276.SH,2024.03.04,42.520000000000003,43.979999999999996,42.46,43.899999999999998,42.520000000000003,1.38,3.2455,376568.119999999995343,1640672.141999999992549
600276.SH,2024.03.05,43.899999999999998,44.700000000000002,43.619999999999997,44.560000000000002,43.899999999999998,0.66,1.5034,371200.35999999998603,1643167.915000000037252
600276.SH,2024.03.06,44.649999999999998,44.899999999999998,43.700000000000002,43.96,44.560000000000002,-0.6,-1.3465,216990.75,957081.99800000002142
600276.SH,2024.03.07,43.899999999999998,43.96,41.600000000000001,41.950000000000002,43.96,-2.01,-4.572300000000001,457432.630000000004656,1939466.492000000085681
600276.SH,2024.03.08,41.939999999999997,42.700000000000002,41.619999999999997,41.89,41.950000000000002,-0.06,-0.143,277417.880000000004656,1164468.604000000050291
600276.SH,2024.03.11,41.899999999999998,43.700000000000002,41.679999999999999,43.600000000000001,41.89,1.71,4.0821,325467.460000000020954,1400965.850000000093132
600276.SH,2024.03.12,43.71,45.289999999999999,43.200000000000002,44.929999999999999,43.600000000000001,1.33,3.0505,431409.71999999997206,1921884.773000000044703
600276.SH,2024.03.13,45,45.030000000000001,44.159999999999996,44.679999999999999,44.929999999999999,-0.25,-0.5564,207494.809999999997671,924209.601999999955296
600276.SH,2024.03.14,49,49.149999999999998,46.509999999999997,47.030000000000001,44.679999999999999,2.35,5.2596,1099244.760000000009313,5248912.838000000454485
600276.SH,2024.03.15,46.979999999999996,47.950000000000002,46.5,47.130000000000002,47.030000000000001,0.1,0.2126,438579.390000000013969,2069250.03499999991618
600276.SH,2024.03.18,47,47.679999999999999,46.450000000000002,47.280000000000001,47.130000000000002,0.15,0.3183,297914.309999999997671,1406103.941000000108033
600276.SH,2024.03.19,46.909999999999996,47.329999999999998,45.899999999999998,45.969999999999998,47.280000000000001,-1.31,-2.7707,272047.909999999974388,1262475.448000000091269
600276.SH,2024.03.20,45.659999999999996,45.909999999999996,45.310000000000002,45.630000000000002,45.969999999999998,-0.34,-0.7396,225014.10000000000582,1025230.381999999983236
600276.SH,2024.03.21,45.850000000000001,46.07,45.450000000000002,45.630000000000002,45.630000000000002,0,0,183357.059999999997671,839240.724000000045634
600276.SH,2024.03.22,45.539999999999999,46,45.100000000000001,45.929999999999999,45.630000000000002,0.3,0.6575,242254.20999999999185,1103378.347999999998137
600276.SH,2024.03.25,45.950000000000002,46.82,45.810000000000002,46.159999999999996,45.929999999999999,0.23,0.5008,232619.529999999998835,1078638.223999999929219
600276.SH,2024.03.26,46.100000000000001,46.590000000000003,45.869999999999997,46.270000000000003,46.159999999999996,0.11,0.2383,200060.730000000010477,925152.06499999994412
600276.SH,2024.03.27,46.200000000000002,46.350000000000001,45.700000000000002,45.909999999999996,46.270000000000003,-0.36,-0.778,155668.130000000004656,716342.07799999997951
600276.SH,2024.04.01,45.979999999999996,46.799999999999997,45.979999999999996,46.32,45.969999999999998,0.35,0.7614,202224.35000000000582,937070.923999999999068
600276.SH,2024.04.02,46.200000000000002,46.689999999999997,45.060000000000002,45.46,46.32,-0.86,-1.8566,224903.089999999996507,1024255.824000000022351
600276.SH,2024.04.03,45.100000000000001,45.329999999999998,44.520000000000003,44.759999999999997,45.46,-0.7,-1.5398,236904.200000000011641,1064081.571999999927356
600276.SH,2024.04.08,44.799999999999997,45.869999999999997,44.799999999999997,45.399999999999998,44.759999999999997,0.64,1.4298,236267.910000000003492,1071343.513999999966472
600276.SH,2024.04.09,45.399999999999998,45.630000000000002,44.280000000000001,45.539999999999999,45.399999999999998,0.14,0.3084,215272.35000000000582,967808.523000000044703
600276.SH,2024.04.10,45.539999999999999,45.979999999999996,44.899999999999998,45.450000000000002,45.539999999999999,-0.09,-0.1976,163530.619999999995343,744122.726999999955296
600276.SH,2024.04.11,45.049999999999997,45.490000000000002,44.630000000000002,44.939999999999997,45.450000000000002,-0.51,-1.1221,186091.519999999989522,837102.506999999983236
600276.SH,2024.04.12,44.799999999999997,45.350000000000001,43.950000000000002,44.090000000000003,44.939999999999997,-0.85,-1.8914,222119.019999999989522,987099.187000000034458
600276.SH,2024.04.15,44.14,45.149999999999998,44.090000000000003,44.560000000000002,44.090000000000003,0.47,1.066,220277.679999999993015,984050.771999999997206
600276.SH,2024.04.16,44.329999999999998,44.649999999999998,43.789999999999999,44.259999999999997,44.560000000000002,-0.3,-0.6732,233857.20999999999185,1033684.46999999997206
600276.SH,2024.04.17,44.350000000000001,44.780000000000001,43.840000000000003,44.39,44.259999999999997,0.13,0.2937,232756,1032367.344000000040978
600276.SH,2024.04.18,45.200000000000002,45.5,42.200000000000002,42.350000000000001,44.39,-2.04,-4.595600000000001,590167.739999999990686,2541878.65100000007078
600276.SH,2024.04.19,42,42.340000000000003,41.219999999999998,41.679999999999999,42.350000000000001,-0.67,-1.5821,384254.599999999976716,1601560.703999999910593
600276.SH,2024.04.22,41.990000000000001,42.170000000000001,41.46,41.859999999999999,41.679999999999999,0.18,0.4319,278064.450000000011641,1163954.98300000000745
600276.SH,2024.04.23,41.859999999999999,44.270000000000003,41.799999999999997,44.07,41.859999999999999,2.21,5.2795,493661.099999999976716,2134259.117000000085681
600276.SH,2024.04.24,43.96,44.200000000000002,43.399999999999998,43.700000000000002,44.07,-0.37,-0.8396,216251.980000000010477,946244.236000000033527
600276.SH,2024.04.25,43.700000000000002,44.969999999999998,43.5,44.299999999999997,43.700000000000002,0.6,1.373,244691.029999999998835,1085861.364000000059604
600276.SH,2024.04.26,44.200000000000002,45.789999999999999,44.170000000000001,45.609999999999999,44.299999999999997,1.31,2.9571,342782.619999999995343,1550025.297000000020489
600276.SH,2024.04.29,45.600000000000001,46.859999999999999,45.530000000000001,46.179999999999999,45.609999999999999,0.57,1.2497,342795.669999999983701,1586424.722000000067055
600276.SH,2024.04.30,46.39,46.850000000000001,45.850000000000001,46.159999999999996,46.179999999999999,-0.02,-0.0433,192502.429999999993015,893082.209999999962747
600276.SH,2024.05.06,46.929999999999999,47.869999999999997,46.420000000000001,47.159999999999996,46.159999999999996,1,2.1664,325824.229999999981373,1541063.568999999901279
600276.SH,2024.05.07,47.159999999999996,47.5,47.020000000000003,47.229999999999996,47.159999999999996,0.07,0.1484,203779.649999999994179,964125.270000000018626
600276.SH,2024.05.08,47.259999999999997,47.369999999999997,46.25,46.420000000000001,47.229999999999996,-0.81,-1.715,261291.510000000009313,1217234.952000000048428
600276.SH,2024.05.09,46.509999999999997,47.229999999999996,46.310000000000002,46.899999999999998,46.420000000000001,0.48,1.034,175147.230000000010477,820722.434000000008381
600276.SH,2024.05.10,46.789999999999999,47.049999999999997,46.189999999999997,46.479999999999996,46.899999999999998,-0.42,-0.8955,155772.769999999989522,725489.832000000053085
600276.SH,2024.05.13,46.479999999999996,46.780000000000001,45.369999999999997,45.530000000000001,46.479999999999996,-0.95,-2.0439,291756.919999999983701,1338054.191000000108033
600276.SH,2024.05.14,45.530000000000001,45.780000000000001,45.219999999999998,45.329999999999998,45.530000000000001,-0.2,-0.4393,197237.369999999995343,897260.525999999954365
600276.SH,2024.05.15,45.340000000000003,45.420000000000001,44.530000000000001,44.670000000000001,45.329999999999998,-0.66,-1.456,159428.980000000010477,713465.988999999943189
600276.SH,2024.05.16,45,45.109999999999999,44.399999999999998,44.689999999999997,44.670000000000001,0.02,0.0448,234377.079999999987194,1048106.878000000026077
600276.SH,2024.05.17,45.5,46.229999999999996,44.07,44.75,44.689999999999997,0.06,0.1343,376855.489999999990686,1689843.523999999975785
600276.SH,2024.05.20,44.280000000000001,44.789999999999999,43.479999999999996,43.810000000000002,44.75,-0.94,-2.1006,397022.650000000023283,1742797.463999999919906
600276.SH,2024.05.21,43.719999999999998,44.159999999999996,43.420000000000001,43.799999999999997,43.810000000000002,-0.01,-0.0228,244383.25,1071157.250999999931082
600276.SH,2024.05.22,43.899999999999998,43.96,43.399999999999998,43.539999999999999,43.799999999999997,-0.26,-0.5936,252388.470000000001164,1100081.620000000111758
600276.SH,2024.05.23,43.539999999999999,43.590000000000003,42.899999999999998,43.049999999999997,43.539999999999999,-0.49,-1.1254,197024.070000000006984,848668.34499999997206
600276.SH,2024.05.24,43.049999999999997,43.179999999999999,42.380000000000002,42.439999999999997,43.049999999999997,-0.61,-1.417,220383.5,939654.300999999977648
600276.SH,2024.05.27,42.329999999999998,42.899999999999998,41.82,42.700000000000002,42.439999999999997,0.26,0.6126,306781.960000000020954,1300950.779000000096857
600276.SH,2024.05.28,42.700000000000002,43.590000000000003,42.359999999999999,43.270000000000003,42.700000000000002,0.57,1.3349,374278.809999999997671,1616893.172000000020489
600276.SH,2024.05.29,43.25,43.479999999999996,42.950000000000002,43.020000000000003,43.270000000000003,-0.25,-0.5778,166766.75,719612.072999999974854
600276.SH,2024.05.30,43.049999999999997,43.240000000000002,42.539999999999999,42.880000000000002,43.020000000000003,-0.14,-0.3254,132477.10999999998603,567669.925999999977648
600276.SH,2024.05.31,43.399999999999998,43.590000000000003,42.359999999999999,42.359999999999999,42.880000000000002,-0.52,-1.2127,228650.660000000003492,980570.413999999989755
600276.SH,2024.06.03,42.219999999999998,42.689999999999997,42.07,42.5,42.359999999999999,0.14,0.3305,187800.929999999993015,796785.130000000004656
600276.SH,2024.06.04,42.450000000000002,44,42.359999999999999,43.829999999999998,42.5,1.33,3.1294,358138.900000000023283,1561008.549000000115484
600276.SH,2024.06.05,43.829999999999998,44.299999999999997,43.689999999999997,43.920000000000001,43.829999999999998,0.09,0.2053,180675.769999999989522,794605.429000000003725
600276.SH,2024.06.06,43.649999999999998,44.100000000000001,42.799999999999997,42.909999999999996,43.920000000000001,-1.01,-2.2996,225868.529999999998835,978566.366999999969266
600276.SH,2024.06.07,42.990000000000001,43.259999999999997,42.149999999999998,42.149999999999998,42.909999999999996,-0.76,-1.7711,238547.35000000000582,1013241.224999999976716
600276.SH,2024.06.11,42,42.810000000000002,41.700000000000002,42.719999999999998,42.149999999999998,0.57,1.3523,251121.410000000003492,1062111.845999999903142
600276.SH,2024.06.12,42.729999999999996,42.729999999999996,41.909999999999996,42.100000000000001,42.719999999999998,-0.62,-1.4513,218505.450000000011641,922178.802000000025145
600276.SH,2024.06.13,42.100000000000001,42.429999999999999,41.530000000000001,42.060000000000002,42.100000000000001,-0.04,-0.095,207298.20999999999185,872698.849999999976716
600276.SH,2024.06.14,41.899999999999998,42.100000000000001,41.079999999999998,41.899999999999998,42.060000000000002,-0.16,-0.3804,415372.400000000023283,1729630.308999999891966
600276.SH,2024.06.17,41.600000000000001,42.700000000000002,41.590000000000003,42.530000000000001,41.899999999999998,0.63,1.5036,241981.119999999995343,1024367.305999999982304
600276.SH,2024.06.18,42.5,42.71,41.810000000000002,41.969999999999998,42.530000000000001,-0.56,-1.3167,203923.339999999996507,860147.199999999953433
600276.SH,2024.06.19,42,42.259999999999997,41.21,41.359999999999999,41.969999999999998,-0.61,-1.4534,201011.279999999998835,836081.464999999967403
600276.SH,2024.06.20,41.340000000000003,41.770000000000003,40.579999999999998,40.600000000000001,41.359999999999999,-0.76,-1.8375,247827.399999999994179,1013799.895000000018626
600276.SH,2024.06.21,40.700000000000002,40.799999999999997,39.770000000000003,40.039999999999999,40.600000000000001,-0.56,-1.3793,364553.010000000009313,1459102.929000000003725
600276.SH,2024.06.24,40,40.64,39.539999999999999,40.289999999999999,40.039999999999999,0.25,0.6244,278930.440000000002328,1123508.475000000093132
600276.SH,2024.06.25,40.509999999999997,40.579999999999998,39.450000000000002,39.700000000000002,40.289999999999999,-0.59,-1.4644,224589.549999999988358,895023.381999999983236
600276.SH,2024.06.26,39.689999999999997,40.039999999999999,39.429999999999999,39.899999999999998,39.700000000000002,0.2,0.5038,223235.230000000010477,887607.506000000052154
600276.SH,2024.06.27,39.850000000000001,39.850000000000001,39,39.240000000000002,39.899999999999998,-0.66,-1.6541,271837.729999999981373,1064851.487999999895691
600276.SH,2024.06.28,39.200000000000002,39.439999999999997,38.329999999999998,38.46,39.240000000000002,-0.78,-1.9878,309257.979999999981373,1199640.450999999884515
600276.SH,2024.07.01,38.450000000000002,38.469999999999998,37.799999999999997,38.270000000000003,38.46,-0.19,-0.494,238909.130000000004656,911326.444000000017695
600276.SH,2024.07.02,38.229999999999996,38.25,37.240000000000002,37.469999999999998,38.270000000000003,-0.8,-2.0904,310846.950000000011641,1168354.20699999993667
600276.SH,2024.07.03,37.600000000000001,39.600000000000001,37.329999999999998,38.670000000000001,37.469999999999998,1.2,3.2026,552759.479999999981373,2137708.979999999981373
600276.SH,2024.07.04,38.670000000000001,39.450000000000002,38.329999999999998,38.450000000000002,38.670000000000001,-0.22,-0.5689,289257.330000000016298,1120476.864999999990686
600276.SH,2024.07.05,38.46,40.299999999999997,38.100000000000001,40.030000000000001,38.450000000000002,1.58,4.109200000000001,493652.710000000020954,1942122.105999999912455
600276.SH,2024.07.08,39.200000000000002,40.100000000000001,38.439999999999997,39.21,40.030000000000001,-0.82,-2.0485,499868.200000000011641,1964892.357000000076368
600276.SH,2024.07.09,39.119999999999997,39.479999999999996,38.009999999999998,38.990000000000001,39.21,-0.22,-0.5611,401062.619999999995343,1555216.746999999973922
600276.SH,2024.07.10,39,39.789999999999999,38.880000000000002,39.409999999999996,38.990000000000001,0.42,1.0772,202323.040000000008149,796385.785000000032596
600276.SH,2024.07.11,39.789999999999999,41.14,39.299999999999997,40.600000000000001,39.409999999999996,1.19,3.0195,379802,1538773.533999999985098
600276.SH,2024.07.12,40.840000000000003,41.5,40.479999999999996,41.270000000000003,40.399999999999998,0.87,2.1535,315010.130000000004656,1296947.585999999893829
600276.SH,2024.07.15,41,41.289999999999999,40.46,40.780000000000001,41.270000000000003,-0.49,-1.1873,207109.579999999987194,845176.103000000002793
600276.SH,2024.07.16,40.649999999999998,41.060000000000002,40.420000000000001,40.950000000000002,40.780000000000001,0.17,0.4169,226268.019999999989522,924082.557999999960884
600276.SH,2024.07.17,40.579999999999998,42.149999999999998,40.5,41.740000000000002,40.950000000000002,0.79,1.9292,356832.080000000016298,1488713.78900000010617
600276.SH,2024.07.18,41.799999999999997,42.420000000000001,41.700000000000002,42.149999999999998,41.740000000000002,0.41,0.9823,307122.299999999988358,1292463.142999999923631
600276.SH,2024.07.19,42.079999999999998,42.479999999999996,41.929999999999999,42.229999999999996,42.149999999999998,0.08,0.1898,277510.830000000016298,1171709.540999999968335
600276.SH,2024.07.22,42.219999999999998,43.100000000000001,41.850000000000001,42.770000000000003,42.229999999999996,0.54,1.2787,325703.260000000009313,1391175.547999999951571
600276.SH,2024.07.23,42.729999999999996,42.82,41.350000000000001,41.409999999999996,42.770000000000003,-1.36,-3.1798,366896.669999999983701,1532779.453999999910593
600276.SH,2024.07.24,41.289999999999999,42.060000000000002,41.200000000000002,41.399999999999998,41.409999999999996,-0.01,-0.0241,200351.660000000003492,832921.591999999945983
600276.SH,2024.07.25,41.219999999999998,41.880000000000002,40.700000000000002,41.46,41.399999999999998,0.06,0.1449,219080.299999999988358,908502.721000000019557
600276.SH,2024.07.26,41.46,41.579999999999998,40.590000000000003,41.07,41.46,-0.39,-0.9407,221158.170000000012805,907314.993999999947845
600276.SH,2024.07.29,41.020000000000003,41.359999999999999,40.39,40.490000000000002,41.07,-0.58,-1.4122,234789.089999999996507,956395.685000000055879
600276.SH,2024.07.30,40.5,40.659999999999996,39.619999999999997,40,40.490000000000002,-0.49,-1.2102,242615.019999999989522,969474.035999999963678
600276.SH,2024.07.31,39.990000000000001,42.359999999999999,39.700000000000002,42.21,40,2.21,5.525000000000001,395724.200000000011641,1638778.249000000068917
600276.SH,2024.08.01,42.189999999999997,42.5,41.75,41.950000000000002,42.21,-0.26,-0.616,174313.190000000002328,733290.055999999982304
600276.SH,2024.08.02,41.89,42.979999999999996,41.799999999999997,42.170000000000001,41.950000000000002,0.22,0.5244,255820.329999999987194,1085719.96999999997206
600276.SH,2024.08.05,42.170000000000001,43.579999999999998,42.109999999999999,42.649999999999998,42.170000000000001,0.48,1.1382,323588.030000000027939,1386017.875
600276.SH,2024.08.06,42.630000000000002,43.179999999999999,42.479999999999996,42.909999999999996,42.649999999999998,0.26,0.6096,217715.130000000004656,931702.111000000033527
600276.SH,2024.08.07,42.880000000000002,42.89,42.109999999999999,42.149999999999998,42.909999999999996,-0.76,-1.7711,177293.450000000011641,751651.390999999945051
600276.SH,2024.08.08,42.109999999999999,42.89,42.109999999999999,42.579999999999998,42.149999999999998,0.43,1.0202,164886.579999999987194,700866.800000000046566
600276.SH,2024.08.09,42.700000000000002,43.299999999999997,42.409999999999996,42.420000000000001,42.579999999999998,-0.16,-0.3758,155984.269999999989522,666579.241999999969266
600276.SH,2024.08.12,42.219999999999998,43.96,42.21,43.630000000000002,42.420000000000001,1.21,2.8524,332834.890000000013969,1447922.05199999990873
600276.SH,2024.08.13,43.600000000000001,43.600000000000001,42.399999999999998,42.670000000000001,43.630000000000002,-0.96,-2.2003,227236.190000000002328,973012.155999999959021
600276.SH,2024.08.14,42.950000000000002,42.979999999999996,42.090000000000003,42.5,42.670000000000001,-0.17,-0.3984,141846.730000000010477,602382.87100000004284
600276.SH,2024.08.15,42.380000000000002,43.649999999999998,42.32,42.920000000000001,42.5,0.42,0.9882,214246.549999999988358,921651.489999999990686
600276.SH,2024.08.16,42.600000000000001,43.21,42.299999999999997,43.119999999999997,42.920000000000001,0.2,0.466,156942.799999999988358,673487.375
600276.SH,2024.08.19,43.21,43.600000000000001,41.770000000000003,42.109999999999999,43.119999999999997,-1.01,-2.3423,239672.899999999994179,1014833.545000000041909
600276.SH,2024.08.20,42.100000000000001,42.380000000000002,41.799999999999997,42.25,42.109999999999999,0.14,0.3325,153987.220000000001164,648578.631000000052154
600276.SH,2024.08.21,42.189999999999997,42.799999999999997,42.039999999999999,42.310000000000002,42.25,0.06,0.142,162312.980000000010477,688060.043999999994412
600276.SH,2024.08.22,43.21,44.270000000000003,42.630000000000002,43.929999999999999,42.310000000000002,1.62,3.8289,537347.5,2349925.930999999865889
600276.SH,2024.08.23,43.679999999999999,43.950000000000002,43.079999999999998,43.619999999999997,43.929999999999999,-0.31,-0.7057,277508.799999999988358,1208090.958000000100582
600276.SH,2024.08.26,43.609999999999999,43.799999999999997,42.799999999999997,43.32,43.619999999999997,-0.3,-0.6878,245224.980000000010477,1059543.421000000089406
600276.SH,2024.08.27,43.270000000000003,43.979999999999996,43.109999999999999,43.600000000000001,43.32,0.28,0.6464,226267.540000000008149,987526.035999999963678
600276.SH,2024.08.28,43.600000000000001,44.079999999999998,43.149999999999998,43.5,43.600000000000001,-0.1,-0.2294,206226.880000000004656,896690.756999999983236
600276.SH,2024.08.29,43.479999999999996,44.549999999999997,43.299999999999997,44.32,43.5,0.82,1.8851,305230.039999999979045,1349314.945999999996274
600276.SH,2024.08.30,44.439999999999997,44.5,43.929999999999999,44.130000000000002,44.32,-0.19,-0.4287,313280.369999999995343,1385994.563000000081956
600276.SH,2024.09.02,44.009999999999998,44.369999999999997,43.020000000000003,43.899999999999998,44.130000000000002,-0.23,-0.5212,258008.45999999999185,1128406.266000000061467
600276.SH,2024.09.03,43.880000000000002,45.200000000000002,43.719999999999998,44.579999999999998,43.899999999999998,0.68,1.549,316479.679999999993015,1415250.77600000007078
600276.SH,2024.09.04,44.380000000000002,45.149999999999998,44.170000000000001,44.509999999999997,44.579999999999998,-0.07,-0.157,212577.200000000011641,949655.587000000057742
600276.SH,2024.09.05,44.659999999999996,45.179999999999999,44.420000000000001,45,44.509999999999997,0.49,1.1009,198638.60999999998603,892416.905000000027939
600276.SH,2024.09.06,45.149999999999998,45.149999999999998,44.399999999999998,44.399999999999998,45,-0.6,-1.3333,141475.700000000011641,632592.170000000041909
600276.SH,2024.09.09,44.399999999999998,45.420000000000001,44.299999999999997,44.549999999999997,44.399999999999998,0.15,0.3378,256016.839999999996507,1144505.482000000076368
600276.SH,2024.09.10,44.399999999999998,44.700000000000002,43.71,44.479999999999996,44.549999999999997,-0.07,-0.1571,199182.910000000003492,883221.376000000047497
600276.SH,2024.09.11,44.299999999999997,45.549999999999997,44.109999999999999,45.429999999999999,44.479999999999996,0.95,2.1358,291578.380000000004656,1318678.749000000068917
600276.SH,2024.09.12,45.229999999999996,45.780000000000001,44.75,44.969999999999998,45.429999999999999,-0.46,-1.0125,186578.149999999994179,842058.820999999996274
600276.SH,2024.09.13,44.950000000000002,45.299999999999997,44.399999999999998,44.770000000000003,44.969999999999998,-0.2,-0.4447,195097.339999999996507,874100.287999999942257
600276.SH,2024.09.18,44.89,45.590000000000003,44.780000000000001,45.119999999999997,44.770000000000003,0.35,0.7818,175079.049999999988358,791075.182999999960884
600276.SH,2024.09.19,45.130000000000002,45.329999999999998,44.399999999999998,45,45.119999999999997,-0.12,-0.266,224011.519999999989522,1006153.996999999973922
600276.SH,2024.09.20,44.899999999999998,44.899999999999998,42.32,42.71,45,-2.29,-5.0889,669155.989999999990686,2879104.757000000216066
600276.SH,2024.09.23,42.880000000000002,43.479999999999996,42.520000000000003,42.71,42.71,0,0,284753.780000000027939,1219950.847000000067055
600276.SH,2024.09.24,43.380000000000002,43.719999999999998,42.240000000000002,43.659999999999996,42.71,0.95,2.2243,433280.539999999979045,1866263.527000000001862
600276.SH,2024.09.25,44.009999999999998,44.649999999999998,43.689999999999997,43.840000000000003,43.659999999999996,0.18,0.4123,433825.010000000009313,1914228.800000000046566
600276.SH,2024.09.26,44.14,46.5,43.71,46.46,43.840000000000003,2.62,5.976300000000001,476933.380000000004656,2151506.359000000171363
600276.SH,2024.09.27,47.380000000000002,48.899999999999998,46.950000000000002,48.679999999999999,46.46,2.22,4.7783,380620.849999999976716,1826081.206000000005587
600276.SH,2024.09.30,50.200000000000002,52.740000000000002,50,52.299999999999997,48.679999999999999,3.62,7.436300000000001,1018482.10999999998603,5250200.815000000409781
600276.SH,2024.10.08,57.530000000000001,57.530000000000001,53.399999999999998,56.009999999999998,52.299999999999997,3.71,7.093700000000001,1192594.929999999934807,6658937.519999999552965
600276.SH,2024.10.09,55,55,51.560000000000002,51.679999999999999,56.009999999999998,-4.33,-7.730800000000001,900590.680000000051222,4785336.951000000350177
600276.SH,2024.10.10,51.679999999999999,53.82,51.679999999999999,52.57,51.679999999999999,0.89,1.7221,585280.660000000032596,3089484.85399999981746
600276.SH,2024.10.11,52.130000000000002,52.57,49.679999999999999,50.200000000000002,52.57,-2.37,-4.508300000000001,495422.030000000027939,2518858.626999999862164
600276.SH,2024.10.14,50.5,51.670000000000001,50.060000000000002,51.39,50.200000000000002,1.19,2.3705,395841.229999999981373,2016817.820000000065192
600276.SH,2024.10.15,51.39,52.619999999999997,50.549999999999997,50.600000000000001,51.39,-0.79,-1.5373,363263.590000000025611,1870266.584999999962747
600276.SH,2024.10.16,49.89,50.679999999999999,49.009999999999998,49.179999999999999,50.600000000000001,-1.42,-2.8063,397388.159999999974388,1971863.406999999890103
600276.SH,2024.10.17,49.299999999999997,50.530000000000001,49.219999999999998,49.219999999999998,49.179999999999999,0.04,0.0813,342963.10999999998603,1711600.382999999914318
600276.SH,2024.10.18,49,51.509999999999997,48.759999999999997,50.479999999999996,49.219999999999998,1.26,2.5599,536725.949999999953433,2684309.740999999921768
600276.SH,2024.10.21,50.600000000000001,51.07,49.329999999999998,50.560000000000002,50.479999999999996,0.08,0.1585,471851.780000000027939,2372525.723999999929219
600276.SH,2024.10.22,50.21,51.789999999999999,50.21,50.759999999999997,50.560000000000002,0.2,0.3956,401077.479999999981373,2046102.37100000004284
600276.SH,2024.10.23,50.829999999999998,51.179999999999999,50.14,50.689999999999997,50.759999999999997,-0.07,-0.1379,370597.320000000006984,1875687.445000000065192
600276.SH,2024.10.24,50.600000000000001,50.600000000000001,47.82,48.670000000000001,50.689999999999997,-2.02,-3.985,901547.119999999995343,4383045.855999999679625
600276.SH,2024.10.25,48.600000000000001,48.600000000000001,46.719999999999998,48,48.670000000000001,-0.67,-1.3766,943148.85999999998603,4498732.087000000290572
600276.SH,2024.10.28,48.030000000000001,48.899999999999998,47.969999999999998,48.590000000000003,48,0.59,1.2292,571141.040000000037252,2769377.02600000007078
600276.SH,2024.10.29,48.619999999999997,48.909999999999996,48.100000000000001,48.179999999999999,48.590000000000003,-0.41,-0.8438,397700.390000000013969,1926235.120000000111758
600276.SH,2024.10.30,48.179999999999999,48.479999999999996,46.96,47.200000000000002,48.179999999999999,-0.98,-2.034,475484.940000000002328,2256717.311000000219792
600276.SH,2024.10.31,47.21,47.399999999999998,46.560000000000002,46.600000000000001,47.200000000000002,-0.6,-1.2712,456721.710000000020954,2138254.362999999895691
600276.SH,2024.11.01,46.719999999999998,48.5,46.719999999999998,47.560000000000002,46.600000000000001,0.96,2.0601,619958.839999999967403,2962180.40100000007078
600276.SH,2024.11.04,48.100000000000001,48.39,47.259999999999997,47.990000000000001,47.560000000000002,0.43,0.9041,406592.289999999979045,1942430.935999999986961
600276.SH,2024.11.05,47.619999999999997,48.840000000000003,47.5,48.679999999999999,47.990000000000001,0.69,1.4378,514369.979999999981373,2489509.350000000093132
600276.SH,2024.11.06,48.71,49.679999999999999,48.25,48.75,48.679999999999999,0.07,0.1438,537558.390000000013969,2624774.467000000178813
600276.SH,2024.11.07,48.600000000000001,50,48.409999999999996,50,48.75,1.25,2.5641,584066.07999999995809,2882919.254000000189989
600276.SH,2024.11.08,50.100000000000001,50.5,49.149999999999998,49.5,50,-0.5,-1,652314.449999999953433,3240522.916999999899417
600276.SH,2024.11.11,48.990000000000001,49.670000000000001,48.299999999999997,49.429999999999999,49.5,-0.07,-0.1414,586791.680000000051222,2870267.472000000067055
600276.SH,2024.11.12,49.429999999999999,50.780000000000001,49.049999999999997,49.289999999999999,49.429999999999999,-0.14,-0.2832,767356.800000000046566,3839811.095999999903142
600276.SH,2024.11.13,49.159999999999996,50.259999999999997,49.060000000000002,49.350000000000001,49.289999999999999,0.06,0.1217,409141.369999999995343,2023644.063000000081956
600276.SH,2024.11.14,49.270000000000003,49.700000000000002,48.429999999999999,48.450000000000002,49.350000000000001,-0.9,-1.8237,389091.690000000002328,1911896.966000000014901
600276.SH,2024.11.15,48.270000000000003,48.700000000000002,47.700000000000002,47.700000000000002,48.450000000000002,-0.75,-1.548,330869.809999999997671,1593427.808999999891966
600276.SH,2024.11.18,47.71,48.060000000000002,47,47.200000000000002,47.700000000000002,-0.5,-1.0482,303535.549999999988358,1443825.223999999929219
600276.SH,2024.11.19,47.240000000000002,47.799999999999997,46.840000000000003,47.429999999999999,47.200000000000002,0.23,0.4873,260304.579999999987194,1230951.482000000076368
600276.SH,2024.11.20,47.439999999999997,50.789999999999999,47.439999999999997,50.46,47.429999999999999,3.03,6.3884,1095673.590000000083819,5459304.162999999709427
600276.SH,2024.11.21,50.310000000000002,50.969999999999998,49.75,50.189999999999997,50.46,-0.27,-0.5351,488474.929999999993015,2454422.663000000175088
600276.SH,2024.11.22,50.189999999999997,50.630000000000002,48.200000000000002,48.270000000000003,50.189999999999997,-1.92,-3.8255,501547.60999999998603,2463628.941000000108033
600276.SH,2024.11.25,48.600000000000001,49.490000000000002,47.759999999999997,47.759999999999997,48.270000000000003,-0.51,-1.0566,436128.700000000011641,2119573.828999999910593
600276.SH,2024.11.26,47.859999999999999,49.560000000000002,47.799999999999997,48.679999999999999,47.759999999999997,0.92,1.9263,399756.020000000018626,1955082.310999999986961
600276.SH,2024.11.27,48.619999999999997,50.200000000000002,48.579999999999998,49.990000000000001,48.679999999999999,1.31,2.691,574543.599999999976716,2862205.754000000189989
600276.SH,2024.11.28,49.950000000000002,50.75,49.32,49.700000000000002,49.990000000000001,-0.29,-0.5801,367210.229999999981373,1836357.877000000094994
600276.SH,2024.11.29,50.109999999999999,51.299999999999997,49.799999999999997,50.689999999999997,49.700000000000002,0.99,1.992,693040.71999999997206,3512492.251000000163912
600276.SH,2024.12.02,50.600000000000001,50.789999999999999,50.020000000000003,50.450000000000002,50.689999999999997,-0.24,-0.4735,419764.619999999995343,2116109.032999999821186
600276.SH,2024.12.03,50.350000000000001,50.409999999999996,49.530000000000001,49.630000000000002,50.450000000000002,-0.82,-1.6254,396197.489999999990686,1972432.253000000026077
600276.SH,2024.12.04,49.649999999999998,49.979999999999996,49.25,49.399999999999998,49.630000000000002,-0.23,-0.4634,258260.130000000004656,1281641.897000000113621
600276.SH,2024.12.05,49.420000000000001,49.450000000000002,48.450000000000002,48.950000000000002,49.399999999999998,-0.45,-0.9109,298107.75,1454359.602999999886378
600276.SH,2024.12.06,48.950000000000002,49.799999999999997,48.840000000000003,49.530000000000001,48.950000000000002,0.58,1.1849,342291.099999999976716,1688375.558999999891966
600276.SH,2024.12.09,49.979999999999996,50.090000000000003,49.060000000000002,49.380000000000002,49.530000000000001,-0.15,-0.3028,276613.580000000016298,1368832.175000000046566
600276.SH,2024.12.10,50.25,50.25,47.609999999999999,48.130000000000002,49.380000000000002,-1.25,-2.5314,1022100.209999999962747,4957092.802000000141561
600276.SH,2024.12.11,47.859999999999999,48.170000000000001,47.509999999999997,48.149999999999998,48.130000000000002,0.02,0.0416,429448.590000000025611,2056039.71999999997206
600276.SH,2024.12.12,48.149999999999998,48.149999999999998,47.600000000000001,48.039999999999999,48.149999999999998,-0.11,-0.2285,361608.919999999983701,1732532.837999999988824
600276.SH,2024.12.13,47.799999999999997,47.909999999999996,46.560000000000002,46.590000000000003,48.039999999999999,-1.45,-3.0183,650777.160000000032596,3061019.95699999993667
600276.SH,2024.12.16,46.579999999999998,46.579999999999998,45.799999999999997,46.07,46.590000000000003,-0.52,-1.1161,354079.119999999995343,1630463.503000000026077
600276.SH,2024.12.17,46.049999999999997,46.969999999999998,45.899999999999998,46.5,46.07,0.43,0.9334,315874.85999999998603,1470663.476000000024214
600276.SH,2024.12.18,46.700000000000002,47.049999999999997,46.530000000000001,46.590000000000003,46.5,0.09,0.1935,247139.649999999994179,1154970.05199999990873
600276.SH,2024.12.19,46.179999999999999,46.659999999999996,45.880000000000002,46.539999999999999,46.590000000000003,-0.05,-0.1073,217460.769999999989522,1007124.99800000002142
600276.SH,2024.12.20,46.539999999999999,46.880000000000002,46.219999999999998,46.25,46.539999999999999,-0.29,-0.6231,260732.760000000009313,1212975.575999999884515
600276.SH,2024.12.23,46.25,46.329999999999998,45.509999999999997,45.850000000000001,46.25,-0.4,-0.8649,361926.840000000025611,1660614.929000000003725
600276.SH,2024.12.24,45.850000000000001,46.659999999999996,45.780000000000001,46.329999999999998,45.850000000000001,0.48,1.0469,293991.090000000025611,1362414.862999999895691
600276.SH,2024.12.25,46.560000000000002,47,46.329999999999998,46.619999999999997,46.329999999999998,0.29,0.6259,315257.659999999974388,1472155.112999999895691
600276.SH,2024.12.26,46.5,46.539999999999999,45.759999999999997,46.109999999999999,46.619999999999997,-0.51,-1.094,255827.869999999995343,1178284.148000000044703
600276.SH,2024.12.27,46.200000000000002,46.359999999999999,45.899999999999998,46.100000000000001,46.109999999999999,-0.01,-0.0217,212505.380000000004656,980779.072999999974854
600276.SH,2024.12.30,46.289999999999999,46.759999999999997,46.049999999999997,46.14,46.100000000000001,0.04,0.0868,256266.85000000000582,1186680.455000000074505
600276.SH,2024.12.31,46.130000000000002,46.57,45.850000000000001,45.899999999999998,46.14,-0.24,-0.5202,388165.929999999993015,1793640.700999999884515
600276.SH,2025.01.02,45.880000000000002,46.100000000000001,44.700000000000002,44.950000000000002,45.899999999999998,-0.95,-2.0697,348132.409999999974388,1575496.085999999893829
600276.SH,2025.01.03,45,45.170000000000001,44.159999999999996,44.359999999999999,44.950000000000002,-0.59,-1.3126,273873.200000000011641,1223704.155000000027939
600276.SH,2025.01.06,44.75,45.109999999999999,44.380000000000002,45.009999999999998,44.359999999999999,0.65,1.4653,301481.159999999974388,1351231.040000000037252
600276.SH,2025.01.07,45.049999999999997,45.090000000000003,44.009999999999998,44.039999999999999,45.009999999999998,-0.97,-2.1551,257421.75,1139218.012000000104308
600276.SH,2025.01.08,44.049999999999997,44.179999999999999,42.950000000000002,43.549999999999997,44.039999999999999,-0.49,-1.1126,350327.419999999983701,1524946.448000000091269
600276.SH,2025.01.09,43.579999999999998,43.869999999999997,43.060000000000002,43.079999999999998,43.549999999999997,-0.47,-1.0792,257767.640000000013969,1116825.881000000052154
600276.SH,2025.01.10,43.060000000000002,43.409999999999996,42.530000000000001,42.670000000000001,43.079999999999998,-0.41,-0.9517,265751.590000000025611,1138717.520999999949708
600276.SH,2025.01.13,42.509999999999997,43.170000000000001,42.399999999999998,42.810000000000002,42.670000000000001,0.14,0.3281,191129.329999999987194,819457.430000000051222
600276.SH,2025.01.14,42.810000000000002,44.409999999999996,42.810000000000002,44.289999999999999,42.810000000000002,1.48,3.4571,337755.030000000027939,1481294.682000000029802
600276.SH,2025.01.15,44.259999999999997,44.280000000000001,43.659999999999996,43.880000000000002,44.289999999999999,-0.41,-0.9257,184964.570000000006984,810779.951000000000931
600276.SH,2025.01.16,44.079999999999998,44.149999999999998,42.859999999999999,42.899999999999998,43.880000000000002,-0.98,-2.2334,310157.710000000020954,1344908.223999999929219
600276.SH,2025.01.17,42.5,43.079999999999998,42.439999999999997,42.840000000000003,42.899999999999998,-0.06,-0.1399,200612.200000000011641,857835.006999999983236
600276.SH,2025.01.20,43.289999999999999,45.359999999999999,43.280000000000001,44.520000000000003,42.840000000000003,1.68,3.9216,558602.979999999981373,2490393.185000000055879
600276.SH,2025.01.21,44.850000000000001,45.299999999999997,44.549999999999997,45.130000000000002,44.520000000000003,0.61,1.3702,353980.179999999993015,1593272.360000000102445
600276.SH,2025.01.22,45.030000000000001,45.240000000000002,44.240000000000002,44.429999999999999,45.130000000000002,-0.7,-1.5511,210750.950000000011641,939501.099000000045634
600276.SH,2025.01.23,44.549999999999997,44.82,43.770000000000003,43.96,44.429999999999999,-0.47,-1.0578,286082.25,1264462.645999999949708
600276.SH,2025.01.24,43.869999999999997,45.149999999999998,43.82,44.64,43.96,0.68,1.5469,350460.71999999997206,1569811.205000000074505
600276.SH,2025.01.27,44.799999999999997,45.179999999999999,44.579999999999998,44.649999999999998,44.64,0.01,0.0224,193067.70999999999185,864900.09299999999348
600276.SH,2025.02.05,44.670000000000001,44.799999999999997,43.869999999999997,44.009999999999998,44.649999999999998,-0.64,-1.4334,274406.780000000027939,1209865.780999999959021
600276.SH,2025.02.06,44.130000000000002,44.549999999999997,43.670000000000001,44.359999999999999,44.009999999999998,0.35,0.7953,252177.200000000011641,1113529.253000000026077
600276.SH,2025.02.07,44.359999999999999,46.329999999999998,44,45.289999999999999,44.359999999999999,0.93,2.0965,505422.349999999976716,2283393.395000000018626
600276.SH,2025.02.10,45.5,45.5,44.670000000000001,44.880000000000002,45.289999999999999,-0.41,-0.9053,378892.460000000020954,1702769.26300000003539
600276.SH,2025.02.11,45,45.100000000000001,44.049999999999997,44.189999999999997,44.880000000000002,-0.69,-1.5374,310678.299999999988358,1376208.094000000040978
600276.SH,2025.02.12,44.200000000000002,44.549999999999997,44.020000000000003,44.439999999999997,44.189999999999997,0.25,0.5657,251757.380000000004656,1113067.394000000087544
600276.SH,2025.02.13,44.299999999999997,45.060000000000002,44.060000000000002,44.64,44.439999999999997,0.2,0.45,378625.239999999990686,1692124.022000000113621
600276.SH,2025.02.14,44.619999999999997,45.770000000000003,44.560000000000002,45.5,44.64,0.86,1.9265,522174.340000000025611,2363013.53899999987334
600276.SH,2025.02.17,45.799999999999997,46.310000000000002,44.950000000000002,45.259999999999997,45.5,-0.24,-0.5275,557653.260000000009313,2543137.861000000033527
600276.SH,2025.02.18,45.310000000000002,45.770000000000003,44.659999999999996,44.82,45.259999999999997,-0.44,-0.9722,350219.46999999997206,1582024.378999999957159
600276.SH,2025.02.19,44.740000000000002,45.179999999999999,44.200000000000002,44.71,44.82,-0.11,-0.2454,367611.030000000027939,1642055.730999999912455
600276.SH,2025.02.20,44.75,46.979999999999996,44.75,46.5,44.71,1.79,4.0036,854057.510000000009313,3962875.924000000115484
600276.SH,2025.02.21,46.700000000000002,48.479999999999996,46.530000000000001,48.280000000000001,46.5,1.78,3.828,975118.160000000032596,4658378.218999999575316
600276.SH,2025.02.24,48.399999999999998,48.649999999999998,47.600000000000001,48.090000000000003,48.280000000000001,-0.19,-0.3935,533080.630000000004656,2562457.640000000130385
600276.SH,2025.02.25,47.64,48.25,47.170000000000001,47.369999999999997,48.090000000000003,-0.72,-1.4972,354331.989999999990686,1689640.415000000037252
600276.SH,2025.02.26,47.600000000000001,47.740000000000002,46.950000000000002,47.549999999999997,47.369999999999997,0.18,0.38,328112.799999999988358,1551997.435000000055879
600276.SH,2025.02.27,47.399999999999998,48.359999999999999,47.189999999999997,47.909999999999996,47.549999999999997,0.36,0.7571,369081.479999999981373,1768169.581000000005587
600276.SH,2025.02.28,47.71,48.100000000000001,45.810000000000002,45.96,47.909999999999996,-1.95,-4.0701,491615.190000000002328,2294571.489000000059604
600276.SH,2025.03.03,45.950000000000002,46.810000000000002,45.770000000000003,45.920000000000001,45.96,-0.04,-0.087,318945.539999999979045,1476382.970999999903142
600276.SH,2025.03.04,45.810000000000002,46.090000000000003,45.380000000000002,45.859999999999999,45.920000000000001,-0.06,-0.1307,243336.70999999999185,1113598.158999999985098
600276.SH,2025.03.05,45.859999999999999,46.119999999999997,45.46,45.979999999999996,45.859999999999999,0.12,0.2617,252669.649999999994179,1157331.476999999955296
600276.SH,2025.03.06,46.299999999999997,46.859999999999999,46.049999999999997,46.520000000000003,45.979999999999996,0.54,1.1744,331389.150000000023283,1539946.175999999977648
600276.SH,2025.03.07,46.399999999999998,46.399999999999998,45.520000000000003,45.679999999999999,46.520000000000003,-0.84,-1.8057,336614.400000000023283,1544840.662000000011175
600276.SH,2025.03.10,45.82,46.159999999999996,45,45.490000000000002,45.679999999999999,-0.19,-0.4159,343605.559999999997671,1561460.746999999973922
600276.SH,2025.03.11,45.049999999999997,45.490000000000002,44.950000000000002,45.340000000000003,45.490000000000002,-0.15,-0.3297,291535.119999999995343,1317152.158000000054016
600276.SH,2025.03.12,45.380000000000002,45.789999999999999,44.950000000000002,45,45.340000000000003,-0.34,-0.7499,339551.46999999997206,1533371.102999999886378
600276.SH,2025.03.13,45.049999999999997,45.280000000000001,44.770000000000003,45.030000000000001,45,0.03,0.0667,243348.950000000011641,1095003.466999999945983
600276.SH,2025.03.14,45.119999999999997,46.869999999999997,44.880000000000002,46.539999999999999,45.030000000000001,1.51,3.3533,573206.760000000009313,2648874.640999999828636
600276.SH,2025.03.17,47.32,47.350000000000001,46.380000000000002,46.479999999999996,46.539999999999999,-0.06,-0.1289,277430.950000000011641,1295638.303000000072643
600276.SH,2025.03.18,46.880000000000002,47.479999999999996,46.420000000000001,46.5,46.479999999999996,0.02,0.043,308309.460000000020954,1443933.601000000024214
600276.SH,2025.03.19,46.520000000000003,48.119999999999997,46.299999999999997,47.289999999999999,46.5,0.79,1.6989,485161.789999999979045,2295409.174999999813735
600276.SH,2025.03.20,47.200000000000002,47.469999999999998,46.479999999999996,46.630000000000002,47.289999999999999,-0.66,-1.3956,325187.570000000006984,1521454.256999999983236
600276.SH,2025.03.21,46.399999999999998,46.630000000000002,44.829999999999998,44.850000000000001,46.630000000000002,-1.78,-3.8173,541538.180000000051222,2458827.777999999932944
600276.SH,2025.03.24,44.859999999999999,45.039999999999999,44.200000000000002,44.350000000000001,44.850000000000001,-0.5,-1.1148,327075.940000000002328,1454999.354000000050291
600276.SH,2025.03.25,44.469999999999998,45.020000000000003,44.229999999999996,44.869999999999997,44.350000000000001,0.52,1.1725,229105,1026660.591999999945983
600276.SH,2025.03.26,46.200000000000002,46.939999999999997,46.07,46.229999999999996,44.869999999999997,1.36,3.031,611035.930000000051222,2832596.083999999798834
600276.SH,2025.03.27,46.079999999999998,48.420000000000001,45.600000000000001,48.39,46.229999999999996,2.16,4.6723,868632.069999999948777,4127696.680999999865889
600276.SH,2025.03.28,48.39,49.530000000000001,48.39,48.609999999999999,48.39,0.22,0.4546,772998.089999999967403,3782798.004000000189989
600276.SH,2025.03.31,48.979999999999996,50.079999999999998,48.850000000000001,49.200000000000002,48.609999999999999,0.59,1.2137,783165.910000000032596,3863528.325999999884516
600276.SH,2025.04.01,49.200000000000002,52.5,48.909999999999996,51.799999999999997,49.200000000000002,2.6,5.284600000000001,1359062.800000000046566,6963773.597000000067055
600276.SH,2025.04.02,51.32,51.759999999999997,50.659999999999996,50.850000000000001,51.799999999999997,-0.95,-1.834,631878.819999999948777,3230471.820999999996274
600276.SH,2025.04.03,50.409999999999996,51.600000000000001,50.409999999999996,51.039999999999999,50.850000000000001,0.19,0.3736,517858.460000000020954,2643033.086999999824911
600276.SH,2025.04.07,48.799999999999997,49.850000000000001,46.759999999999997,48.700000000000002,51.039999999999999,-2.34,-4.5846,1155033.050000000046566,5580749.462000000290572
600276.SH,2025.04.08,48.799999999999997,49.289999999999999,47.259999999999997,48.700000000000002,48.700000000000002,0,0,987645.780000000027939,4739094.855999999679625
600276.SH,2025.04.09,47.729999999999996,48.219999999999998,45.859999999999999,48.219999999999998,48.700000000000002,-0.48,-0.9856,975199.510000000009313,4574095.268000000156462
600276.SH,2025.04.10,48.969999999999998,49.090000000000003,47.859999999999999,48.5,48.219999999999998,0.28,0.5807,731712.599999999976716,3541702.205000000074505
600276.SH,2025.04.11,48.159999999999996,48.679999999999999,47.799999999999997,48.380000000000002,48.5,-0.12,-0.2474,425797.989999999990686,2053266.780999999959021
600276.SH,2025.04.14,48.380000000000002,50,48.100000000000001,48.869999999999997,48.380000000000002,0.49,1.0128,571834.420000000041909,2811326.097000000067055
600276.SH,2025.04.15,48.600000000000001,48.929999999999999,47.920000000000001,48.270000000000003,48.869999999999997,-0.6,-1.2277,326288.849999999976716,1571241.598999999929219
600276.SH,2025.04.16,48.399999999999998,48.899999999999998,47.359999999999999,48.899999999999998,48.270000000000003,0.63,1.3052,455344.140000000013969,2184411.134000000078231
600276.SH,2025.04.17,48.539999999999999,48.869999999999997,48.32,48.780000000000001,48.899999999999998,-0.12,-0.2454,303900.400000000023283,1477059.114999999990686
600276.SH,2025.04.18,48.579999999999998,48.920000000000001,47.859999999999999,48,48.780000000000001,-0.78,-1.599,253301.790000000008149,1217785.12100000004284
600276.SH,2025.04.21,47.700000000000002,49.399999999999998,47.630000000000002,49.170000000000001,48,1.17,2.4375,370680.010000000009313,1811287.012000000104308
600276.SH,2025.04.22,49.039999999999999,51.299999999999997,49.039999999999999,50.969999999999998,49.170000000000001,1.8,3.6608,617891.979999999981373,3116791.043000000063329
600276.SH,2025.04.23,50.96,51.450000000000002,50.619999999999997,51.090000000000003,50.969999999999998,0.12,0.2354,385430.440000000002328,1964625.808999999891966
600276.SH,2025.04.24,50.969999999999998,51.719999999999998,50.420000000000001,51.130000000000002,51.090000000000003,0.04,0.0783,336077.409999999974388,1721477.003999999957159
600276.SH,2025.04.25,51.679999999999999,52,49.969999999999998,50.270000000000003,51.130000000000002,-0.86,-1.682,524329.140000000013969,2660676.970999999903142
600276.SH,2025.04.28,49.679999999999999,50.149999999999998,49,49.969999999999998,50.270000000000003,-0.3,-0.5968,396210.320000000006984,1969933.55199999990873
600276.SH,2025.04.29,49.71,49.729999999999996,48.880000000000002,49.600000000000001,49.969999999999998,-0.37,-0.7404,346669.880000000004656,1708826.486000000033527
600276.SH,2025.04.30,49.450000000000002,51.359999999999999,49.299999999999997,51.100000000000001,49.600000000000001,1.5,3.0242,429338.479999999981373,2173618.447000000160187
600276.SH,2025.05.06,52.100000000000001,52.179999999999999,50.729999999999996,51,51.100000000000001,-0.1,-0.1957,385439.450000000011641,1971965.956000000005587
600276.SH,2025.05.07,52.100000000000001,52.25,51.009999999999998,51.509999999999997,51,0.51,1,397287.940000000002328,2044498.617000000085681
600276.SH,2025.05.08,51.219999999999998,51.729999999999996,51.030000000000001,51.560000000000002,51.509999999999997,0.05,0.0971,290148.119999999995343,1493108.280999999959021
600276.SH,2025.05.09,51.560000000000002,52.990000000000001,51.450000000000002,52.810000000000002,51.560000000000002,1.25,2.4244,586037.140000000013969,3078537.819999999832361
600276.SH,2025.05.12,52,52,50.200000000000002,50.689999999999997,52.810000000000002,-2.12,-4.014400000000001,843912.21999999997206,4279425.860999999567866
600276.SH,2025.05.13,51.189999999999997,52.229999999999996,50.880000000000002,51.229999999999996,50.689999999999997,0.54,1.0653,519132.330000000016298,2667979.498000000137835
600276.SH,2025.05.14,51.020000000000003,53.25,51.009999999999998,52.899999999999998,51.229999999999996,1.67,3.2598,626346.900000000023283,3280790.285000000149011
600276.SH,2025.05.15,52.899999999999998,53.950000000000002,52.700000000000002,53.689999999999997,52.899999999999998,0.79,1.4934,533614.589999999967403,2853103.029999999795109
600276.SH,2025.05.16,53.490000000000002,54,52.899999999999998,53.850000000000001,53.689999999999997,0.16,0.298,382176.599999999976716,2047406.425999999977648
600276.SH,2025.05.19,53.799999999999997,54.329999999999998,53.049999999999997,53.450000000000002,53.850000000000001,-0.4,-0.7428,350190.679999999993015,1875209.002000000094994
600276.SH,2025.05.20,54.289999999999999,55.149999999999998,53.789999999999999,54.450000000000002,53.450000000000002,1,1.8709,593356.910000000032596,3233612.041999999899417
600276.SH,2025.05.21,54.280000000000001,56.5,54.030000000000001,55.939999999999997,54.450000000000002,1.49,2.7365,612403.489999999990686,3398156.910000000149011
600276.SH,2025.05.22,56,56.359999999999999,55.159999999999996,55.600000000000001,55.939999999999997,-0.34,-0.6078,413146.289999999979045,2298821.740000000223517
600276.SH,2025.05.23,55.899999999999998,56,54.299999999999997,54.5,55.399999999999998,-0.9,-1.6245,541840.270000000018626,2981192.924000000115484
600276.SH,2025.05.26,54.200000000000002,54.630000000000002,53.060000000000002,53.350000000000001,54.5,-1.15,-2.1101,532284.369999999995343,2850955.759000000078231
600276.SH,2025.05.27,53.219999999999998,54.090000000000003,53.130000000000002,53.420000000000001,53.350000000000001,0.07,0.1312,360323.479999999981373,1930051.269000000087544
600276.SH,2025.05.28,53.590000000000003,54.929999999999999,53.329999999999998,54.25,53.420000000000001,0.83,1.5537,358049.830000000016298,1943962.412000000011175
600276.SH,2025.05.29,54.149999999999998,54.590000000000003,53.859999999999999,54.100000000000001,54.25,-0.15,-0.2765,354852.760000000009313,1924548.693999999901279
600276.SH,2025.05.30,54.289999999999999,55.659999999999996,54.25,54.740000000000002,54.100000000000001,0.64,1.183,471421.599999999976716,2590435.177000000141561
600276.SH,2025.06.03,54.740000000000002,55.780000000000001,54.25,54.880000000000002,54.740000000000002,0.14,0.2558,434450.349999999976716,2397345.666000000201165
600276.SH,2025.06.04,54.840000000000003,55.840000000000003,54.609999999999999,55.289999999999999,54.880000000000002,0.41,0.7471,368593.020000000018626,2038925.050999999977648
600276.SH,2025.06.05,55.100000000000001,55.100000000000001,53.549999999999997,53.880000000000002,55.289999999999999,-1.41,-2.5502,495272.669999999983701,2675359.811000000219792
600276.SH,2025.06.06,53.899999999999998,54.179999999999999,53.380000000000002,53.799999999999997,53.880000000000002,-0.08,-0.1485,344533.880000000004656,1849932.993000000016763
600276.SH,2025.06.09,54,55.789999999999999,53.780000000000001,54.359999999999999,53.799999999999997,0.56,1.0409,656905.819999999948777,3607525.589000000152736
600276.SH,2025.06.10,54.380000000000002,55.799999999999997,54.380000000000002,55.130000000000002,54.359999999999999,0.77,1.4165,480735.169999999983701,2654117.466000000014901
600276.SH,2025.06.11,55,55.810000000000002,54.549999999999997,54.71,55.130000000000002,-0.42,-0.7618,377735.659999999974388,2080608.921000000089406
600276.SH,2025.06.12,54.399999999999998,56.200000000000002,54,55.82,54.71,1.11,2.0289,493188.21999999997206,2730556.453000000212341
600276.SH,2025.06.13,55.689999999999997,56.060000000000002,53.560000000000002,53.89,55.82,-1.93,-3.4575,660238.300000000046566,3593704.53899999987334
600276.SH,2025.06.16,53.409999999999996,54.079999999999998,53.100000000000001,53.759999999999997,53.89,-0.13,-0.2412,392241.369999999995343,2100282.375
600276.SH,2025.06.17,54,54.21,51.600000000000001,51.840000000000003,53.759999999999997,-1.92,-3.5714,695180.319999999948777,3648258.373999999836087
600276.SH,2025.06.18,51.700000000000002,52.229999999999996,51.32,51.810000000000002,51.840000000000003,-0.03,-0.0579,334095.429999999993015,1728559.050999999977648
600276.SH,2025.06.19,51.840000000000003,52.39,51.310000000000002,51.579999999999998,51.810000000000002,-0.23,-0.4439,373166.940000000002328,1930536.851999999955296
600276.SH,2025.06.20,51.75,52.329999999999998,51.630000000000002,51.759999999999997,51.579999999999998,0.18,0.349,240607.75,1249132.875999999931082
600276.SH,2025.06.23,51.679999999999999,52.179999999999999,51.200000000000002,51.96,51.759999999999997,0.2,0.3864,313281.059999999997671,1620281.114999999990686
600276.SH,2025.06.24,52.090000000000003,52.5,51.729999999999996,52.149999999999998,51.96,0.19,0.3657,451035.390000000013969,2347206.996999999973922
600276.SH,2025.06.25,52.149999999999998,53.030000000000001,51.310000000000002,52.950000000000002,52.149999999999998,0.8,1.534,536481.959999999962747,2799316.481999999843537
600276.SH,2025.06.26,52.600000000000001,52.950000000000002,51.899999999999998,52.079999999999998,52.950000000000002,-0.87,-1.6431,392268.679999999993015,2050704.854000000050291
600276.SH,2025.06.27,51.909999999999996,52.07,51.670000000000001,51.950000000000002,52.079999999999998,-0.13,-0.2496,287765.070000000006984,1492711.80199999990873
600276.SH,2025.06.30,51.909999999999996,52.189999999999997,50.990000000000001,51.899999999999998,51.950000000000002,-0.05,-0.0962,445354.880000000004656,2292910.157000000122934
600276.SH,2025.07.01,51.89,52.740000000000002,51.799999999999997,52.46,51.899999999999998,0.56,1.079,397724.960000000020954,2084478.374000000068917
600276.SH,2025.07.02,52.399999999999998,53.439999999999997,52.100000000000001,52.25,52.46,-0.21,-0.4003,325712.229999999981373,1714632.081000000005587
600276.SH,2025.07.03,52.259999999999997,52.579999999999998,51.810000000000002,52.469999999999998,52.25,0.22,0.4211,293678.179999999993015,1536828.862999999895691
600276.SH,2025.07.04,52.609999999999999,53.789999999999999,52.600000000000001,53.259999999999997,52.469999999999998,0.79,1.5056,477923.119999999995343,2548289.615999999921768
600276.SH,2025.07.07,53.380000000000002,53.590000000000003,52.560000000000002,52.649999999999998,53.259999999999997,-0.61,-1.1453,286387.940000000002328,1516132.786000000080093
600276.SH,2025.07.08,52.689999999999997,53.689999999999997,52.5,53.399999999999998,52.649999999999998,0.75,1.4245,359263.150000000023283,1916547.622999999905005
600276.SH,2025.07.09,53.399999999999998,57.939999999999997,53.020000000000003,57.189999999999997,53.399999999999998,3.79,7.097400000000001,1158211.68999999994412,6507788.433000000193715
600276.SH,2025.07.10,57.130000000000002,58.280000000000001,56.609999999999999,57.600000000000001,57.189999999999997,0.41,0.7169,903715.699999999953433,5204345.946000000461935
600276.SH,2025.07.11,57.509999999999997,58.119999999999997,56.880000000000002,56.899999999999998,57.600000000000001,-0.7,-1.2153,658631.709999999962747,3779524.291999999899417
600276.SH,2025.07.14,56.75,58.049999999999997,56.560000000000002,57.21,56.899999999999998,0.31,0.5448,473758.35999999998603,2714468.293000000063329
600276.SH,2025.07.15,57.25,57.530000000000001,56.520000000000003,57.219999999999998,57.21,0.01,0.0175,436928.46999999997206,2491977.101999999955296
600276.SH,2025.07.16,57.649999999999998,58.899999999999998,57.039999999999999,57.219999999999998,57.219999999999998,0,0,398191.200000000011641,2293530.537000000011175
600276.SH,2025.07.17,56.899999999999998,57.899999999999998,56.840000000000003,57.729999999999996,57.219999999999998,0.51,0.8913,444146.280000000027939,2553187.388999999966472
600276.SH,2025.07.18,58.21,59.859999999999999,57.899999999999998,58.759999999999997,57.729999999999996,1.03,1.7842,660985.650000000023283,3881474.080999999772757
600276.SH,2025.07.21,58.5,58.799999999999997,57.679999999999999,58,58.759999999999997,-0.76,-1.2934,509441.849999999976716,2960736.58199999993667
600276.SH,2025.07.22,58,58.850000000000001,57.200000000000002,57.409999999999996,58,-0.59,-1.0172,475570.25,2753253.570999999996274
600276.SH,2025.07.23,57.200000000000002,58.079999999999998,56.869999999999997,57.130000000000002,57.409999999999996,-0.28,-0.4877,425295.10999999998603,2440208.239000000059604
600276.SH,2025.07.24,57.439999999999997,57.979999999999996,56.950000000000002,57.5,57.130000000000002,0.37,0.6476,465834.150000000023283,2670846.697999999858438
600276.SH,2025.07.25,57.5,57.549999999999997,56.350000000000001,56.399999999999998,57.5,-1.1,-1.913,505394.229999999981373,2873987.055000000167638
600276.SH,2025.07.28,60.100000000000001,62.039999999999999,59.659999999999996,62.039999999999999,56.399999999999998,5.64,10,1630095.949999999953433,9943549.096999999135732
600276.SH,2025.07.29,63,65.430000000000006,62.130000000000002,63.799999999999997,62.039999999999999,1.76,2.8369,1682768.889999999897554,10731327.178999999538064
600276.SH,2025.07.30,63.810000000000002,64.730000000000004,62.649999999999998,63.590000000000003,63.799999999999997,-0.21,-0.3292,980849.32999999995809,6247901.661000000312924
600276.SH,2025.07.31,63.399999999999998,64.25,62.5,62.899999999999998,63.590000000000003,-0.69,-1.0851,742038.75,4690208.201000000350177
600276.SH,2025.08.01,62.829999999999998,63.579999999999998,60.759999999999997,61.310000000000002,62.899999999999998,-1.59,-2.5278,734654.640000000013969,4545894.531000000424683
600276.SH,2025.08.04,60.600000000000001,62.049999999999997,60,62,61.310000000000002,0.69,1.1254,689613.489999999990686,4217834.708999999798834
600276.SH,2025.08.05,62.109999999999999,62.46,61.560000000000002,62.299999999999997,62,0.3,0.4839,541443.180000000051222,3356911.222000000067055
600276.SH,2025.08.06,62.189999999999997,62.549999999999997,61.380000000000002,61.579999999999998,62.299999999999997,-0.72,-1.1557,572478.60999999998603,3539622.158999999985098
600276.SH,2025.08.07,61.25,62.100000000000001,60.700000000000002,60.810000000000002,61.579999999999998,-0.77,-1.2504,504763.96999999997206,3088025.791999999899417
600276.SH,2025.08.08,60.700000000000002,61.130000000000002,60,60.990000000000001,60.810000000000002,0.18,0.296,362970.729999999981373,2203721.882999999914318
600276.SH,2025.08.11,60.990000000000001,61.420000000000001,60.679999999999999,61.07,60.990000000000001,0.08,0.1312,425752.380000000004656,2600063.208999999798834
600276.SH,2025.08.12,61.32,61.450000000000002,60.259999999999997,60.850000000000001,61.07,-0.22,-0.3602,391834.75,2380971.08199999993667
600276.SH,2025.08.13,60.850000000000001,63.509999999999997,60.850000000000001,62.609999999999999,60.850000000000001,1.76,2.8924,815296.319999999948777,5079201.588000000454485
600276.SH,2025.08.14,62.850000000000001,63.600000000000001,62.359999999999999,62.82,62.609999999999999,0.21,0.3354,571266.46999999997206,3597162.009999999776482
600276.SH,2025.08.15,62.64,64.269999999999996,62.46,63.399999999999998,62.82,0.58,0.9233,614932.540000000037252,3908038.788000000175088
600276.SH,2025.08.18,63.399999999999998,63.950000000000002,62.810000000000002,63.079999999999998,63.399999999999998,-0.32,-0.5047,728857.560000000055879,4616557.070000000298023
600276.SH,2025.08.19,63.399999999999998,65.400000000000005,61.630000000000002,61.689999999999997,63.079999999999998,-1.39,-2.2036,997700.489999999990686,6322095.611999999731779
600276.SH,2025.08.20,61.659999999999996,62.969999999999998,61.109999999999999,62.850000000000001,61.689999999999997,1.16,1.8804,650424.420000000041909,4025484.23300000000745
600276.SH,2025.08.21,63.979999999999996,65.329999999999998,62.950000000000002,63.990000000000001,62.850000000000001,1.14,1.8138,858629.229999999981373,5507421.603000000119209
600276.SH,2025.08.22,64.709999999999993,65.200000000000002,63.829999999999998,64.980000000000004,63.990000000000001,0.99,1.5471,637718.910000000032596,4115097.23300000000745
600276.SH,2025.08.25,64.980000000000004,66.400000000000005,64.370000000000004,66.260000000000005,64.980000000000004,1.28,1.9698,849233.810000000055879,5551997.680999999865889
600276.SH,2025.08.26,66.200000000000002,66.200000000000002,65,65.299999999999997,66.260000000000005,-0.96,-1.4488,575129.369999999995343,3761929.155999999959021
600276.SH,2025.08.27,65.010000000000005,65.709999999999993,63.039999999999999,63.049999999999997,65.299999999999997,-2.25,-3.4456,836169.339999999967403,5375767.158999999985098
600276.SH,2025.08.28,62.950000000000002,63.219999999999998,61.409999999999996,63.030000000000001,63.049999999999997,-0.02,-0.0317,715901.540000000037252,4469129.644000000320374
600276.SH,2025.08.29,63.030000000000001,66.870000000000004,63.030000000000001,66.230000000000003,63.030000000000001,3.2,5.076900000000001,1023186.069999999948777,6677635.302000000141561
600276.SH,2025.09.01,66.400000000000005,68.879999999999995,65.920000000000001,68.349999999999994,66.230000000000003,2.12,3.201,872180.890000000013969,5917826.673999999649822
600276.SH,2025.09.02,69.799999999999997,70.769999999999995,67.799999999999997,68.870000000000004,68.349999999999994,0.52,0.7608,1084489.68999999994412,7512721.689000000245869
600276.SH,2025.09.03,68.799999999999997,73.420000000000001,68.799999999999997,71.980000000000004,68.870000000000004,3.11,4.5158,1129369.010000000009313,8078844.873999999836087
600276.SH,2025.09.04,71.269999999999996,71.579999999999998,67.5,68.650000000000005,71.980000000000004,-3.33,-4.6263,1102894.060000000055879,7625423.229000000283122
600276.SH,2025.09.05,69,72.980000000000004,69,72.469999999999998,68.650000000000005,3.82,5.5645,936478.560000000055879,6663122.815000000409781
600276.SH,2025.09.08,73,73.870000000000004,71.64,72.310000000000002,72.469999999999998,-0.16,-0.2208,748209.280000000027939,5423039.921000000089406
600276.SH,2025.09.09,72.170000000000001,74.040000000000006,70.480000000000004,71.090000000000003,72.310000000000002,-1.22,-1.6872,767670.089999999967403,5517534.684000000357627
600276.SH,2025.09.10,70.840000000000003,71.769999999999995,70.079999999999998,70.319999999999993,71.090000000000003,-0.77,-1.0831,468204.130000000004656,3306783.03899999987334
600276.SH,2025.09.11,66.579999999999998,68.469999999999998,64,68.290000000000006,70.319999999999993,-2.03,-2.8868,1942359.370000000111758,12928573.364000000059604
600276.SH,2025.09.12,68.280000000000001,69.510000000000005,67.859999999999999,69.010000000000005,68.290000000000006,0.72,1.0543,831215.209999999962747,5710845.365000000223517
600276.SH,2025.09.15,68.849999999999994,69.689999999999997,68.260000000000005,69.099999999999994,69.010000000000005,0.09,0.1304,611881.530000000027939,4225790.378999999724328
600276.SH,2025.09.16,69.099999999999994,69.340000000000003,68.340000000000003,69.150000000000005,69.099999999999994,0.05,0.0724,434582.049999999988358,2991348.433999999891966
600276.SH,2025.09.17,69.299999999999997,70.799999999999997,69.299999999999997,70.129999999999995,69.150000000000005,0.98,1.4172,586033.709999999962747,4103135.888999999966472
600276.SH,2025.09.18,70.560000000000002,73.120000000000004,69.900000000000005,71.090000000000003,70.129999999999995,0.96,1.3689,865638.880000000004656,6173830.339999999850988
600276.SH,2025.09.19,71.099999999999994,71.239999999999994,69.489999999999994,69.650000000000005,71.090000000000003,-1.44,-2.0256,524392.420000000041909,3681125.691999999806284
600276.SH,2025.09.22,70.489999999999994,72.700000000000002,70.400000000000005,71.049999999999997,69.650000000000005,1.4,2.0101,576542.430000000051222,4118513.260999999940395
600276.SH,2025.09.23,71,71.189999999999997,68.5,69.700000000000002,71.049999999999997,-1.35,-1.9001,561329.569999999948777,3909219.697000000160187
600276.SH,2025.09.24,69.700000000000002,70.379999999999995,69.299999999999997,70.109999999999999,69.700000000000002,0.41,0.5882,395302.10999999998603,2763214.640999999828636
600276.SH,2025.09.25,72.400000000000005,73.079999999999998,71.549999999999997,72.269999999999996,70.109999999999999,2.16,3.0809,739039.180000000051222,5347121.399000000208616
600276.SH,2025.09.26,70.799999999999997,71.370000000000004,69.230000000000003,70.079999999999998,72.269999999999996,-2.19,-3.0303,699044.849999999976716,4900954.440999999642372
600276.SH,2025.09.29,69.790000000000006,69.790000000000006,67.760000000000005,69.200000000000002,70.079999999999998,-0.88,-1.2557,647991.040000000037252,4442889.45299999974668
600276.SH,2025.09.30,69,71.579999999999998,68.799999999999997,71.549999999999997,69.200000000000002,2.35,3.396,579450.780000000027939,4079739.679000000003725
600276.SH,2025.10.09,71.560000000000002,71.659999999999996,69.109999999999999,71.150000000000005,71.549999999999997,-0.4,-0.559,592793.400000000023283,4173571.947999999858438
600276.SH,2025.10.10,70.379999999999995,70.879999999999995,67.849999999999994,68.200000000000002,71.150000000000005,-2.95,-4.146200000000001,706100.699999999953433,4868800.902999999932944
600276.SH,2025.10.13,66,68.030000000000001,65.700000000000002,66.980000000000004,68.200000000000002,-1.22,-1.7889,532287.089999999967403,3555005.478000000119209
600276.SH,2025.10.14,67.609999999999999,67.659999999999996,63.700000000000002,64.269999999999996,66.980000000000004,-2.71,-4.046000000000001,702946.630000000004656,4593967.582999999634921
600276.SH,2025.10.15,64.200000000000002,66.420000000000001,63.679999999999999,66.400000000000005,64.269999999999996,2.13,3.3141,511231.630000000004656,3335928.393000000156462
600276.SH,2025.10.16,66.430000000000006,68.5,65.719999999999998,66.840000000000003,66.400000000000005,0.44,0.6627,460377.570000000006984,3096812.047999999951571
600276.SH,2025.10.17,66.849999999999994,67.400000000000005,65,65.099999999999994,66.840000000000003,-1.74,-2.6032,349507.340000000025611,2298728.245000000111758
600276.SH,2025.10.20,65.989999999999994,66.510000000000005,64.829999999999998,65.129999999999995,65.099999999999994,0.03,0.0461,326716.940000000002328,2146357.391999999992549
600276.SH,2025.10.21,65.5,66.579999999999998,65.14,66,65.129999999999995,0.87,1.3358,369560.309999999997671,2436269.458999999798834
600276.SH,2025.10.22,66.25,66.790000000000006,65.010000000000005,65.260000000000005,66,-0.74,-1.1212,398048.080000000016298,2610971.756000000052154
600276.SH,2025.10.23,65.010000000000005,65.430000000000006,64.019999999999996,65.14,65.260000000000005,-0.12,-0.1839,342785.260000000009313,2219041.424999999813735
600276.SH,2025.10.24,65.260000000000005,66.359999999999999,65.010000000000005,65.5,65.14,0.36,0.5527,372752.770000000018626,2441099.938000000081956
600276.SH,2025.10.27,66.549999999999997,67.849999999999994,66.510000000000005,67.010000000000005,65.5,1.51,2.3053,508924.919999999983701,3413538.793000000063329
600276.SH,2025.10.28,65.219999999999998,65.459999999999993,63.5,63.619999999999997,67.010000000000005,-3.39,-5.058900000000001,1082089.989999999990686,6923383.032999999821186
600276.SH,2025.10.29,63.600000000000001,64.480000000000004,62.71,64.019999999999996,63.619999999999997,0.4,0.6287,562174.550000000046566,3577122.185000000055879
600276.SH,2025.10.30,64.019999999999996,64.019999999999996,62.869999999999997,62.880000000000002,64.019999999999996,-1.14,-1.7807,608740,3856500.507000000216066
600276.SH,2025.10.31,63.359999999999999,65.489999999999994,63.200000000000002,64.150000000000005,62.880000000000002,1.27,2.0197,837063.900000000023283,5386074.734000000171363
600276.SH,2025.11.03,64.959999999999993,64.989999999999994,62.82,63.399999999999998,64.150000000000005,-0.75,-1.1691,460305.60999999998603,2924454.177999999839812
600276.SH,2025.11.04,63.420000000000001,63.450000000000002,61.549999999999997,61.920000000000001,63.399999999999998,-1.48,-2.3344,515609.659999999974388,3215841.266999999992549
600276.SH,2025.11.05,61.299999999999997,62.490000000000002,61.219999999999998,61.96,61.920000000000001,0.04,0.0646,334380.780000000027939,2074291.418999999994412
600276.SH,2025.11.06,61.950000000000002,62.5,61.469999999999998,62.420000000000001,61.96,0.46,0.7424,252523.950000000011641,1567372.105999999912455
600276.SH,2025.11.07,62,62.490000000000002,61.5,61.579999999999998,62.420000000000001,-0.84,-1.3457,270654.280000000027939,1670988.958000000100582
600276.SH,2025.11.10,61.57,61.929999999999999,60.96,61.829999999999998,61.579999999999998,0.25,0.406,396248.299999999988358,2431973.884999999776482
600276.SH,2025.11.11,61.950000000000002,62.200000000000002,61,61.060000000000002,61.829999999999998,-0.77,-1.2454,275159.979999999981373,1687561.580000000074505
600276.SH,2025.11.12,61.090000000000003,62.859999999999999,61.090000000000003,62.100000000000001,61.060000000000002,1.04,1.7032,514267.760000000009313,3203516.791000000201165
600276.SH,2025.11.13,62.689999999999997,63.789999999999999,62.229999999999996,63.560000000000002,62.100000000000001,1.46,2.351,508318.369999999995343,3211808.938999999780207
600276.SH,2025.11.14,63.450000000000002,63.899999999999998,62.759999999999997,62.899999999999998,63.560000000000002,-0.66,-1.0384,319504.140000000013969,2021555.066000000108033
600276.SH,2025.11.17,62.89,63.049999999999997,61.409999999999996,61.799999999999997,62.899999999999998,-1.1,-1.7488,315384.520000000018626,1952561.57799999997951
600276.SH,2025.11.18,61.609999999999999,62.850000000000001,61.520000000000003,61.780000000000001,61.799999999999997,-0.02,-0.0324,219100.589999999996507,1359324.790999999968335
600276.SH,2025.11.19,61.5,61.780000000000001,61.020000000000003,61.109999999999999,61.780000000000001,-0.67,-1.0845,211162.420000000012805,1295307.074999999953433
600276.SH,2025.11.20,61.229999999999996,61.649999999999998,60.539999999999999,60.630000000000002,61.109999999999999,-0.48,-0.7855,253480.059999999997671,1544020.770000000018626
600276.SH,2025.11.21,60.329999999999998,61.100000000000001,59.310000000000002,59.5,60.630000000000002,-1.13,-1.8638,447335.340000000025611,2679336.097000000067055
600276.SH,2025.11.24,60.039999999999999,61.100000000000001,59.96,60.659999999999996,59.5,1.16,1.9496,343973.239999999990686,2083464.658000000054016
600276.SH,2025.11.25,61.100000000000001,61.609999999999999,60.530000000000001,60.880000000000002,60.659999999999996,0.22,0.3627,265045.130000000004656,1620797.703999999910593
600276.SH,2025.11.26,61.5,62.799999999999997,61.030000000000001,62.359999999999999,60.880000000000002,1.48,2.431,439861.950000000011641,2739532.774999999906867
600276.SH,2025.11.27,62.600000000000001,62.96,61.939999999999997,62.090000000000003,62.359999999999999,-0.27,-0.433,257307.630000000004656,1604386.05199999990873
600276.SH,2025.11.28,62.359999999999999,62.359999999999999,61.609999999999999,62.079999999999998,62.090000000000003,-0.01,-0.0161,202776.190000000002328,1257510.631000000052154
600276.SH,2025.12.01,62.079999999999998,62.090000000000003,61.060000000000002,61.939999999999997,62.079999999999998,-0.14,-0.2255,254830.950000000011641,1567868.102999999886378
600276.SH,2025.12.02,61.899999999999998,61.899999999999998,61,61.119999999999997,61.939999999999997,-0.82,-1.3239,182306.140000000013969,1115986.037000000011175
600276.SH,2025.12.03,61.100000000000001,61.549999999999997,60.700000000000002,60.969999999999998,61.119999999999997,-0.15,-0.2454,198529.760000000009313,1211357.996999999973922
600276.SH,2025.12.04,61.009999999999998,61.490000000000002,60.969999999999998,61.25,60.969999999999998,0.28,0.4592,180407.660000000003492,1103403.553000000072643
600276.SH,2025.12.05,61.189999999999997,61.789999999999999,60.700000000000002,61.619999999999997,61.25,0.37,0.6041,231176.149999999994179,1418750.952000000048428
600276.SH,2025.12.08,62.600000000000001,63.549999999999997,61.920000000000001,62.46,61.619999999999997,0.84,1.3632,508617.590000000025611,3186857.202000000048428
600276.SH,2025.12.09,62.32,64.150000000000005,62.299999999999997,63.079999999999998,62.46,0.62,0.9926,493593.390000000013969,3131342.824000000022351
600276.SH,2025.12.10,63.149999999999998,63.560000000000002,62.270000000000003,63.380000000000002,63.079999999999998,0.3,0.4756,288959.60999999998603,1820981.675000000046566
600276.SH,2025.12.11,63.560000000000002,63.939999999999997,63.109999999999999,63.399999999999998,63.380000000000002,0.02,0.0316,247061.269999999989522,1569053.154000000096857
600276.SH,2025.12.12,63.280000000000001,63.280000000000001,62.259999999999997,63.280000000000001,63.399999999999998,-0.12,-0.1893,315629.260000000009313,1984535.364999999990686
600276.SH,2025.12.15,62.679999999999999,62.679999999999999,61.380000000000002,61.380000000000002,63.280000000000001,-1.9,-3.0025,290072.200000000011641,1796682.726999999955296
600276.SH,2025.12.16,61.380000000000002,61.490000000000002,58.679999999999999,59.149999999999998,61.380000000000002,-2.23,-3.6331,523784.85999999998603,3112549.390999999828636
600276.SH,2025.12.17,59.350000000000001,60.799999999999997,59.009999999999998,60.299999999999997,59.149999999999998,1.15,1.9442,330417.820000000006984,1980882.810000000055879
600276.SH,2025.12.18,60.049999999999997,60.57,59.950000000000002,60,60.299999999999997,-0.3,-0.4975,179309.290000000008149,1078752.360000000102445
600276.SH,2025.12.19,60.07,61.380000000000002,59.909999999999996,60.850000000000001,60,0.85,1.4167,288358.419999999983701,1753822.16400000010617
600276.SH,2025.12.22,60.810000000000002,61.5,60.329999999999998,60.929999999999999,60.850000000000001,0.08,0.1315,236709.239999999990686,1444845.736999999964609
600276.SH,2025.12.23,60.850000000000001,62.560000000000002,60.840000000000003,61.799999999999997,60.929999999999999,0.87,1.4279,329190.950000000011641,2037549.674000000115484
600276.SH,2025.12.24,61.670000000000001,62,61.079999999999998,61.229999999999996,61.799999999999997,-0.57,-0.9223,250502.059999999997671,1539580.672000000020489
600276.SH,2025.12.25,61.219999999999998,61.659999999999996,61.030000000000001,61.399999999999998,61.229999999999996,0.17,0.2776,155181.75,952122.260000000009313
600276.SH,2025.12.26,61.299999999999997,61.659999999999996,60.600000000000001,61.060000000000002,61.399999999999998,-0.34,-0.5537,214307.809999999997671,1311044.15999999991618
600276.SH,2025.12.29,61.060000000000002,61.270000000000003,60.409999999999996,60.509999999999997,61.060000000000002,-0.55,-0.9008,285751.619999999995343,1737055.878999999957159
600276.SH,2025.12.30,60.399999999999998,60.600000000000001,59.899999999999998,60.179999999999999,60.509999999999997,-0.33,-0.5454,253304.60999999998603,1525944.031999999890103
600276.SH,2025.12.31,60.159999999999996,60.359999999999999,59.5,59.57,60.179999999999999,-0.61,-1.0136,268278.960000000020954,1603948.702000000048428
600276.SH,2026.01.05,60.060000000000002,63.490000000000002,59.990000000000001,63.079999999999998,59.57,3.51,5.8922,851170.280000000027939,5316701.689000000245869
600276.SH,2026.01.06,63.359999999999999,63.479999999999996,62.399999999999998,63.060000000000002,63.079999999999998,-0.02,-0.0317,463524.570000000006984,2919198.722000000067055
600276.SH,2026.01.07,63.009999999999998,64.799999999999997,63,63.850000000000001,63.060000000000002,0.79,1.2528,524651.729999999981373,3364332.736000000033527
600276.SH,2026.01.08,65,65.049999999999997,63.030000000000001,63.600000000000001,63.850000000000001,-0.25,-0.3915,447748.539999999979045,2854769.455999999772757
600276.SH,2026.01.09,63.579999999999998,64.200000000000002,62.799999999999997,63.780000000000001,63.600000000000001,0.18,0.283,426357.530000000027939,2709908.740999999921768
600276.SH,2026.01.12,64.099999999999994,64.299999999999997,63.21,63.850000000000001,63.780000000000001,0.07,0.1098,428770.190000000002328,2735494.018999999854713
600276.SH,2026.01.13,64.299999999999997,65.829999999999998,64.049999999999997,64.519999999999995,63.850000000000001,0.67,1.0493,740340.349999999976716,4818680.908999999985098
600276.SH,2026.01.14,64.549999999999997,65.599999999999994,63.200000000000002,63.609999999999999,64.519999999999995,-0.91,-1.4104,629255.339999999967403,4049394.399000000208616
600276.SH,2026.01.15,63.179999999999999,63.829999999999998,62.700000000000002,63.170000000000001,63.609999999999999,-0.44,-0.6917,467612.35999999998603,2956591.609000000171363
600276.SH,2026.01.16,63.350000000000001,63.520000000000003,61.659999999999996,61.939999999999997,63.170000000000001,-1.23,-1.9471,523786.280000000027939,3262750.168000000063329
600276.SH,2026.01.19,61.799999999999997,62.380000000000002,60.659999999999996,61.119999999999997,61.939999999999997,-0.82,-1.3239,473890.960000000020954,2909640.709999999962747
600276.SH,2026.01.20,61.130000000000002,61.649999999999998,60.399999999999998,60.5,61.119999999999997,-0.62,-1.0144,427754.919999999983701,2599009.141999999992549
600276.SH,2026.01.21,60.509999999999997,60.880000000000002,59.859999999999999,60.100000000000001,60.5,-0.4,-0.6612,546035.07999999995809,3291737.381000000052154
600276.SH,2026.01.22,60.359999999999999,60.359999999999999,59.299999999999997,59.439999999999997,60.100000000000001,-0.66,-1.0982,537068.130000000004656,3203889.160999999847263
600276.SH,2026.01.23,59.729999999999996,60.270000000000003,58.759999999999997,58.990000000000001,59.439999999999997,-0.45,-0.7571,808043,4801931.324000000022351
600276.SH,2026.01.26,58.990000000000001,59.159999999999996,58.049999999999997,58.159999999999996,58.990000000000001,-0.83,-1.407,727328.880000000004656,4244912.105999999679625
600276.SH,2026.01.27,58.39,58.490000000000002,57.14,57.200000000000002,58.159999999999996,-0.96,-1.6506,637255.479999999981373,3659971.231000000145286
600276.SH,2026.01.28,57.439999999999997,57.799999999999997,56.299999999999997,56.549999999999997,57.200000000000002,-0.65,-1.1364,878750.430000000051222,4992876.575000000186264
600276.SH,2026.01.29,56.350000000000001,58.369999999999997,56.079999999999998,58.109999999999999,56.549999999999997,1.56,2.7586,1137824.75,6528912.260999999940395
600276.SH,2026.01.30,58,59.789999999999999,57.759999999999997,58.159999999999996,58.109999999999999,0.05,0.086,852044.890000000013969,4988191.673000000417232
600276.SH,2026.02.02,57.759999999999997,58.329999999999998,56.310000000000002,56.490000000000002,58.159999999999996,-1.67,-2.8714,609579.979999999981373,3482011.262000000104308
600276.SH,2026.02.03,57,57.689999999999997,56.5,57.469999999999998,56.490000000000002,0.98,1.7348,498834.530000000027939,2850875.660000000149011
600276.SH,2026.02.04,57.299999999999997,57.700000000000002,56.229999999999996,57.600000000000001,57.469999999999998,0.13,0.2262,489242.960000000020954,2781889.092999999877065
600276.SH,2026.02.05,57.5,58.469999999999998,57.299999999999997,58.159999999999996,57.600000000000001,0.56,0.9722,517745.549999999988358,3003455.268999999854713
600276.SH,2026.02.06,57.740000000000002,58.149999999999998,57.240000000000002,57.310000000000002,58.159999999999996,-0.85,-1.4615,360903.650000000023283,2078633.870000000111758
600276.SH,2026.02.09,57.75,57.89,57,57.450000000000002,57.310000000000002,0.14,0.2443,366116.880000000004656,2100347.754999999888241
600276.SH,2026.02.10,57.46,59.039999999999999,57.049999999999997,58.399999999999998,57.450000000000002,0.95,1.6536,648860.68999999994412,3782364.995000000111758
600276.SH,2026.02.11,58.399999999999998,59.950000000000002,58.350000000000001,58.899999999999998,58.399999999999998,0.5,0.8562,573680.07999999995809,3389452.541999999899417
600276.SH,2026.02.12,58.600000000000001,59.490000000000002,58.5,58.740000000000002,58.899999999999998,-0.16,-0.2716,348689.799999999988358,2051201.547000000020489
600276.SH,2026.02.13,58.759999999999997,59.049999999999997,58.130000000000002,58.229999999999996,58.740000000000002,-0.51,-0.8682,343568.099999999976716,2009040.55199999990873
600276.SH,2026.02.24,58.310000000000002,58.479999999999996,57.719999999999998,58.009999999999998,58.229999999999996,-0.22,-0.3778,338981.340000000025611,1967937.989999999990686
600276.SH,2026.02.25,57.979999999999996,58.200000000000002,57.579999999999998,57.859999999999999,58.009999999999998,-0.15,-0.2586,421579.369999999995343,2436801.367999999783933
600276.SH,2026.02.26,57.859999999999999,58.100000000000001,56.600000000000001,56.719999999999998,57.859999999999999,-1.14,-1.9703,508987.070000000006984,2904851.185000000055879
600276.SH,2026.02.27,56.619999999999997,57.270000000000003,56.299999999999997,56.560000000000002,56.719999999999998,-0.16,-0.2821,363641.099999999976716,2063125.422000000020489
