ts_code,trade_date,open,high,low,close,pre_close,change,pct_chg,vol,amount
600519.SH,2023.03.01,1813,1848,1803.230000000000018,1838.529999999999972,1813.740000000000009,24.789999999999999,1.3668,24458.099999999998544,4475592.195000000298023
600519.SH,2023.03.02,1829,1838.990000000000009,1821.099999999999909,1828,1838.529999999999972,-10.529999999999999,-0.5727,13144.190000000000509,2405292.304000000003725
600519.SH,2023.03.03,1839.769999999999981,1841.609999999999899,1802.480000000000018,1818.039999999999963,1828,-9.96,-0.5449,16198.05999999999949,2946842.658999999985098
600519.SH,2023.03.06,1818.180000000000063,1818.5,1796.769999999999981,1807.1400000000001,1818.039999999999963,-10.9,-0.5995,20645.860000000000582,3730079.52199999988079
600519.SH,2023.03.07,1805.980000000000018,1816.599999999999909,1788,1788.299999999999954,1807.1400000000001,-18.839999999999999,-1.0425,22785.389999999999417,4101302.455999999772757
600519.SH,2023.03.08,1780.019999999999981,1785.940000000000054,1761.11999999999989,1770.420000000000072,1788.299999999999954,-17.879999999999999,-0.9998,22763.700000000000727,4035787.171999999787658
600519.SH,2023.03.09,1768,1785,1740,1770.019999999999981,1770.420000000000072,-0.4,-0.0226,27611.5,4881442.709999999962747
600519.SH,2023.03.10,1751.569999999999936,1781,1750,1750,1770.019999999999981,-20.019999999999999,-1.1311,21160.819999999999708,3725139.075000000186264
600519.SH,2023.03.13,1751,1775,1749,1762,1750,12,0.6857,20560.430000000000291,3626476.291000000201165
600519.SH,2023.03.14,1763.779999999999972,1779.880000000000109,1738.5,1766,1762,4,0.227,23704.919999999998253,4177289.026999999769032
600519.SH,2023.03.15,1778.36999999999989,1784.880000000000109,1750.11999999999989,1750.920000000000072,1766,-15.08,-0.8539,19212.529999999998835,3392698.490000000223517
600519.SH,2023.03.16,1740,1770,1739.00999999999999,1751.990000000000009,1750.920000000000072,1.07,0.0611,17646.2400000000016,3096791.141999999992549
600519.SH,2023.03.17,1770,1775.8900000000001,1736,1742,1751.990000000000009,-9.99,-0.5702,27022.909999999999854,4744249.368999999947845
600519.SH,2023.03.20,1751,1755,1728,1729.599999999999909,1742,-12.4,-0.7118,20490.930000000000291,3557872.016999999992549
600519.SH,2023.03.21,1735,1785.849999999999909,1723.970000000000027,1775,1729.599999999999909,45.399999999999998,2.6249,31141.819999999999708,5491052.283999999985098
600519.SH,2023.03.22,1780,1793,1765.549999999999954,1773.349999999999909,1775,-1.65,-0.093,15330.260000000000218,2727648.674000000115484
600519.SH,2023.03.23,1766,1791.109999999999899,1765.00999999999999,1774.859999999999899,1773.349999999999909,1.51,0.0851,17355.659999999999854,3082821.550999999977648
600519.SH,2023.03.24,1769.079999999999927,1783.599999999999909,1766,1778.61999999999989,1774.859999999999899,3.76,0.2118,12769.959999999999126,2269649.179000000003725
600519.SH,2023.03.27,1778.599999999999909,1778.599999999999909,1756,1767.789999999999963,1778.61999999999989,-10.83,-0.6089,15295.549999999999272,2700755.933000000193715
600519.SH,2023.03.28,1770,1790,1765.019999999999981,1781.799999999999954,1767.789999999999963,14.009999999999999,0.7925,17261.349999999998544,3073113.077000000048428
600519.SH,2023.03.29,1799,1800,1785.069999999999936,1790,1781.799999999999954,8.199999999999999,0.4602,15392.989999999999781,2761909.333000000100582
600519.SH,2023.03.30,1793,1805,1779,1800,1790,10,0.5587,19257.009999999998399,3453573.052000000141561
600519.SH,2023.03.31,1825,1848,1819,1820,1800,20,1.1111,27446.330000000001746,5024790.355999999679625
600519.SH,2023.04.03,1825,1827.769999999999981,1800.079999999999927,1802.069999999999936,1820,-17.929999999999999,-0.9852,21417.430000000000291,3875811.672999999951571
600519.SH,2023.04.04,1812,1815.170000000000072,1787,1814.589999999999918,1802.069999999999936,12.519999999999999,0.6948,20066.259999999998399,3614275.262999999802559
600519.SH,2023.04.06,1805,1815.90000000000009,1788.220000000000027,1796.960000000000036,1814.589999999999918,-17.629999999999999,-0.9716,14874.219999999999345,2676251.955999999772757
600519.SH,2023.04.07,1795,1806.00999999999999,1788.339999999999918,1790.990000000000009,1796.960000000000036,-5.97,-0.3322,13524.680000000000291,2428160.574000000022351
600519.SH,2023.04.10,1790.880000000000109,1790.880000000000109,1744,1771.700000000000045,1790.990000000000009,-19.289999999999999,-1.0771,29418.220000000001164,5171150.566999999806284
600519.SH,2023.04.11,1793,1793,1744,1745.5,1771.700000000000045,-26.199999999999999,-1.4788,29209.18999999999869,5138854.627000000327825
600519.SH,2023.04.12,1747.25999999999999,1750,1692.819999999999936,1694.099999999999909,1745.5,-51.399999999999998,-2.9447,51104.919999999998253,8732657.376000000163912
600519.SH,2023.04.13,1690,1723.589999999999918,1684.00999999999999,1723,1694.099999999999909,28.899999999999998,1.7059,29542.680000000000291,5049310.126000000163912
600519.SH,2023.04.14,1726,1733,1704.799999999999954,1713.420000000000072,1723,-9.58,-0.556,21231.619999999998981,3646526.765999999828636
600519.SH,2023.04.17,1740,1753,1728,1753,1713.420000000000072,39.579999999999998,2.31,30467.229999999999563,5303401.394999999552965
600519.SH,2023.04.18,1753,1769,1746.019999999999981,1758,1753,5,0.2852,18313.889999999999417,3220107.64699999988079
600519.SH,2023.04.19,1762,1765.5,1750,1759,1758,1,0.0569,14600.55999999999949,2568632.845000000204891
600519.SH,2023.04.20,1760.109999999999899,1765,1729,1741.880000000000109,1759,-17.120000000000001,-0.9733,19885.369999999998981,3468366.834999999962747
600519.SH,2023.04.21,1746,1748.079999999999927,1721.279999999999972,1725.470000000000027,1741.880000000000109,-16.41,-0.9421,18517.869999999998981,3210937.222000000067055
600519.SH,2023.04.24,1721,1722,1701,1705,1725.470000000000027,-20.469999999999998,-1.1863,20230.909999999999854,3456728.717999999877065
600519.SH,2023.04.25,1706,1735.980000000000018,1702,1730.380000000000109,1705,25.379999999999998,1.4886,20582.509999999998399,3534989.916999999899417
600519.SH,2023.04.26,1744,1761,1720,1743.910000000000081,1730.380000000000109,13.529999999999999,0.7819,27891.599999999998544,4861477.656999999657273
600519.SH,2023.04.27,1748,1770,1730,1757.920000000000072,1743.910000000000081,14.009999999999999,0.8034,25605.040000000000873,4489906.864000000059604
600519.SH,2023.04.28,1763.00999999999999,1782.769999999999981,1753.970000000000027,1760.519999999999981,1757.920000000000072,2.6,0.1479,26224.639999999999417,4636084.177000000141561
600519.SH,2023.05.04,1769,1777.670000000000072,1736,1749.90000000000009,1760.519999999999981,-10.619999999999999,-0.6032,27466.419999999998253,4818999.650000000372529
600519.SH,2023.05.05,1766,1766,1736.3900000000001,1750,1749.90000000000009,0.1,0.0057,20714.209999999999126,3621305.973000000230968
600519.SH,2023.05.08,1768.319999999999936,1769,1717.170000000000072,1720.519999999999981,1750,-29.48,-1.6846,33171.260000000002037,5742915.993999999947845
600519.SH,2023.05.09,1715,1739.980000000000018,1707.069999999999936,1722,1720.519999999999981,1.48,0.086,29377.959999999999126,5057346.564000000245869
600519.SH,2023.05.10,1715.190000000000054,1736,1715,1725,1722,3,0.1742,20772.599999999998544,3588550.876999999862164
600519.SH,2023.05.11,1731,1735,1715,1717.069999999999936,1725,-7.93,-0.4597,15246.1200000000008,2623835.904999999795108
600519.SH,2023.05.12,1715,1729.880000000000109,1705.00999999999999,1706.40000000000009,1717.069999999999936,-10.669999999999999,-0.6214,19460.450000000000727,3335038.589999999850988
600519.SH,2023.05.15,1702,1717,1691.200000000000045,1716.299999999999954,1706.40000000000009,9.9,0.5802,25740.180000000000291,4384647.976999999955296
600519.SH,2023.05.16,1713.990000000000009,1719.990000000000009,1697,1703.289999999999963,1716.299999999999954,-13.009999999999999,-0.758,22223.770000000000436,3785811.907000000122934
600519.SH,2023.05.17,1708,1713,1699.00999999999999,1701,1703.289999999999963,-2.29,-0.1344,16776.909999999999854,2858697.941999999806284
600519.SH,2023.05.18,1704.990000000000009,1705.40000000000009,1690,1691,1701,-10,-0.5879,19219.279999999998835,3260170.683999999891966
600519.SH,2023.05.19,1671,1704.329999999999927,1655.549999999999954,1699.5,1691,8.5,0.5027,26741.159999999999854,4504022.548999999649822
600519.SH,2023.05.22,1690.00999999999999,1752,1690,1746,1699.5,46.5,2.7361,41284.319999999999708,7165754.128999999724328
600519.SH,2023.05.23,1753.990000000000009,1754,1724.549999999999954,1724.549999999999954,1746,-21.449999999999999,-1.2285,16894.209999999999126,2934118.393999999854713
600519.SH,2023.05.24,1732.329999999999927,1733.549999999999954,1710.109999999999899,1710.90000000000009,1724.549999999999954,-13.65,-0.7915,18479.270000000000436,3182416.490999999921768
600519.SH,2023.05.25,1705.990000000000009,1710,1690,1701,1710.90000000000009,-9.9,-0.5786,22465.599999999998544,3814504.092999999877065
600519.SH,2023.05.26,1702,1705,1675.00999999999999,1690.559999999999945,1701,-10.439999999999999,-0.6138,18291.099999999998544,3090691.546000000089406
600519.SH,2023.05.29,1697,1698.349999999999909,1678,1689,1690.559999999999945,-1.56,-0.0923,17771.409999999999854,2998147.158999999985098
600519.SH,2023.05.30,1689,1698.8900000000001,1658.559999999999945,1668.289999999999963,1689,-20.71,-1.2262,26453.400000000001455,4424706.688000000081956
600519.SH,2023.05.31,1661.00999999999999,1665.720000000000027,1626.670000000000072,1628.90000000000009,1668.289999999999963,-39.39,-2.3611,36956.970000000001164,6053737.281000000424683
600519.SH,2023.06.01,1618,1674.990000000000009,1618,1635.920000000000072,1628.90000000000009,7.02,0.431,28645.25,4708722.933000000193715
600519.SH,2023.06.02,1645,1673.15000000000009,1636.109999999999899,1670.599999999999909,1635.920000000000072,34.679999999999999,2.1199,25058.020000000000436,4163116.243999999947845
600519.SH,2023.06.05,1666.160000000000081,1682.880000000000109,1663,1665,1670.599999999999909,-5.6,-0.3352,16200.5,2704294.313000000081956
600519.SH,2023.06.06,1670,1684,1651.549999999999954,1666.990000000000009,1665,1.99,0.1195,19913.919999999998253,3326778.183000000193715
600519.SH,2023.06.07,1672.990000000000009,1678.799999999999954,1650,1650.90000000000009,1666.990000000000009,-16.089999999999999,-0.9652,17889.639999999999417,2971782.063999999780207
600519.SH,2023.06.08,1655.829999999999927,1675,1650.00999999999999,1668,1650.90000000000009,17.100000000000001,1.0358,14702.719999999999345,2441569.677000000141561
600519.SH,2023.06.09,1671.990000000000009,1677.970000000000027,1666,1666,1668,-2,-0.1199,17580.409999999999854,2938014.322000000160187
600519.SH,2023.06.12,1666.019999999999981,1708,1661.519999999999981,1696,1666,30,1.8007,27029.43999999999869,4562308.59900000039488
600519.SH,2023.06.13,1693.880000000000109,1704.609999999999899,1685,1699,1696,3,0.1769,14662.540000000000873,2485398.901999999769031
600519.SH,2023.06.14,1719,1734.240000000000009,1706.210000000000036,1726.880000000000109,1699,27.879999999999999,1.641,31505.799999999999272,5438040.355999999679625
600519.SH,2023.06.15,1730.339999999999918,1755.65000000000009,1723,1755,1726.880000000000109,28.120000000000001,1.6284,25222.569999999999708,4395900.802000000141561
600519.SH,2023.06.16,1757,1800,1750.099999999999909,1797.690000000000054,1755,42.689999999999997,2.4325,37917.889999999999417,6742301.360999999567866
600519.SH,2023.06.19,1790,1797.950000000000045,1738,1744,1797.690000000000054,-53.689999999999997,-2.9866,31699.919999999998253,5584248.72499999962747
600519.SH,2023.06.20,1740,1765,1735,1743.460000000000036,1744,-0.54,-0.031,20946.7400000000016,3659824.529000000096857
600519.SH,2023.06.21,1740,1756.599999999999909,1735,1735.829999999999927,1743.460000000000036,-7.63,-0.4376,17720.610000000000582,3088635.933999999891966
600519.SH,2023.06.26,1720.109999999999899,1730,1695,1709,1735.829999999999927,-26.829999999999998,-1.5457,23992.680000000000291,4098619.509999999776482
600519.SH,2023.06.27,1709.990000000000009,1719.700000000000045,1700.089999999999918,1711.049999999999954,1709,2.05,0.12,15174.459999999999126,2598138.743999999947845
600519.SH,2023.06.28,1713.180000000000063,1734,1711,1728.380000000000109,1711.049999999999954,17.329999999999998,1.0128,18573.560000000001309,3199294.220999999903142
600519.SH,2023.06.29,1731,1734.990000000000009,1713.00999999999999,1713.710000000000036,1728.380000000000109,-14.669999999999999,-0.8488,14231.159999999999854,2446524.134000000078231
600519.SH,2023.06.30,1700,1708.990000000000009,1686.480000000000018,1691,1687.799999999999954,3.2,0.1896,20458.68999999999869,3472586.729999999981373
600519.SH,2023.07.03,1699,1725.279999999999972,1692,1724.099999999999909,1691,33.100000000000001,1.9574,19139.090000000000145,3286737.791999999899417
600519.SH,2023.07.04,1724.200000000000045,1734.440000000000054,1718.079999999999927,1730.599999999999909,1724.099999999999909,6.5,0.377,12472.379999999999199,2155553.634999999776482
600519.SH,2023.07.05,1730,1731.970000000000027,1700,1715.380000000000109,1730.599999999999909,-15.22,-0.8795,14745.389999999999417,2523960.725000000093132
600519.SH,2023.07.06,1709.160000000000081,1733,1700,1702.980000000000018,1715.380000000000109,-12.4,-0.7229,15140.6200000000008,2589459.001999999862164
600519.SH,2023.07.07,1701,1708.990000000000009,1690,1690.029999999999972,1702.980000000000018,-12.949999999999999,-0.7604,15167.420000000000072,2571458.552999999839812
600519.SH,2023.07.10,1705,1714.960000000000036,1700,1700.90000000000009,1690.029999999999972,10.869999999999999,0.6432,13477.409999999999854,2298241.728000000119209
600519.SH,2023.07.11,1710,1715.170000000000072,1702.099999999999909,1710,1700.90000000000009,9.099999999999999,0.535,12582.700000000000727,2151079.270000000018626
600519.SH,2023.07.12,1713.039999999999963,1723,1711.329999999999927,1713.799999999999954,1710,3.8,0.2222,13284.670000000000072,2280785.350999999791383
600519.SH,2023.07.13,1721.990000000000009,1745.410000000000081,1719.00999999999999,1738.40000000000009,1713.799999999999954,24.600000000000001,1.4354,25806.540000000000873,4479772.5
600519.SH,2023.07.14,1756,1758.5,1741.200000000000045,1753,1738.40000000000009,14.599999999999999,0.8399,18550.299999999999272,3245530.254999999888241
600519.SH,2023.07.17,1751,1751,1726.599999999999909,1729.970000000000027,1753,-23.030000000000001,-1.3137,14336.479999999999563,2482069.845999999903142
600519.SH,2023.07.18,1733.579999999999927,1734.50999999999999,1721,1722.799999999999954,1729.970000000000027,-7.17,-0.4145,14737.649999999999636,2544005.063000000081956
600519.SH,2023.07.19,1715.00999999999999,1728,1713.799999999999954,1723,1722.799999999999954,0.2,0.0116,12483.219999999999345,2147704.435000000055879
600519.SH,2023.07.20,1727.990000000000009,1748.980000000000018,1722,1724,1723,1,0.058,16692.650000000001455,2897176.490000000223517
600519.SH,2023.07.21,1731.880000000000109,1772.5,1726,1771.299999999999954,1724,47.299999999999997,2.7436,39377.400000000001455,6931535.725999999791383
600519.SH,2023.07.24,1750.519999999999981,1771.15000000000009,1750.519999999999981,1771.15000000000009,1771.299999999999954,-0.15,-0.0085,19713.369999999998981,3476648.177000000141561
600519.SH,2023.07.25,1800,1828.880000000000109,1799.990000000000009,1828.549999999999954,1771.15000000000009,57.399999999999998,3.2408,43086.459999999999126,7837450.019000000320374
600519.SH,2023.07.26,1828.549999999999954,1835.990000000000009,1815.079999999999927,1828.549999999999954,1828.549999999999954,0,0,19611.450000000000727,3580171.484000000171363
600519.SH,2023.07.27,1836,1854.789999999999963,1828.700000000000045,1838.029999999999972,1828.549999999999954,9.48,0.5184,20340.430000000000291,3749635.290000000037252
600519.SH,2023.07.28,1832,1900,1828.00999999999999,1897,1838.029999999999972,58.969999999999998,3.2083,39017.919999999998253,7330314.111999999731779
600519.SH,2023.07.31,1908,1935,1874,1880.579999999999927,1897,-16.420000000000001,-0.8656,45378.610000000000582,8615279.838999999687075
600519.SH,2023.08.01,1878.00999999999999,1906.950000000000045,1877.8900000000001,1889,1880.579999999999927,8.419999999999999,0.4477,19230.619999999998981,3635857.282999999821186
600519.SH,2023.08.02,1883.40000000000009,1890,1866.799999999999954,1880,1889,-9,-0.4764,18508.720000000001164,3478674.239000000059604
600519.SH,2023.08.03,1870,1890,1850.5,1878.470000000000027,1880,-1.53,-0.0814,21543.470000000001164,4031087.705000000074505
600519.SH,2023.08.04,1887.819999999999936,1906.519999999999981,1882,1893.470000000000027,1878.470000000000027,15,0.7985,24573.639999999999417,4655813.751000000163912
600519.SH,2023.08.07,1880.950000000000045,1898,1871.029999999999972,1887.930000000000063,1893.470000000000027,-5.54,-0.2926,23892.450000000000727,4491893.139999999664723
600519.SH,2023.08.08,1880.029999999999972,1893.710000000000036,1864.079999999999927,1890,1887.930000000000063,2.07,0.1096,17736.180000000000291,3333559.504999999888241
600519.SH,2023.08.09,1890,1905,1882.960000000000036,1890.279999999999972,1890,0.28,0.0148,18523.459999999999126,3506306.393999999854713
600519.SH,2023.08.10,1882,1889,1862.299999999999954,1875,1890.279999999999972,-15.279999999999999,-0.8083,18436.18999999999869,3454219.140000000130385
600519.SH,2023.08.11,1885,1885.40000000000009,1833.880000000000109,1834,1875,-41,-2.1867,26786.4900000000016,4959166.751000000163912
600519.SH,2023.08.14,1810,1824.980000000000018,1796,1803,1834,-31,-1.6903,23731.18999999999869,4285362.053000000305473
600519.SH,2023.08.15,1809,1818,1801.00999999999999,1812.980000000000018,1803,9.98,0.5535,14817.989999999999781,2682125.118999999947845
600519.SH,2023.08.16,1807.579999999999927,1823.349999999999909,1806,1820,1812.980000000000018,7.02,0.3872,13184.30999999999949,2396261.791000000201165
600519.SH,2023.08.17,1806.079999999999927,1834,1801.549999999999954,1828.049999999999954,1820,8.05,0.4423,17290.369999999998981,3141408.018000000156462
600519.SH,2023.08.18,1831.990000000000009,1834.990000000000009,1802.589999999999918,1802.589999999999918,1828.049999999999954,-25.46,-1.3927,17023.340000000000145,3084761.577000000048428
600519.SH,2023.08.21,1793,1813.990000000000009,1790.069999999999936,1791,1802.589999999999918,-11.589999999999999,-0.643,18911.810000000001309,3405415.645000000018626
600519.SH,2023.08.22,1800.990000000000009,1802.559999999999945,1771.019999999999981,1788,1791,-3,-0.1675,26650.360000000000582,4763131.151999999769032
600519.SH,2023.08.23,1797,1800,1770.079999999999927,1774,1788,-14,-0.783,19912.220000000001164,3556178.583999999798834
600519.SH,2023.08.24,1779.61999999999989,1828,1775,1816.299999999999954,1774,42.299999999999997,2.3844,26055.090000000000145,4703417.59999999962747
600519.SH,2023.08.25,1808.789999999999963,1837.769999999999981,1806.00999999999999,1824.980000000000018,1816.299999999999954,8.679999999999999,0.4779,18830.860000000000582,3433296.756000000052154
600519.SH,2023.08.28,1898.579999999999927,1898.579999999999927,1831.880000000000109,1834.970000000000027,1824.980000000000018,9.99,0.5474,41052.12999999999738,7633221.012000000104308
600519.SH,2023.08.29,1828,1869.079999999999927,1828,1851.329999999999927,1834.970000000000027,16.359999999999999,0.8916,28950.279999999998835,5371260.173000000417232
600519.SH,2023.08.30,1867.90000000000009,1868,1843.660000000000081,1856,1851.329999999999927,4.67,0.2523,19811.810000000001309,3672570.259999999776482
600519.SH,2023.08.31,1860,1860,1841.00999999999999,1847,1856,-9,-0.4849,14820.219999999999345,2738445.518999999854713
600519.SH,2023.09.01,1852.829999999999927,1865.470000000000027,1846.029999999999972,1851.049999999999954,1847,4.05,0.2193,13145.190000000000509,2438622.737999999895691
600519.SH,2023.09.04,1862.599999999999909,1879.940000000000054,1853.529999999999972,1866,1851.049999999999954,14.949999999999999,0.8076,23871,4453823.216000000014901
600519.SH,2023.09.05,1868,1868,1856.799999999999954,1858.700000000000045,1866,-7.3,-0.3912,15658.739999999999781,2915625.961000000126659
600519.SH,2023.09.06,1858,1866.660000000000081,1849.00999999999999,1861,1858.700000000000045,2.3,0.1237,11121.430000000000291,2067605.989999999990686
600519.SH,2023.09.07,1852.599999999999909,1856.8900000000001,1831.190000000000054,1838,1861,-23,-1.2359,16981.569999999999708,3128587.115999999921768
600519.SH,2023.09.08,1834.940000000000054,1834.940000000000054,1814.950000000000045,1818.5,1838,-19.5,-1.0609,12211.780000000000654,2224338.143999999854713
600519.SH,2023.09.11,1808,1840,1808,1822.170000000000072,1818.5,3.67,0.2018,15926,2902617.736000000033527
600519.SH,2023.09.12,1826.599999999999909,1826.980000000000018,1816.019999999999981,1819.960000000000036,1822.170000000000072,-2.21,-0.1213,12168.010000000000218,2214514.11200000019744
600519.SH,2023.09.13,1829.920000000000072,1829.920000000000072,1800.049999999999954,1819.910000000000081,1819.960000000000036,-0.05,-0.0027,19501.430000000000291,3540583.632999999914318
600519.SH,2023.09.14,1822.529999999999972,1826.980000000000018,1806,1818.690000000000054,1819.910000000000081,-1.22,-0.067,17504.590000000000145,3180447.848000000230967
600519.SH,2023.09.15,1819,1819.779999999999972,1781.299999999999954,1781.990000000000009,1818.690000000000054,-36.700000000000002,-2.0179,28431.459999999999126,5105749.076999999582767
600519.SH,2023.09.18,1776.309999999999945,1829.5,1773,1829.200000000000045,1781.990000000000009,47.21,2.6493,32558.919999999998253,5905121
600519.SH,2023.09.19,1822.200000000000045,1829,1808,1826.940000000000054,1829.200000000000045,-2.26,-0.1236,14989.5,2727858.953000000212341
600519.SH,2023.09.20,1822,1830,1818.049999999999954,1824,1826.940000000000054,-2.94,-0.1609,12501.780000000000654,2281583.949000000022351
600519.SH,2023.09.21,1818.00999999999999,1822,1798.3900000000001,1798.3900000000001,1824,-25.609999999999999,-1.4041,19489.18999999999869,3521486.754999999888241
600519.SH,2023.09.22,1805.630000000000109,1849.960000000000036,1792.410000000000081,1849,1798.3900000000001,50.609999999999999,2.8142,34390.459999999999126,6287832.575000000186264
600519.SH,2023.09.25,1847.5,1848,1826.589999999999918,1832.380000000000109,1849,-16.62,-0.8989,13979.129999999999199,2565773.541000000201165
600519.SH,2023.09.26,1828,1834.880000000000109,1813.099999999999909,1816,1832.380000000000109,-16.379999999999998,-0.8939,15761.959999999999126,2870852.362999999895691
600519.SH,2023.09.27,1815,1833.5,1802.799999999999954,1814,1816,-2,-0.1101,20879.93999999999869,3791876.118999999947845
600519.SH,2023.09.28,1824.980000000000018,1824.980000000000018,1797.799999999999954,1798.549999999999954,1814,-15.449999999999999,-0.8517,20537.840000000000145,3704812.959999999962747
600519.SH,2023.10.09,1796.940000000000054,1796.940000000000054,1764.90000000000009,1777,1798.549999999999954,-21.55,-1.1982,29762.680000000000291,5279950.406000000424683
600519.SH,2023.10.10,1782.8900000000001,1798.980000000000018,1768,1770,1777,-7,-0.3939,20283.919999999998253,3615557.182000000029802
600519.SH,2023.10.11,1784.65000000000009,1784.65000000000009,1768,1778.5,1770,8.5,0.4802,21944.860000000000582,3896568.648000000044703
600519.SH,2023.10.12,1797.90000000000009,1798.230000000000018,1777.200000000000045,1786,1778.5,7.5,0.4217,14865.069999999999708,2657095.941999999806284
600519.SH,2023.10.13,1770.880000000000109,1778.00999999999999,1738.190000000000054,1751,1786,-35,-1.9597,25027.880000000001018,4387687.934000000357627
600519.SH,2023.10.16,1750.980000000000018,1756,1722.450000000000045,1729.90000000000009,1751,-21.100000000000001,-1.205,20789.650000000001455,3603604.609999999869614
600519.SH,2023.10.17,1739,1739.440000000000054,1716,1726,1729.90000000000009,-3.9,-0.2254,14945.229999999999563,2577312.288000000175088
600519.SH,2023.10.18,1718.799999999999954,1742,1717.180000000000063,1728,1726,2,0.1159,20317.5,3511987.513999999966472
600519.SH,2023.10.19,1700,1700.029999999999972,1626.029999999999972,1630,1728,-98,-5.6713,73492.369999999995343,12146921.768999999389052
600519.SH,2023.10.20,1630,1655,1616.25,1645,1630,15,0.9202,45376.010000000002037,7421390.805999999865889
600519.SH,2023.10.23,1629.970000000000027,1660,1621.599999999999909,1643.980000000000018,1645,-1.02,-0.062,25234.229999999999563,4138279.587999999988824
600519.SH,2023.10.24,1648,1653.359999999999899,1621.210000000000036,1642.950000000000045,1643.980000000000018,-1.03,-0.0627,29861.459999999999126,4894807.61699999962002
600519.SH,2023.10.25,1670.109999999999899,1698,1667.019999999999981,1677.5,1642.950000000000045,34.549999999999997,2.1029,36178.980000000003201,6075417.064000000245869
600519.SH,2023.10.26,1667,1688,1662.00999999999999,1672.230000000000018,1677.5,-5.27,-0.3142,22386.349999999998544,3741418.873999999836087
600519.SH,2023.10.27,1664,1691.880000000000109,1660.599999999999909,1676.710000000000036,1672.230000000000018,4.480000000000001,0.2679,34262.389999999999417,5754795.485999999567866
600519.SH,2023.10.30,1669,1688.880000000000109,1669,1681,1676.710000000000036,4.29,0.2559,24086.419999999998253,4050573.177999999839812
600519.SH,2023.10.31,1680,1690,1667.849999999999909,1684.579999999999927,1681,3.58,0.213,19858.770000000000436,3335804.699000000022351
600519.SH,2023.11.01,1850,1850,1773.789999999999963,1780.990000000000009,1684.579999999999927,96.409999999999996,5.7231,93143.080000000001746,16747292.688999999314546
600519.SH,2023.11.02,1795,1795,1776.059999999999945,1779.5,1780.990000000000009,-1.49,-0.0837,27907.639999999999417,4982090.752999999560415
600519.SH,2023.11.03,1780,1814.8900000000001,1774,1811.240000000000009,1779.5,31.739999999999998,1.7836,30176,5433116.881000000052154
600519.SH,2023.11.06,1820,1823.789999999999963,1801.11999999999989,1812,1811.240000000000009,0.76,0.042,25523.919999999998253,4624102.375
600519.SH,2023.11.07,1805,1810,1784.079999999999927,1791.170000000000072,1812,-20.829999999999998,-1.1496,19581.590000000000145,3511590.027999999932944
600519.SH,2023.11.08,1784.049999999999954,1803.799999999999954,1782.86999999999989,1798.339999999999918,1791.170000000000072,7.17,0.4003,14545.670000000000072,2610041.958999999798834
600519.SH,2023.11.09,1790.109999999999899,1799,1783,1794.109999999999899,1798.339999999999918,-4.230000000000001,-0.2352,12800.479999999999563,2291996.81900000013411
600519.SH,2023.11.10,1780.549999999999954,1788,1773.099999999999909,1775.839999999999918,1794.109999999999899,-18.269999999999999,-1.0183,16465.569999999999708,2928380.668000000063329
600519.SH,2023.11.13,1772.279999999999972,1784.880000000000109,1756.980000000000018,1764,1775.839999999999918,-11.839999999999999,-0.6667,18369.950000000000727,3244573.62099999981001
600519.SH,2023.11.14,1764,1774.990000000000009,1760.00999999999999,1765.269999999999981,1764,1.27,0.072,12816.75,2263963.95699999993667
600519.SH,2023.11.15,1779,1782.8900000000001,1767,1772.930000000000063,1765.269999999999981,7.660000000000001,0.4339,18434.860000000000582,3271230.274999999906867
600519.SH,2023.11.16,1774,1776,1760.049999999999954,1760.049999999999954,1772.930000000000063,-12.88,-0.7265,12557.569999999999708,2215937.273000000044703
600519.SH,2023.11.17,1752,1759,1737.90000000000009,1753.420000000000072,1760.049999999999954,-6.63,-0.3767,21713.630000000001018,3793781.118999999947845
600519.SH,2023.11.20,1755,1769.5,1736.660000000000081,1762.5,1753.420000000000072,9.08,0.5178,18608.040000000000873,3265514.009999999776482
600519.SH,2023.11.21,1783.420000000000072,1798,1770.099999999999909,1790,1762.5,27.5,1.5603,30098.450000000000727,5383107.809999999590218
600519.SH,2023.11.22,1783.299999999999954,1794.349999999999909,1780.539999999999963,1781.50999999999999,1790,-8.49,-0.4743,12664.569999999999708,2263460.166999999899417
600519.SH,2023.11.23,1778.299999999999954,1788,1771,1786,1781.50999999999999,4.490000000000001,0.252,11549.639999999999417,2055272.192999999970197
600519.SH,2023.11.24,1789,1789,1775,1777,1786,-9,-0.5039,13085.399999999999636,2329345.657999999821186
600519.SH,2023.11.27,1773.299999999999954,1773.299999999999954,1755,1763,1777,-14,-0.7878,16260.739999999999781,2865075.217000000178813
600519.SH,2023.11.28,1761,1773.880000000000109,1758,1769.039999999999963,1763,6.04,0.3426,14519.760000000000218,2562905.658999999985098
600519.SH,2023.11.29,1768,1776,1758,1774.710000000000036,1769.039999999999963,5.67,0.3205,17149.330000000001746,3034175.614000000059604
600519.SH,2023.11.30,1776.720000000000027,1794.75999999999999,1771.079999999999927,1791.5,1774.710000000000036,16.789999999999999,0.9461,21353.419999999998253,3817513.544999999925494
600519.SH,2023.12.01,1789.309999999999945,1789.700000000000045,1748,1760.279999999999972,1791.5,-31.219999999999998,-1.7427,33051.309999999997671,5830850.110999999567866
600519.SH,2023.12.04,1760.279999999999972,1761.829999999999927,1745.279999999999972,1750.710000000000036,1760.279999999999972,-9.57,-0.5437,18440.470000000001164,3233102.117999999783933
600519.SH,2023.12.05,1748.779999999999972,1748.880000000000109,1708.019999999999981,1709,1750.710000000000036,-41.71,-2.3825,29903.009999999998399,5168983.316999999806284
600519.SH,2023.12.06,1702.630000000000109,1719.470000000000027,1701.130000000000109,1703,1709,-6,-0.3511,23851.290000000000873,4078003.02199999988079
600519.SH,2023.12.07,1704,1709.079999999999927,1687.299999999999954,1700,1703,-3,-0.1762,25041.5,4249170.906000000424682
600519.SH,2023.12.08,1700,1708.839999999999918,1692.220000000000027,1704.920000000000072,1700,4.92,0.2894,26288.009999999998399,4474160.126000000163912
600519.SH,2023.12.11,1690,1704,1657,1698,1704.920000000000072,-6.92,-0.4059,36830.980000000003201,6172810.247999999672174
600519.SH,2023.12.12,1687.599999999999909,1709.990000000000009,1684,1709.990000000000009,1698,11.99,0.7061,21010.659999999999854,3564305.865999999921768
600519.SH,2023.12.13,1705.220000000000027,1705.720000000000027,1657.079999999999927,1660,1709.990000000000009,-49.990000000000001,-2.9234,38788.699999999997089,6480807.5
600519.SH,2023.12.14,1665.960000000000036,1669.86999999999989,1635.019999999999981,1635.90000000000009,1660,-24.100000000000001,-1.4518,40672.150000000001455,6703240.106999999843537
600519.SH,2023.12.15,1648.230000000000018,1677.769999999999981,1644.00999999999999,1645,1635.90000000000009,9.099999999999999,0.5563,37092.510000000002037,6140791.725999999791383
600519.SH,2023.12.18,1640,1663.329999999999927,1635,1662,1645,17,1.0334,19897.340000000000145,3292194.757000000216066
600519.SH,2023.12.19,1665,1679.86999999999989,1645.089999999999918,1675,1662,13,0.7822,22206.759999999998399,3706057.586999999824911
600519.SH,2023.12.20,1658,1660,1643,1649.789999999999963,1655.8900000000001,-6.1,-0.3684,23092.029999999998835,3816133.219000000040978
600519.SH,2023.12.21,1640.00999999999999,1672.319999999999936,1640.00999999999999,1670,1649.789999999999963,20.21,1.225,29011.680000000000291,4827827.88800000026822
600519.SH,2023.12.22,1669.700000000000045,1679.099999999999909,1658.00999999999999,1670.65000000000009,1670,0.65,0.0389,21666.840000000000145,3613238.325000000186264
600519.SH,2023.12.25,1671,1678.599999999999909,1668,1672,1670.65000000000009,1.35,0.0808,12471.05999999999949,2086014.389999999897554
600519.SH,2023.12.26,1672.5,1674.90000000000009,1657.5,1670,1672,-2,-0.1196,14771.260000000000218,2457177.339000000152736
600519.SH,2023.12.27,1668,1677.15000000000009,1661,1667.059999999999945,1670,-2.94,-0.176,16055.5,2679221.365000000223517
600519.SH,2023.12.28,1670.990000000000009,1727.990000000000009,1667.059999999999945,1724.990000000000009,1667.059999999999945,57.929999999999999,3.475,38338.059999999997671,6537401.379999999888241
600519.SH,2023.12.29,1720,1749.579999999999927,1720,1726,1724.990000000000009,1.01,0.0586,27538.680000000000291,4768857.531000000424683
600519.SH,2024.01.02,1715,1718.190000000000054,1678.099999999999909,1685.00999999999999,1726,-40.990000000000001,-2.3749,32156.43999999999869,5440082.548000000417232
600519.SH,2024.01.03,1681.109999999999899,1695.220000000000027,1676.329999999999927,1694,1685.00999999999999,8.99,0.5335,20229.290000000000873,3411400.666999999899417
600519.SH,2024.01.04,1693,1693,1662.930000000000063,1669,1694,-25,-1.4758,21551.069999999999708,3603970.14699999988079
600519.SH,2024.01.05,1661.329999999999927,1678.660000000000081,1652.109999999999899,1663.359999999999899,1669,-5.64,-0.3379,20242.860000000000582,3373155.626999999862164
600519.SH,2024.01.08,1661,1662,1640.00999999999999,1643.990000000000009,1663.359999999999899,-19.370000000000001,-1.1645,25586.200000000000727,4211918.628999999724328
600519.SH,2024.01.09,1641.00999999999999,1652.319999999999936,1635.069999999999936,1641,1643.990000000000009,-2.99,-0.1819,24412.040000000000873,4009826.49599999981001
600519.SH,2024.01.10,1641.099999999999909,1659.460000000000036,1638,1641.5,1641,0.5,0.0305,17350.669999999998253,2856120.717999999877065
600519.SH,2024.01.11,1640.099999999999909,1657.940000000000054,1638.059999999999945,1646.569999999999936,1641.5,5.070000000000001,0.3089,16440.549999999999272,2708764.5
600519.SH,2024.01.12,1639.970000000000027,1651.25999999999999,1639.40000000000009,1643.059999999999945,1646.569999999999936,-3.51,-0.2132,11603.239999999999781,1908084.611999999964609
600519.SH,2024.01.15,1635,1654.970000000000027,1634.450000000000045,1640,1643.059999999999945,-3.06,-0.1862,17854.029999999998835,2931202.342999999877065
600519.SH,2024.01.16,1638.5,1647,1624.940000000000054,1639.430000000000063,1640,-0.57,-0.0348,25903.139999999999417,4236042.959999999962747
600519.SH,2024.01.17,1630,1635.480000000000018,1577,1577,1639.430000000000063,-62.429999999999999,-3.808,51632.760000000002037,8251735.591000000014901
600519.SH,2024.01.18,1574,1612.799999999999954,1555.549999999999954,1610.86999999999989,1577,33.869999999999997,2.1477,60439.809999999997671,9566349.514000000432133
600519.SH,2024.01.19,1608.86999999999989,1638.00999999999999,1600.880000000000109,1635,1610.86999999999989,24.129999999999998,1.4979,46378.430000000000291,7550144.389000000432133
600519.SH,2024.01.22,1629,1643,1618.880000000000109,1642,1635,7,0.4281,46945.889999999999417,7678297.836000000126659
600519.SH,2024.01.23,1632.00999999999999,1639.950000000000045,1609,1619,1642,-23,-1.4007,34834.900000000001455,5659457.115000000223517
600519.SH,2024.01.24,1629,1633.839999999999918,1603.559999999999945,1626,1619,7,0.4324,33216.349999999998544,5373603.70299999974668
600519.SH,2024.01.25,1626.819999999999936,1641,1622,1638,1626,12,0.738,31205.799999999999272,5094508.165000000037252
600519.SH,2024.01.26,1630.359999999999899,1644.099999999999909,1623,1637.319999999999936,1638,-0.68,-0.0415,26954.75,4402111.882000000216066
600519.SH,2024.01.29,1640.299999999999954,1660.579999999999927,1640.289999999999963,1650,1637.319999999999936,12.679999999999999,0.7744,31420.680000000000291,5189014.946000000461935
600519.SH,2024.01.30,1649.980000000000018,1649.980000000000018,1610,1613,1650,-37,-2.2424,30866.330000000001746,5010784.453999999910593
600519.SH,2024.01.31,1613,1619.970000000000027,1598.130000000000109,1604.910000000000081,1613,-8.089999999999999,-0.5015,29649.119999999998981,4770104.890999999828636
600519.SH,2024.02.01,1605.5,1623.8900000000001,1601,1610.029999999999972,1604.910000000000081,5.120000000000001,0.319,26485.150000000001455,4272298.576000000350177
600519.SH,2024.02.02,1615,1627.779999999999972,1581,1596,1610.029999999999972,-14.029999999999999,-0.8714,39382.019999999996798,6336691.19400000013411
600519.SH,2024.02.05,1596,1637.440000000000054,1595.25,1630.00999999999999,1596,34.009999999999998,2.131,53130.360000000000582,8590683.071000000461935
600519.SH,2024.02.06,1630.00999999999999,1685.480000000000018,1626.099999999999909,1676,1630.00999999999999,45.990000000000001,2.8215,52472.040000000000873,8740646.587999999523162
600519.SH,2024.02.07,1681.029999999999972,1714.589999999999918,1661.609999999999899,1710.990000000000009,1676,34.990000000000001,2.0877,52601.069999999999708,8899606.867000000551342
600519.SH,2024.02.08,1720.00999999999999,1725,1685,1706,1710.990000000000009,-4.990000000000001,-0.2916,46756.540000000000873,7953438.043999999761581
600519.SH,2024.02.19,1737.86999999999989,1737.930000000000063,1688,1695.430000000000063,1706,-10.57,-0.6196,36977.440000000002328,6288277.980000000447034
600519.SH,2024.02.20,1697.359999999999899,1697.359999999999899,1656.559999999999945,1670,1695.430000000000063,-25.429999999999999,-1.4999,34470.069999999999708,5755266.893000000156462
600519.SH,2024.02.21,1666.019999999999981,1731,1662,1717.660000000000081,1670,47.659999999999996,2.8539,46154.069999999999708,7868784.082000000402331
600519.SH,2024.02.22,1707.5,1723.00999999999999,1700.529999999999972,1718.380000000000109,1717.660000000000081,0.72,0.0419,22793.610000000000582,3905984.694999999832361
600519.SH,2024.02.23,1711.109999999999899,1724.380000000000109,1700.019999999999981,1714.089999999999918,1718.380000000000109,-4.29,-0.2497,27305.889999999999417,4670706.950000000186264
600519.SH,2024.02.26,1708,1708.740000000000009,1685.019999999999981,1694.980000000000018,1714.089999999999918,-19.109999999999999,-1.1149,27318.319999999999708,4625594.408999999985098
600519.SH,2024.02.27,1683,1692.920000000000072,1678,1689.5,1694.980000000000018,-5.480000000000001,-0.3233,22079.849999999998544,3718478.35800000000745
600519.SH,2024.02.28,1688.920000000000072,1696.569999999999936,1674.00999999999999,1681.549999999999954,1689.5,-7.950000000000001,-0.4706,31867.310000000001309,5371312.847000000067055
600519.SH,2024.02.29,1681.549999999999954,1696.5,1679.200000000000045,1695,1681.549999999999954,13.449999999999999,0.7999,24758.330000000001746,4184917.973000000230968
600519.SH,2024.03.01,1690,1694.970000000000027,1676.680000000000063,1685.059999999999945,1695,-9.939999999999999,-0.5864,26867.959999999999126,4526845.398000000044703
600519.SH,2024.03.04,1679,1680.990000000000009,1670.049999999999954,1676.299999999999954,1685.059999999999945,-8.759999999999999,-0.5199,26484.770000000000436,4434401.014999999664723
600519.SH,2024.03.05,1670.809999999999945,1697,1666.680000000000063,1695.099999999999909,1676.299999999999954,18.8,1.1215,36238.370000000002619,6102136.582000000402331
600519.SH,2024.03.06,1691,1695,1678.019999999999981,1680.549999999999954,1695.099999999999909,-14.55,-0.8584,22142.479999999999563,3725582.802000000141561
600519.SH,2024.03.07,1680,1689.799999999999954,1678,1683.630000000000109,1680.549999999999954,3.08,0.1833,21599.119999999998981,3633934.774000000208616
600519.SH,2024.03.08,1680.559999999999945,1686.680000000000063,1670.049999999999954,1671.430000000000063,1683.630000000000109,-12.199999999999999,-0.7246,22156.229999999999563,3710678.52199999988079
600519.SH,2024.03.11,1675,1698.880000000000109,1673.180000000000063,1694.490000000000009,1671.430000000000063,23.059999999999998,1.3797,29895.090000000000145,5048394.347000000067055
600519.SH,2024.03.12,1693.940000000000054,1749.099999999999909,1690.5,1745,1694.490000000000009,50.509999999999997,2.9808,54226.540000000000873,9393309.051999999210238
600519.SH,2024.03.13,1739.970000000000027,1748,1720.099999999999909,1727.450000000000045,1745,-17.55,-1.0057,26499.540000000000873,4588879.419999999925494
600519.SH,2024.03.14,1719,1734.839999999999918,1711.5,1716.630000000000109,1727.450000000000045,-10.82,-0.6264,19404.790000000000873,3338768.308000000193715
600519.SH,2024.03.15,1712.5,1732.40000000000009,1712,1717.490000000000009,1716.630000000000109,0.86,0.0501,17833.580000000001746,3066692.399000000208616
600519.SH,2024.03.18,1715,1719.849999999999909,1699,1708.25999999999999,1717.490000000000009,-9.23,-0.5374,26055.009999999998399,4446059.129999999888241
600519.SH,2024.03.19,1703,1719.940000000000054,1693.109999999999899,1708.019999999999981,1708.25999999999999,-0.24,-0.014,23947.529999999998835,4093701.260999999940395
600519.SH,2024.03.20,1703.359999999999899,1713.680000000000063,1700.230000000000018,1709.599999999999909,1708.019999999999981,1.58,0.0925,15249.25,2604543.856000000145286
600519.SH,2024.03.21,1708.099999999999909,1719,1704.5,1709,1709.599999999999909,-0.6,-0.0351,16595.970000000001164,2839332.631000000052154
600519.SH,2024.03.22,1705.029999999999972,1708.990000000000009,1688,1701.349999999999909,1709,-7.650000000000001,-0.4476,25456.139999999999417,4318592.817999999970197
600519.SH,2024.03.25,1698.539999999999963,1698.769999999999981,1680.579999999999927,1689.00999999999999,1701.349999999999909,-12.339999999999999,-0.7253,24472.849999999998544,4131446.23700000019744
600519.SH,2024.03.26,1687.460000000000036,1712.799999999999954,1687.460000000000036,1709.289999999999963,1689.00999999999999,20.280000000000001,1.2007,28069.069999999999708,4782899.074000000022351
600519.SH,2024.03.27,1705,1712,1699,1701,1709.289999999999963,-8.289999999999999,-0.485,18112.580000000001746,3087792.979999999981373
600519.SH,2024.03.28,1695,1718,1693.200000000000045,1701.6400000000001,1701,0.64,0.0376,24642.180000000000291,4201857.059000000357627
600519.SH,2024.03.29,1701.6400000000001,1710.990000000000009,1698.099999999999909,1702.90000000000009,1701.6400000000001,1.26,0.074,13456.549999999999272,2290584.416999999899417
600519.SH,2024.04.01,1709.990000000000009,1734,1708.700000000000045,1721.329999999999927,1702.90000000000009,18.429999999999999,1.0823,27131.369999999998981,4679371.035000000149011
600519.SH,2024.04.02,1722,1724.990000000000009,1705.049999999999954,1713.990000000000009,1721.329999999999927,-7.34,-0.4264,25449.25,4360973.684000000357627
600519.SH,2024.04.03,1734,1739.440000000000054,1710.019999999999981,1715.109999999999899,1713.990000000000009,1.12,0.0653,29045.799999999999272,5002390.042000000365078
600519.SH,2024.04.08,1695,1696,1662.599999999999909,1666.660000000000081,1715.109999999999899,-48.450000000000002,-2.8249,59166.589999999996507,9907355.766000000759959
600519.SH,2024.04.09,1660.670000000000072,1673,1658.450000000000045,1662.220000000000027,1666.660000000000081,-4.440000000000001,-0.2664,25589.819999999999708,4256226.332999999634921
600519.SH,2024.04.10,1662.269999999999981,1664.990000000000009,1645,1647.980000000000018,1662.220000000000027,-14.24,-0.8567,27630.5,4562853.879999999888241
600519.SH,2024.04.11,1640.109999999999899,1650,1634.690000000000054,1648,1647.980000000000018,0.02,0.0012,22766.2400000000016,3736417.595000000204891
600519.SH,2024.04.12,1651,1664,1634.029999999999972,1634.029999999999972,1648,-13.97,-0.8477,26744.330000000001746,4403968.128999999724328
600519.SH,2024.04.15,1635.00999999999999,1675.609999999999899,1634.980000000000018,1672.980000000000018,1634.029999999999972,38.950000000000002,2.3837,35817.709999999999126,5960815.531999999657273
600519.SH,2024.04.16,1665.490000000000009,1679.559999999999945,1659,1670,1672.980000000000018,-2.98,-0.1781,26266.229999999999563,4382796.962000000290572
600519.SH,2024.04.17,1668,1675.200000000000045,1658,1667,1670,-3,-0.1796,24819.110000000000582,4130322.018000000156462
600519.SH,2024.04.18,1659.00999999999999,1682.980000000000018,1658.180000000000063,1670.779999999999972,1667,3.78,0.2268,26568.409999999999854,4445487.745000000111758
600519.SH,2024.04.19,1660.779999999999972,1668.5,1641.279999999999972,1646.6400000000001,1670.779999999999972,-24.14,-1.4448,23499.919999999998253,3879233.242000000085681
600519.SH,2024.04.22,1654,1678.880000000000109,1645,1675.059999999999945,1646.6400000000001,28.420000000000001,1.7259,29951.389999999999417,5001684.634999999776482
600519.SH,2024.04.23,1675,1695,1675,1692.279999999999972,1675.059999999999945,17.219999999999998,1.028,24979.950000000000727,4217855.279000000096857
600519.SH,2024.04.24,1696.980000000000018,1699.910000000000081,1683.329999999999927,1693.599999999999909,1692.279999999999972,1.32,0.078,17086.430000000000291,2893555.634999999776482
600519.SH,2024.04.25,1690.329999999999927,1695.599999999999909,1682.25,1693.039999999999963,1693.599999999999909,-0.56,-0.0331,14476.479999999999563,2447183.879000000189989
600519.SH,2024.04.26,1694,1714,1693.980000000000018,1709.430000000000063,1693.039999999999963,16.39,0.9681,30995.919999999998253,5290248.520999999716877
600519.SH,2024.04.29,1696.950000000000045,1728,1693.819999999999936,1704,1709.430000000000063,-5.43,-0.3176,41332.230000000003201,7072096.589999999850988
600519.SH,2024.04.30,1705.00999999999999,1729.880000000000109,1705,1705,1704,1,0.0587,30759.889999999999417,5273902.373999999836087
600519.SH,2024.05.06,1733.970000000000027,1765,1727,1760.200000000000045,1705,55.200000000000002,3.2375,59909.489999999997962,10504351.71199999935925
600519.SH,2024.05.07,1765.789999999999963,1777.799999999999954,1756.680000000000063,1770,1760.200000000000045,9.8,0.5568,24924.520000000000436,4413196.425999999977648
600519.SH,2024.05.08,1769.690000000000054,1769.970000000000027,1755.670000000000072,1763.970000000000027,1770,-6.030000000000001,-0.3407,14769.090000000000145,2603293.862999999895691
600519.SH,2024.05.09,1758,1764.980000000000018,1750,1756,1763.970000000000027,-7.97,-0.4518,22387.340000000000145,3929804.848999999929219
600519.SH,2024.05.10,1761.099999999999909,1767.880000000000109,1733.990000000000009,1738.980000000000018,1756,-17.019999999999999,-0.9692,26206.610000000000582,4571398.24199999962002
600519.SH,2024.05.13,1732.019999999999981,1732.660000000000081,1701.220000000000027,1706,1738.980000000000018,-32.979999999999996,-1.8965,37662.120000000002619,6435415.673999999649822
600519.SH,2024.05.14,1705.990000000000009,1713.269999999999981,1700.00999999999999,1701.980000000000018,1706,-4.02,-0.2356,21274.169999999998253,3623282.671999999787658
600519.SH,2024.05.15,1702.579999999999927,1708,1698.589999999999918,1700,1701.980000000000018,-1.98,-0.1163,15738.760000000000218,2677203.001999999862164
600519.SH,2024.05.16,1705,1709.880000000000109,1690,1704.5,1700,4.5,0.2647,29679.540000000000873,5048754.769000000320374
600519.SH,2024.05.17,1700.00999999999999,1716.579999999999927,1700,1715,1704.5,10.5,0.616,28923.880000000001018,4936920.633999999612569
600519.SH,2024.05.20,1717.990000000000009,1732.990000000000009,1708.109999999999899,1709,1715,-6,-0.3499,31425.720000000001164,5401389.334999999962747
600519.SH,2024.05.21,1708,1709.730000000000018,1698.160000000000081,1705,1709,-4,-0.2341,16293.389999999999417,2776847.498999999836087
600519.SH,2024.05.22,1703,1709.960000000000036,1691,1697.710000000000036,1705,-7.29,-0.4276,20285.680000000000291,3443977.766999999992549
600519.SH,2024.05.23,1700,1706.380000000000109,1690.079999999999927,1692.00999999999999,1697.710000000000036,-5.700000000000001,-0.3357,18884.970000000001164,3199923.319999999832361
600519.SH,2024.05.24,1693,1695,1677,1677.079999999999927,1692.00999999999999,-14.929999999999999,-0.8824,20216.630000000001018,3401323.915000000037252
600519.SH,2024.05.27,1678,1687.450000000000045,1668.00999999999999,1670.11999999999989,1677.079999999999927,-6.96,-0.415,25097.909999999999854,4199001.86600000038743
600519.SH,2024.05.28,1670.40000000000009,1675.170000000000072,1663,1664.6400000000001,1670.11999999999989,-5.480000000000001,-0.3281,23520.869999999998981,3923020.375
600519.SH,2024.05.29,1666,1680,1665,1674,1664.6400000000001,9.359999999999999,0.5623,19651.279999999998835,3289173.34500000020489
600519.SH,2024.05.30,1675,1675.380000000000109,1649,1649,1674,-25,-1.4934,32207.919999999998253,5333306.808000000193715
600519.SH,2024.05.31,1650.5,1663.5,1648.450000000000045,1648.450000000000045,1649,-0.55,-0.0334,21856.650000000001455,3617654.788000000175088
600519.SH,2024.06.03,1650,1650.920000000000072,1635.109999999999899,1639.3900000000001,1648.450000000000045,-9.06,-0.5496,30261.049999999999272,4966041.476999999955296
600519.SH,2024.06.04,1640.5,1656,1636.549999999999954,1653.200000000000045,1639.3900000000001,13.81,0.8424,20841.080000000001746,3432497.302999999839812
600519.SH,2024.06.05,1652,1658.680000000000063,1643.029999999999972,1644,1653.200000000000045,-9.199999999999999,-0.5565,19055.569999999999708,3140824.328000000212341
600519.SH,2024.06.06,1643.660000000000081,1651.990000000000009,1635.910000000000081,1639.809999999999945,1644,-4.190000000000001,-0.2549,25610.049999999999272,4205700.98300000000745
600519.SH,2024.06.07,1646.130000000000109,1646.180000000000063,1619.00999999999999,1619.180000000000063,1639.809999999999945,-20.629999999999999,-1.2581,33524.55000000000291,5453120.695000000298023
600519.SH,2024.06.11,1602.990000000000009,1605,1567,1569,1619.180000000000063,-50.179999999999999,-3.0991,70246.759999999994761,11090577.609999999403953
600519.SH,2024.06.12,1570,1590,1570,1571.680000000000063,1569,2.68,0.1708,33170.5,5230086.502999999560415
600519.SH,2024.06.13,1576.769999999999981,1576.8900000000001,1553.15000000000009,1555.00999999999999,1571.680000000000063,-16.670000000000001,-1.0606,36185.970000000001164,5654938.941999999806284
600519.SH,2024.06.14,1555,1563.960000000000036,1520.460000000000036,1555,1555.00999999999999,-0.01,-0.0006,59514.160000000003492,9177637.167999999597668
600519.SH,2024.06.17,1532.289999999999963,1548.769999999999981,1511.00999999999999,1541.5,1555,-13.5,-0.8682,48318.160000000003492,7400883.242999999783933
600519.SH,2024.06.18,1530.8900000000001,1554.539999999999963,1516.680000000000063,1521.5,1541.5,-20,-1.2974,41258.25,6317590.942999999970197
600519.SH,2024.06.19,1497.990000000000009,1504,1482.099999999999909,1501,1490.61999999999989,10.38,0.6964,41261.529999999998835,6167728.416000000201165
600519.SH,2024.06.20,1500,1516.00999999999999,1498,1500.099999999999909,1501,-0.9,-0.06,24710.680000000000291,3715924.984000000171363
600519.SH,2024.06.21,1500.5,1504.980000000000018,1470.220000000000027,1471,1500.099999999999909,-29.100000000000001,-1.9399,43319.970000000001164,6418543.74199999962002
600519.SH,2024.06.24,1423,1488.990000000000009,1414.00999999999999,1476.549999999999954,1471,5.55,0.3773,63839.930000000000291,9319362.390000000596046
600519.SH,2024.06.25,1477,1502.990000000000009,1477,1486.65000000000009,1476.549999999999954,10.099999999999999,0.684,42097.949999999997089,6273919.385999999940395
600519.SH,2024.06.26,1480,1501.069999999999936,1477.799999999999954,1489.220000000000027,1486.65000000000009,2.57,0.1729,29569.770000000000436,4414601.922000000253319
600519.SH,2024.06.27,1492,1493.970000000000027,1468,1490.490000000000009,1489.220000000000027,1.27,0.0853,32821.779999999998835,4857959.457000000402331
600519.SH,2024.06.28,1480,1494.490000000000009,1464,1467.3900000000001,1490.490000000000009,-23.100000000000001,-1.5498,38582.019999999996798,5699649.047000000253319
600519.SH,2024.07.01,1468.880000000000109,1472.990000000000009,1428,1440.380000000000109,1467.3900000000001,-27.010000000000001,-1.8407,32161.380000000001018,4636689.117999999783933
600519.SH,2024.07.02,1433,1498,1433,1490.700000000000045,1440.380000000000109,50.32,3.4935,51852.980000000003201,7659166.815999999642372
600519.SH,2024.07.03,1499,1513.00999999999999,1488.019999999999981,1500,1490.700000000000045,9.3,0.6239,31573.259999999998399,4740808.129999999888241
600519.SH,2024.07.04,1505,1512,1481.130000000000109,1485.740000000000009,1500,-14.259999999999999,-0.9507,24379.729999999999563,3637968.895000000018626
600519.SH,2024.07.05,1479,1493.180000000000063,1450,1453,1485.740000000000009,-32.740000000000002,-2.2036,38829.37999999999738,5664477.336000000126659
600519.SH,2024.07.08,1443,1457.769999999999981,1419.1400000000001,1420,1453,-33,-2.2712,39527.05000000000291,5657951.348000000230967
600519.SH,2024.07.09,1420,1454.8900000000001,1410.099999999999909,1438.029999999999972,1420,18.030000000000001,1.2697,33620.709999999999126,4807957.927000000141561
600519.SH,2024.07.10,1439.25,1465.880000000000109,1435,1437.589999999999918,1438.029999999999972,-0.44,-0.0306,23763.220000000001164,3436693.365000000223517
600519.SH,2024.07.11,1449.970000000000027,1469,1440.210000000000036,1462.089999999999918,1437.589999999999918,24.5,1.7042,29020.139999999999417,4236960.595999999903142
600519.SH,2024.07.12,1473.00999999999999,1486.40000000000009,1465.450000000000045,1478.819999999999936,1462.089999999999918,16.73,1.1443,23386.340000000000145,3451132.648000000044703
600519.SH,2024.07.15,1470,1488,1470,1474.90000000000009,1478.819999999999936,-3.92,-0.2651,19176.259999999998399,2835374.729999999981373
600519.SH,2024.07.16,1476,1482,1465.049999999999954,1476,1474.90000000000009,1.1,0.0746,20316.43999999999869,2998367.128000000026077
600519.SH,2024.07.17,1476.099999999999909,1503,1470.019999999999981,1501.40000000000009,1476,25.399999999999998,1.7209,34311.010000000002037,5115680.654000000096857
600519.SH,2024.07.18,1499.5,1515,1492.529999999999972,1497.50999999999999,1501.40000000000009,-3.89,-0.2591,28870.389999999999417,4337214.600999999791383
600519.SH,2024.07.19,1490.809999999999945,1529.180000000000063,1484.00999999999999,1525.61999999999989,1497.50999999999999,28.109999999999999,1.8771,38942.910000000003492,5888615.144999999552965
600519.SH,2024.07.22,1525.029999999999972,1529.980000000000018,1491.65000000000009,1499,1525.61999999999989,-26.62,-1.7449,28543.209999999999126,4300813.309999999590218
600519.SH,2024.07.23,1499,1501,1455,1455,1499,-44,-2.9353,30943.959999999999126,4555460.197999999858438
600519.SH,2024.07.24,1450.200000000000045,1463.700000000000045,1435,1440.019999999999981,1455,-14.98,-1.0296,24122.549999999999272,3490200.973000000230968
600519.SH,2024.07.25,1440.019999999999981,1448,1420.00999999999999,1430.490000000000009,1440.019999999999981,-9.529999999999999,-0.6618,28346.560000000001309,4054086.714000000152736
600519.SH,2024.07.26,1430.490000000000009,1437.720000000000027,1410.90000000000009,1422.190000000000054,1430.490000000000009,-8.3,-0.5802,32353.790000000000873,4594928.574000000022351
600519.SH,2024.07.29,1415,1421.990000000000009,1398,1398.019999999999981,1422.190000000000054,-24.170000000000001,-1.6995,30869.069999999999708,4342610.09999999962747
600519.SH,2024.07.30,1385.980000000000018,1390.269999999999981,1361.299999999999954,1379.990000000000009,1398.019999999999981,-18.030000000000001,-1.2897,51779.040000000000873,7103491.565999999642372
600519.SH,2024.07.31,1373.099999999999909,1427.269999999999981,1373.099999999999909,1421.279999999999972,1379.990000000000009,41.289999999999999,2.9921,43272.319999999999708,6098149.720999999903142
600519.SH,2024.08.01,1418,1420,1384.700000000000045,1386.160000000000081,1421.279999999999972,-35.119999999999997,-2.471,32038.099999999998544,4470988.088000000454485
600519.SH,2024.08.02,1373.599999999999909,1396.970000000000027,1373.599999999999909,1385.450000000000045,1386.160000000000081,-0.71,-0.0512,21927.68999999999869,3041726.371999999973922
600519.SH,2024.08.05,1388.880000000000109,1426,1385.519999999999981,1410.00999999999999,1385.450000000000045,24.559999999999998,1.7727,37736.069999999999708,5327127.14699999988079
600519.SH,2024.08.06,1422,1424,1394.00999999999999,1404.700000000000045,1410.00999999999999,-5.31,-0.3766,27444.330000000001746,3860735.013999999966472
600519.SH,2024.08.07,1405.5,1421.990000000000009,1398.299999999999954,1415.5,1404.700000000000045,10.8,0.7688,20622.209999999999126,2910580.746999999973922
600519.SH,2024.08.08,1411,1448.180000000000063,1409,1430.690000000000054,1415.5,15.189999999999999,1.0731,25130.819999999999708,3592705.430000000167638
600519.SH,2024.08.09,1460.029999999999972,1469,1436.799999999999954,1436.799999999999954,1430.690000000000054,6.110000000000001,0.4271,30138.4900000000016,4368705.514999999664723
600519.SH,2024.08.12,1430,1443,1426.579999999999927,1436.099999999999909,1436.799999999999954,-0.7,-0.0487,13632.030000000000654,1956573.438000000081956
600519.SH,2024.08.13,1433,1435,1412.00999999999999,1423.00999999999999,1436.099999999999909,-13.089999999999999,-0.9115,16308.430000000000291,2317037.756000000052154
600519.SH,2024.08.14,1423.00999999999999,1424.90000000000009,1412.019999999999981,1413.299999999999954,1423.00999999999999,-9.71,-0.6824,13414.30999999999949,1898377.425999999977648
600519.SH,2024.08.15,1405.029999999999972,1435.990000000000009,1403.950000000000045,1426.8900000000001,1413.299999999999954,13.589999999999999,0.9616,23038.970000000001164,3275699.572000000160187
600519.SH,2024.08.16,1426.789999999999963,1435.920000000000072,1417.00999999999999,1431.200000000000045,1426.8900000000001,4.31,0.3021,16454.700000000000727,2349825.845999999903142
600519.SH,2024.08.19,1432,1458.880000000000109,1425,1425.440000000000054,1431.200000000000045,-5.76,-0.4025,20432.790000000000873,2942106.435000000055879
600519.SH,2024.08.20,1429.90000000000009,1429.930000000000063,1414,1422.720000000000027,1425.440000000000054,-2.72,-0.1908,18591.380000000001018,2644814.344000000040978
600519.SH,2024.08.21,1420,1427.980000000000018,1415.690000000000054,1417.579999999999927,1422.720000000000027,-5.14,-0.3613,15091.649999999999636,2144746.550999999977648
600519.SH,2024.08.22,1416,1420,1400.00999999999999,1410.049999999999954,1417.579999999999927,-7.530000000000001,-0.5312,19527.290000000000873,2750868.072999999858438
600519.SH,2024.08.23,1408,1423.5,1406.11999999999989,1414.990000000000009,1410.049999999999954,4.940000000000001,0.3503,15320.459999999999126,2166499.202000000048428
600519.SH,2024.08.26,1417,1423.859999999999899,1403.15000000000009,1412,1414.990000000000009,-2.99,-0.2113,15628.409999999999854,2207595.461000000126659
600519.SH,2024.08.27,1412,1413,1401.109999999999899,1404.069999999999936,1412,-7.93,-0.5616,13657.399999999999636,1920770.570000000065192
600519.SH,2024.08.28,1404.069999999999936,1406,1375,1389,1404.069999999999936,-15.07,-1.0733,31663.509999999998399,4388025.875
600519.SH,2024.08.29,1380,1418,1380,1413.299999999999954,1389,24.3,1.7495,27471.610000000000582,3864270.62099999981001
600519.SH,2024.08.30,1413,1458.069999999999936,1405,1443.190000000000054,1413.299999999999954,29.89,2.1149,38739.230000000003201,5576118.649000000208616
600519.SH,2024.09.02,1430,1438,1395,1395,1443.190000000000054,-48.189999999999997,-3.3391,34134.589999999996507,4801049.927000000141561
600519.SH,2024.09.03,1398,1414.980000000000018,1393.019999999999981,1410,1395,15,1.0753,17887.599999999998544,2516125.842000000178813
600519.SH,2024.09.04,1402,1419.190000000000054,1399.740000000000009,1400,1410,-10,-0.7092,14211.090000000000145,1995221.416999999899417
600519.SH,2024.09.05,1400.5,1407,1397,1404.880000000000109,1400,4.88,0.3486,14502.950000000000727,2033680.838999999919906
600519.SH,2024.09.06,1405,1406,1398,1398,1404.880000000000109,-6.88,-0.4897,10321.040000000000873,1445537.256999999983236
600519.SH,2024.09.09,1380.00999999999999,1393.710000000000036,1370.079999999999927,1375,1398,-23,-1.6452,28637.549999999999272,3950086.825000000186264
600519.SH,2024.09.10,1370.019999999999981,1393,1370.019999999999981,1378,1375,3,0.2182,19802.840000000000145,2737295.643999999854713
600519.SH,2024.09.11,1375.599999999999909,1385.880000000000109,1365,1380,1378,2,0.1451,20995.770000000000436,2892932.794000000227242
600519.SH,2024.09.12,1380,1385,1334.910000000000081,1335.059999999999945,1380,-44.939999999999997,-3.2565,47948.309999999997671,6482445
600519.SH,2024.09.13,1331,1332,1297.299999999999954,1304.130000000000109,1335.059999999999945,-30.929999999999999,-2.3167,56005.110000000000582,7329376.917000000365078
600519.SH,2024.09.18,1300,1300.00999999999999,1266.660000000000081,1266.90000000000009,1304.130000000000109,-37.229999999999996,-2.8548,46185.309999999997671,5895948.010999999940395
600519.SH,2024.09.19,1262,1292.880000000000109,1245.829999999999927,1261,1266.90000000000009,-5.900000000000001,-0.4657,59988.209999999999126,7623739.997000000439584
600519.SH,2024.09.20,1261.5,1273.90000000000009,1250.029999999999972,1263.920000000000072,1261,2.92,0.2316,39981.839999999996507,5038507.834999999962747
600519.SH,2024.09.23,1268,1293.5,1260.660000000000081,1261.539999999999963,1263.920000000000072,-2.38,-0.1883,45549.690000000002328,5809791.682000000029802
600519.SH,2024.09.24,1285.089999999999918,1373,1265.089999999999918,1372.599999999999909,1261.539999999999963,111.060000000000002,8.803499999999999,100412.809999999997671,13297277.523000000044703
600519.SH,2024.09.25,1400.049999999999954,1427,1396.710000000000036,1399,1372.599999999999909,26.399999999999998,1.9234,73953.80000000000291,10420109.654999999329447
600519.SH,2024.09.26,1399.960000000000036,1529.86999999999989,1396,1529,1399,130,9.2924,97278.059999999997671,14269262.656999999657273
600519.SH,2024.09.27,1600,1629.200000000000045,1565.359999999999899,1629.200000000000045,1529,100.200000000000002,6.553300000000001,87921.669999999998253,14050260.56900000013411
600519.SH,2024.09.30,1692,1759.880000000000109,1652,1748,1629.200000000000045,118.799999999999997,7.2919,157293.410000000003492,26982747.037000000476837
600519.SH,2024.10.08,1910,1910,1680.180000000000063,1723,1748,-25,-1.4302,194709.470000000001164,35114075.006999999284744
600519.SH,2024.10.09,1700,1700,1590,1595.15000000000009,1723,-127.849999999999994,-7.420200000000001,120196.839999999996507,19708432.734000001102685
600519.SH,2024.10.10,1622.25999999999999,1668.079999999999927,1591,1640,1595.15000000000009,44.850000000000001,2.8116,74603.419999999998253,12198964.035000000149011
600519.SH,2024.10.11,1615.40000000000009,1639.960000000000036,1590,1604.990000000000009,1640,-35.009999999999998,-2.1348,41914.709999999999126,6764982.707000000402331
600519.SH,2024.10.14,1613,1620.630000000000109,1581.170000000000072,1601.990000000000009,1604.990000000000009,-3,-0.1869,44812.019999999996798,7181350.821999999694526
600519.SH,2024.10.15,1599,1600.990000000000009,1553.00999999999999,1554.25,1601.990000000000009,-47.740000000000002,-2.98,43571.430000000000291,6884141.868999999947845
600519.SH,2024.10.16,1540.880000000000109,1549.799999999999954,1510,1522.5,1554.25,-31.75,-2.0428,46664.400000000001455,7140169.691999999806284
600519.SH,2024.10.17,1537,1537.660000000000081,1493.410000000000081,1494.599999999999909,1522.5,-27.899999999999998,-1.8325,39459.55000000000291,5964778.957999999634921
600519.SH,2024.10.18,1493,1567.839999999999918,1478.960000000000036,1541,1494.599999999999909,46.399999999999998,3.1045,68619.30000000000291,10418043.492000000551342
600519.SH,2024.10.21,1541.210000000000036,1549.970000000000027,1521.210000000000036,1528.799999999999954,1541,-12.199999999999999,-0.7917,42007.900000000001455,6433918.334999999962747
600519.SH,2024.10.22,1526.559999999999945,1560.180000000000063,1524.200000000000045,1543,1528.799999999999954,14.199999999999999,0.9288,36269.12999999999738,5607826.49199999962002
600519.SH,2024.10.23,1544.109999999999899,1576.950000000000045,1532,1567.5,1543,24.5,1.5878,40088.459999999999126,6259600.035000000149011
600519.SH,2024.10.24,1561,1575,1545.00999999999999,1552.200000000000045,1567.5,-15.3,-0.9761,23922.799999999999272,3723973.208999999798834
600519.SH,2024.10.25,1547,1574.789999999999963,1546.00999999999999,1558.849999999999909,1552.200000000000045,6.650000000000001,0.4284,27745.080000000001746,4328271.350999999791383
600519.SH,2024.10.28,1560,1565,1522.230000000000018,1565,1558.849999999999909,6.150000000000001,0.3945,39121.400000000001455,6064453.667999999597668
600519.SH,2024.10.29,1560,1580,1530,1531.61999999999989,1565,-33.380000000000002,-2.1329,41165.779999999998835,6368105.23300000000745
600519.SH,2024.10.30,1525,1551.190000000000054,1523.410000000000081,1532,1531.61999999999989,0.38,0.0248,32005.7400000000016,4913175.98300000000745
600519.SH,2024.10.31,1532.15000000000009,1540,1520,1527.789999999999963,1532,-4.21,-0.2748,29957.349999999998544,4575545.179999999701976
600519.SH,2024.11.01,1521,1545.130000000000109,1520.799999999999954,1533.75,1527.789999999999963,5.96,0.3901,32283.919999999998253,4954302.212000000290572
600519.SH,2024.11.04,1544.930000000000063,1550,1528.059999999999945,1548.200000000000045,1533.75,14.449999999999999,0.9421,29092.919999999998253,4481761.764000000432133
600519.SH,2024.11.05,1540,1577.700000000000045,1536.00999999999999,1576.990000000000009,1548.200000000000045,28.789999999999999,1.8596,45640.470000000001164,7134443.463999999687075
600519.SH,2024.11.06,1575,1588.990000000000009,1561.220000000000027,1571,1576.990000000000009,-5.990000000000001,-0.3798,37631.430000000000291,5916917.61600000038743
600519.SH,2024.11.07,1562.460000000000036,1653.5,1562.299999999999954,1649.1400000000001,1571,78.14,4.973900000000001,74738.720000000001164,12074951.756999999284744
600519.SH,2024.11.08,1660.8900000000001,1667.109999999999899,1601.00999999999999,1609.970000000000027,1649.1400000000001,-39.170000000000001,-2.3752,60771.199999999997089,9885645.906999999657273
600519.SH,2024.11.11,1590,1609.950000000000045,1567.190000000000054,1598.00999999999999,1609.970000000000027,-11.96,-0.7429,43853.650000000001455,6957095.384999999776482
600519.SH,2024.11.12,1589,1623,1573.950000000000045,1577.200000000000045,1598.00999999999999,-20.809999999999998,-1.3022,49222.660000000003492,7844798.675999999977648
600519.SH,2024.11.13,1568,1586.660000000000081,1561.279999999999972,1578.5,1577.200000000000045,1.3,0.0824,29125.259999999998399,4594445.031999999657273
600519.SH,2024.11.14,1570,1594.450000000000045,1565.65000000000009,1573.799999999999954,1578.5,-4.700000000000001,-0.2978,29248.139999999999417,4617144.097000000067055
600519.SH,2024.11.15,1569,1583.799999999999954,1553,1559,1573.799999999999954,-14.8,-0.9404,33761.120000000002619,5295326.891999999992549
600519.SH,2024.11.18,1562,1575.990000000000009,1555,1559,1559,0,0,27092.18999999999869,4237197.498999999836087
600519.SH,2024.11.19,1565,1569.36999999999989,1525,1541.920000000000072,1559,-17.079999999999998,-1.0956,33266.430000000000291,5138831.15500000026077
600519.SH,2024.11.20,1543,1553.970000000000027,1531.299999999999954,1544.809999999999945,1541.920000000000072,2.89,0.1874,21344.549999999999272,3292675.257000000216066
600519.SH,2024.11.21,1543.86999999999989,1548.990000000000009,1532,1545.130000000000109,1544.809999999999945,0.32,0.0207,18261.790000000000873,2810933.515000000130385
600519.SH,2024.11.22,1541.15000000000009,1547.769999999999981,1507.819999999999936,1507.819999999999936,1545.130000000000109,-37.310000000000002,-2.4147,33436.110000000000582,5107288.99199999962002
600519.SH,2024.11.25,1511,1532,1496.670000000000072,1498.569999999999936,1507.819999999999936,-9.25,-0.6135,33185.559999999997671,5011136.234000000171363
600519.SH,2024.11.26,1498.569999999999936,1518.880000000000109,1488.880000000000109,1509,1498.569999999999936,10.429999999999999,0.696,25744.790000000000873,3876885.984000000171363
600519.SH,2024.11.27,1509,1522.15000000000009,1505,1519.049999999999954,1509,10.05,0.666,25934.169999999998253,3927607.77199999988079
600519.SH,2024.11.28,1522,1524.990000000000009,1502,1518,1519.049999999999954,-1.05,-0.0691,23952.029999999998835,3627662.382000000216066
600519.SH,2024.11.29,1517,1555,1513.210000000000036,1525.740000000000009,1518,7.740000000000001,0.5099,36088.099999999998544,5534035.502999999560415
600519.SH,2024.12.02,1526,1529.990000000000009,1515.099999999999909,1525,1525.740000000000009,-0.74,-0.0485,26819.540000000000873,4086609.952000000048428
600519.SH,2024.12.03,1524,1528.90000000000009,1516.079999999999927,1526.740000000000009,1525,1.74,0.1141,24806.619999999998981,3777197.199000000022351
600519.SH,2024.12.04,1520.069999999999936,1523.660000000000081,1510,1520,1526.740000000000009,-6.740000000000001,-0.4415,23923.889999999999417,3626565.544000000227242
600519.SH,2024.12.05,1510.859999999999899,1517.859999999999899,1510,1511,1520,-9,-0.5921,16141.469999999999345,2441318.387000000104308
600519.SH,2024.12.06,1513,1538.90000000000009,1508.069999999999936,1521.00999999999999,1511,10.009999999999999,0.6625,32039.68999999999869,4883148.59999999962747
600519.SH,2024.12.09,1522.019999999999981,1529.720000000000027,1513.200000000000045,1518.799999999999954,1521.00999999999999,-2.21,-0.1453,19799.860000000000582,3008173.586000000126659
600519.SH,2024.12.10,1570,1579.730000000000018,1545.180000000000063,1546.589999999999918,1518.799999999999954,27.789999999999999,1.8297,60312.099999999998544,9421340.719000000506639
600519.SH,2024.12.11,1540,1555,1530.980000000000018,1535.599999999999909,1546.589999999999918,-10.99,-0.7106,29671.119999999998981,4569662.604000000283122
600519.SH,2024.12.12,1532.019999999999981,1566,1529,1565.799999999999954,1535.599999999999909,30.199999999999999,1.9667,41936.519999999996798,6510547.809999999590218
600519.SH,2024.12.13,1550.00999999999999,1554.990000000000009,1518.880000000000109,1519,1565.799999999999954,-46.799999999999997,-2.9889,49511.970000000001164,7580908.315000000409781
600519.SH,2024.12.16,1521,1529,1510.710000000000036,1527.200000000000045,1519,8.199999999999999,0.5398,32537.099999999998544,4945298.798999999649822
600519.SH,2024.12.17,1525.990000000000009,1569,1521.00999999999999,1558,1527.200000000000045,30.8,2.0168,54171.62999999999738,8398945.448999999091029
600519.SH,2024.12.18,1557.970000000000027,1577,1547.099999999999909,1571.5,1558,13.5,0.8665,41162.260000000002037,6440801.970999999903142
600519.SH,2024.12.19,1565.1400000000001,1567.930000000000063,1550.329999999999927,1551.00999999999999,1571.5,-20.489999999999998,-1.3038,24809.319999999999708,3862602.665000000037252
600519.SH,2024.12.20,1531.130000000000109,1541.799999999999954,1520.019999999999981,1522,1527.130000000000109,-5.13,-0.3359,28157.7400000000016,4307425.535000000149011
600519.SH,2024.12.23,1523,1538,1517,1526.450000000000045,1522,4.450000000000001,0.2924,21602.68999999999869,3300971.424000000115483
600519.SH,2024.12.24,1525,1544,1521.589999999999918,1538.819999999999936,1526.450000000000045,12.369999999999999,0.8104,22104.919999999998253,3394160.299000000115483
600519.SH,2024.12.25,1538.799999999999954,1538.799999999999954,1526.099999999999909,1530,1538.819999999999936,-8.82,-0.5732,17123.389999999999417,2621061.878000000026077
600519.SH,2024.12.26,1534,1538.779999999999972,1523,1527.789999999999963,1530,-2.21,-0.1444,18286.509999999998399,2798840.003000000026077
600519.SH,2024.12.27,1528.90000000000009,1536,1519.5,1528.970000000000027,1527.789999999999963,1.18,0.0772,20759.319999999999708,3170191.444999999832361
600519.SH,2024.12.30,1533.970000000000027,1543.960000000000036,1525,1525,1528.970000000000027,-3.97,-0.2597,25129.819999999999708,3849542.646000000182539
600519.SH,2024.12.31,1525.40000000000009,1545,1522.00999999999999,1524,1525,-1,-0.0656,39354.449999999997089,6033540.36600000038743
600519.SH,2025.01.02,1524,1524.490000000000009,1480,1488,1524,-36,-2.3622,50028.699999999997089,7490883.773000000044703
600519.SH,2025.01.03,1494.5,1494.990000000000009,1467.00999999999999,1475,1488,-13,-0.8737,32628.360000000000582,4836610.287999999709427
600519.SH,2025.01.06,1453,1462.660000000000081,1432.799999999999954,1440,1475,-35,-2.3729,44255.120000000002619,6392479.712000000290572
600519.SH,2025.01.07,1444.660000000000081,1451.8900000000001,1439,1440.200000000000045,1440,0.2,0.0139,24221.180000000000291,3494634.226999999955296
600519.SH,2025.01.08,1440,1451.819999999999936,1426.660000000000081,1442.5,1440.200000000000045,2.3,0.1597,35258.209999999999126,5071821.246000000275671
600519.SH,2025.01.09,1448.990000000000009,1464.579999999999927,1432.980000000000018,1444,1442.5,1.5,0.104,29705.650000000001455,4295852.735999999567866
600519.SH,2025.01.10,1447.099999999999909,1451.950000000000045,1436,1436,1444,-8,-0.554,21871.950000000000727,3154677.598000000230967
600519.SH,2025.01.13,1425,1444.440000000000054,1422.00999999999999,1443.980000000000018,1436,7.980000000000001,0.5557,21082.509999999998399,3030806.870000000111758
600519.SH,2025.01.14,1444.950000000000045,1478.680000000000063,1442,1472.5,1443.980000000000018,28.519999999999999,1.9751,30956.569999999999708,4535651.503999999724328
600519.SH,2025.01.15,1467,1474.599999999999909,1460.00999999999999,1471.269999999999981,1472.5,-1.23,-0.0835,18399.340000000000145,2701518.711999999824911
600519.SH,2025.01.16,1474,1482.660000000000081,1442,1446.380000000000109,1471.269999999999981,-24.89,-1.6917,26342.130000000001018,3840411.436999999918043
600519.SH,2025.01.17,1446.3900000000001,1461,1446.380000000000109,1454.75,1446.380000000000109,8.369999999999999,0.5787,18308.93999999999869,2663227.308999999891966
600519.SH,2025.01.20,1461,1489.789999999999963,1460,1474.799999999999954,1454.75,20.05,1.3782,31409.75,4647626.350999999791383
600519.SH,2025.01.21,1481,1482,1465,1468.15000000000009,1474.799999999999954,-6.650000000000001,-0.4509,16856.040000000000873,2481821.22899999981746
600519.SH,2025.01.22,1463.269999999999981,1467.950000000000045,1438,1441,1468.15000000000009,-27.149999999999998,-1.8493,28293.840000000000145,4088101.682000000029802
600519.SH,2025.01.23,1449.970000000000027,1468,1438,1443,1441,2,0.1388,27125.040000000000873,3932700.850000000093132
600519.SH,2025.01.24,1442,1447.789999999999963,1430.309999999999945,1436,1443,-7,-0.4851,31360.340000000000145,4515322.684999999590218
600519.SH,2025.01.27,1437,1443.970000000000027,1427.019999999999981,1434.990000000000009,1436,-1.01,-0.0703,29356.459999999999126,4213534.542999999597668
600519.SH,2025.02.05,1440,1443,1402.210000000000036,1403.799999999999954,1434.990000000000009,-31.190000000000001,-2.1735,40756.519999999996798,5753730.033999999985098
600519.SH,2025.02.06,1400.00999999999999,1421.990000000000009,1400.00999999999999,1412.839999999999918,1403.799999999999954,9.039999999999999,0.644,27355.819999999999708,3859568.163000000175088
600519.SH,2025.02.07,1413.680000000000063,1442.680000000000063,1403.410000000000081,1436,1412.839999999999918,23.16,1.6393,37242.069999999999708,5310850.623999999836087
600519.SH,2025.02.10,1438,1440,1427.089999999999918,1431.50999999999999,1436,-4.490000000000001,-0.3127,20839.790000000000873,2988101.756000000052154
600519.SH,2025.02.11,1434.950000000000045,1435.960000000000036,1415.90000000000009,1418,1431.50999999999999,-13.509999999999999,-0.9438,23572.830000000001746,3348668.867000000085681
600519.SH,2025.02.12,1418,1445,1416.880000000000109,1443,1418,25,1.763,25475.790000000000873,3644170.476999999955296
600519.SH,2025.02.13,1443.019999999999981,1475.25,1434.50999999999999,1465.059999999999945,1443,22.059999999999998,1.5288,43385.360000000000582,6335985.850999999791383
600519.SH,2025.02.14,1465.059999999999945,1477,1458.220000000000027,1475,1465.059999999999945,9.939999999999999,0.6785,27099.919999999998253,3978694.098000000230967
600519.SH,2025.02.17,1481,1494.980000000000018,1467.099999999999909,1471.61999999999989,1475,-3.38,-0.2292,32470.590000000000145,4804663.813000000081956
600519.SH,2025.02.18,1470,1492.990000000000009,1462.079999999999927,1475,1471.61999999999989,3.38,0.2297,27799.919999999998253,4113845.39699999988079
600519.SH,2025.02.19,1475.049999999999954,1494.440000000000054,1464.90000000000009,1491,1475,16,1.0847,32393.310000000001309,4803378.440999999642372
600519.SH,2025.02.20,1483,1491.970000000000027,1473.3900000000001,1474,1491,-17,-1.1402,23749.729999999999563,3513552.984000000171363
600519.SH,2025.02.21,1480,1496.730000000000018,1473.00999999999999,1488.210000000000036,1474,14.21,0.964,36417.830000000001746,5418169.587000000290572
600519.SH,2025.02.24,1488,1499.519999999999981,1474,1479.069999999999936,1488.210000000000036,-9.14,-0.6142,34743.730000000003201,5157907.321999999694526
600519.SH,2025.02.25,1470.00999999999999,1473.3900000000001,1452,1454,1479.069999999999936,-25.07,-1.695,28387.430000000000291,4142814.458999999798834
600519.SH,2025.02.26,1455.450000000000045,1464.960000000000036,1445,1460.00999999999999,1454,6.01,0.4133,26366.090000000000145,3835949.041000000201165
600519.SH,2025.02.27,1460.019999999999981,1489.90000000000009,1454,1485.559999999999945,1460.00999999999999,25.55,1.75,49762.169999999998253,7368002.360999999567866
600519.SH,2025.02.28,1485.5,1528.380000000000109,1482,1500.789999999999963,1485.559999999999945,15.23,1.0252,56128.949999999997089,8475738.165999999269843
600519.SH,2025.03.03,1502.599999999999909,1520.990000000000009,1481.5,1487.019999999999981,1500.789999999999963,-13.769999999999999,-0.9175,31595.659999999999854,4736679.902999999932944
600519.SH,2025.03.04,1485,1486,1465.210000000000036,1470.109999999999899,1487.019999999999981,-16.91,-1.1372,25211.209999999999126,3710675.862999999895691
600519.SH,2025.03.05,1472,1474,1460.099999999999909,1466.36999999999989,1470.109999999999899,-3.74,-0.2544,24605.220000000001164,3606932.151999999769032
600519.SH,2025.03.06,1474,1510.200000000000045,1472.079999999999927,1505.980000000000018,1466.36999999999989,39.609999999999999,2.7012,42167.639999999999417,6297117.400000000372529
600519.SH,2025.03.07,1503,1528.359999999999899,1503,1521,1505.980000000000018,15.019999999999999,0.9974,37991.349999999998544,5760608.729000000283122
600519.SH,2025.03.10,1519.809999999999945,1526.880000000000109,1506.1400000000001,1522.90000000000009,1521,1.9,0.1249,31369.069999999999708,4758789.259999999776482
600519.SH,2025.03.11,1517,1548.680000000000063,1512,1548.680000000000063,1522.90000000000009,25.780000000000001,1.6928,39775.599999999998544,6094007.854000000283122
600519.SH,2025.03.12,1546.960000000000036,1549.680000000000063,1526.349999999999909,1542.579999999999927,1548.680000000000063,-6.1,-0.3939,29603.959999999999126,4552923.644000000320374
600519.SH,2025.03.13,1544,1555.5,1530.880000000000109,1537.769999999999981,1542.579999999999927,-4.81,-0.3118,25724.389999999999417,3966369.271000000182539
600519.SH,2025.03.14,1547.660000000000081,1628.00999999999999,1541,1628.00999999999999,1537.769999999999981,90.239999999999994,5.8682,92913.149999999994179,14882842.708000000566244
600519.SH,2025.03.17,1657,1657.990000000000009,1626.880000000000109,1637.859999999999899,1628.00999999999999,9.849999999999999,0.605,54689.12999999999738,8985138.902000000700354
600519.SH,2025.03.18,1645.039999999999963,1652,1621.700000000000045,1624,1637.859999999999899,-13.859999999999999,-0.8462,31613.450000000000727,5153210.43599999975413
600519.SH,2025.03.19,1624.289999999999963,1648,1623,1635.710000000000036,1624,11.71,0.7211,27389.549999999999272,4477128.769999999552965
600519.SH,2025.03.20,1635.710000000000036,1637.599999999999909,1595.069999999999936,1604,1635.710000000000036,-31.71,-1.9386,36736.769999999996798,5903879.207000000402331
600519.SH,2025.03.21,1599,1612.200000000000045,1568.829999999999927,1573.75,1604,-30.25,-1.8859,33614.30000000000291,5324973.190000000409781
600519.SH,2025.03.24,1570,1589.660000000000081,1562.380000000000109,1583,1573.75,9.25,0.5878,25565.849999999998544,4032223.481999999843537
600519.SH,2025.03.25,1588,1592.799999999999954,1566.660000000000081,1575.5,1583,-7.5,-0.4738,17674.380000000001018,2783286.813000000081956
600519.SH,2025.03.26,1572.769999999999981,1582.579999999999927,1571,1576,1575.5,0.5,0.0317,14323.55999999999949,2257639.75
600519.SH,2025.03.27,1576,1598.25,1573.380000000000109,1589,1576,13,0.8249,17955.630000000001018,2848889.209999999962747
600519.SH,2025.03.28,1590.930000000000063,1593,1576,1585.210000000000036,1589,-3.79,-0.2385,16227.889999999999417,2569470.015000000130385
600519.SH,2025.03.31,1580.980000000000018,1586.960000000000036,1560.059999999999945,1561,1585.210000000000036,-24.21,-1.5272,21084.93999999999869,3311857.714000000152736
600519.SH,2025.04.01,1564,1569.8900000000001,1552.210000000000036,1556.019999999999981,1561,-4.980000000000001,-0.319,18556.43999999999869,2893739.955000000074505
600519.SH,2025.04.02,1558,1567.799999999999954,1545.5,1549.019999999999981,1556.019999999999981,-7,-0.4499,21674.009999999998399,3371883.024000000208616
600519.SH,2025.04.03,1530,1586,1529.00999999999999,1568.880000000000109,1549.019999999999981,19.859999999999999,1.2821,35480.5,5557442.052000000141561
600519.SH,2025.04.07,1520.00999999999999,1536.849999999999909,1462,1500,1568.880000000000109,-68.879999999999995,-4.3904,101952.669999999998253,15314738.234999999403953
600519.SH,2025.04.08,1513,1545,1495,1545,1500,45,3,73876.490000000005238,11226977.557000000029802
600519.SH,2025.04.09,1525.019999999999981,1556.799999999999954,1520.549999999999954,1541.039999999999963,1545,-3.96,-0.2563,55630.040000000000873,8562928.22499999962747
600519.SH,2025.04.10,1550.990000000000009,1555,1528,1549,1541.039999999999963,7.96,0.5165,38620.209999999999126,5963650.791000000201165
600519.SH,2025.04.11,1579.970000000000027,1579.970000000000027,1545,1568.980000000000018,1549,19.98,1.2899,32634.229999999999563,5087359.923999999649822
600519.SH,2025.04.14,1560.970000000000027,1566,1551.529999999999972,1551.990000000000009,1568.980000000000018,-16.989999999999998,-1.0829,21711.43999999999869,3379425.640000000130385
600519.SH,2025.04.15,1552,1565,1545,1558,1551.990000000000009,6.01,0.3872,21489.279999999998835,3339942.72899999981746
600519.SH,2025.04.16,1552,1576,1537,1559.170000000000072,1558,1.17,0.0751,31156.049999999999272,4834880.595999999903142
600519.SH,2025.04.17,1554,1576.5,1549.990000000000009,1570,1559.170000000000072,10.83,0.6946,23846.049999999999272,3733924.973000000230968
600519.SH,2025.04.18,1566,1575,1556,1565.940000000000054,1570,-4.06,-0.2586,20298.479999999999563,3179974.339999999850988
600519.SH,2025.04.21,1565.5,1565.5,1551,1551,1565.940000000000054,-14.939999999999999,-0.9541,18057.029999999998835,2808158.177000000141561
600519.SH,2025.04.22,1550,1556.299999999999954,1543.210000000000036,1548.799999999999954,1551,-2.2,-0.1418,18432.139999999999417,2857525.967000000178813
600519.SH,2025.04.23,1559,1559.220000000000027,1545,1552,1548.799999999999954,3.2,0.2066,18668.759999999998399,2895468.891999999992549
600519.SH,2025.04.24,1552,1560.680000000000063,1548.980000000000018,1552.25,1552,0.25,0.0161,14871.80999999999949,2313372.072000000160187
600519.SH,2025.04.25,1557.099999999999909,1561.200000000000045,1550,1550,1552.25,-2.25,-0.145,14764.899999999999636,2295029.705000000074505
600519.SH,2025.04.28,1552,1555,1546.599999999999909,1550,1550,0,0,14659.719999999999345,2274252.464999999850988
600519.SH,2025.04.29,1550,1552.539999999999963,1532.019999999999981,1544,1550,-6,-0.3871,18921.799999999999272,2917422.938000000081956
600519.SH,2025.04.30,1549.990000000000009,1566.660000000000081,1546.299999999999954,1547,1544,3,0.1943,25754.25,4005439.429000000003725
600519.SH,2025.05.06,1559,1559,1544.329999999999927,1550.200000000000045,1547,3.2,0.2069,18300.259999999998399,2838614.214999999850988
600519.SH,2025.05.07,1570,1570,1550.200000000000045,1555,1550.200000000000045,4.8,0.3096,27462.209999999999126,4275142.56900000013411
600519.SH,2025.05.08,1553,1592.779999999999972,1549.829999999999927,1578.190000000000054,1555,23.190000000000001,1.4913,33481.059999999997671,5265446.44400000013411
600519.SH,2025.05.09,1578.990000000000009,1597.450000000000045,1575.049999999999954,1591.180000000000063,1578.190000000000054,12.99,0.8231,23671.900000000001455,3757574.546000000089406
600519.SH,2025.05.12,1598,1618.930000000000063,1596.609999999999899,1604.5,1591.180000000000063,13.32,0.8371,24735.330000000001746,3967785.799999999813735
600519.SH,2025.05.13,1608.920000000000072,1608.920000000000072,1585.109999999999899,1590.299999999999954,1604.5,-14.199999999999999,-0.885,21258.290000000000873,3386617.848000000230967
600519.SH,2025.05.14,1590,1645,1588.180000000000063,1634.990000000000009,1590.299999999999954,44.689999999999997,2.8102,39460.120000000002619,6394735.058000000193715
600519.SH,2025.05.15,1634.799999999999954,1643.589999999999918,1624.130000000000109,1632.00999999999999,1634.990000000000009,-2.98,-0.1823,24732.849999999998544,4043402.635999999940395
600519.SH,2025.05.16,1633.990000000000009,1636.990000000000009,1614.130000000000109,1614.130000000000109,1632.00999999999999,-17.879999999999999,-1.0956,22935.220000000001164,3714508.658999999985098
600519.SH,2025.05.19,1596,1600,1573.880000000000109,1578.980000000000018,1614.130000000000109,-35.149999999999998,-2.1776,38062.830000000001746,6021950.009999999776482
600519.SH,2025.05.20,1580,1594.799999999999954,1575.099999999999909,1586,1578.980000000000018,7.02,0.4446,19521.529999999998835,3095742.637000000104308
600519.SH,2025.05.21,1585,1595.940000000000054,1580.970000000000027,1580.970000000000027,1586,-5.030000000000001,-0.3172,19794.639999999999417,3143941.416000000201165
600519.SH,2025.05.22,1580.990000000000009,1584.990000000000009,1570.099999999999909,1580,1580.970000000000027,-0.97,-0.0614,15090.239999999999781,2381236.586000000126659
600519.SH,2025.05.23,1575.200000000000045,1587.90000000000009,1571.660000000000081,1572.599999999999909,1580,-7.400000000000001,-0.4684,21537,3399424.961000000126659
600519.SH,2025.05.26,1570,1574.630000000000109,1545,1550.5,1572.599999999999909,-22.100000000000001,-1.4053,27086.529999999998835,4212944.429999999701976
600519.SH,2025.05.27,1551,1558.599999999999909,1543.50999999999999,1543.90000000000009,1550.5,-6.6,-0.4257,17752.130000000001018,2748945.674999999813735
600519.SH,2025.05.28,1543.990000000000009,1546.460000000000036,1533,1537,1543.90000000000009,-6.900000000000001,-0.4469,16265.680000000000291,2504624.604999999981373
600519.SH,2025.05.29,1540,1555,1532,1540,1537,3,0.1952,21859.580000000001746,3375465.796000000089406
600519.SH,2025.05.30,1540.15000000000009,1545,1515.240000000000009,1522,1540,-18,-1.1688,31239.180000000000291,4764875.946999999694526
600519.SH,2025.06.03,1508.00999999999999,1519,1505.019999999999981,1509,1522,-13,-0.8541,28979.180000000000291,4377892.798999999649822
600519.SH,2025.06.04,1510.5,1523,1509.220000000000027,1509.960000000000036,1509,0.96,0.0636,23008.090000000000145,3480363.796999999787658
600519.SH,2025.06.05,1514,1516,1502.200000000000045,1514,1509.960000000000036,4.04,0.2676,23213.659999999999854,3504925.524000000208616
600519.SH,2025.06.06,1513.799999999999954,1518.970000000000027,1503,1506.3900000000001,1514,-7.610000000000001,-0.5026,25023.069999999999708,3777727.615999999921768
600519.SH,2025.06.09,1505.019999999999981,1508.700000000000045,1485.680000000000063,1486.109999999999899,1506.3900000000001,-20.280000000000001,-1.3463,44958.669999999998253,6723839.13800000026822
600519.SH,2025.06.10,1486,1492,1474.799999999999954,1475.00999999999999,1486.109999999999899,-11.099999999999999,-0.7469,30492.200000000000727,4511934.583999999798834
600519.SH,2025.06.11,1476.799999999999954,1494,1476.099999999999909,1480,1475.00999999999999,4.990000000000001,0.3383,30892.819999999999708,4585522.754999999888241
600519.SH,2025.06.12,1480,1483.86999999999989,1454.099999999999909,1459,1480,-21,-1.4189,49903.610000000000582,7306800.799999999813735
600519.SH,2025.06.13,1444.410000000000081,1449.970000000000027,1425.059999999999945,1426.950000000000045,1459,-32.049999999999997,-2.1967,59113.25,8466515.559000000357627
600519.SH,2025.06.16,1401.200000000000045,1425.039999999999963,1401.180000000000063,1422.289999999999963,1426.950000000000045,-4.660000000000001,-0.3266,42887.870000000002619,6060448.438000000081956
600519.SH,2025.06.17,1420,1427,1412.180000000000063,1427,1422.289999999999963,4.71,0.3312,27231.509999999998399,3868364.671000000089406
600519.SH,2025.06.18,1440,1443.440000000000054,1421.00999999999999,1425,1427,-2,-0.1402,30760.9900000000016,4404131.364000000059604
600519.SH,2025.06.19,1426,1433.670000000000072,1417.180000000000063,1426,1425,1,0.0702,24500.720000000001164,3490268.567999999970197
600519.SH,2025.06.20,1423.579999999999927,1441.1400000000001,1420.200000000000045,1428.660000000000081,1426,2.66,0.1865,34815.809999999997671,4990683.314000000245869
600519.SH,2025.06.23,1420,1433,1405.180000000000063,1420,1428.660000000000081,-8.66,-0.6062,26723.310000000001309,3794012.342999999877065
600519.SH,2025.06.24,1423.349999999999909,1451.680000000000063,1423.349999999999909,1437.200000000000045,1420,17.199999999999999,1.2113,36311.510000000002037,5229183.514000000432133
600519.SH,2025.06.25,1439.109999999999899,1449.200000000000045,1420.50999999999999,1435.859999999999899,1437.200000000000045,-1.34,-0.0932,41050.069999999999708,5869292.226999999955296
600519.SH,2025.06.26,1415,1428,1410.079999999999927,1420,1408.25999999999999,11.74,0.8337,34860.25,4955829.981999999843537
600519.SH,2025.06.27,1420.00999999999999,1423,1403.089999999999918,1403.089999999999918,1420,-16.91,-1.1908,38249.730000000003201,5404312.674999999813735
600519.SH,2025.06.30,1403.5,1413.230000000000018,1402,1409.519999999999981,1403.089999999999918,6.43,0.4583,30457.299999999999272,4287373.690999999642372
600519.SH,2025.07.01,1409,1411.940000000000054,1403.309999999999945,1405.099999999999909,1409.519999999999981,-4.42,-0.3136,19878.18999999999869,2794423.203000000212341
600519.SH,2025.07.02,1409.5,1414.799999999999954,1400,1409.599999999999909,1405.099999999999909,4.5,0.3203,26218.25,3689246.316000000108033
600519.SH,2025.07.03,1412,1422.690000000000054,1408,1415.599999999999909,1409.599999999999909,6,0.4257,24412.669999999998253,3456733.001999999862164
600519.SH,2025.07.04,1415.700000000000045,1431.8900000000001,1410.00999999999999,1422.220000000000027,1415.599999999999909,6.62,0.4676,28766.909999999999854,4086547.268000000156462
600519.SH,2025.07.07,1422.279999999999972,1423.5,1410.00999999999999,1410.700000000000045,1422.220000000000027,-11.519999999999999,-0.81,23854.669999999998253,3370562.658999999985098
600519.SH,2025.07.08,1410.710000000000036,1420,1410.700000000000045,1416.109999999999899,1410.700000000000045,5.410000000000001,0.3835,18673.700000000000727,2643302.691000000108033
600519.SH,2025.07.09,1415,1429.970000000000027,1414.170000000000072,1418.880000000000109,1416.109999999999899,2.77,0.1956,27745.319999999999708,3950810.723000000230967
600519.SH,2025.07.10,1418.970000000000027,1436.180000000000063,1410.40000000000009,1426.5,1418.880000000000109,7.62,0.537,38725.029999999998835,5503329.753999999724328
600519.SH,2025.07.11,1423.160000000000081,1458,1423.160000000000081,1427,1426.5,0.5,0.0351,57243.349999999998544,8239010.389999999664723
600519.SH,2025.07.14,1430,1434.980000000000018,1421.599999999999909,1423.599999999999909,1427,-3.4,-0.2383,27780.93999999999869,3961736.006000000052154
600519.SH,2025.07.15,1420.980000000000018,1422.930000000000063,1408.319999999999936,1411,1423.599999999999909,-12.599999999999999,-0.8851,35405.779999999998835,5005150.165000000037252
600519.SH,2025.07.16,1410.00999999999999,1417.490000000000009,1409.950000000000045,1411.029999999999972,1411,0.03,0.0021,21286.049999999999272,3006882.578999999910593
600519.SH,2025.07.17,1413.980000000000018,1423.00999999999999,1412.880000000000109,1416.349999999999909,1411.029999999999972,5.320000000000001,0.377,23105.540000000000873,3273100.405999999959021
600519.SH,2025.07.18,1420,1437.809999999999945,1416.380000000000109,1437,1416.349999999999909,20.649999999999998,1.458,41823.410000000003492,5984949.774000000208616
600519.SH,2025.07.21,1436.990000000000009,1446.799999999999954,1435,1443,1437,6,0.4175,26203.310000000001309,3779891.828999999910593
600519.SH,2025.07.22,1444,1466.599999999999909,1440.680000000000063,1464.980000000000018,1443,21.98,1.5232,42118.980000000003201,6127636.850999999791383
600519.SH,2025.07.23,1469,1495,1468.950000000000045,1475.5,1464.980000000000018,10.519999999999999,0.7181,45044.839999999996507,6676301.462000000290572
600519.SH,2025.07.24,1476,1499,1475,1491.5,1475.5,16,1.0844,38803.639999999999417,5786337.377000000327825
600519.SH,2025.07.25,1491.40000000000009,1491.40000000000009,1453,1455,1491.5,-36.5,-2.4472,41911.260000000002037,6140078.74100000038743
600519.SH,2025.07.28,1453,1454.990000000000009,1436.299999999999954,1438.660000000000081,1455,-16.339999999999999,-1.123,38586.319999999999708,5560966.385999999940395
600519.SH,2025.07.29,1439.599999999999909,1448.789999999999963,1435.00999999999999,1439,1438.660000000000081,0.34,0.0236,26304.080000000001746,3785848.101999999955296
600519.SH,2025.07.30,1444,1457.160000000000081,1437,1449.440000000000054,1439,10.439999999999999,0.7255,31867.709999999999126,4612883.040000000037252
600519.SH,2025.07.31,1443,1444.86999999999989,1418,1421.670000000000072,1449.440000000000054,-27.769999999999999,-1.9159,51797.510000000002037,7386302.758000000379979
600519.SH,2025.08.01,1421.86999999999989,1425.960000000000036,1414,1417,1421.670000000000072,-4.67,-0.3285,29635.590000000000145,4200850.790000000037252
600519.SH,2025.08.04,1415,1419.799999999999954,1414,1419,1417,2,0.1411,18687.950000000000727,2647105.740000000223517
600519.SH,2025.08.05,1421,1429.940000000000054,1417.109999999999899,1427.740000000000009,1419,8.74,0.6159,25342.270000000000436,3607931.487999999895691
600519.SH,2025.08.06,1429,1429,1419.299999999999954,1423.880000000000109,1427.740000000000009,-3.86,-0.2704,23699.279999999998835,3372334.93999999994412
600519.SH,2025.08.07,1423.880000000000109,1427.700000000000045,1420.059999999999945,1422.349999999999909,1423.880000000000109,-1.53,-0.1075,28001.340000000000145,3988765.794999999925494
600519.SH,2025.08.08,1423.049999999999954,1426.5,1418,1420.970000000000027,1422.349999999999909,-1.38,-0.097,18655.279999999998835,2651478.117999999783933
600519.SH,2025.08.11,1423.5,1451.990000000000009,1423,1445,1420.970000000000027,24.030000000000001,1.6911,47159.069999999999708,6794034.089999999850988
600519.SH,2025.08.12,1449,1465.069999999999936,1436,1437.039999999999963,1445,-7.96,-0.5509,42019.230000000003201,6095342.036000000312924
600519.SH,2025.08.13,1425,1433.680000000000063,1420,1420.049999999999954,1437.039999999999963,-16.989999999999998,-1.1823,65527.540000000000873,9325460.100999999791383
600519.SH,2025.08.14,1420.940000000000054,1447.50999999999999,1420.940000000000054,1426.990000000000009,1420.049999999999954,6.940000000000001,0.4887,48129.30000000000291,6897535.330000000074505
600519.SH,2025.08.15,1426.00999999999999,1428.660000000000081,1420.220000000000027,1422.079999999999927,1426.990000000000009,-4.91,-0.3441,47581.650000000001455,6772436.997000000439584
600519.SH,2025.08.18,1426.990000000000009,1436.6400000000001,1423.099999999999909,1428.5,1422.079999999999927,6.42,0.4515,47377.980000000003201,6773477.871000000275671
600519.SH,2025.08.19,1433.5,1446.660000000000081,1432,1438,1428.5,9.5,0.665,46371.860000000000582,6678541.001000000163912
600519.SH,2025.08.20,1438,1452.799999999999954,1430.019999999999981,1450,1438,12,0.8345,45804.660000000003492,6623095.72499999962747
600519.SH,2025.08.21,1453.450000000000045,1454.990000000000009,1443.65000000000009,1448.25,1450,-1.75,-0.1207,30890.569999999999708,4470441.661999999545514
600519.SH,2025.08.22,1448.880000000000109,1464,1444.769999999999981,1463.950000000000045,1448.25,15.699999999999999,1.0841,44970.580000000001746,6544867.367999999783933
600519.SH,2025.08.25,1470.00999999999999,1496,1466,1490.329999999999927,1463.950000000000045,26.379999999999998,1.802,65324.55000000000291,9676719.497999999672174
600519.SH,2025.08.26,1490.319999999999936,1494.230000000000018,1480.00999999999999,1481.609999999999899,1490.329999999999927,-8.72,-0.5851,39602.12999999999738,5883917
600519.SH,2025.08.27,1481.880000000000109,1484.930000000000063,1448,1448,1481.609999999999899,-33.609999999999999,-2.2685,56006.089999999996507,8184169.112999999895691
600519.SH,2025.08.28,1447.970000000000027,1456.099999999999909,1438.769999999999981,1446.099999999999909,1448,-1.9,-0.1312,39281.769999999996798,5683673.273000000044703
600519.SH,2025.08.29,1453,1482.579999999999927,1452,1480,1446.099999999999909,33.899999999999998,2.3442,62256.480000000003201,9159701.453999999910593
600519.SH,2025.09.01,1482.200000000000045,1488,1465.700000000000045,1476.099999999999909,1480,-3.9,-0.2635,45123.37999999999738,6658918.554999999701976
600519.SH,2025.09.02,1478.660000000000081,1509,1478,1491.299999999999954,1476.099999999999909,15.199999999999999,1.0297,56688.370000000002619,8470012.815999999642372
600519.SH,2025.09.03,1491,1503.5,1466,1480.549999999999954,1491.299999999999954,-10.75,-0.7208,45045.029999999998835,6656011.144999999552965
600519.SH,2025.09.04,1472,1479.299999999999954,1460.470000000000027,1472.660000000000081,1480.549999999999954,-7.89,-0.5329,47746.760000000002037,7017084.75
600519.SH,2025.09.05,1471,1486.970000000000027,1464,1483,1472.660000000000081,10.339999999999999,0.7021,37388.480000000003201,5519312.162999999709427
600519.SH,2025.09.08,1483,1506.440000000000054,1477.5,1501.230000000000018,1483,18.23,1.2293,51382.980000000003201,7682065.696000000461935
600519.SH,2025.09.09,1505,1509.950000000000045,1493.420000000000072,1505,1501.230000000000018,3.77,0.2511,35742.769999999996798,5366650.004999999888241
600519.SH,2025.09.10,1506.660000000000081,1529.950000000000045,1496,1522.00999999999999,1505,17.010000000000001,1.1302,49663.309999999997671,7541460.048999999649822
600519.SH,2025.09.11,1522.00999999999999,1526.019999999999981,1508.5,1523.5,1522.00999999999999,1.49,0.0979,37238.959999999999126,5642778.456000000238418
600519.SH,2025.09.12,1526,1538.019999999999981,1510.529999999999972,1516,1523.5,-7.5,-0.4923,33722.089999999996507,5132184.934999999590217
600519.SH,2025.09.15,1515.86999999999989,1517.480000000000018,1501.5,1515.099999999999909,1516,-0.9,-0.0594,25827.029999999998835,3901929.717999999877065
600519.SH,2025.09.16,1515.099999999999909,1520.990000000000009,1496.210000000000036,1499.980000000000018,1515.099999999999909,-15.119999999999999,-0.998,32717.889999999999417,4928374.478000000119209
600519.SH,2025.09.17,1499.990000000000009,1510.279999999999972,1490.00999999999999,1493,1499.980000000000018,-6.980000000000001,-0.4653,30330.540000000000873,4534770.633999999612569
600519.SH,2025.09.18,1492,1497.799999999999954,1463.5,1467.960000000000036,1493,-25.039999999999999,-1.6772,49721.25,7347477.479000000283122
600519.SH,2025.09.19,1467.990000000000009,1475.5,1457.00999999999999,1467.970000000000027,1467.960000000000036,0.01,0.0007,32636.619999999998981,4784528.850999999791383
600519.SH,2025.09.22,1465.089999999999918,1467.970000000000027,1450.00999999999999,1453.349999999999909,1467.970000000000027,-14.619999999999999,-0.9959,34947.080000000001746,5085057.536000000312924
600519.SH,2025.09.23,1450.5,1457.5,1440,1447.420000000000072,1453.349999999999909,-5.93,-0.408,38663,5588384.38800000026822
600519.SH,2025.09.24,1434.069999999999936,1456.779999999999972,1434.069999999999936,1442,1447.420000000000072,-5.42,-0.3745,30743.5,4443052.872000000439584
600519.SH,2025.09.25,1442.829999999999927,1445.210000000000036,1436,1439,1442,-3,-0.208,33869.730000000003201,4873274.661000000312924
600519.SH,2025.09.26,1441.180000000000063,1447.109999999999899,1428.00999999999999,1435,1439,-4,-0.278,45120.709999999999126,6480889.597000000067055
600519.SH,2025.09.29,1439.380000000000109,1469.990000000000009,1435,1460.859999999999899,1435,25.859999999999999,1.8021,53684.029999999998835,7798434.586000000126659
600519.SH,2025.09.30,1460,1460.75999999999999,1440,1443.990000000000009,1460.859999999999899,-16.87,-1.1548,39363.620000000002619,5687474.876000000163912
600519.SH,2025.10.09,1436,1439.380000000000109,1420,1436.779999999999972,1443.990000000000009,-7.21,-0.4993,54918.120000000002619,7845448.946999999694526
600519.SH,2025.10.10,1437.599999999999909,1439.940000000000054,1427.5,1430,1436.779999999999972,-6.780000000000001,-0.4719,36001.440000000002328,5157459.262000000104308
600519.SH,2025.10.13,1415.700000000000045,1422.849999999999909,1415.11999999999989,1419.200000000000045,1430,-10.8,-0.7552,46068.80000000000291,6533147.457999999634921
600519.SH,2025.10.14,1429.990000000000009,1464,1429.990000000000009,1451.019999999999981,1419.200000000000045,31.82,2.2421,66672.330000000001746,9639484.605000000447034
600519.SH,2025.10.15,1450.980000000000018,1463,1445.079999999999927,1462,1451.019999999999981,10.98,0.7567,42785.400000000001455,6233407.481999999843537
600519.SH,2025.10.16,1461.920000000000072,1484.950000000000045,1458.880000000000109,1484.910000000000081,1462,22.91,1.567,45730.150000000001455,6749162.949000000022351
600519.SH,2025.10.17,1483.099999999999909,1488,1454.029999999999972,1455,1484.910000000000081,-29.91,-2.0143,38085.889999999999417,5594724.900000000372529
600519.SH,2025.10.20,1455,1469.5,1454.880000000000109,1457.930000000000063,1455,2.93,0.2014,25949.880000000001018,3793283.759000000078231
600519.SH,2025.10.21,1459,1469.940000000000054,1455.5,1462.25999999999999,1457.930000000000063,4.33,0.297,25442.669999999998253,3727984.129999999888241
600519.SH,2025.10.22,1462.079999999999927,1465.730000000000018,1456,1458.700000000000045,1462.25999999999999,-3.56,-0.2435,18194.919999999998253,2657486.635999999940395
600519.SH,2025.10.23,1455,1468.799999999999954,1447.200000000000045,1467.980000000000018,1458.700000000000045,9.279999999999999,0.6362,29322.349999999998544,4274652.089999999850988
600519.SH,2025.10.24,1467.950000000000045,1478.880000000000109,1449.339999999999918,1450,1467.980000000000018,-17.98,-1.2248,38225.830000000001746,5578603.148000000044703
600519.SH,2025.10.27,1440,1452.490000000000009,1435.990000000000009,1440.410000000000081,1450,-9.589999999999999,-0.6614,37102.389999999999417,5352667.151999999769032
600519.SH,2025.10.28,1442,1451.200000000000045,1441.099999999999909,1445,1440.410000000000081,4.59,0.3187,27124.330000000001746,3923817.140000000130385
600519.SH,2025.10.29,1440.019999999999981,1446.549999999999954,1430.039999999999963,1431.90000000000009,1445,-13.099999999999999,-0.9066,33937.110000000000582,4868780.31900000013411
600519.SH,2025.10.30,1421.809999999999945,1436.630000000000109,1421.809999999999945,1426.740000000000009,1431.90000000000009,-5.160000000000001,-0.3604,47456.099999999998544,6768821.31099999975413
600519.SH,2025.10.31,1422,1435.980000000000018,1420.109999999999899,1430.00999999999999,1426.740000000000009,3.27,0.2292,35693.769999999996798,5109623.860999999567866
600519.SH,2025.11.03,1431,1448,1420.099999999999909,1435,1430.00999999999999,4.990000000000001,0.3489,34547.660000000003492,4945310.830000000074505
600519.SH,2025.11.04,1435.099999999999909,1435.779999999999972,1423.779999999999972,1429,1435,-6,-0.4181,26565.720000000001164,3793892.902999999932944
600519.SH,2025.11.05,1425.8900000000001,1430.990000000000009,1420.00999999999999,1420.079999999999927,1429,-8.92,-0.6242,34475.269999999996798,4908475.372999999672174
600519.SH,2025.11.06,1430,1441.450000000000045,1429.990000000000009,1435.130000000000109,1420.079999999999927,15.05,1.0598,38347.819999999999708,5505960.415000000037252
600519.SH,2025.11.07,1435.109999999999899,1439.779999999999972,1431.109999999999899,1433.329999999999927,1435.130000000000109,-1.8,-0.1254,18861.389999999999417,2704995.856000000145286
600519.SH,2025.11.10,1435,1463.690000000000054,1434.980000000000018,1462.299999999999954,1433.329999999999927,28.969999999999998,2.0212,49451.540000000000873,7181246.440999999642372
600519.SH,2025.11.11,1462,1462.180000000000063,1447,1458.990000000000009,1462.299999999999954,-3.31,-0.2264,26691.560000000001309,3882776.77199999988079
600519.SH,2025.11.12,1459.980000000000018,1478.359999999999899,1459.210000000000036,1465.15000000000009,1458.990000000000009,6.160000000000001,0.4222,32992.099999999998544,4849073.050999999977648
600519.SH,2025.11.13,1462.11999999999989,1473.579999999999927,1458,1470.380000000000109,1465.15000000000009,5.230000000000001,0.357,31179.229999999999563,4569178.269000000320374
600519.SH,2025.11.14,1470,1478.950000000000045,1456.299999999999954,1456.599999999999909,1470.380000000000109,-13.779999999999999,-0.9372,27473.060000000001309,4031007.106000000145286
600519.SH,2025.11.17,1454,1473,1445.789999999999963,1471,1456.599999999999909,14.4,0.9886,34462.209999999999126,5035780.026999999769032
600519.SH,2025.11.18,1470.700000000000045,1486.069999999999936,1469,1476,1471,5,0.3399,34204.779999999998835,5055675.47400000039488
600519.SH,2025.11.19,1474,1479.529999999999972,1469.960000000000036,1471.00999999999999,1476,-4.990000000000001,-0.3381,22045.369999999998981,3249449.214000000152736
600519.SH,2025.11.20,1472,1479.90000000000009,1465.029999999999972,1467.109999999999899,1471.00999999999999,-3.9,-0.2651,24002.319999999999708,3531653.942999999970197
600519.SH,2025.11.21,1470.5,1480,1456,1466.599999999999909,1467.109999999999899,-0.51,-0.0348,42607.199999999997089,6259873.433000000193715
600519.SH,2025.11.24,1467,1471,1451.130000000000109,1452,1466.599999999999909,-14.599999999999999,-0.9955,33607.440000000002328,4901903.705000000074505
600519.SH,2025.11.25,1458,1458,1444.5,1444.65000000000009,1452,-7.35,-0.5062,28440.68999999999869,4119930.010999999940395
600519.SH,2025.11.26,1448.880000000000109,1453.490000000000009,1443.579999999999927,1449.15000000000009,1444.65000000000009,4.5,0.3115,20306.159999999999854,2938818.09500000020489
600519.SH,2025.11.27,1449.5,1450,1439.039999999999963,1447.299999999999954,1449.15000000000009,-1.85,-0.1277,22286.889999999999417,3216797.186999999918043
600519.SH,2025.11.28,1446.5,1455.5,1443,1450.5,1447.299999999999954,3.2,0.2211,23211.209999999999126,3366696.621999999973922
600519.SH,2025.12.01,1451,1462.269999999999981,1442,1448,1450.5,-2.5,-0.1724,27333.419999999998253,3961994.998999999836087
600519.SH,2025.12.02,1448,1451.920000000000072,1435.019999999999981,1436.029999999999972,1448,-11.97,-0.8267,25047.259999999998399,3607543.825000000186264
600519.SH,2025.12.03,1435.809999999999945,1435.970000000000027,1428,1429.099999999999909,1436.029999999999972,-6.93,-0.4826,23572.790000000000873,3370080.066000000108033
600519.SH,2025.12.04,1429.099999999999909,1432.5,1418.380000000000109,1423.980000000000018,1429.099999999999909,-5.120000000000001,-0.3583,29075.389999999999417,4134921.901999999769031
600519.SH,2025.12.05,1423.980000000000018,1433.089999999999918,1419.5,1430.00999999999999,1423.980000000000018,6.030000000000001,0.4235,25401.659999999999854,3622681.597000000067055
600519.SH,2025.12.08,1429.200000000000045,1436.670000000000072,1418,1418.220000000000027,1430.00999999999999,-11.789999999999999,-0.8245,33602.80000000000291,4789155.769999999552965
600519.SH,2025.12.09,1418.230000000000018,1421,1400.049999999999954,1401.00999999999999,1418.220000000000027,-17.21,-1.2135,42634.430000000000291,5995722.121000000275671
600519.SH,2025.12.10,1400,1402.799999999999954,1383.180000000000063,1402.799999999999954,1401.00999999999999,1.79,0.1278,33133.470000000001164,4625906.139000000432133
600519.SH,2025.12.11,1406.660000000000081,1411.990000000000009,1401.549999999999954,1411.990000000000009,1402.799999999999954,9.189999999999999,0.6551,22385.009999999998399,3149974.074000000022351
600519.SH,2025.12.12,1418,1425,1413.569999999999936,1420.65000000000009,1411.990000000000009,8.66,0.6133,37159.190000000002328,5273563.274000000208616
600519.SH,2025.12.15,1439.589999999999918,1439.990000000000009,1425.569999999999936,1426,1420.65000000000009,5.35,0.3766,33358.790000000000873,4774362.059999999590218
600519.SH,2025.12.16,1426.200000000000045,1428.779999999999972,1415,1422,1426,-4,-0.2805,23963.669999999998253,3403139.19400000013411
600519.SH,2025.12.17,1425,1439.940000000000054,1417.680000000000063,1433.099999999999909,1422,11.099999999999999,0.7806,31382.4900000000016,4489482.13800000026822
600519.SH,2025.12.18,1433.5,1438.880000000000109,1426.109999999999899,1431,1433.099999999999909,-2.1,-0.1465,17829.950000000000727,2551177.658999999985098
600519.SH,2025.12.19,1410,1412.450000000000045,1401.00999999999999,1410,1407.039999999999963,2.96,0.2104,26508.680000000000291,3733028.356999999843537
600519.SH,2025.12.22,1410,1414.1400000000001,1406.579999999999927,1408.25999999999999,1410,-1.74,-0.1234,20425.650000000001455,2881636.856000000145286
600519.SH,2025.12.23,1408.25999999999999,1412.930000000000063,1397.190000000000054,1407.859999999999899,1408.25999999999999,-0.4,-0.0284,24506.810000000001309,3445377.032000000122934
600519.SH,2025.12.24,1404.990000000000009,1406.359999999999899,1400,1400.90000000000009,1407.859999999999899,-6.96,-0.4944,25186.68999999999869,3533253.56499999994412
600519.SH,2025.12.25,1405,1419.480000000000018,1401.380000000000109,1414.170000000000072,1400.90000000000009,13.269999999999999,0.9472,23386.209999999999126,3299572.095999999903142
600519.SH,2025.12.26,1414.170000000000072,1419.1400000000001,1410,1414.130000000000109,1414.170000000000072,-0.04,-0.0028,17802.9900000000016,2520605.634999999776482
600519.SH,2025.12.29,1414.130000000000109,1414.130000000000109,1401,1402,1414.130000000000109,-12.13,-0.8578,26308.099999999998544,3694660.106999999843537
600519.SH,2025.12.30,1401,1401.90000000000009,1386,1389.720000000000027,1402,-12.279999999999999,-0.8759,33791.940000000002328,4702489.813000000081956
600519.SH,2025.12.31,1390,1394,1377.170000000000072,1377.180000000000063,1389.720000000000027,-12.539999999999999,-0.9023,34765.62999999999738,4799456.451999999582767
600519.SH,2026.01.05,1385,1431.880000000000109,1385,1426,1377.180000000000063,48.82,3.5449,70949.419999999998253,10018086.371999999508261
600519.SH,2026.01.06,1432.549999999999954,1436.970000000000027,1416.529999999999972,1428.00999999999999,1426,2.01,0.141,39586.180000000000291,5649710.152999999932944
600519.SH,2026.01.07,1432.880000000000109,1435,1420.200000000000045,1423.359999999999899,1428.00999999999999,-4.650000000000001,-0.3256,29683.799999999999272,4234255.286000000312924
600519.SH,2026.01.08,1423.329999999999927,1423.359999999999899,1408.1400000000001,1412.299999999999954,1423.359999999999899,-11.06,-0.777,29134.540000000000873,4117925.041000000201165
600519.SH,2026.01.09,1417,1428.599999999999909,1416.00999999999999,1419.099999999999909,1412.299999999999954,6.8,0.4815,29847.7400000000016,4243865.417999999597668
600519.SH,2026.01.12,1419.099999999999909,1431,1417.099999999999909,1423.230000000000018,1419.099999999999909,4.13,0.291,36082.660000000003492,5135636.032999999821186
600519.SH,2026.01.13,1426.789999999999963,1429.519999999999981,1408.990000000000009,1411,1423.230000000000018,-12.23,-0.8593,39168.660000000003492,5555633.779000000096857
600519.SH,2026.01.14,1411,1422.25,1396.180000000000063,1398.00999999999999,1411,-12.99,-0.9206,51757.970000000001164,7285041.158999999985098
600519.SH,2026.01.15,1396.019999999999981,1402.829999999999927,1388.579999999999927,1388.8900000000001,1398.00999999999999,-9.119999999999999,-0.6524,40907.139999999999417,5698739.671000000089406
600519.SH,2026.01.16,1395,1397.5,1380,1382,1388.8900000000001,-6.89,-0.4961,55120.680000000000291,7643061.997999999672174
600519.SH,2026.01.19,1381.90000000000009,1387.490000000000009,1375,1376,1382,-6,-0.4342,42286.400000000001455,5833745.441999999806284
600519.SH,2026.01.20,1379.5,1381.579999999999927,1372.049999999999954,1373.549999999999954,1376,-2.45,-0.1781,36484.430000000000291,5021900.764999999664723
600519.SH,2026.01.21,1373.559999999999945,1374.40000000000009,1350,1351.059999999999945,1373.549999999999954,-22.489999999999998,-1.6374,64516.25,8775880.802999999374151
600519.SH,2026.01.22,1352.00999999999999,1361.75999999999999,1337.480000000000018,1340.059999999999945,1351.059999999999945,-11,-0.8142,59010.889999999999417,7962441.434000000357627
600519.SH,2026.01.23,1340.099999999999909,1348,1332.470000000000027,1337,1340.059999999999945,-3.06,-0.2283,61948.900000000001455,8301311.489000000059604
600519.SH,2026.01.26,1340.50999999999999,1355,1325.11999999999989,1342,1337,5,0.374,80166.059999999997671,10751225.525000000372529
600519.SH,2026.01.27,1344.980000000000018,1353.700000000000045,1338,1343.00999999999999,1342,1.01,0.0753,48415.959999999999126,6514513.216000000014901
600519.SH,2026.01.28,1343.039999999999963,1346.710000000000036,1322.00999999999999,1323.690000000000054,1343.00999999999999,-19.32,-1.4386,76218.009999999994761,10135019.524000000208616
600519.SH,2026.01.29,1335,1445,1329.059999999999945,1437.720000000000027,1323.690000000000054,114.030000000000001,8.614599999999999,189534.399999999994179,26305591.085999999195337
600519.SH,2026.01.30,1435,1435,1401,1401,1437.720000000000027,-36.719999999999998,-2.554,94479.740000000005238,13366329.414000000804662
600519.SH,2026.02.02,1425,1458.579999999999927,1411.61999999999989,1427,1401,26,1.8558,85724.270000000004074,12312646.442999999970197
600519.SH,2026.02.03,1445,1476.809999999999945,1443.029999999999972,1474.920000000000072,1427,47.920000000000001,3.3581,86320.660000000003492,12628439.70299999974668
600519.SH,2026.02.04,1485,1533.269999999999981,1474,1525,1474.920000000000072,50.079999999999998,3.3954,109122.929999999993015,16444345.980000000447034
600519.SH,2026.02.05,1520,1565,1515,1555,1525,30,1.9672,91622.740000000005238,14183456.475999999791383
600519.SH,2026.02.06,1555,1568,1505.880000000000109,1515.00999999999999,1555,-39.990000000000001,-2.5717,78965.380000000004656,12019878.668999999761581
600519.SH,2026.02.09,1518,1542.880000000000109,1513.490000000000009,1524.960000000000036,1515.00999999999999,9.949999999999999,0.6568,51168.459999999999126,7809067.705000000074505
600519.SH,2026.02.10,1524.970000000000027,1524.970000000000027,1496.5,1504.799999999999954,1524.960000000000036,-20.16,-1.322,39575.959999999999126,5953269.321000000461935
600519.SH,2026.02.11,1504.799999999999954,1514,1496,1504.329999999999927,1504.799999999999954,-0.47,-0.0312,30928.459999999999126,4648360.03000000026077
600519.SH,2026.02.12,1500.200000000000045,1502.819999999999936,1473.359999999999899,1486.599999999999909,1504.329999999999927,-17.73,-1.1786,46245.819999999999708,6874370.112999999895691
600519.SH,2026.02.13,1486.599999999999909,1507.799999999999954,1470.579999999999927,1485.299999999999954,1486.599999999999909,-1.3,-0.0874,41679.010000000002037,6216379.20299999974668
600519.SH,2026.02.24,1521,1524.40000000000009,1463.599999999999909,1466.799999999999954,1485.299999999999954,-18.5,-1.2455,41912.529999999998835,6198840.571999999694526
600519.SH,2026.02.25,1470,1509.660000000000081,1467.880000000000109,1491.660000000000081,1466.799999999999954,24.859999999999999,1.6948,36880.669999999998253,5490316.149000000208616
600519.SH,2026.02.26,1486.599999999999909,1489.490000000000009,1464.670000000000072,1466.210000000000036,1491.660000000000081,-25.449999999999999,-1.7062,32958.010000000002037,4855471.429999999701976
600519.SH,2026.02.27,1466.990000000000009,1476.210000000000036,1455.019999999999981,1455.019999999999981,1466.210000000000036,-11.189999999999999,-0.7632,32160.159999999999854,4697692.476999999955296
