ts_code,trade_date,open,high,low,close,pre_close,change,pct_chg,vol,amount
600900.SH,2023.03.01,21.149999999999998,21.449999999999999,21.120000000000001,21.25,21.16,0.09,0.4253,700933.780000000027939,1492960.544999999925494
600900.SH,2023.03.02,21.16,21.269999999999999,21.05,21.239999999999998,21.25,-0.01,-0.0471,568607.640000000013969,1203374.710999999893829
600900.SH,2023.03.03,21.25,21.41,21.199999999999999,21.329999999999998,21.239999999999998,0.09,0.4237,624296.290000000037252,1330143.93100000009872
600900.SH,2023.03.06,21.379999999999998,21.469999999999998,21.199999999999999,21.260000000000001,21.329999999999998,-0.07,-0.3282,623274.069999999948777,1326448.399999999906867
600900.SH,2023.03.07,21.269999999999999,21.379999999999998,21.100000000000001,21.129999999999998,21.260000000000001,-0.13,-0.6115,645874.839999999967403,1373064.412000000011175
600900.SH,2023.03.08,21.059999999999998,21.120000000000001,20.850000000000001,20.96,21.129999999999998,-0.17,-0.8045,681850.119999999995343,1429048.557999999960884
600900.SH,2023.03.09,20.98,20.98,20.789999999999999,20.8,20.96,-0.16,-0.7634,533234.800000000046566,1111298.762000000104308
600900.SH,2023.03.10,20.71,20.850000000000001,20.71,20.75,20.8,-0.05,-0.2404,480711.429999999993015,998811.118999999947845
600900.SH,2023.03.13,20.75,20.989999999999998,20.71,20.940000000000001,20.75,0.19,0.9157,572818.640000000013969,1194351.40100000007078
600900.SH,2023.03.14,20.920000000000001,21.149999999999998,20.879999999999999,21.07,20.940000000000001,0.13,0.6208,720886.729999999981373,1519584.362999999895691
600900.SH,2023.03.15,21.100000000000001,21.16,20.89,21.010000000000001,21.07,-0.06,-0.2848,543041.260000000009313,1140999.144000000087544
600900.SH,2023.03.16,20.96,21.3,20.91,21.21,21.010000000000001,0.2,0.9519,811402.400000000023283,1721364.627000000094994
600900.SH,2023.03.17,21.3,21.5,21.199999999999999,21.199999999999999,21.21,-0.01,-0.0471,638240.849999999976716,1363129.578999999910593
600900.SH,2023.03.20,21.179999999999999,21.359999999999999,20.920000000000001,20.949999999999999,21.199999999999999,-0.25,-1.1792,497955.799999999988358,1050676.17699999990873
600900.SH,2023.03.21,20.969999999999998,21.100000000000001,20.920000000000001,20.940000000000001,20.949999999999999,-0.01,-0.0477,384451.96999999997206,806307.994999999995343
600900.SH,2023.03.22,21.149999999999998,21.219999999999998,20.920000000000001,20.969999999999998,20.940000000000001,0.03,0.1433,490534.260000000009313,1031522.057000000029802
600900.SH,2023.03.23,20.949999999999999,20.98,20.809999999999998,20.920000000000001,20.969999999999998,-0.05,-0.2384,532132.630000000004656,1111345.958000000100582
600900.SH,2023.03.24,20.920000000000001,20.989999999999998,20.73,20.780000000000001,20.920000000000001,-0.14,-0.6692,621817.589999999967403,1294541.243999999947845
600900.SH,2023.03.27,20.789999999999999,20.82,20.280000000000001,20.32,20.780000000000001,-0.46,-2.2137,1232322.25,2518121.683000000193715
600900.SH,2023.03.28,20.379999999999998,20.379999999999998,20.019999999999999,20.179999999999999,20.32,-0.14,-0.689,1298541.300000000046566,2614061.927999999839812
600900.SH,2023.03.29,20.280000000000001,20.789999999999999,20.219999999999998,20.719999999999998,20.179999999999999,0.54,2.6759,1762968.899999999906867,3615626.887999999802559
600900.SH,2023.03.30,20.649999999999998,21.260000000000001,20.649999999999998,21.219999999999998,20.719999999999998,0.5,2.4131,1596218.90999999991618,3368059.52600000007078
600900.SH,2023.03.31,21.219999999999998,21.339999999999999,21.14,21.25,21.219999999999998,0.03,0.1414,722900.180000000051222,1535877.530000000027939
600900.SH,2023.04.03,21.199999999999999,21.25,21.079999999999998,21.100000000000001,21.25,-0.15,-0.7059,416840.380000000004656,880780.418999999994412
600900.SH,2023.04.04,21.089999999999999,21.3,21.059999999999998,21.269999999999999,21.100000000000001,0.17,0.8057,523569.770000000018626,1110287.682000000029802
600900.SH,2023.04.06,21.239999999999998,21.280000000000001,21.109999999999999,21.199999999999999,21.269999999999999,-0.07,-0.3291,245027.45999999999185,519189.824000000022351
600900.SH,2023.04.07,21.21,21.260000000000001,21.010000000000001,21.079999999999998,21.199999999999999,-0.12,-0.566,290180.130000000004656,612089.298999999999068
600900.SH,2023.04.10,21.179999999999999,21.289999999999999,21.089999999999999,21.239999999999998,21.079999999999998,0.16,0.759,322785.140000000013969,684943.515999999945051
600900.SH,2023.04.11,21.289999999999999,21.32,21.100000000000001,21.280000000000001,21.239999999999998,0.04,0.1883,407301.520000000018626,864131.765999999945051
600900.SH,2023.04.12,21.3,21.489999999999998,21.219999999999998,21.399999999999998,21.280000000000001,0.12,0.5639,418299.400000000023283,895041.802999999956227
600900.SH,2023.04.13,21.370000000000001,21.449999999999999,21.100000000000001,21.149999999999998,21.399999999999998,-0.25,-1.1682,469738.739999999990686,996035.682999999960884
600900.SH,2023.04.14,21.21,21.370000000000001,21.179999999999999,21.21,21.149999999999998,0.06,0.2837,381914.010000000009313,812423.383999999961815
600900.SH,2023.04.17,21.199999999999999,21.3,21.129999999999998,21.3,21.21,0.09,0.4243,420521.380000000004656,892428.994999999995343
600900.SH,2023.04.18,21.3,21.359999999999999,21.170000000000001,21.260000000000001,21.3,-0.04,-0.1878,413559.330000000016298,877948.030000000027939
600900.SH,2023.04.19,21.280000000000001,21.339999999999999,21.05,21.079999999999998,21.260000000000001,-0.18,-0.8467,723769.369999999995343,1532220.043000000063329
600900.SH,2023.04.20,21.089999999999999,21.170000000000001,20.98,21.129999999999998,21.079999999999998,0.05,0.2372,475778.940000000002328,1002741.153999999980442
600900.SH,2023.04.21,21.14,21.429999999999999,21.039999999999999,21.059999999999998,21.129999999999998,-0.07,-0.3313,700334.85999999998603,1488286.838999999919906
600900.SH,2023.04.24,21.149999999999998,21.239999999999998,20.989999999999998,21.030000000000001,21.059999999999998,-0.03,-0.1425,471080.070000000006984,993415.266999999992549
600900.SH,2023.04.25,21.010000000000001,21.219999999999998,20.98,21.170000000000001,21.030000000000001,0.14,0.6657,484188.809999999997671,1023228.677999999956227
600900.SH,2023.04.26,21.179999999999999,21.379999999999998,21.14,21.179999999999999,21.170000000000001,0.01,0.0472,453451,963342.479999999981373
600900.SH,2023.04.27,21.289999999999999,21.920000000000001,21.219999999999998,21.89,21.179999999999999,0.71,3.3522,945611.770000000018626,2047798.382999999914318
600900.SH,2023.04.28,21.82,21.96,21.62,21.879999999999999,21.89,-0.01,-0.0457,660156.410000000032596,1439296.570999999996274
600900.SH,2023.05.04,21.879999999999999,22.559999999999998,21.719999999999998,22.559999999999998,21.879999999999999,0.68,3.1079,856299.93999999994412,1906221.12100000004284
600900.SH,2023.05.05,22.420000000000001,22.420000000000001,22.059999999999998,22.100000000000001,22.559999999999998,-0.46,-2.039,613816.739999999990686,1361763.406999999890103
600900.SH,2023.05.08,22.100000000000001,22.41,22.010000000000001,22.339999999999999,22.100000000000001,0.24,1.086,689703.949999999953433,1532070.560000000055879
600900.SH,2023.05.09,22.269999999999999,23.089999999999999,22.219999999999998,22.75,22.339999999999999,0.41,1.8353,974938.180000000051222,2223384.549000000115484
600900.SH,2023.05.10,22.75,23.21,22.39,22.39,22.75,-0.36,-1.5824,685452.260000000009313,1558869.165000000037252
600900.SH,2023.05.11,22.530000000000001,23.030000000000001,22.420000000000001,22.8,22.39,0.41,1.8312,538422.819999999948777,1227855.35800000000745
600900.SH,2023.05.12,22.839999999999999,23.149999999999998,22.699999999999999,22.91,22.8,0.11,0.4825,682035.069999999948777,1563876.902000000001862
600900.SH,2023.05.15,22.8,23.010000000000001,22.71,23,22.91,0.09,0.3928,530322.880000000004656,1214174.617000000085681
600900.SH,2023.05.16,23,23.129999999999998,22.71,22.96,23,-0.04,-0.1739,564169.560000000055879,1294922.459000000031664
600900.SH,2023.05.17,22.98,23.129999999999998,22.809999999999998,22.879999999999999,22.96,-0.08,-0.3484,450117.21999999997206,1032793.261999999987892
600900.SH,2023.05.18,22.920000000000001,23.269999999999999,22.91,23.079999999999998,22.879999999999999,0.2,0.8741,468708.020000000018626,1083068.418000000063329
600900.SH,2023.05.19,23.010000000000001,23.079999999999998,22.809999999999998,22.82,23.079999999999998,-0.26,-1.1265,361886.270000000018626,828257.692999999970197
600900.SH,2023.05.22,22.940000000000001,23.32,22.859999999999999,23.23,22.82,0.41,1.7967,582943.050000000046566,1351315.371999999973922
600900.SH,2023.05.23,23.239999999999998,23.329999999999998,23.039999999999999,23.039999999999999,23.23,-0.19,-0.8179,330978.020000000018626,766352.238999999943189
600900.SH,2023.05.24,23.039999999999999,23.079999999999998,22.629999999999999,22.629999999999999,23.039999999999999,-0.41,-1.7795,476768.190000000002328,1085587.503999999957159
600900.SH,2023.05.25,22.62,22.8,22.519999999999999,22.699999999999999,22.629999999999999,0.07,0.3093,369269.599999999976716,836120.623999999952502
600900.SH,2023.05.26,22.719999999999998,22.829999999999998,22.539999999999999,22.559999999999998,22.699999999999999,-0.14,-0.6167,275607.409999999974388,624126.10600000002887
600900.SH,2023.05.29,22.62,22.929999999999999,22.609999999999999,22.89,22.559999999999998,0.33,1.4628,401643.799999999988358,916101.393999999971128
600900.SH,2023.05.30,22.879999999999999,22.940000000000001,22.48,22.75,22.89,-0.14,-0.6116,451086.75,1022565.167000000015832
600900.SH,2023.05.31,22.609999999999999,22.64,22.14,22.510000000000001,22.75,-0.24,-1.0549,725718.540000000037252,1621345.192999999970197
600900.SH,2023.06.01,22.440000000000001,22.600000000000001,22.32,22.379999999999998,22.510000000000001,-0.13,-0.5775,388153.830000000016298,871584.836000000010244
600900.SH,2023.06.02,22.48,22.489999999999998,22.260000000000001,22.329999999999998,22.379999999999998,-0.05,-0.2234,391962.159999999974388,876639.361999999964609
600900.SH,2023.06.05,22.39,22.600000000000001,22.350000000000001,22.449999999999999,22.329999999999998,0.12,0.5374,316184.929999999993015,711047.271999999997206
600900.SH,2023.06.06,22.449999999999999,22.57,22.269999999999999,22.32,22.449999999999999,-0.13,-0.5791,286429.96999999997206,642179.555999999982304
600900.SH,2023.06.07,22.399999999999998,22.5,22.289999999999999,22.339999999999999,22.32,0.02,0.0896,321937.659999999974388,721404.037999999942258
600900.SH,2023.06.08,22.39,22.679999999999999,22.350000000000001,22.66,22.339999999999999,0.32,1.4324,289756.559999999997671,653582.569999999948777
600900.SH,2023.06.09,22.649999999999998,22.920000000000001,22.629999999999999,22.859999999999999,22.66,0.2,0.8826,375421.010000000009313,856273.670999999972991
600900.SH,2023.06.12,22.839999999999999,22.879999999999999,22.370000000000001,22.379999999999998,22.859999999999999,-0.48,-2.0997,489731.140000000013969,1103359.53499999991618
600900.SH,2023.06.13,22.39,22.48,22.21,22.3,22.379999999999998,-0.08,-0.3575,417252.570000000006984,931606.454000000027008
600900.SH,2023.06.14,22.379999999999998,22.519999999999999,22.25,22.25,22.3,-0.05,-0.2242,364015.690000000002328,815059.930000000051222
600900.SH,2023.06.15,22.32,22.379999999999998,22.039999999999999,22.280000000000001,22.25,0.03,0.1348,443242.539999999979045,984149.827000000048428
600900.SH,2023.06.16,22.3,22.489999999999998,22.07,22.199999999999999,22.280000000000001,-0.08,-0.3591,584769.96999999997206,1298503.262000000104308
600900.SH,2023.06.19,22.120000000000001,22.21,21.89,22.179999999999999,22.199999999999999,-0.02,-0.0901,473139.239999999990686,1043945.366999999969266
600900.SH,2023.06.20,22.120000000000001,22.269999999999999,22.079999999999998,22.089999999999999,22.179999999999999,-0.09,-0.4058,316146.739999999990686,700793.489999999990686
600900.SH,2023.06.21,22.199999999999999,22.399999999999998,22.089999999999999,22.100000000000001,22.089999999999999,0.01,0.0453,405526.400000000023283,902651.863999999943189
600900.SH,2023.06.26,22.100000000000001,22.260000000000001,21.899999999999998,22.239999999999998,22.100000000000001,0.14,0.6335,562346.18999999994412,1244813.411000000080093
600900.SH,2023.06.27,22.239999999999998,22.269999999999999,21.91,22.120000000000001,22.239999999999998,-0.12,-0.5396,381323.650000000023283,842098.819999999948777
600900.SH,2023.06.28,22.14,22.5,22.100000000000001,22.48,22.120000000000001,0.36,1.6275,567813,1269911.537999999942257
600900.SH,2023.06.29,22.48,22.489999999999998,22.089999999999999,22.129999999999998,22.48,-0.35,-1.5569,499002.679999999993015,1108293.283000000054016
600900.SH,2023.06.30,22.129999999999998,22.23,22.019999999999999,22.059999999999998,22.129999999999998,-0.07,-0.3163,414026.559999999997671,914645.574999999953433
600900.SH,2023.07.03,22.089999999999999,22.23,22.079999999999998,22.120000000000001,22.059999999999998,0.06,0.272,371266.950000000011641,821483.880000000004656
600900.SH,2023.07.04,22.120000000000001,22.219999999999998,21.989999999999998,22.05,22.120000000000001,-0.07,-0.3165,345039.539999999979045,760654.322000000043772
600900.SH,2023.07.05,22.079999999999998,22.23,22.019999999999999,22.07,22.05,0.02,0.0907,306868.390000000013969,678071.650999999954365
600900.SH,2023.07.06,22.07,22.16,21.940000000000001,22,22.07,-0.07,-0.3172,348556.299999999988358,767718.380000000004656
600900.SH,2023.07.07,21.96,22.079999999999998,21.940000000000001,22,22,0,0,506868.479999999981373,1115163.637000000104308
600900.SH,2023.07.10,22.05,22.120000000000001,21.949999999999999,22,22,0,0,336731.549999999988358,740929.327000000048428
600900.SH,2023.07.11,22.05,22.05,21.859999999999999,22,22,0,0,485493.400000000023283,1066315.66400000010617
600900.SH,2023.07.12,21.949999999999999,22.179999999999999,21.89,22.14,22,0.14,0.6364,505245.799999999988358,1115293.242000000085681
600900.SH,2023.07.13,22.14,22.55,22.079999999999998,22.420000000000001,22.14,0.28,1.2647,647381.729999999981373,1449384.125999999931082
600900.SH,2023.07.14,22.379999999999998,22.55,22.309999999999998,22.469999999999998,22.420000000000001,0.05,0.223,387169.919999999983701,869178.832999999984167
600900.SH,2023.07.17,22.48,22.539999999999999,22.32,22.440000000000001,22.469999999999998,-0.03,-0.1335,196928.519999999989522,441213.586000000010244
600900.SH,2023.07.18,22.469999999999998,22.530000000000001,22.379999999999998,22.41,22.440000000000001,-0.03,-0.1337,268521.179999999993015,602593.95299999997951
600900.SH,2023.07.19,22.32,22.519999999999999,22.32,22.5,22.41,0.09,0.4016,330672.419999999983701,743226.347999999998137
600900.SH,2023.07.20,22.579999999999998,22.609999999999999,22.399999999999998,22.399999999999998,22.5,-0.1,-0.4444,434410.479999999981373,978367.221999999950639
600900.SH,2023.07.21,21.600000000000001,21.850000000000001,21.559999999999998,21.600000000000001,21.579999999999998,0.02,0.0927,550370.5,1192718.567999999970197
600900.SH,2023.07.24,21.5,21.679999999999999,21.469999999999998,21.559999999999998,21.600000000000001,-0.04,-0.1852,276959.099999999976716,596740.18999999994412
600900.SH,2023.07.25,21.64,21.64,21.25,21.329999999999998,21.559999999999998,-0.23,-1.0668,764038.10999999998603,1631583.708000000100582
600900.SH,2023.07.26,21.329999999999998,21.399999999999998,21.219999999999998,21.39,21.329999999999998,0.06,0.2813,482595.840000000025611,1028987.378999999957159
600900.SH,2023.07.27,21.370000000000001,21.489999999999998,21.199999999999999,21.23,21.39,-0.16,-0.748,413651.679999999993015,882205.13800000003539
600900.SH,2023.07.28,21.219999999999998,21.39,21.14,21.339999999999999,21.23,0.11,0.5181,589361.119999999995343,1253797.044999999925494
600900.SH,2023.07.31,21.329999999999998,21.649999999999998,21.329999999999998,21.46,21.339999999999999,0.12,0.5623,668329.71999999997206,1436470.249000000068917
600900.SH,2023.08.01,21.5,21.719999999999998,21.449999999999999,21.719999999999998,21.46,0.26,1.2116,489135.429999999993015,1055453.760999999940395
600900.SH,2023.08.02,21.699999999999999,21.719999999999998,21.519999999999999,21.589999999999999,21.719999999999998,-0.13,-0.5985,322538.5,696646.435000000055879
600900.SH,2023.08.03,21.64,21.699999999999999,21.539999999999999,21.66,21.589999999999999,0.07,0.3242,341634.380000000004656,739362.660999999963678
600900.SH,2023.08.04,21.66,21.82,21.48,21.539999999999999,21.66,-0.12,-0.554,403813.320000000006984,871899.356000000028871
600900.SH,2023.08.07,21.55,21.949999999999999,21.519999999999999,21.920000000000001,21.539999999999999,0.38,1.7642,553820.780000000027939,1208238.982000000076368
600900.SH,2023.08.08,21.839999999999999,22.109999999999999,21.839999999999999,22.100000000000001,21.920000000000001,0.18,0.8212,388447.479999999981373,855559.361000000033527
600900.SH,2023.08.09,22.089999999999999,22.16,21.809999999999998,22.109999999999999,22.100000000000001,0.01,0.0452,415777.140000000013969,915613.751000000047497
600900.SH,2023.08.10,22.109999999999999,22.16,21.969999999999998,22.089999999999999,22.109999999999999,-0.02,-0.0905,230600.299999999988358,509011.349999999976716
600900.SH,2023.08.11,22.079999999999998,22.109999999999999,21.75,21.75,22.089999999999999,-0.34,-1.5392,320195.400000000023283,700996.13600000005681
600900.SH,2023.08.14,21.699999999999999,21.949999999999999,21.55,21.809999999999998,21.75,0.06,0.2759,550766.349999999976716,1197466.59499999997206
600900.SH,2023.08.15,21.8,22.079999999999998,21.760000000000001,22.019999999999999,21.809999999999998,0.21,0.9629,456950.840000000025611,1005038.903999999980442
600900.SH,2023.08.16,22.030000000000001,22.07,21.809999999999998,21.87,22.019999999999999,-0.15,-0.6812,251788.329999999987194,551426.662999999942257
600900.SH,2023.08.17,21.82,22.14,21.769999999999999,22.120000000000001,21.87,0.25,1.1431,372769.96999999997206,819974.851999999955296
600900.SH,2023.08.18,22.059999999999998,22.269999999999999,22.05,22.059999999999998,22.120000000000001,-0.06,-0.2712,286026.549999999988358,633082.567999999970197
600900.SH,2023.08.21,22.059999999999998,22.149999999999998,21.850000000000001,21.850000000000001,22.059999999999998,-0.21,-0.9519,311022.190000000002328,684516.265000000013969
600900.SH,2023.08.22,21.940000000000001,22.100000000000001,21.789999999999999,22,21.850000000000001,0.15,0.6865,416033.690000000002328,914974.618999999947845
600900.SH,2023.08.23,22.030000000000001,22.190000000000001,21.91,21.949999999999999,22,-0.05,-0.2273,337486.780000000027939,744363.12300000002142
600900.SH,2023.08.24,21.920000000000001,21.989999999999998,21.75,21.769999999999999,21.949999999999999,-0.18,-0.82,388034.75,847106.667000000015832
600900.SH,2023.08.25,21.75,22.199999999999999,21.719999999999998,22.16,21.769999999999999,0.39,1.7915,460902.260000000009313,1016855.128000000026077
600900.SH,2023.08.28,22.5,22.55,21.989999999999998,22.120000000000001,22.16,-0.04,-0.1805,749759.810000000055879,1662876.023000000044703
600900.SH,2023.08.29,22.120000000000001,22.280000000000001,21.89,21.920000000000001,22.120000000000001,-0.2,-0.9042,533861.869999999995343,1179054.888999999966472
600900.SH,2023.08.30,22,22.14,21.91,21.969999999999998,21.920000000000001,0.05,0.2281,334007.270000000018626,734543.739999999990686
600900.SH,2023.08.31,21.949999999999999,22.16,21.899999999999998,22.059999999999998,21.969999999999998,0.09,0.4096,473136.020000000018626,1041852.817999999970197
600900.SH,2023.09.01,22.010000000000001,22.059999999999998,21.75,21.809999999999998,22.059999999999998,-0.25,-1.1333,530415.770000000018626,1159084.272000000113621
600900.SH,2023.09.04,21.899999999999998,21.91,21.579999999999998,21.670000000000001,21.809999999999998,-0.14,-0.6419,748232.739999999990686,1623177.807000000029802
600900.SH,2023.09.05,21.670000000000001,21.920000000000001,21.62,21.89,21.670000000000001,0.22,1.0152,584108.43999999994412,1273652.536000000080093
600900.SH,2023.09.06,21.82,21.949999999999999,21.8,21.809999999999998,21.89,-0.08,-0.3655,249716.35999999998603,545903.540000000037252
600900.SH,2023.09.07,21.850000000000001,21.929999999999999,21.679999999999999,21.850000000000001,21.809999999999998,0.04,0.1834,438932.549999999988358,958542.910999999963678
600900.SH,2023.09.08,21.82,21.89,21.71,21.839999999999999,21.850000000000001,-0.01,-0.0458,286678.539999999979045,625457.628999999957159
600900.SH,2023.09.11,21.829999999999998,22.059999999999998,21.829999999999998,21.989999999999998,21.839999999999999,0.15,0.6868,383446.46999999997206,842758.160999999963678
600900.SH,2023.09.12,21.96,22.079999999999998,21.89,22.07,21.989999999999998,0.08,0.3638,318434.039999999979045,700757.182000000029802
600900.SH,2023.09.13,22.100000000000001,22.329999999999998,22.010000000000001,22.25,22.07,0.18,0.8156,633341.35999999998603,1407844.212000000057741
600900.SH,2023.09.14,22.370000000000001,22.8,22.260000000000001,22.690000000000001,22.25,0.44,1.9775,790227.96999999997206,1786148.692000000039115
600900.SH,2023.09.15,22.690000000000001,22.789999999999999,22.399999999999998,22.519999999999999,22.690000000000001,-0.17,-0.7492,495417.590000000025611,1117513.229999999981373
600900.SH,2023.09.18,22.46,22.559999999999998,22.32,22.41,22.519999999999999,-0.11,-0.4885,396915.369999999995343,889442.040999999968335
600900.SH,2023.09.19,22.379999999999998,22.57,22.3,22.530000000000001,22.41,0.12,0.5355,297394.539999999979045,668334.197999999974854
600900.SH,2023.09.20,22.519999999999999,22.62,22.41,22.559999999999998,22.530000000000001,0.03,0.1332,280077.330000000016298,631401.655000000027939
600900.SH,2023.09.21,22.57,22.64,22.370000000000001,22.379999999999998,22.559999999999998,-0.18,-0.7979,363654.789999999979045,817129.755000000004656
600900.SH,2023.09.22,22.440000000000001,22.55,22.32,22.48,22.379999999999998,0.1,0.4468,449178.25,1007774.660000000032596
600900.SH,2023.09.25,22.589999999999999,22.66,22.379999999999998,22.489999999999998,22.48,0.01,0.0445,340860.510000000009313,768741.207000000053085
600900.SH,2023.09.26,22.539999999999999,22.539999999999999,22.329999999999998,22.41,22.489999999999998,-0.08,-0.3557,257165.989999999990686,576492.679000000003725
600900.SH,2023.09.27,22.46,22.469999999999998,22.179999999999999,22.21,22.41,-0.2,-0.8925,397997.049999999988358,886397.527000000001862
600900.SH,2023.09.28,22.260000000000001,22.379999999999998,22.23,22.239999999999998,22.21,0.03,0.1351,344074.020000000018626,767155.322999999974854
600900.SH,2023.10.09,22.25,22.719999999999998,22.25,22.559999999999998,22.239999999999998,0.32,1.4388,543934.119999999995343,1226702.850000000093132
600900.SH,2023.10.10,22.699999999999999,22.699999999999999,22.440000000000001,22.609999999999999,22.559999999999998,0.05,0.2216,361180.460000000020954,816386.873999999952502
600900.SH,2023.10.11,22.670000000000001,22.89,22.600000000000001,22.629999999999999,22.609999999999999,0.02,0.0885,407657.369999999995343,927786.042000000015832
600900.SH,2023.10.12,22.89,22.89,22.539999999999999,22.62,22.629999999999999,-0.01,-0.0442,295305.650000000023283,668632.57799999997951
600900.SH,2023.10.13,22.55,22.780000000000001,22.55,22.739999999999998,22.62,0.12,0.5305,359194.039999999979045,814939.457000000053085
600900.SH,2023.10.16,22.780000000000001,23,22.690000000000001,22.780000000000001,22.739999999999998,0.04,0.1759,474980.270000000018626,1083315.949999999953433
600900.SH,2023.10.17,22.809999999999998,22.989999999999998,22.73,22.96,22.780000000000001,0.18,0.7902,416973.260000000009313,955017.604000000050291
600900.SH,2023.10.18,23.05,23.179999999999999,22.859999999999999,22.949999999999999,22.96,-0.01,-0.0436,498013.080000000016298,1145979.162999999942258
600900.SH,2023.10.19,22.859999999999999,22.989999999999998,22.530000000000001,22.55,22.949999999999999,-0.4,-1.7429,487665.640000000013969,1106303.692999999970197
600900.SH,2023.10.20,22.55,22.679999999999999,22.350000000000001,22.350000000000001,22.55,-0.2,-0.8869,628851.479999999981373,1414564.17699999990873
600900.SH,2023.10.23,22.350000000000001,22.629999999999999,22.199999999999999,22.289999999999999,22.350000000000001,-0.06,-0.2685,538435.910000000032596,1206621.186999999918043
600900.SH,2023.10.24,22.359999999999999,22.670000000000001,22.179999999999999,22.600000000000001,22.289999999999999,0.31,1.3908,533077.010000000009313,1196660.148000000044703
600900.SH,2023.10.25,22.600000000000001,22.62,21.899999999999998,21.91,22.600000000000001,-0.69,-3.0531,1005228.540000000037252,2220073.376999999862164
600900.SH,2023.10.26,21.850000000000001,22.350000000000001,21.82,22.329999999999998,21.91,0.42,1.9169,666489.349999999976716,1479450.090000000083819
600900.SH,2023.10.27,22.32,22.469999999999998,22.21,22.239999999999998,22.329999999999998,-0.09,-0.403,548440.599999999976716,1225705.131000000052154
600900.SH,2023.10.30,22.260000000000001,22.579999999999998,22.239999999999998,22.449999999999999,22.239999999999998,0.21,0.9442,728356.489999999990686,1635519.655000000027939
600900.SH,2023.10.31,22.379999999999998,22.649999999999998,22.269999999999999,22.57,22.449999999999999,0.12,0.5345,637526.989999999990686,1434746.125999999931082
600900.SH,2023.11.01,22.579999999999998,22.739999999999998,22.399999999999998,22.66,22.57,0.09,0.3988,590463.550000000046566,1335207.793000000063329
600900.SH,2023.11.02,22.769999999999999,22.850000000000001,22.629999999999999,22.760000000000001,22.66,0.1,0.4413,434397.330000000016298,989336.981999999959953
600900.SH,2023.11.03,22.760000000000001,22.969999999999998,22.670000000000001,22.71,22.760000000000001,-0.05,-0.2197,547430.020000000018626,1249401.662999999942257
600900.SH,2023.11.06,22.739999999999998,22.769999999999999,22.179999999999999,22.239999999999998,22.71,-0.47,-2.0696,1002465.989999999990686,2237002.524000000208616
600900.SH,2023.11.07,22.239999999999998,22.339999999999999,22.170000000000001,22.269999999999999,22.239999999999998,0.03,0.1349,352990.900000000023283,786444.77800000004936
600900.SH,2023.11.08,22.289999999999999,22.449999999999999,22.289999999999999,22.370000000000001,22.269999999999999,0.1,0.449,323137.090000000025611,722886.393999999971128
600900.SH,2023.11.09,22.370000000000001,22.649999999999998,22.32,22.57,22.370000000000001,0.2,0.8941,525440.270000000018626,1183677.945000000065192
600900.SH,2023.11.10,22.57,22.66,22.359999999999999,22.57,22.57,0,0,437302.479999999981373,984512.101000000024214
600900.SH,2023.11.13,22.510000000000001,22.55,22.339999999999999,22.530000000000001,22.57,-0.04,-0.1772,324293.369999999995343,728031.45499999995809
600900.SH,2023.11.14,22.530000000000001,22.62,22.359999999999999,22.370000000000001,22.530000000000001,-0.16,-0.7102,477469.299999999988358,1071647.632999999914318
600900.SH,2023.11.15,22.370000000000001,22.62,22.370000000000001,22.600000000000001,22.370000000000001,0.23,1.0282,480395.809999999997671,1082387.590000000083819
600900.SH,2023.11.16,22.559999999999998,22.73,22.519999999999999,22.71,22.600000000000001,0.11,0.4867,712630.040000000037252,1615397.74600000004284
600900.SH,2023.11.17,22.649999999999998,22.769999999999999,22.489999999999998,22.62,22.71,-0.09,-0.3963,406685.739999999990686,918639.537000000011175
600900.SH,2023.11.20,22.66,22.739999999999998,22.589999999999999,22.649999999999998,22.62,0.03,0.1326,343585.60999999998603,778524.09299999999348
600900.SH,2023.11.21,22.62,22.789999999999999,22.609999999999999,22.699999999999999,22.649999999999998,0.05,0.2208,471897.840000000025611,1071485.395000000018626
600900.SH,2023.11.22,22.699999999999999,22.780000000000001,22.600000000000001,22.699999999999999,22.699999999999999,0,0,338046.880000000004656,767433.989999999990686
600900.SH,2023.11.23,22.670000000000001,22.73,22.469999999999998,22.62,22.699999999999999,-0.08,-0.3524,403903.830000000016298,911195.957000000053085
600900.SH,2023.11.24,22.579999999999998,22.850000000000001,22.559999999999998,22.679999999999999,22.62,0.06,0.2653,553933.93999999994412,1259538.808999999891966
600900.SH,2023.11.27,22.679999999999999,22.719999999999998,22.489999999999998,22.609999999999999,22.679999999999999,-0.07,-0.3086,526889.420000000041909,1188192.066000000108033
600900.SH,2023.11.28,22.609999999999999,22.62,22.449999999999999,22.5,22.609999999999999,-0.11,-0.4865,380658.169999999983701,856426.256000000052154
600900.SH,2023.11.29,22.539999999999999,22.539999999999999,22.399999999999998,22.46,22.5,-0.04,-0.1778,530491.060000000055879,1191811.824999999953433
600900.SH,2023.11.30,22.530000000000001,22.829999999999998,22.469999999999998,22.829999999999998,22.46,0.37,1.6474,932514.290000000037252,2120302.510999999940395
600900.SH,2023.12.01,22.879999999999999,22.89,22.62,22.73,22.829999999999998,-0.1,-0.438,576681.310000000055879,1310247.989000000059604
600900.SH,2023.12.04,22.73,22.760000000000001,22.62,22.699999999999999,22.73,-0.03,-0.132,367360.020000000018626,833531.569000000017695
600900.SH,2023.12.05,22.690000000000001,22.82,22.530000000000001,22.579999999999998,22.699999999999999,-0.12,-0.5286,659551.339999999967403,1497277.647000000113621
600900.SH,2023.12.06,22.55,22.579999999999998,22.39,22.5,22.579999999999998,-0.08,-0.3543,607310.040000000037252,1365199.239000000059604
600900.SH,2023.12.07,22.46,22.649999999999998,22.429999999999999,22.600000000000001,22.5,0.1,0.4444,461341.770000000018626,1041893.356999999959953
600900.SH,2023.12.08,22.55,22.649999999999998,22.449999999999999,22.62,22.600000000000001,0.02,0.0885,652140.670000000041909,1471195.060000000055879
600900.SH,2023.12.11,22.519999999999999,22.859999999999999,22.350000000000001,22.82,22.62,0.2,0.8842,913256.349999999976716,2066586.429999999934807
600900.SH,2023.12.12,22.73,23.010000000000001,22.719999999999998,22.98,22.82,0.16,0.7011,547463.910000000032596,1253897.530000000027939
600900.SH,2023.12.13,22.969999999999998,23.05,22.91,22.989999999999998,22.98,0.01,0.0435,457809.510000000009313,1052460.094000000040978
600900.SH,2023.12.14,22.989999999999998,23.079999999999998,22.809999999999998,23.010000000000001,22.989999999999998,0.02,0.087,463823.909999999974388,1066767.03900000010617
600900.SH,2023.12.15,23,23.149999999999998,22.769999999999999,22.780000000000001,23.010000000000001,-0.23,-0.9996,660778.810000000055879,1514697.781999999890103
600900.SH,2023.12.18,22.780000000000001,23.07,22.780000000000001,23.07,22.780000000000001,0.29,1.273,463202.840000000025611,1064746.656999999890103
600900.SH,2023.12.19,23.07,23.129999999999998,22.969999999999998,23.05,23.07,-0.02,-0.0867,563287.930000000051222,1297691.999000000068917
600900.SH,2023.12.20,23.059999999999998,23.48,23.039999999999999,23.3,23.05,0.25,1.0846,700385.020000000018626,1632153.549000000115484
600900.SH,2023.12.21,23.280000000000001,23.359999999999999,23.089999999999999,23.149999999999998,23.3,-0.15,-0.6438,692876.989999999990686,1606989.367000000085681
600900.SH,2023.12.22,23.16,23.3,23.109999999999999,23.179999999999999,23.149999999999998,0.03,0.1296,553687.910000000032596,1285336.172000000020489
600900.SH,2023.12.25,23.179999999999999,23.420000000000001,23.109999999999999,23.399999999999998,23.179999999999999,0.22,0.9491,442479.989999999990686,1031041.466000000014901
600900.SH,2023.12.26,23.399999999999998,23.699999999999999,23.379999999999998,23.530000000000001,23.399999999999998,0.13,0.5556,615197.170000000041909,1449802.230999999912455
600900.SH,2023.12.27,23.489999999999998,23.589999999999999,23.339999999999999,23.530000000000001,23.530000000000001,0,0,562785.430000000051222,1321553.821999999927356
600900.SH,2023.12.28,23.55,23.789999999999999,23.179999999999999,23.280000000000001,23.530000000000001,-0.25,-1.0625,907283.280000000027939,2121260.476999999955296
600900.SH,2023.12.29,23.3,23.359999999999999,23.109999999999999,23.339999999999999,23.280000000000001,0.06,0.2577,628468.5,1462118.982000000076368
600900.SH,2024.01.02,23.339999999999999,23.769999999999999,23.32,23.679999999999999,23.339999999999999,0.34,1.4567,688802.979999999981373,1627813.604999999981373
600900.SH,2024.01.03,23.670000000000001,23.8,23.600000000000001,23.760000000000001,23.679999999999999,0.08,0.3378,607525.119999999995343,1439625.327000000048428
600900.SH,2024.01.04,23.8,23.98,23.609999999999999,23.8,23.760000000000001,0.04,0.1684,613423.349999999976716,1458263.732000000076368
600900.SH,2024.01.05,23.780000000000001,23.949999999999999,23.66,23.739999999999998,23.8,-0.06,-0.2521,705631.209999999962747,1680566.823000000091269
600900.SH,2024.01.08,23.739999999999998,23.82,23.530000000000001,23.600000000000001,23.739999999999998,-0.14,-0.5897,654394.030000000027939,1546139.933999999891966
600900.SH,2024.01.09,23.600000000000001,23.679999999999999,23.3,23.539999999999999,23.600000000000001,-0.06,-0.2542,801505.030000000027939,1884034.53499999991618
600900.SH,2024.01.10,23.510000000000001,23.64,23.21,23.339999999999999,23.539999999999999,-0.2,-0.8496,672430.390000000013969,1569818.929000000003725
600900.SH,2024.01.11,23.379999999999998,23.39,23.109999999999999,23.179999999999999,23.339999999999999,-0.16,-0.6855,609198.819999999948777,1415166.912999999942258
600900.SH,2024.01.12,23.089999999999999,23.589999999999999,23.089999999999999,23.530000000000001,23.179999999999999,0.35,1.5099,620056.209999999962747,1452655.347999999998137
600900.SH,2024.01.15,23.48,23.649999999999998,23.399999999999998,23.5,23.530000000000001,-0.03,-0.1275,409876.619999999995343,964175.881000000052154
600900.SH,2024.01.16,23.420000000000001,23.57,23.3,23.55,23.5,0.05,0.2128,578342.550000000046566,1355366.874000000068917
600900.SH,2024.01.17,23.55,23.600000000000001,23.32,23.32,23.55,-0.23,-0.9766,665091.310000000055879,1559265.043999999994412
600900.SH,2024.01.18,23.3,23.420000000000001,22.879999999999999,23.32,23.32,0,0,1227389.209999999962747,2841916.740000000223517
600900.SH,2024.01.19,23.3,23.519999999999999,23.120000000000001,23.5,23.32,0.18,0.7719,944947.489999999990686,2208441.097000000067055
600900.SH,2024.01.22,23.16,23.48,23.07,23.23,23.5,-0.27,-1.1489,1107906.459999999962747,2581327.055999999865889
600900.SH,2024.01.23,23.16,23.350000000000001,22.929999999999999,23.25,23.23,0.02,0.0861,853064.050000000046566,1971733.022000000113621
600900.SH,2024.01.24,23.309999999999998,23.87,23.280000000000001,23.850000000000001,23.25,0.6,2.5806,1086490.419999999925494,2566320.794999999925494
600900.SH,2024.01.25,23.859999999999999,24.100000000000001,23.71,23.940000000000001,23.850000000000001,0.09,0.3774,828912.85999999998603,1978742.266999999992549
600900.SH,2024.01.26,23.850000000000001,24.190000000000001,23.809999999999998,24.129999999999998,23.940000000000001,0.19,0.7937,713703.239999999990686,1712379.230999999912455
600900.SH,2024.01.29,24.089999999999999,24.5,24.059999999999998,24.269999999999999,24.129999999999998,0.14,0.5802,694169.60999999998603,1691010.352999999886378
600900.SH,2024.01.30,24.260000000000001,24.359999999999999,24.010000000000001,24.100000000000001,24.269999999999999,-0.17,-0.7005,797843.979999999981373,1927743.953999999910593
600900.SH,2024.01.31,24.079999999999998,24.46,24.030000000000001,24.399999999999998,24.100000000000001,0.3,1.2448,885501.520000000018626,2155156.151999999769032
600900.SH,2024.02.01,24.3,24.440000000000001,24.149999999999998,24.149999999999998,24.399999999999998,-0.25,-1.0246,660741.07999999995809,1601356.833000000100582
600900.SH,2024.02.02,24.219999999999998,24.519999999999999,24.149999999999998,24.280000000000001,24.149999999999998,0.13,0.5383,1018175.099999999976716,2482060.134999999776482
600900.SH,2024.02.05,24.350000000000001,24.879999999999999,24.289999999999999,24.760000000000001,24.280000000000001,0.48,1.9769,1149371.320000000065192,2832953.85800000000745
600900.SH,2024.02.06,24.699999999999999,25.260000000000001,24.579999999999998,24.719999999999998,24.760000000000001,-0.04,-0.1616,1266030.399999999906867,3150676.353000000119209
600900.SH,2024.02.07,24.789999999999999,24.8,24.239999999999998,24.699999999999999,24.719999999999998,-0.02,-0.0809,1356422.379999999888241,3325417.287000000011175
600900.SH,2024.02.08,24.609999999999999,24.739999999999998,24.399999999999998,24.64,24.699999999999999,-0.06,-0.2429,874972.170000000041909,2150797.174000000115483
600900.SH,2024.02.19,24.579999999999998,25.289999999999999,24.5,25.199999999999999,24.64,0.56,2.2727,872456.839999999967403,2183694.504000000189989
600900.SH,2024.02.20,25.179999999999999,25.719999999999998,25.109999999999999,25.539999999999999,25.199999999999999,0.34,1.3492,686083.780000000027939,1750801.469000000040978
600900.SH,2024.02.21,25.519999999999999,25.699999999999999,25.39,25.39,25.539999999999999,-0.15,-0.5873,798775.920000000041909,2040015.337000000057742
600900.SH,2024.02.22,25.5,25.679999999999999,25.359999999999999,25.55,25.39,0.16,0.6302,666892.150000000023283,1701564.03499999991618
600900.SH,2024.02.23,25.5,25.739999999999998,25.32,25.690000000000001,25.55,0.14,0.5479,610305.790000000037252,1558028.568999999901279
600900.SH,2024.02.26,25.489999999999998,25.539999999999999,24.929999999999999,24.949999999999999,25.690000000000001,-0.74,-2.8805,805884.510000000009313,2031771.860000000102445
600900.SH,2024.02.27,24.91,25.039999999999999,24.82,24.929999999999999,24.949999999999999,-0.02,-0.0802,546550.989999999990686,1361112.175000000046566
600900.SH,2024.02.28,24.82,25.440000000000001,24.589999999999999,25.3,24.929999999999999,0.37,1.4842,1202233.090000000083819,3011572.333999999798834
600900.SH,2024.02.29,25.199999999999999,25.32,25,25.05,25.3,-0.25,-0.9881,762287.099999999976716,1914111.615999999921768
600900.SH,2024.03.28,24.859999999999999,25.019999999999999,24.649999999999998,24.850000000000001,24.829999999999998,0.02,0.0805,815938.410000000032596,2025213.172000000020489
600900.SH,2024.03.29,24.829999999999998,24.98,24.82,24.929999999999999,24.850000000000001,0.08,0.3219,593291.35999999998603,1477764.574000000022351
600900.SH,2024.03.01,25.05,25.149999999999998,24.899999999999998,25,25.05,-0.05,-0.1996,571129.140000000013969,1427971.156999999890103
600900.SH,2024.03.04,24.969999999999998,25.469999999999998,24.87,25.449999999999999,25,0.45,1.8,863298.949999999953433,2180343.415000000037252
600900.SH,2024.03.05,25.350000000000001,26,25.329999999999998,25.940000000000001,25.449999999999999,0.49,1.9253,988443.380000000004656,2550840.672999999951571
600900.SH,2024.03.06,25.899999999999998,26.3,25.809999999999998,25.859999999999999,25.940000000000001,-0.08,-0.3084,877754,2284641.773000000044703
600900.SH,2024.03.07,25.850000000000001,26.120000000000001,25.8,25.899999999999998,25.859999999999999,0.04,0.1547,766939.449999999953433,1987481.631999999983236
600900.SH,2024.03.08,25.920000000000001,26.089999999999999,25.760000000000001,25.829999999999998,25.899999999999998,-0.07,-0.2703,614489.030000000027939,1589578.908999999985098
600900.SH,2024.03.11,25.769999999999999,25.989999999999998,25.57,25.760000000000001,25.829999999999998,-0.07,-0.271,768872.089999999967403,1980534.433999999891966
600900.SH,2024.03.12,25.699999999999999,25.75,24.760000000000001,24.829999999999998,25.760000000000001,-0.93,-3.6102,1590726.919999999925494,3993859.961000000126659
600900.SH,2024.03.13,24.829999999999998,24.929999999999999,24.510000000000001,24.89,24.829999999999998,0.06,0.2416,1294033.610000000102445,3201049.100000000093132
600900.SH,2024.03.14,24.760000000000001,24.879999999999999,24.589999999999999,24.690000000000001,24.89,-0.2,-0.8035,999131.93999999994412,2471465.580000000074505
600900.SH,2024.03.15,24.690000000000001,24.929999999999999,24.66,24.71,24.690000000000001,0.02,0.081,739469.910000000032596,1831479.868999999947845
600900.SH,2024.03.18,24.690000000000001,24.87,24.609999999999999,24.670000000000001,24.71,-0.04,-0.1619,800083.449999999953433,1976509.114999999990686
600900.SH,2024.03.19,24.670000000000001,24.98,24.600000000000001,24.719999999999998,24.670000000000001,0.05,0.2027,791305.089999999967403,1963356.128999999957159
600900.SH,2024.03.20,24.719999999999998,25.219999999999998,24.66,25,24.719999999999998,0.28,1.1327,1046358.920000000041909,2615165.510999999940395
600900.SH,2024.03.21,25.05,25.100000000000001,24.920000000000001,24.940000000000001,25,-0.06,-0.24,668112.180000000051222,1670493.182000000029802
600900.SH,2024.03.22,24.929999999999999,25.089999999999999,24.769999999999999,25.010000000000001,24.940000000000001,0.07,0.2807,774086.920000000041909,1932584.781999999890103
600900.SH,2024.03.25,25.089999999999999,25.100000000000001,24.940000000000001,24.98,25.010000000000001,-0.03,-0.12,674644.839999999967403,1687444.453999999910593
600900.SH,2024.03.26,25,25.019999999999999,24.699999999999999,24.839999999999999,24.98,-0.14,-0.5604,768377.089999999967403,1909598.642999999923631
600900.SH,2024.03.27,24.789999999999999,25.019999999999999,24.769999999999999,24.829999999999998,24.839999999999999,-0.01,-0.0403,726315.400000000023283,1809850.537000000011175
600900.SH,2024.04.01,24.949999999999999,24.989999999999998,24.670000000000001,24.73,24.929999999999999,-0.2,-0.8022,878315.530000000027939,2177047.529999999795108
600900.SH,2024.04.02,24.719999999999998,24.839999999999999,24.55,24.64,24.73,-0.09,-0.3639,928544.800000000046566,2291658.203000000212341
600900.SH,2024.04.03,24.600000000000001,24.62,24.260000000000001,24.440000000000001,24.64,-0.2,-0.8117,1153081.260000000009313,2811178.60399999981746
600900.SH,2024.04.08,24.41,25.41,24.39,25.359999999999999,24.440000000000001,0.92,3.7643,1796398.040000000037252,4495191.837000000290572
600900.SH,2024.04.09,25.199999999999999,25.370000000000001,24.989999999999998,25.149999999999998,25.359999999999999,-0.21,-0.8281,1043433.449999999953433,2623607.287000000011175
600900.SH,2024.04.10,25.149999999999998,25.73,25.14,25.629999999999999,25.149999999999998,0.48,1.9085,1123999.100000000093132,2870415.143000000156462
600900.SH,2024.04.11,25.579999999999998,25.66,25.269999999999999,25.609999999999999,25.629999999999999,-0.02,-0.078,689165.550000000046566,1760367.865999999921768
600900.SH,2024.04.12,25.55,25.64,25.350000000000001,25.420000000000001,25.609999999999999,-0.19,-0.7419,627885.869999999995343,1599125.049000000115483
600900.SH,2024.04.15,25.429999999999999,25.929999999999999,25.420000000000001,25.89,25.420000000000001,0.47,1.8489,785347.68999999994412,2026912.644000000087544
600900.SH,2024.04.16,25.809999999999998,26.16,25.679999999999999,25.929999999999999,25.89,0.04,0.1545,834405.93999999994412,2163792.03899999987334
600900.SH,2024.04.17,25.850000000000001,26.100000000000001,25.530000000000001,25.98,25.929999999999999,0.05,0.1928,817739.349999999976716,2111578.177000000141561
600900.SH,2024.04.18,25.920000000000001,26.190000000000001,25.8,25.949999999999999,25.98,-0.03,-0.1155,848980.800000000046566,2205476.996999999973922
600900.SH,2024.04.19,25.899999999999998,26.089999999999999,25.73,26,25.949999999999999,0.05,0.1927,774853.670000000041909,2007554.174000000115483
600900.SH,2024.04.22,25.929999999999999,26.190000000000001,25.809999999999998,25.859999999999999,26,-0.14,-0.5385,641251.920000000041909,1664599.638999999966472
600900.SH,2024.04.23,25.839999999999999,26.05,25.600000000000001,25.769999999999999,25.859999999999999,-0.09,-0.348,575503.660000000032596,1485631.128999999957159
600900.SH,2024.04.24,25.899999999999998,25.940000000000001,25.670000000000001,25.769999999999999,25.769999999999999,0,0,563091.869999999995343,1450080.311999999918043
600900.SH,2024.04.25,25.75,25.850000000000001,25.559999999999998,25.679999999999999,25.769999999999999,-0.09,-0.3492,428470.21999999997206,1098347.570999999996274
600900.SH,2024.04.26,25.609999999999999,25.859999999999999,25.55,25.57,25.679999999999999,-0.11,-0.4283,690288.32999999995809,1770684.73300000000745
600900.SH,2024.04.29,25.57,25.66,25.3,25.48,25.57,-0.09,-0.352,776530,1978050.45299999997951
600900.SH,2024.04.30,25.399999999999998,26.019999999999999,25.359999999999999,25.789999999999999,25.48,0.31,1.2166,882742.530000000027939,2280869.807000000029802
600900.SH,2024.05.06,25.789999999999999,25.789999999999999,25.429999999999999,25.469999999999998,25.789999999999999,-0.32,-1.2408,1105889.870000000111758,2821688.353000000119209
600900.SH,2024.05.07,25.469999999999998,25.510000000000001,25.32,25.350000000000001,25.469999999999998,-0.12,-0.4711,634827.60999999998603,1609969.168000000063329
600900.SH,2024.05.08,25.350000000000001,25.55,25.309999999999998,25.309999999999998,25.350000000000001,-0.04,-0.1578,606272.390000000013969,1538925.483999999938532
600900.SH,2024.05.09,25.350000000000001,25.399999999999998,25.16,25.359999999999999,25.309999999999998,0.05,0.1976,686815.489999999990686,1736820.746999999973922
600900.SH,2024.05.10,25.359999999999999,25.519999999999999,25.260000000000001,25.48,25.359999999999999,0.12,0.4732,798087.930000000051222,2029155.628000000026077
600900.SH,2024.05.13,25.5,25.699999999999999,25.359999999999999,25.62,25.48,0.14,0.5495,926473.530000000027939,2368887.117999999783933
600900.SH,2024.05.14,25.62,25.62,25.379999999999998,25.579999999999998,25.62,-0.04,-0.1561,605061.729999999981373,1543748.111000000033527
600900.SH,2024.05.15,25.55,25.690000000000001,25.449999999999999,25.48,25.579999999999998,-0.1,-0.3909,443841.530000000027939,1133848.523999999975785
600900.SH,2024.05.16,25.489999999999998,25.539999999999999,25.399999999999998,25.420000000000001,25.48,-0.06,-0.2355,578414,1471765.904000000096857
600900.SH,2024.05.17,25.449999999999999,25.850000000000001,25.440000000000001,25.780000000000001,25.420000000000001,0.36,1.4162,949507.199999999953433,2438122.009999999776482
600900.SH,2024.05.20,25.739999999999998,26.16,25.66,25.989999999999998,25.780000000000001,0.21,0.8146,910147.530000000027939,2362152.895000000018626
600900.SH,2024.05.21,26.05,26.25,25.98,26.100000000000001,25.989999999999998,0.11,0.4232,649325.060000000055879,1693481.735000000102445
600900.SH,2024.05.22,26.16,26.21,25.929999999999999,25.98,26.100000000000001,-0.12,-0.4598,569502.300000000046566,1482943.442000000039115
600900.SH,2024.05.23,26.05,26.339999999999999,25.96,26.149999999999998,25.98,0.17,0.6543,773125.96999999997206,2023279.727999999886378
600900.SH,2024.05.24,26.21,26.55,26.129999999999998,26.3,26.149999999999998,0.15,0.5736,777151.339999999967403,2051397.915000000037252
600900.SH,2024.05.27,26.309999999999998,26.699999999999999,26.309999999999998,26.510000000000001,26.3,0.21,0.7985,780008.949999999953433,2069505.132999999914318
600900.SH,2024.05.28,26.519999999999999,26.829999999999998,26.48,26.71,26.510000000000001,0.2,0.7544,672592.569999999948777,1793773.705000000074505
600900.SH,2024.05.29,26.699999999999999,26.769999999999999,26.41,26.690000000000001,26.71,-0.02,-0.0749,620519.849999999976716,1651090.911000000080093
600900.SH,2024.05.30,26.66,26.949999999999999,26.600000000000001,26.699999999999999,26.690000000000001,0.01,0.0375,539805.150000000023283,1444639.486000000033527
600900.SH,2024.05.31,26.760000000000001,27.019999999999999,26.579999999999998,26.609999999999999,26.699999999999999,-0.09,-0.3371,708189.310000000055879,1894832.554999999934807
600900.SH,2024.06.03,26.89,27.5,26.75,27.429999999999999,26.609999999999999,0.82,3.0815,1148763.310000000055879,3129895.699000000022351
600900.SH,2024.06.04,27.429999999999999,27.699999999999999,27.3,27.48,27.429999999999999,0.05,0.1823,792761.75,2178484.628000000026077
600900.SH,2024.06.05,27.539999999999999,28.079999999999998,27.489999999999998,27.96,27.48,0.48,1.7467,887221.530000000027939,2474874.592999999877065
600900.SH,2024.06.06,27.899999999999998,28.379999999999998,27.760000000000001,28.030000000000001,27.96,0.07,0.2504,1061203.229999999981373,2979916.128000000026077
600900.SH,2024.06.07,28,28.370000000000001,27.899999999999998,28.309999999999998,28.030000000000001,0.28,0.9989,868116.390000000013969,2447258.984999999869614
600900.SH,2024.06.11,28.32,28.489999999999998,27.920000000000001,28.179999999999999,28.309999999999998,-0.13,-0.4592,873337.959999999962747,2460615.259999999776482
600900.SH,2024.06.12,28.079999999999998,28.5,28,28.379999999999998,28.179999999999999,0.2,0.7097,756242.280000000027939,2141399.387999999802559
600900.SH,2024.06.13,28.39,28.8,28.32,28.699999999999999,28.379999999999998,0.32,1.1276,892827.209999999962747,2555029.90100000007078
600900.SH,2024.06.14,28.649999999999998,28.769999999999999,27.73,27.899999999999998,28.699999999999999,-0.8,-2.7875,2426430.109999999869614,6814644.667000000365078
600900.SH,2024.06.17,27.75,28.059999999999998,27.589999999999999,27.89,27.899999999999998,-0.01,-0.0358,1067302.949999999953433,2976152.808000000193715
600900.SH,2024.06.18,27.89,27.940000000000001,27.589999999999999,27.8,27.89,-0.09,-0.3227,658935.780000000027939,1828330.861000000033527
600900.SH,2024.06.19,27.780000000000001,28.07,27.719999999999998,28.039999999999999,27.8,0.24,0.8633,536590.739999999990686,1497817.30600000009872
600900.SH,2024.06.20,28.07,28.399999999999998,28.010000000000001,28.339999999999999,28.039999999999999,0.3,1.0699,655689.18999999994412,1851949.13800000003539
600900.SH,2024.06.21,28.339999999999999,28.519999999999999,28.030000000000001,28.329999999999998,28.339999999999999,-0.01,-0.0353,742965.010000000009313,2104127.430000000167638
600900.SH,2024.06.24,28.399999999999998,29,28.350000000000001,28.89,28.329999999999998,0.56,1.9767,1069296.419999999925494,3075272.5
600900.SH,2024.06.25,28.87,28.920000000000001,28.3,28.649999999999998,28.89,-0.24,-0.8307,880210.880000000004656,2521524.043000000063329
600900.SH,2024.06.26,28.690000000000001,28.87,28.379999999999998,28.649999999999998,28.649999999999998,0,0,514241.25,1469826.192999999970197
600900.SH,2024.06.27,28.600000000000001,28.949999999999999,28.579999999999998,28.82,28.649999999999998,0.17,0.5934,665509.10999999998603,1917338.40100000007078
600900.SH,2024.06.28,28.82,29.030000000000001,28.579999999999998,28.920000000000001,28.82,0.1,0.347,723669.82999999995809,2089609.59499999997206
600900.SH,2024.07.01,28.920000000000001,29.649999999999998,28.920000000000001,29.48,28.920000000000001,0.56,1.9364,723519.099999999976716,2123942.476999999955296
600900.SH,2024.07.02,29.469999999999998,29.559999999999998,29.239999999999998,29.48,29.48,0,0,582890.489999999990686,1714526.66400000010617
600900.SH,2024.07.03,29.41,29.519999999999999,29,29.3,29.48,-0.18,-0.6106,732519.869999999995343,2136621.632000000216066
600900.SH,2024.07.04,29.219999999999998,29.55,29.199999999999999,29.39,29.3,0.09,0.3072,661930.479999999981373,1945477.857000000076368
600900.SH,2024.07.05,29.57,29.57,28.850000000000001,29.32,29.39,-0.07,-0.2382,1007631.420000000041909,2934921.575000000186264
600900.SH,2024.07.08,29.219999999999998,30.05,29.199999999999999,29.920000000000001,29.32,0.6,2.0464,1008970.729999999981373,3002371.35399999981746
600900.SH,2024.07.09,29.91,30.329999999999998,29.809999999999998,30.309999999999998,29.920000000000001,0.39,1.3035,857245.640000000013969,2582804.862999999895691
600900.SH,2024.07.10,30.280000000000001,30.420000000000001,29.87,30.100000000000001,30.309999999999998,-0.21,-0.6928,765968.089999999967403,2303742.129999999888241
600900.SH,2024.07.11,30.129999999999998,30.199999999999999,29.699999999999999,30.190000000000001,30.100000000000001,0.09,0.299,747139.949999999953433,2236982.847000000067055
600900.SH,2024.07.12,30.16,30.3,29.8,29.879999999999999,30.190000000000001,-0.31,-1.0268,681127.300000000046566,2040744.550999999977648
600900.SH,2024.07.15,29.789999999999999,30.5,29.66,30.429999999999999,29.879999999999999,0.55,1.8407,787955.040000000037252,2382355.824000000022351
600900.SH,2024.07.16,30.5,30.87,30.25,30.8,30.429999999999999,0.37,1.2159,689248.57999999995809,2109134.626000000163912
600900.SH,2024.07.17,30.75,30.949999999999999,30.559999999999998,30.8,30.8,0,0,740568.560000000055879,2281313.172999999951571
600900.SH,2024.07.18,30.75,31.440000000000001,30.719999999999998,31.359999999999999,30.8,0.56,1.8182,999956.239999999990686,3111871.550999999977648
600900.SH,2024.07.19,30.5,30.719999999999998,30.280000000000001,30.579999999999998,30.539999999999999,0.04,0.131,1124175.209999999962747,3424215.893999999854713
600900.SH,2024.07.22,30.579999999999998,30.600000000000001,29.699999999999999,30.379999999999998,30.579999999999998,-0.2,-0.654,974276.489999999990686,2935254.009000000078231
600900.SH,2024.07.23,30.399999999999998,30.8,30.280000000000001,30.670000000000001,30.379999999999998,0.29,0.9546,901447.869999999995343,2759644.839000000152736
600900.SH,2024.07.24,30.670000000000001,31.190000000000001,30.539999999999999,31.039999999999999,30.670000000000001,0.37,1.2064,882810.949999999953433,2734065.268999999854713
600900.SH,2024.07.25,31.07,31.280000000000001,30.370000000000001,30.829999999999998,31.039999999999999,-0.21,-0.6765,977368.680000000051222,3005729.06900000013411
600900.SH,2024.07.26,30.71,30.71,29.73,30.149999999999998,30.829999999999998,-0.68,-2.2056,1149552.729999999981373,3451737.425999999977648
600900.SH,2024.07.29,29.96,30.399999999999998,29.510000000000001,30.199999999999999,30.149999999999998,0.05,0.1658,751622.510000000009313,2258829.166000000201165
600900.SH,2024.07.30,30.170000000000001,30.46,29.879999999999999,30.109999999999999,30.199999999999999,-0.09,-0.298,606823.040000000037252,1828272.497999999905005
600900.SH,2024.07.31,30.05,30.07,29.48,29.859999999999999,30.109999999999999,-0.25,-0.8303,944331.849999999976716,2812743.115999999921768
600900.SH,2024.08.01,29.649999999999998,30.339999999999999,29.600000000000001,30.120000000000001,29.859999999999999,0.26,0.8707,684858.68999999994412,2057753.55199999990873
600900.SH,2024.08.02,30,30.32,29.8,30.239999999999998,30.120000000000001,0.12,0.3984,577750.479999999981373,1740593.155999999959021
600900.SH,2024.08.05,30.089999999999999,30.199999999999999,29.850000000000001,29.899999999999998,30.239999999999998,-0.34,-1.1243,631030.709999999962747,1894210.458000000100582
600900.SH,2024.08.06,29.899999999999998,30.089999999999999,29.3,29.46,29.899999999999998,-0.44,-1.4716,936573.650000000023283,2766826.003000000026077
600900.SH,2024.08.07,29.370000000000001,30.05,29.370000000000001,29.75,29.46,0.29,0.9844,676410.780000000027939,2018243.317999999970197
600900.SH,2024.08.08,29.75,30.010000000000001,29.62,29.780000000000001,29.75,0.03,0.1008,467604.729999999981373,1394043.15999999991618
600900.SH,2024.08.09,29.71,29.789999999999999,29.370000000000001,29.539999999999999,29.780000000000001,-0.24,-0.8059,596900.630000000004656,1763288.970999999903142
600900.SH,2024.08.12,29.559999999999998,29.71,29.120000000000001,29.179999999999999,29.539999999999999,-0.36,-1.2187,510891.210000000020954,1500108.92699999990873
600900.SH,2024.08.13,29.280000000000001,29.379999999999998,29.059999999999998,29.260000000000001,29.179999999999999,0.08,0.2742,461630.280000000027939,1349026.966999999945983
600900.SH,2024.08.14,29.289999999999999,29.850000000000001,29.030000000000001,29.55,29.260000000000001,0.29,0.9911,678626.35999999998603,2004395.675999999977648
600900.SH,2024.08.15,29.539999999999999,29.969999999999998,29.399999999999998,29.8,29.55,0.25,0.846,598895.869999999995343,1783081.179000000003725
600900.SH,2024.08.16,29.82,29.879999999999999,29.530000000000001,29.62,29.8,-0.18,-0.604,509499.309999999997671,1509091.294999999925494
600900.SH,2024.08.19,29.589999999999999,29.859999999999999,29.57,29.73,29.62,0.11,0.3714,427982.479999999981373,1272877.013999999966472
600900.SH,2024.08.20,29.760000000000001,29.839999999999999,29.429999999999999,29.649999999999998,29.73,-0.08,-0.2691,461304.020000000018626,1364741.834000000031664
600900.SH,2024.08.21,29.66,29.789999999999999,29.23,29.75,29.649999999999998,0.1,0.3373,471909.940000000002328,1395813.810999999986961
600900.SH,2024.08.22,29.699999999999999,30.3,29.690000000000001,30.239999999999998,29.75,0.49,1.6471,779380.209999999962747,2341186.875
600900.SH,2024.08.23,30.269999999999999,30.32,29.8,29.91,30.239999999999998,-0.33,-1.0913,546111.880000000004656,1639163.833000000100582
600900.SH,2024.08.26,29.91,30.05,29.48,29.82,29.91,-0.09,-0.3009,496395.809999999997671,1474548.432000000029802
600900.SH,2024.08.27,29.760000000000001,29.899999999999998,29.579999999999998,29.8,29.82,-0.02,-0.0671,350604.950000000011641,1043728.922999999951571
600900.SH,2024.08.28,29.789999999999999,30.100000000000001,29.699999999999999,29.82,29.8,0.02,0.0671,496902.150000000023283,1485759.125
600900.SH,2024.08.29,29.839999999999999,29.87,29.260000000000001,29.359999999999999,29.82,-0.46,-1.5426,676035.770000000018626,1991001.428000000072643
600900.SH,2024.08.30,29.25,29.579999999999998,28.71,29.379999999999998,29.359999999999999,0.02,0.0681,898493.35999999998603,2626216.879000000189989
600900.SH,2024.09.02,29.030000000000001,29.809999999999998,29.019999999999999,29.71,29.379999999999998,0.33,1.1232,733296.060000000055879,2171845.328000000212341
600900.SH,2024.09.03,29.649999999999998,29.789999999999999,29.05,29.109999999999999,29.71,-0.6,-2.0195,667107.880000000004656,1952057.304000000003725
600900.SH,2024.09.04,29.109999999999999,29.339999999999999,28.91,29.149999999999998,29.109999999999999,0.04,0.1374,401534.960000000020954,1170959.317999999970197
600900.SH,2024.09.05,29.16,29.280000000000001,28.920000000000001,29.120000000000001,29.149999999999998,-0.03,-0.1029,374874.080000000016298,1088725.236000000033527
600900.SH,2024.09.06,29.100000000000001,29.48,29.07,29.100000000000001,29.120000000000001,-0.02,-0.0687,400537.630000000004656,1173648.850000000093132
600900.SH,2024.09.09,29.23,29.429999999999999,29.059999999999998,29.350000000000001,29.100000000000001,0.25,0.8591,633732.35999999998603,1856318.800000000046566
600900.SH,2024.09.10,29.309999999999998,29.489999999999998,28.949999999999999,29.149999999999998,29.350000000000001,-0.2,-0.6814,580049.569999999948777,1692616.091999999945983
600900.SH,2024.09.11,29.149999999999998,29.149999999999998,27.649999999999998,27.8,29.149999999999998,-1.35,-4.6312,1439497.370000000111758,4047995.049999999813735
600900.SH,2024.09.12,27.699999999999999,28.059999999999998,27.629999999999999,27.859999999999999,27.8,0.06,0.2158,662191.390000000013969,1843149.365999999921768
600900.SH,2024.09.13,27.859999999999999,28.5,27.82,28.3,27.859999999999999,0.44,1.5793,809732.099999999976716,2289211.168000000063329
600900.SH,2024.09.18,28.25,28.739999999999998,28.219999999999998,28.32,28.3,0.02,0.0707,526236.229999999981373,1500353.767999999923631
600900.SH,2024.09.19,28.370000000000001,28.429999999999999,27.839999999999999,28.329999999999998,28.32,0.01,0.0353,697997.050000000046566,1964300.124000000068917
600900.SH,2024.09.20,28.179999999999999,28.32,27.839999999999999,28.149999999999998,28.329999999999998,-0.18,-0.6354,822951.780000000027939,2309733.075000000186264
600900.SH,2024.09.23,28.149999999999998,28.429999999999999,27.98,28.199999999999999,28.149999999999998,0.05,0.1776,479049.510000000009313,1353258.730999999912455
600900.SH,2024.09.24,28.429999999999999,28.879999999999999,28.07,28.760000000000001,28.199999999999999,0.56,1.9858,1064786.510000000009313,3033603.594000000040978
600900.SH,2024.09.25,28.920000000000001,29.64,28.829999999999998,28.929999999999999,28.760000000000001,0.17,0.5911,1181762.419999999925494,3447719.85399999981746
600900.SH,2024.09.26,29.039999999999999,29.129999999999998,28.71,29.129999999999998,28.929999999999999,0.2,0.6913,1143163.429999999934807,3305503.262999999802559
600900.SH,2024.09.27,29.23,29.23,28.059999999999998,28.989999999999998,29.129999999999998,-0.14,-0.4806,1887036.65999999991618,5391564.515999999828636
600900.SH,2024.09.30,28.829999999999998,30.5,28.609999999999999,30.05,28.989999999999998,1.06,3.6564,3960784.93999999994412,11687901.89699999988079
600900.SH,2024.10.08,32.009999999999998,32.280000000000001,28.879999999999999,29.219999999999998,30.05,-0.83,-2.7621,4623565.400000000372529,13932515.16499999910593
600900.SH,2024.10.09,28.98,29.39,28.219999999999998,28.55,29.219999999999998,-0.67,-2.293,2669254.149999999906867,7713072.332000000402331
600900.SH,2024.10.10,28.600000000000001,29.829999999999998,28.589999999999999,29.179999999999999,28.55,0.63,2.2067,2624284.029999999795109,7695861.718000000342726
600900.SH,2024.10.11,29.199999999999999,29.75,29,29.21,29.179999999999999,0.03,0.1028,1425896.330000000074505,4191339.711000000126659
600900.SH,2024.10.14,29.219999999999998,29.55,29.100000000000001,29.350000000000001,29.21,0.14,0.4793,1447014.360000000102445,4245091.61699999962002
600900.SH,2024.10.15,29.3,29.39,28.879999999999999,28.879999999999999,29.350000000000001,-0.47,-1.6014,1171128.40999999991618,3411757.959999999962747
600900.SH,2024.10.16,28.8,29.32,28.609999999999999,28.71,28.879999999999999,-0.17,-0.5886,1272300.15999999991618,3677022.600000000093132
600900.SH,2024.10.17,28.73,28.789999999999999,28.3,28.3,28.71,-0.41,-1.4281,1120938.18999999994412,3190851.473999999929219
600900.SH,2024.10.18,28.32,28.670000000000001,28.030000000000001,28.429999999999999,28.3,0.13,0.4594,1491816.060000000055879,4224020.290000000037252
600900.SH,2024.10.21,28.359999999999999,28.359999999999999,27.850000000000001,27.96,28.429999999999999,-0.47,-1.6532,1396284.169999999925494,3905210.023000000044703
600900.SH,2024.10.22,27.96,28.359999999999999,27.829999999999998,28.079999999999998,27.96,0.12,0.4292,1040632.25,2922214.929000000003725
600900.SH,2024.10.23,28.079999999999998,28.329999999999998,28,28.059999999999998,28.079999999999998,-0.02,-0.0712,902800.660000000032596,2538199.816000000108033
600900.SH,2024.10.24,28.059999999999998,28.129999999999998,27.75,28,28.059999999999998,-0.06,-0.2138,783861.910000000032596,2189138.48300000000745
600900.SH,2024.10.25,28,28.079999999999998,27.41,27.539999999999999,28,-0.46,-1.6429,1507184.649999999906867,4162517.848000000230967
600900.SH,2024.10.28,27.539999999999999,27.539999999999999,27.16,27.539999999999999,27.539999999999999,0,0,1177849.050000000046566,3221776.47899999981746
600900.SH,2024.10.29,27.539999999999999,28.030000000000001,27.350000000000001,27.71,27.539999999999999,0.17,0.6173,1311883.629999999888241,3635175.15100000007078
600900.SH,2024.10.30,27.719999999999998,27.89,27.449999999999999,27.71,27.71,0,0,1012598.920000000041909,2800095.149000000208616
600900.SH,2024.10.31,27.98,28.010000000000001,27.420000000000001,27.579999999999998,27.71,-0.13,-0.4691,1219031.360000000102445,3369699.700000000186264
600900.SH,2024.11.01,27.510000000000001,28,27.39,27.98,27.579999999999998,0.4,1.4503,1213607.709999999962747,3377377.15100000007078
600900.SH,2024.11.04,27.98,27.989999999999998,27.609999999999999,27.899999999999998,27.98,-0.08,-0.2859,906009.619999999995343,2514532.408999999985098
600900.SH,2024.11.05,27.809999999999998,27.940000000000001,27.719999999999998,27.859999999999999,27.899999999999998,-0.04,-0.1434,1309387.560000000055879,3643039.779000000096857
600900.SH,2024.11.06,27.829999999999998,27.899999999999998,27.46,27.5,27.859999999999999,-0.36,-1.2922,1380887.399999999906867,3816254.671000000089406
600900.SH,2024.11.07,27.399999999999998,27.850000000000001,27.39,27.829999999999998,27.5,0.33,1.2,1330333.770000000018626,3687552.720999999903142
600900.SH,2024.11.08,27.839999999999999,27.96,27.530000000000001,27.62,27.829999999999998,-0.21,-0.7546,1190234.830000000074505,3295504.901999999769031
600900.SH,2024.11.11,27.46,27.629999999999999,27.359999999999999,27.48,27.62,-0.14,-0.5069,939962.020000000018626,2579507.98300000000745
600900.SH,2024.11.12,27.48,27.629999999999999,26.949999999999999,26.969999999999998,27.48,-0.51,-1.8559,2017466.709999999962747,5479470.998999999836087
600900.SH,2024.11.13,26.879999999999999,27.489999999999998,26.780000000000001,27.39,26.969999999999998,0.42,1.5573,1551882.21999999997206,4230284.150999999605119
600900.SH,2024.11.14,27.350000000000001,27.690000000000001,27.23,27.420000000000001,27.39,0.03,0.1095,986466.160000000032596,2714473.179000000003725
600900.SH,2024.11.15,27.370000000000001,27.489999999999998,27.100000000000001,27.100000000000001,27.420000000000001,-0.32,-1.167,935808.930000000051222,2550153.93999999994412
600900.SH,2024.11.18,27.16,27.539999999999999,27.089999999999999,27.420000000000001,27.100000000000001,0.32,1.1808,1190517.899999999906867,3261120.177999999839812
600900.SH,2024.11.19,27.399999999999998,27.5,27.170000000000001,27.370000000000001,27.420000000000001,-0.05,-0.1823,956802.800000000046566,2615794.240000000223517
600900.SH,2024.11.20,27.370000000000001,27.75,27.21,27.62,27.370000000000001,0.25,0.9134,998049.390000000013969,2747324.910999999847263
600900.SH,2024.11.21,27.559999999999998,27.699999999999999,27.539999999999999,27.670000000000001,27.62,0.05,0.181,678484.910000000032596,1875901.033000000054016
600900.SH,2024.11.22,27.670000000000001,27.780000000000001,27.260000000000001,27.260000000000001,27.670000000000001,-0.41,-1.4817,971291.060000000055879,2668597.371999999973922
600900.SH,2024.11.25,27.39,27.589999999999999,27.030000000000001,27.129999999999998,27.260000000000001,-0.13,-0.4769,1014087.709999999962747,2767754.674999999813735
600900.SH,2024.11.26,27.100000000000001,27.190000000000001,26.91,27,27.129999999999998,-0.13,-0.4792,883063.800000000046566,2387017.996999999973922
600900.SH,2024.11.27,26.98,27.449999999999999,26.98,27.39,27,0.39,1.4444,1024693.140000000013969,2795306.804000000003725
600900.SH,2024.11.28,27.370000000000001,27.48,27.170000000000001,27.429999999999999,27.39,0.04,0.146,691606.300000000046566,1892727.088999999919906
600900.SH,2024.11.29,27.440000000000001,27.699999999999999,27.3,27.32,27.429999999999999,-0.11,-0.401,1090264.199999999953433,2998565.910000000149011
600900.SH,2024.12.02,27.39,27.71,27.3,27.609999999999999,27.32,0.29,1.0615,886298.949999999953433,2442141.194999999832361
600900.SH,2024.12.03,27.62,28.100000000000001,27.539999999999999,27.949999999999999,27.609999999999999,0.34,1.2314,1343475.590000000083819,3742682.856999999843537
600900.SH,2024.12.04,27.949999999999999,28.530000000000001,27.809999999999998,28.449999999999999,27.949999999999999,0.5,1.7889,1372256.620000000111758,3874772.095999999903142
600900.SH,2024.12.05,28.399999999999998,28.679999999999999,28.199999999999999,28.3,28.449999999999999,-0.15,-0.5272,980354.32999999995809,2785865.461999999824911
600900.SH,2024.12.06,28.32,28.539999999999999,28.149999999999998,28.179999999999999,28.3,-0.12,-0.424,909354.119999999995343,2571289.496999999973922
600900.SH,2024.12.09,28.129999999999998,28.510000000000001,27.929999999999999,28.41,28.179999999999999,0.23,0.8162,802872.920000000041909,2273588.990999999921768
600900.SH,2024.12.10,28.399999999999998,28.579999999999998,27.96,28.019999999999999,28.41,-0.39,-1.3728,1678877.459999999962747,4740338.73300000000745
600900.SH,2024.12.11,28.100000000000001,28.219999999999998,27.969999999999998,28.170000000000001,28.019999999999999,0.15,0.5353,636184.260000000009313,1788397.13800000003539
600900.SH,2024.12.12,28.149999999999998,28.48,28.129999999999998,28.399999999999998,28.170000000000001,0.23,0.8165,778749.560000000055879,2210068.868999999947845
600900.SH,2024.12.13,28.440000000000001,28.879999999999999,28.339999999999999,28.719999999999998,28.399999999999998,0.32,1.1268,1542857.699999999953433,4421516.826000000350177
600900.SH,2024.12.16,28.780000000000001,29.39,28.780000000000001,29.280000000000001,28.719999999999998,0.56,1.9499,1434632.93999999994412,4191213.538000000175088
600900.SH,2024.12.17,29.329999999999998,29.55,29.190000000000001,29.269999999999999,29.280000000000001,-0.01,-0.0342,1078044.060000000055879,3166685.526999999769032
600900.SH,2024.12.18,29.379999999999998,29.82,29.129999999999998,29.420000000000001,29.269999999999999,0.15,0.5125,983965.57999999995809,2902181.336000000126659
600900.SH,2024.12.19,29.260000000000001,29.66,29.21,29.260000000000001,29.420000000000001,-0.16,-0.5438,910615.979999999981373,2682851.058999999891966
600900.SH,2024.12.20,29.21,29.429999999999999,29.079999999999998,29.199999999999999,29.260000000000001,-0.06,-0.2051,787251.71999999997206,2300287.600999999791383
600900.SH,2024.12.23,29.190000000000001,29.809999999999998,29.109999999999999,29.57,29.199999999999999,0.37,1.2671,1086336.320000000065192,3214208.94400000013411
600900.SH,2024.12.24,29.469999999999998,29.850000000000001,29.359999999999999,29.809999999999998,29.57,0.24,0.8116,927355.5,2753108.461999999824911
600900.SH,2024.12.25,29.82,29.929999999999999,29.670000000000001,29.789999999999999,29.809999999999998,-0.02,-0.0671,685160.520000000018626,2043557.882999999914318
600900.SH,2024.12.26,29.789999999999999,29.829999999999998,29.289999999999999,29.32,29.789999999999999,-0.47,-1.5777,898845.57999999995809,2645228.041000000201165
600900.SH,2024.12.27,29.3,29.629999999999999,29.170000000000001,29.609999999999999,29.32,0.29,0.9891,854237.089999999967403,2508819.672999999951571
600900.SH,2024.12.30,29.609999999999999,29.829999999999998,29.339999999999999,29.41,29.609999999999999,-0.2,-0.6754,778256.619999999995343,2298925.151999999769032
600900.SH,2024.12.31,29.399999999999998,29.769999999999999,29.359999999999999,29.55,29.41,0.14,0.476,965370.380000000004656,2859607.976999999955296
600900.SH,2025.01.02,29.510000000000001,29.73,29.079999999999998,29.199999999999999,29.55,-0.35,-1.1844,1041220.07999999995809,3057996.060000000055879
600900.SH,2025.01.03,29.21,29.429999999999999,28.850000000000001,29,29.199999999999999,-0.2,-0.6849,946322.85999999998603,2753136.714000000152736
600900.SH,2025.01.06,29.100000000000001,29.100000000000001,28.510000000000001,28.89,29,-0.11,-0.3793,794674.260000000009313,2286573.074000000022351
600900.SH,2025.01.07,28.879999999999999,28.89,28.539999999999999,28.699999999999999,28.89,-0.19,-0.6577,654960.300000000046566,1879633.128000000026077
600900.SH,2025.01.08,28.670000000000001,29.16,28.629999999999999,29,28.699999999999999,0.3,1.0453,906309.290000000037252,2624410.31499999994412
600900.SH,2025.01.09,28.940000000000001,29.059999999999998,28.64,28.789999999999999,29,-0.21,-0.7241,581770.57999999995809,1676501.567000000039115
600900.SH,2025.01.10,28.789999999999999,29.05,28.510000000000001,28.87,28.789999999999999,0.08,0.2779,694909.82999999995809,2005099.922999999951571
600900.SH,2025.01.13,28.8,28.91,28.429999999999999,28.809999999999998,28.87,-0.06,-0.2078,906278.060000000055879,2602917.132000000216066
600900.SH,2025.01.14,28.8,28.98,28.719999999999998,28.839999999999999,28.809999999999998,0.03,0.1041,819856.650000000023283,2362763.16399999987334
600900.SH,2025.01.15,28.73,29.120000000000001,28.609999999999999,28.8,28.839999999999999,-0.04,-0.1387,722792.780000000027939,2086198.307000000029802
600900.SH,2025.01.16,28.73,28.98,28.719999999999998,28.839999999999999,28.8,0.04,0.1389,720602.400000000023283,2076090.814000000013038
600900.SH,2025.01.17,28.87,29.030000000000001,28.760000000000001,29.010000000000001,28.839999999999999,0.17,0.5895,596372.300000000046566,1726533.810999999986961
600900.SH,2025.01.20,29.05,29.059999999999998,28.829999999999998,28.969999999999998,29.010000000000001,-0.04,-0.1379,665423.770000000018626,1927427.722000000067055
600900.SH,2025.01.21,28.96,29.309999999999998,28.82,29.16,28.969999999999998,0.19,0.6559,789413.280000000027939,2299694.592999999877065
600900.SH,2025.01.22,29.16,29.3,28.600000000000001,28.690000000000001,29.16,-0.47,-1.6118,1073703.199999999953433,3102296.595999999903142
600900.SH,2025.01.23,28.719999999999998,28.809999999999998,28.280000000000001,28.5,28.690000000000001,-0.19,-0.6623,1034683.650000000023283,2953937.702000000048428
600900.SH,2025.01.24,28.379999999999998,28.649999999999998,28.199999999999999,28.199999999999999,28.289999999999999,-0.09,-0.3181,840005.770000000018626,2388148.361000000033527
600900.SH,2025.01.27,28.269999999999999,29.100000000000001,28.219999999999998,28.899999999999998,28.199999999999999,0.7,2.4823,995244.489999999990686,2863650.427000000141561
600900.SH,2025.02.05,28.859999999999999,28.89,28.269999999999999,28.350000000000001,28.899999999999998,-0.55,-1.9031,902861.130000000004656,2568658.666000000201165
600900.SH,2025.02.06,28.359999999999999,28.429999999999999,28.129999999999998,28.269999999999999,28.350000000000001,-0.08,-0.2822,676097.339999999967403,1908311.70699999993667
600900.SH,2025.02.07,28.199999999999999,28.239999999999998,27.899999999999998,28.129999999999998,28.269999999999999,-0.14,-0.4952,1091475.510000000009313,3059789.716000000014901
600900.SH,2025.02.10,28.05,28.16,27.899999999999998,27.91,28.129999999999998,-0.22,-0.7821,969000.760000000009313,2709703.558999999891966
600900.SH,2025.02.11,27.98,27.98,27.699999999999999,27.899999999999998,27.91,-0.01,-0.0358,901386.300000000046566,2507433.419000000227242
600900.SH,2025.02.12,27.850000000000001,28.030000000000001,27.769999999999999,27.989999999999998,27.899999999999998,0.09,0.3226,714700.709999999962747,1996133.152000000001862
600900.SH,2025.02.13,27.920000000000001,28.23,27.829999999999998,28.170000000000001,27.989999999999998,0.18,0.6431,940018.140000000013969,2643911.848999999929219
600900.SH,2025.02.14,28.170000000000001,28.5,28.05,28.21,28.170000000000001,0.04,0.142,928763.770000000018626,2628490.802999999839812
600900.SH,2025.02.17,28.059999999999998,28.170000000000001,27.62,28.170000000000001,28.21,-0.04,-0.1418,1095807.18999999994412,3060604.828000000212341
600900.SH,2025.02.18,28.05,28.559999999999998,28.05,28.359999999999999,28.170000000000001,0.19,0.6745,1083706.739999999990686,3074479.598000000230967
600900.SH,2025.02.19,28.260000000000001,28.41,28.030000000000001,28.07,28.359999999999999,-0.29,-1.0226,832430.96999999997206,2344764.606000000145286
600900.SH,2025.02.20,28,28.120000000000001,27.859999999999999,28.039999999999999,28.07,-0.03,-0.1069,696211.75,1949177.935999999986961
600900.SH,2025.02.21,28.039999999999999,28.039999999999999,27.71,27.8,28.039999999999999,-0.24,-0.8559,1246881.600000000093132,3470960.408999999985098
600900.SH,2025.02.24,27.8,27.920000000000001,27.510000000000001,27.55,27.8,-0.25,-0.8993,1294031.790000000037252,3578403.310000000055879
600900.SH,2025.02.25,27.579999999999998,27.649999999999998,27.199999999999999,27.329999999999998,27.55,-0.22,-0.7985,973228.619999999995343,2669049.554000000003725
600900.SH,2025.02.26,27.3,27.699999999999999,27.269999999999999,27.629999999999999,27.329999999999998,0.3,1.0977,889169.619999999995343,2451236.807000000029802
600900.SH,2025.02.27,27.64,27.719999999999998,27.309999999999998,27.519999999999999,27.629999999999999,-0.11,-0.3981,991769.390000000013969,2727061.265000000130385
600900.SH,2025.02.28,27.48,27.739999999999998,27.350000000000001,27.379999999999998,27.519999999999999,-0.14,-0.5087,1175017.75,3236479.356000000145286
600900.SH,2025.03.03,27.379999999999998,27.429999999999999,27.059999999999998,27.089999999999999,27.379999999999998,-0.29,-1.0592,1127634.379999999888241,3060769.037000000011175
600900.SH,2025.03.04,27.089999999999999,27.199999999999999,26.98,27.149999999999998,27.089999999999999,0.06,0.2215,647251.890000000013969,1755054.865999999921768
600900.SH,2025.03.05,27.14,27.600000000000001,27.010000000000001,27.48,27.149999999999998,0.33,1.2155,946605.459999999962747,2594982.595999999903142
600900.SH,2025.03.06,27.41,27.48,27.149999999999998,27.219999999999998,27.48,-0.26,-0.9461,980759.229999999981373,2671549.580999999772757
600900.SH,2025.03.07,27.21,27.370000000000001,27.129999999999998,27.260000000000001,27.219999999999998,0.04,0.147,683832.130000000004656,1864258.519000000087544
600900.SH,2025.03.10,27.269999999999999,27.280000000000001,27.030000000000001,27.100000000000001,27.260000000000001,-0.16,-0.5869,883223.5,2392990.833000000100582
600900.SH,2025.03.11,27.039999999999999,27.289999999999999,27.030000000000001,27.190000000000001,27.100000000000001,0.09,0.3321,910403.119999999995343,2468093.094000000040978
600900.SH,2025.03.12,27.16,27.190000000000001,27.010000000000001,27.120000000000001,27.190000000000001,-0.07,-0.2574,785237.849999999976716,2126412.560000000055879
600900.SH,2025.03.13,27.100000000000001,27.350000000000001,27.089999999999999,27.25,27.120000000000001,0.13,0.4794,874096.599999999976716,2380546.787000000011175
600900.SH,2025.03.14,27.289999999999999,27.55,27.23,27.449999999999999,27.25,0.2,0.7339,1114139.899999999906867,3056432.800999999977648
600900.SH,2025.03.17,27.510000000000001,27.690000000000001,27.350000000000001,27.370000000000001,27.449999999999999,-0.08,-0.2914,763521.930000000051222,2099106.674999999813735
600900.SH,2025.03.18,27.370000000000001,27.420000000000001,27.170000000000001,27.199999999999999,27.370000000000001,-0.17,-0.6211,777193.089999999967403,2116224.351999999955296
600900.SH,2025.03.19,27.239999999999998,27.699999999999999,27.16,27.629999999999999,27.199999999999999,0.43,1.5809,1318599.320000000065192,3633878.030999999959021
600900.SH,2025.03.20,27.699999999999999,27.760000000000001,27.539999999999999,27.64,27.629999999999999,0.01,0.0362,601941.520000000018626,1663702.537000000011175
600900.SH,2025.03.21,27.670000000000001,27.760000000000001,27.370000000000001,27.399999999999998,27.64,-0.24,-0.8683,741876.709999999962747,2042970.840000000083819
600900.SH,2025.03.24,27.420000000000001,27.8,27.370000000000001,27.699999999999999,27.399999999999998,0.3,1.0949,991624.780000000027939,2745637.503000000026077
600900.SH,2025.03.25,27.71,28,27.559999999999998,27.929999999999999,27.699999999999999,0.23,0.8303,772559.819999999948777,2152626.393000000156462
600900.SH,2025.03.26,27.929999999999999,27.989999999999998,27.609999999999999,27.829999999999998,27.929999999999999,-0.1,-0.358,690883.420000000041909,1917234.895999999949708
600900.SH,2025.03.27,27.75,27.859999999999999,27.62,27.769999999999999,27.829999999999998,-0.06,-0.2156,572991.160000000032596,1588239.085999999893829
600900.SH,2025.03.28,27.760000000000001,27.899999999999998,27.64,27.850000000000001,27.769999999999999,0.08,0.2881,572223.339999999967403,1590738.628000000026077
600900.SH,2025.03.31,27.920000000000001,28.109999999999999,27.75,27.809999999999998,27.850000000000001,-0.04,-0.1436,904841,2528379.569999999832361
600900.SH,2025.04.01,27.850000000000001,27.940000000000001,27.66,27.899999999999998,27.809999999999998,0.09,0.3236,579886.380000000004656,1614469.477999999886378
600900.SH,2025.04.02,27.899999999999998,27.96,27.71,27.829999999999998,27.899999999999998,-0.07,-0.2509,553530.260000000009313,1539467.924000000115484
600900.SH,2025.04.03,27.71,28.440000000000001,27.71,28.399999999999998,27.829999999999998,0.57,2.0481,1437982.290000000037252,4054692.589999999850988
600900.SH,2025.04.07,28.039999999999999,28.859999999999999,27.769999999999999,28.329999999999998,28.399999999999998,-0.07,-0.2465,3258722.279999999795109,9247372.446000000461935
600900.SH,2025.04.08,28.260000000000001,29.179999999999999,28,29.05,28.329999999999998,0.72,2.5415,2341190.479999999981373,6700167.019000000320374
600900.SH,2025.04.09,29.05,29.600000000000001,28.760000000000001,29.57,29.05,0.52,1.79,2198018.029999999795109,6447093.99199999962002
600900.SH,2025.04.10,29.46,29.489999999999998,28.850000000000001,29.170000000000001,29.57,-0.4,-1.3527,1385624.860000000102445,4027976.354999999981373
600900.SH,2025.04.11,29.280000000000001,29.280000000000001,29,29.199999999999999,29.170000000000001,0.03,0.1028,873321.010000000009313,2542617.677999999839812
600900.SH,2025.04.14,29.010000000000001,29.25,28.82,29.149999999999998,29.199999999999999,-0.05,-0.1712,826375.319999999948777,2399272.788000000175088
600900.SH,2025.04.15,29.079999999999998,29.350000000000001,28.989999999999998,29.269999999999999,29.149999999999998,0.12,0.4117,783079.709999999962747,2283991.240999999921768
600900.SH,2025.04.16,29.25,29.41,29.05,29.399999999999998,29.269999999999999,0.13,0.4441,1007602.060000000055879,2945909.907999999821186
600900.SH,2025.04.17,29.3,29.32,29,29.21,29.399999999999998,-0.19,-0.6463,840853.369999999995343,2448925.44400000013411
600900.SH,2025.04.18,29.100000000000001,29.600000000000001,29.059999999999998,29.579999999999998,29.21,0.37,1.2667,881173.880000000004656,2592643.254000000189989
600900.SH,2025.04.21,29.5,29.699999999999999,29.3,29.309999999999998,29.579999999999998,-0.27,-0.9128,565837.449999999953433,1666610.557999999960884
600900.SH,2025.04.22,29.32,29.82,29.23,29.329999999999998,29.309999999999998,0.02,0.0682,768948.560000000055879,2269549.947999999858438
600900.SH,2025.04.23,29.280000000000001,29.379999999999998,29.079999999999998,29.199999999999999,29.329999999999998,-0.13,-0.4432,616106.910000000032596,1800663.507999999914318
600900.SH,2025.04.24,29.199999999999999,29.55,29.16,29.46,29.199999999999999,0.26,0.8904,569273.25,1675349.935999999986961
600900.SH,2025.04.25,29.48,29.73,29.3,29.519999999999999,29.46,0.06,0.2037,544572.229999999981373,1604922.452000000048428
600900.SH,2025.04.28,29.519999999999999,29.920000000000001,29.41,29.719999999999998,29.519999999999999,0.2,0.6775,723470.849999999976716,2153224.044999999925494
600900.SH,2025.04.29,29.719999999999998,29.769999999999999,29.350000000000001,29.46,29.719999999999998,-0.26,-0.8748,723059.229999999981373,2130508.757000000216066
600900.SH,2025.04.30,29.55,29.57,29.32,29.5,29.46,0.04,0.1358,553508.780000000027939,1630308.196999999927356
600900.SH,2025.05.06,29.649999999999998,29.649999999999998,29.129999999999998,29.179999999999999,29.5,-0.32,-1.0847,830990,2427460.660999999847263
600900.SH,2025.05.07,29.280000000000001,29.379999999999998,29.059999999999998,29.350000000000001,29.179999999999999,0.17,0.5826,808889.900000000023283,2365688.066000000108033
600900.SH,2025.05.08,29.280000000000001,29.48,29.219999999999998,29.309999999999998,29.350000000000001,-0.04,-0.1363,469960.5,1380550.567000000039115
600900.SH,2025.05.09,29.3,29.769999999999999,29.280000000000001,29.55,29.309999999999998,0.24,0.8188,732927.550000000046566,2165675.399999999906867
600900.SH,2025.05.12,29.46,29.690000000000001,29.309999999999998,29.539999999999999,29.55,-0.01,-0.0338,572354.979999999981373,1690208.658999999985098
600900.SH,2025.05.13,29.420000000000001,29.739999999999998,29.359999999999999,29.739999999999998,29.539999999999999,0.2,0.677,616986.060000000055879,1827173.097999999998137
600900.SH,2025.05.14,29.73,30.100000000000001,29.670000000000001,30.079999999999998,29.739999999999998,0.34,1.1432,747905.670000000041909,2238358.172999999951571
600900.SH,2025.05.15,30.059999999999998,30.359999999999999,30,30.350000000000001,30.079999999999998,0.27,0.8976,715432.849999999976716,2161488.737999999895691
600900.SH,2025.05.16,30.3,30.5,29.96,30.100000000000001,30.350000000000001,-0.25,-0.8237,637559.869999999995343,1920478.840000000083819
600900.SH,2025.05.19,30.100000000000001,30.579999999999998,30.100000000000001,30.469999999999998,30.100000000000001,0.37,1.2292,561942.35999999998603,1709383.591000000014901
600900.SH,2025.05.20,30.48,30.940000000000001,30.48,30.679999999999999,30.469999999999998,0.21,0.6892,605876.160000000032596,1863321.472999999998137
600900.SH,2025.05.21,30.739999999999998,30.949999999999999,30.699999999999999,30.8,30.679999999999999,0.12,0.3911,535498.489999999990686,1650446.695999999996274
600900.SH,2025.05.22,30.8,31.05,30.559999999999998,31.030000000000001,30.8,0.23,0.7468,537263.729999999981373,1657926.804999999934807
600900.SH,2025.05.23,30.989999999999998,31.059999999999998,30.39,30.489999999999998,31.030000000000001,-0.54,-1.7403,854247.729999999981373,2613433.481999999843537
600900.SH,2025.05.26,30.399999999999998,30.559999999999998,30.120000000000001,30.339999999999999,30.489999999999998,-0.15,-0.492,626512.369999999995343,1899418.061999999918043
600900.SH,2025.05.27,30.3,30.589999999999999,30.219999999999998,30.260000000000001,30.339999999999999,-0.08,-0.2637,567980.569999999948777,1726016.759000000078231
600900.SH,2025.05.28,30.269999999999999,30.55,30.199999999999999,30.530000000000001,30.260000000000001,0.27,0.8923,537809.07999999995809,1636711.125999999931082
600900.SH,2025.05.29,30.48,30.55,30.109999999999999,30.289999999999999,30.530000000000001,-0.24,-0.7861,669368.739999999990686,2025718.726999999955296
600900.SH,2025.05.30,30.32,30.489999999999998,30.199999999999999,30.199999999999999,30.289999999999999,-0.09,-0.2971,644789.979999999981373,1954519.953999999910593
600900.SH,2025.06.03,30.280000000000001,30.350000000000001,29.850000000000001,30.149999999999998,30.199999999999999,-0.05,-0.1656,783222.520000000018626,2350698.979999999981373
600900.SH,2025.06.04,30.14,30.16,29.850000000000001,29.89,30.149999999999998,-0.26,-0.8624,595581.979999999981373,1785117.391000000061467
600900.SH,2025.06.05,29.89,29.940000000000001,29.649999999999998,29.8,29.89,-0.09,-0.3011,551350.380000000004656,1641525.833000000100582
600900.SH,2025.06.06,29.8,30.019999999999999,29.75,29.989999999999998,29.8,0.19,0.6376,546936.540000000037252,1638392.601999999955296
600900.SH,2025.06.09,29.929999999999999,30.089999999999999,29.850000000000001,29.98,29.989999999999998,-0.01,-0.0333,680593.57999999995809,2040230.084000000031664
600900.SH,2025.06.10,29.98,30.289999999999999,29.96,30.030000000000001,29.98,0.05,0.1668,663488.410000000032596,1998903.727999999886378
600900.SH,2025.06.11,30,30.280000000000001,29.98,30.179999999999999,30.030000000000001,0.15,0.4995,576656.170000000041909,1739533.415999999968335
600900.SH,2025.06.12,30.16,30.329999999999998,30.019999999999999,30.190000000000001,30.179999999999999,0.01,0.0331,631838.71999999997206,1906275.621999999973922
600900.SH,2025.06.13,30.190000000000001,30.66,30.179999999999999,30.62,30.190000000000001,0.43,1.4243,1044234.260000000009313,3184688.177000000141561
600900.SH,2025.06.16,30.55,30.62,30.3,30.46,30.62,-0.16,-0.5225,516553.909999999974388,1573740.480999999912455
600900.SH,2025.06.17,30.449999999999999,30.699999999999999,30.059999999999998,30.670000000000001,30.46,0.21,0.6894,788985.660000000032596,2399315.251999999862164
600900.SH,2025.06.18,30.600000000000001,30.859999999999999,30.57,30.71,30.670000000000001,0.04,0.1304,621720.760000000009313,1912522.03900000010617
600900.SH,2025.06.19,30.8,30.839999999999999,30.579999999999998,30.719999999999998,30.71,0.01,0.0326,559305.739999999990686,1716728.361000000033527
600900.SH,2025.06.20,30.719999999999998,30.829999999999998,30.379999999999998,30.399999999999998,30.719999999999998,-0.32,-1.0417,561603.400000000023283,1716057.58199999993667
600900.SH,2025.06.23,30.379999999999998,30.760000000000001,30.280000000000001,30.649999999999998,30.399999999999998,0.25,0.8224,588009.209999999962747,1794276.497999999905005
600900.SH,2025.06.24,30.609999999999999,30.809999999999998,30.530000000000001,30.579999999999998,30.649999999999998,-0.07,-0.2284,788400.020000000018626,2415321.533999999985098
600900.SH,2025.06.25,30.48,30.949999999999999,30.399999999999998,30.879999999999999,30.579999999999998,0.3,0.981,783706.660000000032596,2407314.282999999821186
600900.SH,2025.06.26,30.879999999999999,31.190000000000001,30.859999999999999,31.109999999999999,30.879999999999999,0.23,0.7448,705648.560000000055879,2189373.109999999869614
600900.SH,2025.06.27,31.16,31.16,30.199999999999999,30.219999999999998,31.109999999999999,-0.89,-2.8608,1474530.090000000083819,4499854.720999999903142
600900.SH,2025.06.30,30.23,30.420000000000001,30.100000000000001,30.14,30.219999999999998,-0.08,-0.2647,755184.560000000055879,2282994.81900000013411
600900.SH,2025.07.01,30.199999999999999,30.519999999999999,30.149999999999998,30.370000000000001,30.14,0.23,0.7631,594762.75,1806986.262000000104308
600900.SH,2025.07.02,30.399999999999998,30.48,30.219999999999998,30.25,30.370000000000001,-0.12,-0.3951,571834.949999999953433,1734049.631000000052154
600900.SH,2025.07.03,30.260000000000001,30.280000000000001,29.850000000000001,30.089999999999999,30.25,-0.16,-0.5289,936811.229999999981373,2811204.131000000052154
600900.SH,2025.07.04,30.059999999999998,30.289999999999999,30.010000000000001,30.16,30.089999999999999,0.07,0.2326,679228.050000000046566,2048728.030999999959021
600900.SH,2025.07.07,30.239999999999998,30.280000000000001,30.07,30.260000000000001,30.16,0.1,0.3316,508278.479999999981373,1534745.746999999973922
600900.SH,2025.07.08,30.269999999999999,30.269999999999999,29.91,29.920000000000001,30.260000000000001,-0.34,-1.1236,1073286.010000000009313,3219638.66399999987334
600900.SH,2025.07.09,29.949999999999999,30.100000000000001,29.850000000000001,29.98,29.920000000000001,0.06,0.2005,670383.209999999962747,2011578.385999999940395
600900.SH,2025.07.10,30,30.079999999999998,29.8,29.899999999999998,29.98,-0.08,-0.2668,947643.050000000046566,2835522.287000000011175
600900.SH,2025.07.11,29.920000000000001,30.589999999999999,29.87,30.399999999999998,29.899999999999998,0.5,1.6722,1642154.790000000037252,4984368.45299999974668
600900.SH,2025.07.14,30.420000000000001,30.789999999999999,30.399999999999998,30.609999999999999,30.399999999999998,0.21,0.6908,771547.170000000041909,2363137.311999999918043
600900.SH,2025.07.15,30.609999999999999,30.679999999999999,30.350000000000001,30.48,30.609999999999999,-0.13,-0.4247,562461.569999999948777,1714077.283000000054016
600900.SH,2025.07.16,30.600000000000001,30.66,30.329999999999998,30.339999999999999,30.48,-0.14,-0.4593,386213.460000000020954,1174692.477999999886378
600900.SH,2025.07.17,30.32,30.399999999999998,30.120000000000001,30.16,30.339999999999999,-0.18,-0.5933,614655.479999999981373,1855170.425000000046566
600900.SH,2025.07.18,29.539999999999999,29.600000000000001,29.350000000000001,29.5,29.429999999999999,0.07,0.2379,601701.900000000023283,1774601.208000000100582
600900.SH,2025.07.21,29.699999999999999,29.859999999999999,29.420000000000001,29.510000000000001,29.5,0.01,0.0339,778276.540000000037252,2301161.415000000037252
600900.SH,2025.07.22,29.46,29.510000000000001,29.280000000000001,29.359999999999999,29.510000000000001,-0.15,-0.5083,943940.46999999997206,2772595.623999999836087
600900.SH,2025.07.23,29.41,29.449999999999999,29.170000000000001,29.179999999999999,29.359999999999999,-0.18,-0.6131,1073549.449999999953433,3142732.507000000216066
600900.SH,2025.07.24,29.190000000000001,29.190000000000001,28.8,28.940000000000001,29.179999999999999,-0.24,-0.8225,1668827.679999999934807,4823718.576000000350177
600900.SH,2025.07.25,28.859999999999999,28.98,28.75,28.75,28.940000000000001,-0.19,-0.6565,1008790.900000000023283,2910198.554000000003725
600900.SH,2025.07.28,28.75,28.839999999999999,28.600000000000001,28.64,28.75,-0.11,-0.3826,844450.599999999976716,2421911.285999999847263
600900.SH,2025.07.29,28.609999999999999,28.739999999999998,28.600000000000001,28.629999999999999,28.64,-0.01,-0.0349,717720.130000000004656,2057394.625
600900.SH,2025.07.30,28.64,28.940000000000001,28.64,28.699999999999999,28.629999999999999,0.07,0.2445,978280.420000000041909,2814742.12099999981001
600900.SH,2025.07.31,28.420000000000001,28.420000000000001,27.699999999999999,27.839999999999999,28.699999999999999,-0.86,-2.9965,2579698.279999999795109,7209401.326999999582767
600900.SH,2025.08.01,27.789999999999999,28.05,27.679999999999999,27.989999999999998,27.839999999999999,0.15,0.5388,981486.060000000055879,2738151.405999999959021
600900.SH,2025.08.04,27.899999999999998,28.170000000000001,27.8,28.14,27.989999999999998,0.15,0.5359,823203.71999999997206,2311780.58199999993667
600900.SH,2025.08.05,28.14,28.179999999999999,27.96,28.100000000000001,28.14,-0.04,-0.1421,787152.699999999953433,2209870.180000000167638
600900.SH,2025.08.06,28.089999999999999,28.120000000000001,27.87,27.969999999999998,28.100000000000001,-0.13,-0.4626,1144934.790000000037252,3198859.436999999918043
600900.SH,2025.08.07,27.940000000000001,28.179999999999999,27.839999999999999,28.059999999999998,27.969999999999998,0.09,0.3218,1051956.760000000009313,2948188.365999999921768
600900.SH,2025.08.08,28.059999999999998,28.079999999999998,27.859999999999999,27.859999999999999,28.059999999999998,-0.2,-0.7128,824972.099999999976716,2304820.60399999981746
600900.SH,2025.08.11,27.859999999999999,27.879999999999999,27.510000000000001,27.690000000000001,27.859999999999999,-0.17,-0.6102,1243550.560000000055879,3436843.94400000013411
600900.SH,2025.08.12,27.690000000000001,27.879999999999999,27.64,27.760000000000001,27.690000000000001,0.07,0.2528,743183.900000000023283,2065281.067999999970197
600900.SH,2025.08.13,27.769999999999999,27.850000000000001,27.609999999999999,27.629999999999999,27.760000000000001,-0.13,-0.4683,934256.869999999995343,2589154.700000000186264
600900.SH,2025.08.14,27.62,27.89,27.600000000000001,27.66,27.629999999999999,0.03,0.1086,1017587.959999999962747,2824224.35800000000745
600900.SH,2025.08.15,27.71,27.780000000000001,27.600000000000001,27.629999999999999,27.66,-0.03,-0.1085,1072302.330000000074505,2967736.757000000216066
600900.SH,2025.08.18,27.64,27.719999999999998,27.55,27.64,27.629999999999999,0.01,0.0362,1147361.959999999962747,3169229.160999999847263
600900.SH,2025.08.19,27.649999999999998,27.780000000000001,27.609999999999999,27.629999999999999,27.64,-0.01,-0.0362,1146023.979999999981373,3172704.270000000018626
600900.SH,2025.08.20,27.600000000000001,27.739999999999998,27.46,27.690000000000001,27.629999999999999,0.06,0.2172,1022259.369999999995343,2820524.962999999988824
600900.SH,2025.08.21,27.690000000000001,27.949999999999999,27.66,27.850000000000001,27.690000000000001,0.16,0.5778,1179347.540000000037252,3284359.052000000141561
600900.SH,2025.08.22,27.879999999999999,27.920000000000001,27.699999999999999,27.87,27.850000000000001,0.02,0.0718,1032104,2866065.220999999903142
600900.SH,2025.08.25,28.039999999999999,28.55,28.030000000000001,28.350000000000001,27.87,0.48,1.7223,2185666.040000000037252,6194362.996000000275671
600900.SH,2025.08.26,28.350000000000001,28.399999999999998,28.21,28.309999999999998,28.350000000000001,-0.04,-0.1411,1130612.479999999981373,3198022.513999999966472
600900.SH,2025.08.27,28.25,28.3,27.929999999999999,27.96,28.309999999999998,-0.35,-1.2363,1275324.139999999897554,3586735.276999999769032
600900.SH,2025.08.28,27.949999999999999,27.989999999999998,27.690000000000001,27.87,27.96,-0.09,-0.3219,1092962.46999999997206,3043101.973000000230968
600900.SH,2025.08.29,27.899999999999998,28.16,27.850000000000001,28.089999999999999,27.87,0.22,0.7894,1067298.459999999962747,2996376.74599999981001
600900.SH,2025.09.01,28.100000000000001,28.100000000000001,27.71,27.789999999999999,28.089999999999999,-0.3,-1.068,1246086.669999999925494,3468108.875
600900.SH,2025.09.02,27.699999999999999,28.289999999999999,27.699999999999999,28.21,27.789999999999999,0.42,1.5113,1751446.010000000009313,4918052.711000000126659
600900.SH,2025.09.03,28.25,28.399999999999998,27.829999999999998,27.96,28.21,-0.25,-0.8862,1271331.129999999888241,3563092.890000000130385
600900.SH,2025.09.04,27.940000000000001,28.3,27.71,28.23,27.96,0.27,0.9657,1758480.96999999997206,4929530.683000000193715
600900.SH,2025.09.05,28.16,28.309999999999998,28,28.07,28.23,-0.16,-0.5668,1069513.080000000074505,3006365.137999999802559
600900.SH,2025.09.08,28.019999999999999,28.219999999999998,28,28.149999999999998,28.07,0.08,0.285,900740.390000000013969,2532976.861000000033527
600900.SH,2025.09.09,28.16,28.199999999999999,27.96,28.010000000000001,28.149999999999998,-0.14,-0.4973,761316.319999999948777,2134208.19400000013411
600900.SH,2025.09.10,28.010000000000001,28.089999999999999,27.899999999999998,28.010000000000001,28.010000000000001,0,0,598614.82999999995809,1675916.918000000063329
600900.SH,2025.09.11,28,28.109999999999999,27.920000000000001,28,28.010000000000001,-0.01,-0.0357,1053966.560000000055879,2946879.049000000115483
600900.SH,2025.09.12,28,28.149999999999998,27.899999999999998,27.929999999999999,28,-0.07,-0.25,929728.119999999995343,2603224.927999999839812
600900.SH,2025.09.15,27.899999999999998,27.91,27.760000000000001,27.8,27.929999999999999,-0.13,-0.4654,725656.96999999997206,2016875.299000000115483
600900.SH,2025.09.16,27.789999999999999,27.8,27.649999999999998,27.73,27.8,-0.07,-0.2518,575128.760000000009313,1594342.990999999921768
600900.SH,2025.09.17,27.719999999999998,27.829999999999998,27.670000000000001,27.699999999999999,27.73,-0.03,-0.1082,614926.75,1704493.487999999895691
600900.SH,2025.09.18,27.690000000000001,27.699999999999999,27.21,27.309999999999998,27.699999999999999,-0.39,-1.4079,1448432.96999999997206,3975030.223999999929219
600900.SH,2025.09.19,27.32,27.350000000000001,27.120000000000001,27.199999999999999,27.309999999999998,-0.11,-0.4028,734670.21999999997206,1999478.365999999921768
600900.SH,2025.09.22,27.100000000000001,27.25,27.019999999999999,27.120000000000001,27.199999999999999,-0.08,-0.2941,696830.93999999994412,1890783.49600000004284
600900.SH,2025.09.23,27.120000000000001,27.39,27.030000000000001,27.32,27.120000000000001,0.2,0.7375,872473.25,2375221.478000000119209
600900.SH,2025.09.24,27.280000000000001,27.530000000000001,27.239999999999998,27.25,27.32,-0.07,-0.2562,874412.989999999990686,2391918.904000000096857
600900.SH,2025.09.25,27.21,27.329999999999998,27.079999999999998,27.289999999999999,27.25,0.04,0.1468,634292.57999999995809,1726865.38800000003539
600900.SH,2025.09.26,27.3,27.55,27.239999999999998,27.469999999999998,27.289999999999999,0.18,0.6596,794087.060000000055879,2177282.259999999776482
600900.SH,2025.09.29,27.429999999999999,27.5,27.190000000000001,27.3,27.469999999999998,-0.17,-0.6189,927031,2532328.827000000048428
600900.SH,2025.09.30,27.350000000000001,27.359999999999999,27.21,27.25,27.3,-0.05,-0.1832,618827.739999999990686,1686097.117000000085681
600900.SH,2025.10.09,27.21,27.699999999999999,27.149999999999998,27.679999999999999,27.25,0.43,1.578,1132499.090000000083819,3112861.217999999877065
600900.SH,2025.10.10,27.649999999999998,27.789999999999999,27.510000000000001,27.73,27.679999999999999,0.05,0.1806,712605.020000000018626,1973210.959999999962747
600900.SH,2025.10.13,27.699999999999999,27.899999999999998,27.399999999999998,27.789999999999999,27.73,0.06,0.2164,1174982.199999999953433,3255599.089999999850988
600900.SH,2025.10.14,27.739999999999998,28.010000000000001,27.55,27.989999999999998,27.789999999999999,0.2,0.7197,1366699.040000000037252,3807496.907999999821186
600900.SH,2025.10.15,27.98,28.149999999999998,27.769999999999999,27.929999999999999,27.989999999999998,-0.06,-0.2144,926323.290000000037252,2588206.845999999903142
600900.SH,2025.10.16,27.850000000000001,28.170000000000001,27.839999999999999,28.16,27.929999999999999,0.23,0.8235,939734.93999999994412,2639404.753000000026077
600900.SH,2025.10.17,28.129999999999998,28.379999999999998,28.059999999999998,28.109999999999999,28.16,-0.05,-0.1776,1147021.540000000037252,3235603.481999999843537
600900.SH,2025.10.20,28.120000000000001,28.149999999999998,27.75,28.05,28.109999999999999,-0.06,-0.2134,914230.760000000009313,2555513.223000000230967
600900.SH,2025.10.21,28,28.100000000000001,27.850000000000001,27.91,28.05,-0.14,-0.4991,801635.739999999990686,2239195.692999999970197
600900.SH,2025.10.22,27.89,28.079999999999998,27.850000000000001,28.039999999999999,27.91,0.13,0.4658,619189.680000000051222,1734320.78900000010617
600900.SH,2025.10.23,28.039999999999999,28.269999999999999,28.039999999999999,28.23,28.039999999999999,0.19,0.6776,785588.089999999967403,2215031.62099999981001
600900.SH,2025.10.24,28.21,28.289999999999999,28.079999999999998,28.190000000000001,28.23,-0.04,-0.1417,770600.060000000055879,2172735.273000000044703
600900.SH,2025.10.27,28.14,28.559999999999998,28.019999999999999,28.3,28.190000000000001,0.11,0.3902,1248426.350000000093132,3534388.257999999914318
600900.SH,2025.10.28,28.260000000000001,28.539999999999999,28.260000000000001,28.46,28.3,0.16,0.5654,732635.650000000023283,2082899.503000000026077
600900.SH,2025.10.29,28.46,28.46,28.260000000000001,28.289999999999999,28.46,-0.17,-0.5973,740543.030000000027939,2097455.018000000156462
600900.SH,2025.10.30,28.289999999999999,28.559999999999998,28.190000000000001,28.469999999999998,28.289999999999999,0.18,0.6363,867173.760000000009313,2465019.759000000078231
600900.SH,2025.10.31,28.46,28.46,27.929999999999999,28.100000000000001,28.469999999999998,-0.37,-1.2996,1184702.290000000037252,3332582.342999999877065
600900.SH,2025.11.03,28.109999999999999,28.350000000000001,28.109999999999999,28.309999999999998,28.100000000000001,0.21,0.7473,613783.21999999997206,1735602.286000000080093
600900.SH,2025.11.04,28.309999999999998,28.690000000000001,28.280000000000001,28.600000000000001,28.309999999999998,0.29,1.0244,1049428.889999999897554,2995456.129000000189989
600900.SH,2025.11.05,28.629999999999999,28.690000000000001,28.399999999999998,28.420000000000001,28.600000000000001,-0.18,-0.6294,685791.150000000023283,1954741.549000000115484
600900.SH,2025.11.06,28.39,28.600000000000001,28.359999999999999,28.5,28.420000000000001,0.08,0.2815,673928.319999999948777,1920939.279000000096857
600900.SH,2025.11.07,28.510000000000001,28.64,28.429999999999999,28.519999999999999,28.5,0.02,0.0702,551417.839999999967403,1572837.493000000016763
600900.SH,2025.11.10,28.519999999999999,28.589999999999999,28.39,28.530000000000001,28.519999999999999,0.01,0.0351,493344.590000000025611,1406140.641999999992549
600900.SH,2025.11.11,28.530000000000001,28.719999999999998,28.469999999999998,28.62,28.530000000000001,0.09,0.3155,625175.780000000027939,1788389.425999999977648
600900.SH,2025.11.12,28.699999999999999,28.879999999999999,28.609999999999999,28.609999999999999,28.62,-0.01,-0.0349,629704.96999999997206,1810844.125999999931082
600900.SH,2025.11.13,28.62,28.73,28.260000000000001,28.440000000000001,28.609999999999999,-0.17,-0.5942,1012328.040000000037252,2874569.006000000052154
600900.SH,2025.11.14,28.440000000000001,28.71,28.339999999999999,28.339999999999999,28.440000000000001,-0.1,-0.3516,747625.180000000051222,2134920.336999999824911
600900.SH,2025.11.17,28.370000000000001,28.429999999999999,28.030000000000001,28.16,28.339999999999999,-0.18,-0.6351,725596.430000000051222,2041952.506999999983236
600900.SH,2025.11.18,28.16,28.339999999999999,28.079999999999998,28.149999999999998,28.16,-0.01,-0.0355,590136.979999999981373,1664566.129999999888241
600900.SH,2025.11.19,28.149999999999998,28.329999999999998,28.109999999999999,28.23,28.149999999999998,0.08,0.2842,481597.60999999998603,1359794.725000000093132
600900.SH,2025.11.20,28.179999999999999,28.32,28.05,28.14,28.23,-0.09,-0.3188,576112.349999999976716,1624414.752000000094994
600900.SH,2025.11.21,28.170000000000001,28.269999999999999,28.07,28.16,28.14,0.02,0.0711,919941.5,2591450.861000000033527
600900.SH,2025.11.24,28.179999999999999,28.199999999999999,27.920000000000001,28.190000000000001,28.16,0.03,0.1065,971795.68999999994412,2725992.365999999921768
600900.SH,2025.11.25,28.190000000000001,28.199999999999999,27.829999999999998,28.030000000000001,28.190000000000001,-0.16,-0.5676,929854.18999999994412,2602515.31900000013411
600900.SH,2025.11.26,28.030000000000001,28.120000000000001,27.899999999999998,27.940000000000001,28.030000000000001,-0.09,-0.3211,662732.780000000027939,1854668.139999999897554
600900.SH,2025.11.27,27.929999999999999,28.14,27.780000000000001,28.089999999999999,27.940000000000001,0.15,0.5369,768692.85999999998603,2152113.660999999847263
600900.SH,2025.11.28,28.010000000000001,28.07,27.949999999999999,27.98,28.089999999999999,-0.11,-0.3916,590180.670000000041909,1651765.722999999998137
600900.SH,2025.12.01,28.05,28.149999999999998,27.989999999999998,28.07,27.98,0.09,0.3217,582523.93999999994412,1634524.009000000078231
600900.SH,2025.12.02,28.030000000000001,28.269999999999999,28.019999999999999,28.260000000000001,28.07,0.19,0.6769,748779.619999999995343,2111131.853000000119209
600900.SH,2025.12.03,28.25,28.359999999999999,28.21,28.269999999999999,28.260000000000001,0.01,0.0354,445599.659999999974388,1260442.578999999910593
600900.SH,2025.12.04,28.3,28.32,28.170000000000001,28.239999999999998,28.269999999999999,-0.03,-0.1061,379967.059999999997671,1072988.578999999910593
600900.SH,2025.12.05,28.239999999999998,28.239999999999998,28.019999999999999,28.07,28.239999999999998,-0.17,-0.602,544975.5,1531066.28499999991618
600900.SH,2025.12.08,28.07,28.100000000000001,27.859999999999999,27.87,28.07,-0.2,-0.7125,754265.060000000055879,2109155.092999999877065
600900.SH,2025.12.09,27.929999999999999,28.039999999999999,27.899999999999998,27.969999999999998,27.87,0.1,0.3588,512302.070000000006984,1432281.938000000081956
600900.SH,2025.12.10,27.929999999999999,28.07,27.850000000000001,27.89,27.969999999999998,-0.08,-0.286,585389.540000000037252,1634914.946999999927356
600900.SH,2025.12.11,27.920000000000001,27.940000000000001,27.75,27.859999999999999,27.89,-0.03,-0.1076,695636.239999999990686,1936057.503999999957159
600900.SH,2025.12.12,27.850000000000001,28.05,27.809999999999998,28.039999999999999,27.859999999999999,0.18,0.6461,898708.319999999948777,2509907.080000000074505
600900.SH,2025.12.15,27.989999999999998,28.149999999999998,27.96,28.039999999999999,28.039999999999999,0,0,539466.130000000004656,1514955.530000000027939
600900.SH,2025.12.16,28.059999999999998,28.079999999999998,27.82,27.969999999999998,28.039999999999999,-0.07,-0.2496,679077.459999999962747,1896170.504999999888241
600900.SH,2025.12.17,27.929999999999999,28,27.839999999999999,27.920000000000001,27.969999999999998,-0.05,-0.1788,592436.130000000004656,1653641.726000000024214
600900.SH,2025.12.18,27.920000000000001,28.089999999999999,27.89,28.079999999999998,27.920000000000001,0.16,0.5731,464197.940000000002328,1300956.749000000068917
600900.SH,2025.12.19,28.030000000000001,28.079999999999998,27.82,27.850000000000001,28.079999999999998,-0.23,-0.8191,799993.140000000013969,2233930.351999999955296
600900.SH,2025.12.22,27.839999999999999,27.859999999999999,27.5,27.539999999999999,27.850000000000001,-0.31,-1.1131,1564033.929999999934807,4316199.315000000409781
600900.SH,2025.12.23,27.5,27.739999999999998,27.48,27.719999999999998,27.539999999999999,0.18,0.6536,709451.119999999995343,1962122.210999999893829
600900.SH,2025.12.24,27.71,27.71,27.55,27.64,27.719999999999998,-0.08,-0.2886,499942.799999999988358,1381469.831000000005587
600900.SH,2025.12.25,27.629999999999999,27.679999999999999,27.57,27.64,27.64,0,0,300805.760000000009313,831149.451000000000931
600900.SH,2025.12.26,27.609999999999999,27.670000000000001,27.519999999999999,27.64,27.64,0,0,482593.390000000013969,1332687.114999999990686
600900.SH,2025.12.29,27.64,27.64,27.5,27.519999999999999,27.64,-0.12,-0.4342,689033.35999999998603,1897569.338999999919906
600900.SH,2025.12.30,27.5,27.5,27.32,27.32,27.519999999999999,-0.2,-0.7267,724247,1982353.611999999964609
600900.SH,2025.12.31,27.350000000000001,27.370000000000001,27.170000000000001,27.190000000000001,27.32,-0.13,-0.4758,742930.239999999990686,2021839.639999999897554
600900.SH,2026.01.05,27.199999999999999,27.309999999999998,27.100000000000001,27.280000000000001,27.190000000000001,0.09,0.331,765691.310000000055879,2084118.016999999992549
600900.SH,2026.01.06,27.3,27.440000000000001,27.239999999999998,27.440000000000001,27.280000000000001,0.16,0.5865,738436.810000000055879,2020307.560999999986961
600900.SH,2026.01.07,27.440000000000001,27.449999999999999,27.219999999999998,27.23,27.440000000000001,-0.21,-0.7653,721701.949999999953433,1970227.485000000102445
600900.SH,2026.01.08,27.23,27.3,27.190000000000001,27.260000000000001,27.23,0.03,0.1102,470572.75,1282365.975000000093132
600900.SH,2026.01.09,27.269999999999999,27.289999999999999,27.179999999999999,27.289999999999999,27.260000000000001,0.03,0.1101,629034.530000000027939,1713592.955000000074505
600900.SH,2026.01.12,27.289999999999999,27.449999999999999,27.219999999999998,27.399999999999998,27.289999999999999,0.11,0.4031,784355.540000000037252,2145881.938000000081956
600900.SH,2026.01.13,27.449999999999999,27.57,27.32,27.359999999999999,27.399999999999998,-0.04,-0.146,785384.920000000041909,2154672.433000000193715
600900.SH,2026.01.14,27.449999999999999,27.539999999999999,26.8,26.809999999999998,27.359999999999999,-0.55,-2.0102,2927500.879999999888241,7941387.446000000461935
600900.SH,2026.01.15,26.98,27.010000000000001,26.769999999999999,26.82,26.809999999999998,0.01,0.0373,1259274.46999999997206,3382187.544999999925494
600900.SH,2026.01.16,26.879999999999999,27.030000000000001,26.440000000000001,26.519999999999999,26.82,-0.3,-1.1186,2388546.299999999813735,6368509.095999999903142
600900.SH,2026.01.19,26.609999999999999,26.920000000000001,26.600000000000001,26.8,26.519999999999999,0.28,1.0558,1047218.130000000004656,2803299.151999999769032
600900.SH,2026.01.20,26.8,26.940000000000001,26.73,26.879999999999999,26.8,0.08,0.2985,1050033.770000000018626,2822226.85800000000745
600900.SH,2026.01.21,26.89,26.899999999999998,26.55,26.579999999999998,26.879999999999999,-0.3,-1.1161,1163281.620000000111758,3105540.544000000227242
600900.SH,2026.01.22,26.579999999999998,26.719999999999998,26.3,26.309999999999998,26.579999999999998,-0.27,-1.0158,1807849.65999999991618,4779737.326999999582767
600900.SH,2026.01.23,26.359999999999999,26.420000000000001,25.96,26,26.309999999999998,-0.31,-1.1783,2106915.129999999888241,5502988.264000000432133
600900.SH,2026.01.26,26.05,26.280000000000001,25.859999999999999,25.98,26,-0.02,-0.0769,2028697.959999999962747,5283656.765999999828636
600900.SH,2026.01.27,25.98,26.14,25.859999999999999,25.929999999999999,25.98,-0.05,-0.1925,1313814.830000000074505,3416663.129999999888241
600900.SH,2026.01.28,25.929999999999999,25.940000000000001,25.609999999999999,25.649999999999998,25.929999999999999,-0.28,-1.0798,2326497.600000000093132,5985858.968999999575317
600900.SH,2026.01.29,25.649999999999998,26.199999999999999,25.379999999999998,26.030000000000001,25.649999999999998,0.38,1.4815,2616230.319999999832361,6732321.03899999987334
600900.SH,2026.01.30,26.039999999999999,26.57,26.039999999999999,26.359999999999999,26.030000000000001,0.33,1.2678,2238492.390000000130385,5906700.027999999932944
600900.SH,2026.02.02,26.489999999999998,26.55,26.089999999999999,26.14,26.359999999999999,-0.22,-0.8346,1242256.649999999906867,3267262.731999999843537
600900.SH,2026.02.03,26.199999999999999,26.23,25.91,26,26.14,-0.14,-0.5356,885438.150000000023283,2302972.625
600900.SH,2026.02.04,25.969999999999998,26.39,25.949999999999999,26.379999999999998,26,0.38,1.4615,957051.810000000055879,2512165.683000000193715
600900.SH,2026.02.05,26.420000000000001,26.690000000000001,26.350000000000001,26.600000000000001,26.379999999999998,0.22,0.834,1032447.5,2739767.93999999994412
600900.SH,2026.02.06,26.600000000000001,26.769999999999999,26.379999999999998,26.519999999999999,26.600000000000001,-0.08,-0.3008,725626.800000000046566,1922388.503999999957159
600900.SH,2026.02.09,26.530000000000001,26.57,26.280000000000001,26.46,26.519999999999999,-0.06,-0.2262,678291.25,1792121.462000000057742
600900.SH,2026.02.10,26.46,26.600000000000001,26.370000000000001,26.57,26.46,0.11,0.4157,559201.010000000009313,1483185.480999999912455
600900.SH,2026.02.11,26.579999999999998,26.589999999999999,26.41,26.48,26.57,-0.09,-0.3387,533882.459999999962747,1412807.446999999927356
600900.SH,2026.02.12,26.269999999999999,26.3,26.05,26.120000000000001,26.269999999999999,-0.15,-0.571,737342.369999999995343,1925902.010999999940395
600900.SH,2026.02.13,26.129999999999998,26.179999999999999,25.949999999999999,26,26.120000000000001,-0.12,-0.4594,715540.680000000051222,1863613.08199999993667
600900.SH,2026.02.24,26.129999999999998,26.16,25.98,26.05,26,0.05,0.1923,730789.390000000013969,1903435.480999999912455
600900.SH,2026.02.25,26.079999999999998,26.199999999999999,25.949999999999999,25.969999999999998,26.05,-0.08,-0.3071,956209.540000000037252,2492461.851999999955296
600900.SH,2026.02.26,25.98,26.089999999999999,25.929999999999999,26.039999999999999,25.969999999999998,0.07,0.2695,619771.68999999994412,1611605.300999999977648
600900.SH,2026.02.27,26.05,26.179999999999999,26.019999999999999,26.039999999999999,26.039999999999999,0,0,919037.819999999948777,2396913.236000000033527
