ts_code,trade_date,open,high,low,close,pre_close,change,pct_chg,vol,amount
601166.SH,2023.03.01,16.920000000000001,17.199999999999999,16.91,17.16,16.91,0.25,1.4784,837326.199999999953433,1433857.104999999981373
601166.SH,2023.03.02,17.149999999999998,17.239999999999998,17.05,17.179999999999999,17.16,0.02,0.1166,451677.960000000020954,775254.765000000013969
601166.SH,2023.03.03,17.239999999999998,17.339999999999999,17.16,17.309999999999998,17.179999999999999,0.13,0.7567,811180.229999999981373,1398926.016999999992549
601166.SH,2023.03.06,17.329999999999998,17.39,16.96,16.98,17.309999999999998,-0.33,-1.9064,980572.479999999981373,1675051.987999999895691
601166.SH,2023.03.07,17.030000000000001,17.39,16.920000000000001,17,16.98,0.02,0.1178,1383538.320000000065192,2375703.941999999806284
601166.SH,2023.03.08,16.920000000000001,16.940000000000001,16.809999999999998,16.91,17,-0.09,-0.5294,704993.43999999994412,1188970.068999999901279
601166.SH,2023.03.09,16.920000000000001,17.039999999999999,16.829999999999998,16.829999999999998,16.91,-0.08,-0.4731,542969.459999999962747,917201.317000000039115
601166.SH,2023.03.10,16.719999999999998,16.809999999999998,16.600000000000001,16.600000000000001,16.829999999999998,-0.23,-1.3666,737610.280000000027939,1229916.085999999893829
601166.SH,2023.03.13,16.57,16.699999999999999,16.510000000000001,16.559999999999998,16.600000000000001,-0.04,-0.241,613362.819999999948777,1016627.883000000030733
601166.SH,2023.03.14,16.5,16.629999999999999,16.399999999999998,16.489999999999998,16.559999999999998,-0.07,-0.4227,527669.380000000004656,869657.501999999978579
601166.SH,2023.03.15,16.62,16.699999999999999,16.559999999999998,16.579999999999998,16.489999999999998,0.09,0.5458,453078.849999999976716,753062.037000000011175
601166.SH,2023.03.16,16.5,16.87,16.46,16.679999999999999,16.579999999999998,0.1,0.6031,640706.849999999976716,1069534.085999999893829
601166.SH,2023.03.17,16.769999999999999,16.949999999999999,16.649999999999998,16.719999999999998,16.679999999999999,0.04,0.2398,802207.010000000009313,1348082.975000000093132
601166.SH,2023.03.20,16.739999999999998,16.879999999999999,16.609999999999999,16.62,16.719999999999998,-0.1,-0.5981,546252.989999999990686,914122.996999999973922
601166.SH,2023.03.21,16.679999999999999,16.809999999999998,16.57,16.62,16.62,0,0,490330.599999999976716,815966.667999999946914
601166.SH,2023.03.22,16.679999999999999,16.839999999999999,16.649999999999998,16.769999999999999,16.62,0.15,0.9025,494605.71999999997206,828363.332000000053085
601166.SH,2023.03.23,16.66,16.879999999999999,16.66,16.87,16.769999999999999,0.1,0.5963,609662.099999999976716,1023353.677999999956227
601166.SH,2023.03.24,16.850000000000001,16.879999999999999,16.719999999999998,16.780000000000001,16.87,-0.09,-0.5335,378206.119999999995343,635351.70299999997951
601166.SH,2023.03.27,16.8,16.809999999999998,16.600000000000001,16.629999999999999,16.780000000000001,-0.15,-0.8939,490568.539999999979045,816713.820999999996274
601166.SH,2023.03.28,16.690000000000001,16.82,16.64,16.690000000000001,16.629999999999999,0.06,0.3608,463767.619999999995343,774944.437000000034458
601166.SH,2023.03.29,16.789999999999999,16.789999999999999,16.589999999999999,16.600000000000001,16.690000000000001,-0.09,-0.5392,434578.320000000006984,722994.46999999997206
601166.SH,2023.03.30,16.629999999999999,16.839999999999999,16.57,16.82,16.600000000000001,0.22,1.3253,541010.410000000032596,903713.432999999960884
601166.SH,2023.03.31,16.859999999999999,17.039999999999999,16.839999999999999,16.89,16.82,0.07,0.4162,779090.589999999967403,1319393.297000000020489
601166.SH,2023.04.03,16.879999999999999,16.929999999999999,16.82,16.89,16.89,0,0,488526.539999999979045,824151.371999999973922
601166.SH,2023.04.04,16.89,17.019999999999999,16.850000000000001,17,16.89,0.11,0.6513,485718.309999999997671,823750.239999999990686
601166.SH,2023.04.06,16.98,17.010000000000001,16.899999999999998,16.920000000000001,17,-0.08,-0.4706,373315.760000000009313,632411.758000000030733
601166.SH,2023.04.07,16.940000000000001,17.039999999999999,16.929999999999999,16.969999999999998,16.920000000000001,0.05,0.2955,346670.869999999995343,588824.346000000019557
601166.SH,2023.04.10,16.969999999999998,17.07,16.96,17.05,16.969999999999998,0.08,0.4714,410694.390000000013969,699520.20499999995809
601166.SH,2023.04.11,17.089999999999999,17.14,16.969999999999998,16.989999999999998,17.05,-0.06,-0.3519,439627.049999999988358,749371.363999999943189
601166.SH,2023.04.12,17.039999999999999,17.059999999999998,16.96,16.98,16.989999999999998,-0.01,-0.0589,438651.840000000025611,745461.442000000039115
601166.SH,2023.04.13,16.969999999999998,17.14,16.899999999999998,17.07,16.98,0.09,0.53,569845.089999999967403,969599.586000000010244
601166.SH,2023.04.14,17.089999999999999,17.219999999999998,17.039999999999999,17.109999999999999,17.07,0.04,0.2343,558727.680000000051222,956967.310999999986961
601166.SH,2023.04.17,17.120000000000001,17.32,17.059999999999998,17.32,17.109999999999999,0.21,1.2274,911041.369999999995343,1565941.125999999931082
601166.SH,2023.04.18,17.32,17.609999999999999,17.289999999999999,17.41,17.32,0.09,0.5196,1088767.129999999888241,1898479.854000000050291
601166.SH,2023.04.19,17.440000000000001,17.489999999999998,17.309999999999998,17.370000000000001,17.41,-0.04,-0.2298,816500.239999999990686,1421240.945999999996274
601166.SH,2023.04.20,17.379999999999998,17.48,17.239999999999998,17.39,17.370000000000001,0.02,0.1151,654086.410000000032596,1135254.962999999988824
601166.SH,2023.04.21,17.399999999999998,17.46,17.079999999999998,17.109999999999999,17.39,-0.28,-1.6101,941322.150000000023283,1622540.908999999985098
601166.SH,2023.04.24,17.100000000000001,17.170000000000001,16.91,16.929999999999999,17.109999999999999,-0.18,-1.052,876281.770000000018626,1490311.18100000009872
601166.SH,2023.04.25,16.96,17.289999999999999,16.96,17.269999999999999,16.929999999999999,0.34,2.0083,995234.21999999997206,1707072.53499999991618
601166.SH,2023.04.26,17.3,17.379999999999998,17.059999999999998,17.25,17.269999999999999,-0.02,-0.1158,792577.800000000046566,1363209.398999999975785
601166.SH,2023.04.27,17.190000000000001,17.239999999999998,17,17.14,17.25,-0.11,-0.6377,824700.900000000023283,1410709.847999999998137
601166.SH,2023.04.28,17.120000000000001,17.399999999999998,17.089999999999999,17.219999999999998,17.14,0.08,0.4667,848219.18999999994412,1463009.668999999994412
601166.SH,2023.05.04,16.48,16.780000000000001,16.309999999999998,16.760000000000001,17.219999999999998,-0.46,-2.6713,2686373.020000000018626,4451167.464999999850988
601166.SH,2023.05.05,16.8,17.370000000000001,16.8,17.129999999999998,16.760000000000001,0.37,2.2076,1775591.989999999990686,3046342.467000000178813
601166.SH,2023.05.08,17.21,17.780000000000001,17.170000000000001,17.629999999999999,17.129999999999998,0.5,2.9189,2102218.75,3687354.529000000096857
601166.SH,2023.05.09,17.769999999999999,17.940000000000001,17.5,17.559999999999998,17.629999999999999,-0.07,-0.3971,1627642.75,2880983.73300000000745
601166.SH,2023.05.10,17.519999999999999,17.600000000000001,17.269999999999999,17.309999999999998,17.559999999999998,-0.25,-1.4237,1016292.560000000055879,1769991.05199999990873
601166.SH,2023.05.11,17.370000000000001,17.469999999999998,17.21,17.25,17.309999999999998,-0.06,-0.3466,595737.60999999998603,1030718.256000000052154
601166.SH,2023.05.12,17.269999999999999,17.3,17,17.030000000000001,17.25,-0.22,-1.2754,765441.449999999953433,1308713.033000000054016
601166.SH,2023.05.15,17.019999999999999,17.199999999999999,16.920000000000001,17.149999999999998,17.030000000000001,0.12,0.7046,894216.96999999997206,1523324.155999999959021
601166.SH,2023.05.16,17.199999999999999,17.399999999999998,17.179999999999999,17.239999999999998,17.149999999999998,0.09,0.5248,821942.21999999997206,1420712.983999999938532
601166.SH,2023.05.17,17.199999999999999,17.370000000000001,17.109999999999999,17.14,17.239999999999998,-0.1,-0.58,663859.630000000004656,1143948.637000000104308
601166.SH,2023.05.18,17.219999999999998,17.370000000000001,17.129999999999998,17.179999999999999,17.14,0.04,0.2334,739443.239999999990686,1274997.621999999973922
601166.SH,2023.05.19,17.149999999999998,17.16,17.019999999999999,17.039999999999999,17.179999999999999,-0.14,-0.8149,537571.760000000009313,917858.584000000031664
601166.SH,2023.05.22,17.059999999999998,17.170000000000001,17.030000000000001,17.079999999999998,17.039999999999999,0.04,0.2347,548530.930000000051222,937462.045999999972991
601166.SH,2023.05.23,17.079999999999998,17.14,16.949999999999999,16.949999999999999,17.079999999999998,-0.13,-0.7611,681130.729999999981373,1160360.397000000113621
601166.SH,2023.05.24,16.949999999999999,16.989999999999998,16.719999999999998,16.719999999999998,16.949999999999999,-0.23,-1.3569,780902.089999999967403,1314186.637000000104308
601166.SH,2023.05.25,16.719999999999998,16.73,16.600000000000001,16.670000000000001,16.719999999999998,-0.05,-0.299,538868.979999999981373,897366.515000000013969
601166.SH,2023.05.26,16.699999999999999,16.789999999999999,16.600000000000001,16.780000000000001,16.670000000000001,0.11,0.6599,453403.940000000002328,757019.515000000013969
601166.SH,2023.05.29,16.8,16.850000000000001,16.66,16.75,16.780000000000001,-0.03,-0.1788,518930.030000000027939,868418.986000000033527
601166.SH,2023.05.30,16.769999999999999,16.789999999999999,16.539999999999999,16.690000000000001,16.75,-0.06,-0.3582,547317.030000000027939,910880.062999999965541
601166.SH,2023.05.31,16.649999999999998,16.690000000000001,16.539999999999999,16.559999999999998,16.690000000000001,-0.13,-0.7789,472474.770000000018626,783559.805999999982304
601166.SH,2023.06.01,16.579999999999998,16.629999999999999,16.5,16.55,16.559999999999998,-0.01,-0.0604,500704.85999999998603,828258.380000000004656
601166.SH,2023.06.02,16.600000000000001,16.71,16.579999999999998,16.699999999999999,16.55,0.15,0.9063,523992.349999999976716,872834.912999999942258
601166.SH,2023.06.05,16.699999999999999,16.8,16.649999999999998,16.73,16.699999999999999,0.03,0.1796,307947.340000000025611,514657.331000000005587
601166.SH,2023.06.06,16.73,16.949999999999999,16.71,16.739999999999998,16.73,0.01,0.0598,538389.880000000004656,906165.23300000000745
601166.SH,2023.06.07,16.75,16.899999999999998,16.739999999999998,16.809999999999998,16.739999999999998,0.07,0.4182,362621.5,609961.170000000041909
601166.SH,2023.06.08,16.850000000000001,17.089999999999999,16.780000000000001,17.079999999999998,16.809999999999998,0.27,1.6062,667198.599999999976716,1131673.938000000081956
601166.SH,2023.06.09,17.07,17.170000000000001,17.019999999999999,17.100000000000001,17.079999999999998,0.02,0.1171,571890.699999999953433,978557.035999999963678
601166.SH,2023.06.12,17.089999999999999,17.109999999999999,16.940000000000001,16.940000000000001,17.100000000000001,-0.16,-0.9357,487361.489999999990686,828650.802999999956227
601166.SH,2023.06.13,17,17.079999999999998,16.949999999999999,17.010000000000001,16.940000000000001,0.07,0.4132,421629,717093.222999999998137
601166.SH,2023.06.14,17.07,17.109999999999999,16.89,16.899999999999998,17.010000000000001,-0.11,-0.6467,576609.699999999953433,980173.788999999989755
601166.SH,2023.06.15,16.96,17.019999999999999,16.850000000000001,17,16.899999999999998,0.1,0.5917,485794.320000000006984,823408.275000000023283
601166.SH,2023.06.16,17.030000000000001,17.089999999999999,16.969999999999998,16.989999999999998,17,-0.01,-0.0588,752911.599999999976716,1281164.147000000113621
601166.SH,2023.06.19,15.929999999999999,15.98,15.769999999999999,15.789999999999999,15.8,-0.01,-0.0633,861865.60999999998603,1366748.097000000067055
601166.SH,2023.06.20,15.8,15.869999999999999,15.779999999999999,15.779999999999999,15.789999999999999,-0.01,-0.0633,369273.849999999976716,584005.567999999970197
601166.SH,2023.06.21,15.789999999999999,15.92,15.769999999999999,15.769999999999999,15.779999999999999,-0.01,-0.0634,340648.130000000004656,539180.611999999964609
601166.SH,2023.06.26,15.759999999999999,15.759999999999999,15.529999999999999,15.609999999999999,15.769999999999999,-0.16,-1.0146,502971.299999999988358,784831.136999999987892
601166.SH,2023.06.27,15.609999999999999,15.73,15.609999999999999,15.679999999999999,15.609999999999999,0.07,0.4484,237313.929999999993015,371638.050999999977648
601166.SH,2023.06.28,15.679999999999999,15.72,15.599999999999999,15.689999999999999,15.679999999999999,0.01,0.0638,252680.179999999993015,395621.782000000006519
601166.SH,2023.06.29,15.689999999999999,15.689999999999999,15.55,15.55,15.689999999999999,-0.14,-0.8923,283133.390000000013969,441642.934000000008381
601166.SH,2023.06.30,15.56,15.71,15.55,15.65,15.55,0.1,0.6431,255757.559999999997671,400485.456999999994877
601166.SH,2023.07.03,15.679999999999999,15.859999999999999,15.66,15.83,15.65,0.18,1.1502,365352.669999999983701,576978.601999999955296
601166.SH,2023.07.04,15.83,15.83,15.64,15.679999999999999,15.83,-0.15,-0.9476,338493.10999999998603,531834.34299999999348
601166.SH,2023.07.05,15.669999999999999,15.689999999999999,15.589999999999999,15.599999999999999,15.679999999999999,-0.08,-0.5102,280218.46999999997206,437673.985999999975319
601166.SH,2023.07.06,15.58,15.63,15.519999999999999,15.56,15.599999999999999,-0.04,-0.2564,345276.85999999998603,537362.226999999955296
601166.SH,2023.07.07,15.539999999999999,15.599999999999999,15.509999999999999,15.519999999999999,15.56,-0.04,-0.2571,218741.059999999997671,339823.09399999998277
601166.SH,2023.07.10,15.56,15.589999999999999,15.429999999999999,15.46,15.519999999999999,-0.06,-0.3866,321777.559999999997671,498025.974999999976716
601166.SH,2023.07.11,15.5,15.55,15.439999999999999,15.48,15.46,0.02,0.1294,272863.659999999974388,422308.439000000013038
601166.SH,2023.07.12,15.49,15.589999999999999,15.48,15.509999999999999,15.48,0.03,0.1938,264125.21999999997206,410178.48100000002887
601166.SH,2023.07.13,15.56,15.679999999999999,15.529999999999999,15.679999999999999,15.509999999999999,0.17,1.0961,376562.270000000018626,588620.150999999954365
601166.SH,2023.07.14,15.65,15.73,15.65,15.679999999999999,15.679999999999999,0,0,271397.690000000002328,425736.505000000004656
601166.SH,2023.07.17,15.63,15.63,15.55,15.589999999999999,15.679999999999999,-0.09,-0.574,235977.559999999997671,367538.757999999972525
601166.SH,2023.07.18,15.609999999999999,15.63,15.539999999999999,15.56,15.589999999999999,-0.03,-0.1924,243972.329999999987194,380030.641000000003259
601166.SH,2023.07.19,15.55,15.75,15.539999999999999,15.72,15.56,0.16,1.0283,366827.590000000025611,573986.831000000005587
601166.SH,2023.07.20,15.769999999999999,15.88,15.74,15.789999999999999,15.72,0.07,0.4453,415501.190000000002328,657197.163999999989755
601166.SH,2023.07.21,15.75,15.839999999999999,15.74,15.779999999999999,15.789999999999999,-0.01,-0.0633,338446.780000000027939,534153.331000000005587
601166.SH,2023.07.24,15.71,15.769999999999999,15.65,15.66,15.779999999999999,-0.12,-0.7605,244387.649999999994179,383483.523999999975785
601166.SH,2023.07.25,15.769999999999999,15.949999999999999,15.769999999999999,15.939999999999999,15.66,0.28,1.788,662673.050000000046566,1052154.121999999973922
601166.SH,2023.07.26,15.89,15.98,15.869999999999999,15.949999999999999,15.939999999999999,0.01,0.0627,306360.260000000009313,487624.367000000027474
601166.SH,2023.07.27,15.98,16.129999999999998,15.939999999999999,16,15.949999999999999,0.05,0.3135,477050.650000000023283,765329.153999999980442
601166.SH,2023.07.28,15.96,16.539999999999999,15.949999999999999,16.489999999999998,16,0.49,3.0625,1107674.229999999981373,1812479.658000000054016
601166.SH,2023.07.31,16.559999999999998,16.839999999999999,16.519999999999999,16.66,16.489999999999998,0.17,1.0309,1049721.46999999997206,1751009.979999999981373
601166.SH,2023.08.01,16.609999999999999,16.73,16.57,16.629999999999999,16.66,-0.03,-0.1801,517334.099999999976716,860695.951000000000931
601166.SH,2023.08.02,16.539999999999999,16.57,16.25,16.359999999999999,16.629999999999999,-0.27,-1.6236,694390.349999999976716,1137811.622999999905005
601166.SH,2023.08.03,16.3,16.55,16.269999999999999,16.510000000000001,16.359999999999999,0.15,0.9169,399353.390000000013969,655689.238999999943189
601166.SH,2023.08.04,16.609999999999999,16.8,16.519999999999999,16.559999999999998,16.510000000000001,0.05,0.3028,597000.979999999981373,994437.785000000032596
601166.SH,2023.08.07,16.539999999999999,16.589999999999999,16.449999999999999,16.5,16.559999999999998,-0.06,-0.3623,422909.21999999997206,697968.246999999973922
601166.SH,2023.08.08,16.449999999999999,16.55,16.359999999999999,16.449999999999999,16.5,-0.05,-0.303,387440.450000000011641,636824.32799999997951
601166.SH,2023.08.09,16.41,16.539999999999999,16.399999999999998,16.5,16.449999999999999,0.05,0.304,280299.71999999997206,462405.148999999975785
601166.SH,2023.08.10,16.429999999999999,16.55,16.339999999999999,16.440000000000001,16.5,-0.06,-0.3636,361964.960000000020954,594480.927000000025145
601166.SH,2023.08.11,16.440000000000001,16.539999999999999,16.100000000000001,16.100000000000001,16.440000000000001,-0.34,-2.0681,538697.349999999976716,875790.395000000018626
601166.SH,2023.08.14,16.019999999999999,16.019999999999999,15.91,15.96,16.100000000000001,-0.14,-0.8696,451192.700000000011641,720359.059000000008381
601166.SH,2023.08.15,15.98,16.089999999999999,15.91,16.05,15.96,0.09,0.5639,378056.929999999993015,604764.054000000003725
601166.SH,2023.08.16,16,16.120000000000001,15.949999999999999,16.079999999999998,16.05,0.03,0.1869,276516.979999999981373,443856.21999999997206
601166.SH,2023.08.17,16,16.059999999999998,15.92,16.019999999999999,16.079999999999998,-0.06,-0.3731,406925.979999999981373,650055.650999999954365
601166.SH,2023.08.18,15.99,16.170000000000001,15.939999999999999,15.939999999999999,16.019999999999999,-0.08,-0.4994,367627.299999999988358,590319.361999999964609
601166.SH,2023.08.21,15.949999999999999,15.99,15.699999999999999,15.699999999999999,15.939999999999999,-0.24,-1.5056,525844.989999999990686,831530.555000000051222
601166.SH,2023.08.22,15.71,15.97,15.71,15.92,15.699999999999999,0.22,1.4013,534633.82999999995809,848125.180999999982304
601166.SH,2023.08.23,15.869999999999999,16.089999999999999,15.869999999999999,15.91,15.92,-0.01,-0.0628,503858.760000000009313,805560.229999999981373
601166.SH,2023.08.24,15.939999999999999,15.98,15.759999999999999,15.929999999999999,15.91,0.02,0.1257,374664.559999999997671,595111.670000000041909
601166.SH,2023.08.25,15.869999999999999,16.120000000000001,15.859999999999999,16.010000000000001,15.929999999999999,0.08,0.5022,460674,736990.741000000038184
601166.SH,2023.08.28,16.559999999999998,16.670000000000001,16.129999999999998,16.199999999999999,16.010000000000001,0.19,1.1868,1069851.729999999981373,1751256.050000000046566
601166.SH,2023.08.29,16.190000000000001,16.25,15.949999999999999,16,16.199999999999999,-0.2,-1.2346,783116.530000000027939,1256147.93100000009872
601166.SH,2023.08.30,16,16.010000000000001,15.779999999999999,15.789999999999999,16,-0.21,-1.3125,663166.449999999953433,1050903.080000000074505
601166.SH,2023.08.31,15.839999999999999,16.05,15.8,15.81,15.789999999999999,0.02,0.1267,628646.900000000023283,1000128.381000000052154
601166.SH,2023.09.01,15.88,16.109999999999999,15.859999999999999,15.939999999999999,15.81,0.13,0.8223,503236.380000000004656,804511.918999999994412
601166.SH,2023.09.04,16.039999999999999,16.339999999999999,16,16.239999999999998,15.939999999999999,0.3,1.8821,793468.640000000013969,1286080.739999999990686
601166.SH,2023.09.05,16.190000000000001,16.239999999999998,16.129999999999998,16.170000000000001,16.239999999999998,-0.07,-0.431,412219.280000000027939,667081.003999999957159
601166.SH,2023.09.06,16.109999999999999,16.309999999999998,16.100000000000001,16.289999999999999,16.170000000000001,0.12,0.7421,358607.150000000023283,582258.136999999987892
601166.SH,2023.09.07,16.260000000000001,16.309999999999998,16.190000000000001,16.199999999999999,16.289999999999999,-0.09,-0.5525,306923.770000000018626,498901.463999999978113
601166.SH,2023.09.08,16.199999999999999,16.21,16.079999999999998,16.16,16.199999999999999,-0.04,-0.2469,240551.670000000012805,387898.864000000001396
601166.SH,2023.09.11,16.16,16.25,16.100000000000001,16.21,16.16,0.05,0.3094,380739.349999999976716,616435.185000000055879
601166.SH,2023.09.12,16.21,16.25,16.149999999999998,16.170000000000001,16.21,-0.04,-0.2468,240530.010000000009313,389786.974999999976716
601166.SH,2023.09.13,16.25,16.309999999999998,16.120000000000001,16.170000000000001,16.170000000000001,0,0,358665.780000000027939,581015.185000000055879
601166.SH,2023.09.14,16.23,16.269999999999999,16.149999999999998,16.260000000000001,16.170000000000001,0.09,0.5566,410478.659999999974388,665897.037999999942258
601166.SH,2023.09.15,16.269999999999999,16.3,16.019999999999999,16.100000000000001,16.260000000000001,-0.16,-0.984,635260.57999999995809,1025705.202000000048428
601166.SH,2023.09.18,16.079999999999998,16.149999999999998,16.010000000000001,16.14,16.100000000000001,0.04,0.2484,308930.690000000002328,497399.760999999998603
601166.SH,2023.09.19,16.100000000000001,16.219999999999998,16.079999999999998,16.219999999999998,16.14,0.08,0.4957,383487.039999999979045,620261.888999999966472
601166.SH,2023.09.20,16.219999999999998,16.260000000000001,16.120000000000001,16.219999999999998,16.219999999999998,0,0,332169.869999999995343,538660.265000000013969
601166.SH,2023.09.21,16.219999999999998,16.239999999999998,16.120000000000001,16.149999999999998,16.219999999999998,-0.07,-0.4316,347316.580000000016298,561946.182999999960884
601166.SH,2023.09.22,16.179999999999999,16.379999999999998,16.14,16.370000000000001,16.149999999999998,0.22,1.3622,673681.920000000041909,1097384.872999999905005
601166.SH,2023.09.25,16.339999999999999,16.429999999999999,16.3,16.370000000000001,16.370000000000001,0,0,449738.950000000011641,736315.96799999999348
601166.SH,2023.09.26,16.359999999999999,16.41,16.32,16.350000000000001,16.370000000000001,-0.02,-0.1222,263097.690000000002328,430315.568000000028405
601166.SH,2023.09.27,16.379999999999998,16.379999999999998,16.239999999999998,16.25,16.350000000000001,-0.1,-0.6116,350027.010000000009313,570131.385000000009313
601166.SH,2023.09.28,16.309999999999998,16.379999999999998,16.280000000000001,16.289999999999999,16.25,0.04,0.2462,343072.099999999976716,560435.126000000047497
601166.SH,2023.10.09,16.239999999999998,16.289999999999999,16.129999999999998,16.219999999999998,16.289999999999999,-0.07,-0.4297,480009.21999999997206,777799.241000000038184
601166.SH,2023.10.10,16.3,16.370000000000001,16.179999999999999,16.179999999999999,16.219999999999998,-0.04,-0.2466,316020.679999999993015,513930.707999999984167
601166.SH,2023.10.11,16.309999999999998,16.32,16.149999999999998,16.16,16.179999999999999,-0.02,-0.1236,337892.280000000027939,547590.591000000014901
601166.SH,2023.10.12,16.350000000000001,16.379999999999998,16.260000000000001,16.339999999999999,16.16,0.18,1.1139,380282.840000000025611,620925.003000000026077
601166.SH,2023.10.13,16.25,16.339999999999999,16.199999999999999,16.269999999999999,16.339999999999999,-0.07,-0.4284,329640.599999999976716,536409.783000000054016
601166.SH,2023.10.16,16.280000000000001,16.3,16.16,16.199999999999999,16.269999999999999,-0.07,-0.4302,279350.599999999976716,452702.75
601166.SH,2023.10.17,16.23,16.32,16.199999999999999,16.219999999999998,16.199999999999999,0.02,0.1235,278169.700000000011641,452010.409999999974388
601166.SH,2023.10.18,16.219999999999998,16.280000000000001,16.170000000000001,16.170000000000001,16.219999999999998,-0.05,-0.3083,363291,588893.652000000001862
601166.SH,2023.10.19,16.149999999999998,16.16,15.83,15.849999999999999,16.170000000000001,-0.32,-1.979,707166.319999999948777,1128636.412999999942257
601166.SH,2023.10.20,15.83,15.91,15.72,15.789999999999999,15.849999999999999,-0.06,-0.3785,494683.190000000002328,781926.905000000027939
601166.SH,2023.10.23,15.789999999999999,15.849999999999999,15.64,15.74,15.789999999999999,-0.05,-0.3167,399452.479999999981373,629264.986999999964609
601166.SH,2023.10.24,15.789999999999999,15.81,15.66,15.669999999999999,15.74,-0.07,-0.4447,503917.570000000006984,791284.457999999984167
601166.SH,2023.10.25,15.789999999999999,15.789999999999999,15.509999999999999,15.57,15.669999999999999,-0.1,-0.6382,697458.390000000013969,1088776.354000000050291
601166.SH,2023.10.26,15.57,15.74,15.55,15.71,15.57,0.14,0.8992,394706.950000000011641,618796.601000000024214
601166.SH,2023.10.27,15.699999999999999,15.839999999999999,15.689999999999999,15.779999999999999,15.71,0.07,0.4456,437302.559999999997671,689481.310999999986961
601166.SH,2023.10.30,15.699999999999999,15.74,15.55,15.57,15.779999999999999,-0.21,-1.3308,552737.119999999995343,862357.300999999977648
601166.SH,2023.10.31,15.3,15.3,14.949999999999999,15.08,15.57,-0.49,-3.1471,1612214.679999999934807,2427542.699000000022351
601166.SH,2023.11.01,15.07,15.14,14.96,15.109999999999999,15.08,0.03,0.1989,624403.630000000004656,940598.795999999972991
601166.SH,2023.11.02,15.119999999999999,15.279999999999999,15.109999999999999,15.25,15.109999999999999,0.14,0.9265,492220.75,749046.665999999968335
601166.SH,2023.11.03,15.259999999999999,15.279999999999999,15.169999999999999,15.199999999999999,15.25,-0.05,-0.3279,373637.030000000027939,568410.618999999947845
601166.SH,2023.11.06,15.23,15.3,15.169999999999999,15.269999999999999,15.199999999999999,0.07,0.4605,480595.390000000013969,732851.918999999994412
601166.SH,2023.11.07,15.269999999999999,15.279999999999999,15.14,15.189999999999999,15.269999999999999,-0.08,-0.5239,437351.429999999993015,664441.922000000020489
601166.SH,2023.11.08,15.179999999999999,15.21,15.08,15.13,15.189999999999999,-0.06,-0.395,336587.229999999981373,509797.814000000013038
601166.SH,2023.11.09,15.109999999999999,15.179999999999999,15.089999999999999,15.119999999999999,15.13,-0.01,-0.0661,355552.419999999983701,537702.920999999972991
601166.SH,2023.11.10,15.099999999999999,15.119999999999999,14.96,14.98,15.119999999999999,-0.14,-0.9259,503555.320000000006984,754939.45499999995809
601166.SH,2023.11.13,15,15.039999999999999,14.92,14.96,14.98,-0.02,-0.1335,372199.75,556381.560000000055879
601166.SH,2023.11.14,14.949999999999999,15.009999999999999,14.619999999999999,14.72,14.96,-0.24,-1.6043,1071110.419999999925494,1578955.087999999988824
601166.SH,2023.11.15,14.769999999999999,14.9,14.72,14.849999999999999,14.72,0.13,0.8832,632205.339999999967403,937760.662999999942257
601166.SH,2023.11.16,14.849999999999999,14.869999999999999,14.75,14.769999999999999,14.849999999999999,-0.08,-0.5387,405115.900000000023283,598861.810000000055879
601166.SH,2023.11.17,14.74,14.75,14.609999999999999,14.71,14.769999999999999,-0.06,-0.4062,534408.71999999997206,783632.472999999998137
601166.SH,2023.11.20,14.74,14.869999999999999,14.679999999999999,14.849999999999999,14.71,0.14,0.9517,413407.539999999979045,611378.09499999997206
601166.SH,2023.11.21,14.88,14.98,14.869999999999999,14.89,14.849999999999999,0.04,0.2694,387546.380000000004656,578667.839999999967403
601166.SH,2023.11.22,14.859999999999999,14.929999999999999,14.849999999999999,14.849999999999999,14.89,-0.04,-0.2686,268604.510000000009313,399846.811999999976251
601166.SH,2023.11.23,14.849999999999999,14.88,14.75,14.83,14.849999999999999,-0.02,-0.1347,306822.559999999997671,454258.021000000007916
601166.SH,2023.11.24,14.82,14.869999999999999,14.779999999999999,14.81,14.83,-0.02,-0.1349,265141.380000000004656,392909.929000000003725
601166.SH,2023.11.27,14.769999999999999,14.82,14.65,14.75,14.81,-0.06,-0.4051,412581.270000000018626,607112.285000000032596
601166.SH,2023.11.28,14.75,14.839999999999999,14.74,14.8,14.75,0.05,0.339,290625.169999999983701,429358.690000000002328
601166.SH,2023.11.29,14.789999999999999,14.81,14.49,14.599999999999999,14.8,-0.2,-1.3514,688853.060000000055879,1004870.910999999963678
601166.SH,2023.11.30,14.599999999999999,14.669999999999999,14.55,14.599999999999999,14.599999999999999,0,0,405065.580000000016298,591403.704000000027008
601166.SH,2023.12.01,14.599999999999999,14.669999999999999,14.5,14.609999999999999,14.599999999999999,0.01,0.0685,464221.669999999983701,676692.633000000030733
601166.SH,2023.12.04,14.619999999999999,14.689999999999999,14.509999999999999,14.509999999999999,14.609999999999999,-0.1,-0.6845,327216.520000000018626,476146.829000000027008
601166.SH,2023.12.05,14.5,14.509999999999999,14.16,14.179999999999999,14.509999999999999,-0.33,-2.2743,617366.089999999967403,884241.173999999999068
601166.SH,2023.12.06,14.16,14.25,14.05,14.169999999999999,14.179999999999999,-0.01,-0.0705,492071.929999999993015,697207.01100000005681
601166.SH,2023.12.07,14.189999999999999,14.189999999999999,14.009999999999999,14.119999999999999,14.169999999999999,-0.05,-0.3529,430911.320000000006984,607424.368000000016763
601166.SH,2023.12.08,14.099999999999999,14.21,14.089999999999999,14.109999999999999,14.119999999999999,-0.01,-0.0708,359617.880000000004656,508481.336000000010244
601166.SH,2023.12.11,14.119999999999999,14.439999999999999,13.949999999999999,14.39,14.109999999999999,0.28,1.9844,562369.780000000027939,796733.974000000045634
601166.SH,2023.12.12,14.31,14.599999999999999,14.3,14.589999999999999,14.39,0.2,1.3899,520377.96999999997206,755714.368000000016763
601166.SH,2023.12.13,14.58,14.589999999999999,14.31,14.339999999999999,14.589999999999999,-0.25,-1.7135,460384.489999999990686,665999.040000000037252
601166.SH,2023.12.14,14.41,14.48,14.339999999999999,14.339999999999999,14.339999999999999,0,0,273372.989999999990686,393738.943000000028405
601166.SH,2023.12.15,14.39,14.49,14.279999999999999,14.31,14.339999999999999,-0.03,-0.2092,366365.849999999976716,526493.883000000030733
601166.SH,2023.12.18,14.289999999999999,14.4,14.16,14.359999999999999,14.31,0.05,0.3494,293047.869999999995343,420029.050999999977648
601166.SH,2023.12.19,14.33,14.419999999999999,14.279999999999999,14.4,14.359999999999999,0.04,0.2786,263194.159999999974388,378101.603999999992083
601166.SH,2023.12.20,14.41,14.5,14.32,14.33,14.4,-0.07,-0.4861,340850.760000000009313,490814.806999999971594
601166.SH,2023.12.21,14.3,14.519999999999999,14.23,14.48,14.33,0.15,1.0468,435001.599999999976716,626636.469000000040978
601166.SH,2023.12.22,14.509999999999999,14.65,14.4,14.619999999999999,14.48,0.14,0.9669,469370.119999999995343,683353.26300000003539
601166.SH,2023.12.25,14.599999999999999,14.65,14.56,14.609999999999999,14.619999999999999,-0.01,-0.0684,248101.5,362600.601000000024214
601166.SH,2023.12.26,14.619999999999999,14.64,14.509999999999999,14.56,14.609999999999999,-0.05,-0.3422,204607.20999999999185,297788.972999999998137
601166.SH,2023.12.27,14.56,14.58,14.38,14.519999999999999,14.56,-0.04,-0.2747,350068.25,506882.173000000009778
601166.SH,2023.12.28,14.519999999999999,14.75,14.48,14.74,14.519999999999999,0.22,1.5152,499005.479999999981373,732191.491999999969266
601166.SH,2023.12.29,14.73,16.21,14.71,16.21,14.74,1.47,9.972899999999999,503351.869999999995343,762993.511999999987892
601166.SH,2024.01.02,14.92,14.939999999999999,14.769999999999999,14.83,16.21,-1.38,-8.513299999999999,1032287.890000000013969,1531209.520999999949708
601166.SH,2024.01.03,14.75,14.759999999999999,14.599999999999999,14.679999999999999,14.83,-0.15,-1.0115,765385.280000000027939,1121674.838999999919906
601166.SH,2024.01.04,14.66,14.71,14.509999999999999,14.619999999999999,14.679999999999999,-0.06,-0.4087,631231.050000000046566,920725.273000000044703
601166.SH,2024.01.05,14.58,14.98,14.55,14.81,14.619999999999999,0.19,1.2996,1033392.369999999995343,1529703.912000000011175
601166.SH,2024.01.08,14.73,14.9,14.63,14.699999999999999,14.81,-0.11,-0.7427,705452.18999999994412,1039081.741000000038184
601166.SH,2024.01.09,14.689999999999999,14.71,14.589999999999999,14.679999999999999,14.699999999999999,-0.02,-0.1361,483875.799999999988358,709084.182000000029802
601166.SH,2024.01.10,14.66,14.699999999999999,14.609999999999999,14.609999999999999,14.679999999999999,-0.07,-0.4768,327007.239999999990686,478703.795999999972991
601166.SH,2024.01.11,14.599999999999999,14.73,14.519999999999999,14.66,14.609999999999999,0.05,0.3422,414089.5,606261.165999999968335
601166.SH,2024.01.12,14.609999999999999,14.769999999999999,14.599999999999999,14.689999999999999,14.66,0.03,0.2046,345305.46999999997206,507242.87400000001071
601166.SH,2024.01.15,14.64,14.81,14.64,14.73,14.689999999999999,0.04,0.2723,357986.159999999974388,527160.351000000024214
601166.SH,2024.01.16,14.71,14.939999999999999,14.699999999999999,14.929999999999999,14.73,0.2,1.3578,704893.550000000046566,1044859.854999999981373
601166.SH,2024.01.17,14.9,15.05,14.81,14.81,14.929999999999999,-0.12,-0.8038,871693.310000000055879,1303277.270999999949708
601166.SH,2024.01.18,14.779999999999999,15.15,14.55,15.089999999999999,14.81,0.28,1.8906,1101889.530000000027939,1632187.993999999947845
601166.SH,2024.01.19,15.009999999999999,15.169999999999999,14.939999999999999,15.15,15.089999999999999,0.06,0.3976,733235.35999999998603,1106222.394000000087544
601166.SH,2024.01.22,15.14,15.4,15.019999999999999,15.199999999999999,15.15,0.05,0.33,1215341.830000000074505,1856429.203999999910593
601166.SH,2024.01.23,15.109999999999999,15.199999999999999,15,15.099999999999999,15.199999999999999,-0.1,-0.6579,612646.959999999962747,924752.932000000029802
601166.SH,2024.01.24,15.199999999999999,15.33,15.08,15.3,15.099999999999999,0.2,1.3245,615408.099999999976716,935500.518999999971129
601166.SH,2024.01.25,15.349999999999999,15.48,15.3,15.47,15.3,0.17,1.1111,688832.479999999981373,1062050.85800000000745
601166.SH,2024.01.26,15.47,15.66,15.439999999999999,15.64,15.47,0.17,1.0989,913239.239999999990686,1422533.468000000109896
601166.SH,2024.01.29,15.66,15.849999999999999,15.599999999999999,15.72,15.64,0.08,0.5115,737110.989999999990686,1158690.20699999993667
601166.SH,2024.01.30,15.669999999999999,15.849999999999999,15.609999999999999,15.65,15.72,-0.07,-0.4453,697537.369999999995343,1097050.489000000059604
601166.SH,2024.01.31,15.619999999999999,15.789999999999999,15.58,15.73,15.65,0.08,0.5112,694748.010000000009313,1091088.490999999921768
601166.SH,2024.02.01,15.679999999999999,15.769999999999999,15.55,15.71,15.73,-0.02,-0.1271,674158.229999999981373,1056715.002000000094994
601166.SH,2024.02.02,15.75,15.789999999999999,15.349999999999999,15.71,15.71,0,0,877713.85999999998603,1375887.233999999938532
601166.SH,2024.02.05,15.71,15.9,15.58,15.839999999999999,15.71,0.13,0.8275,1136109.199999999953433,1788532.466000000014901
601166.SH,2024.02.06,15.839999999999999,15.92,15.75,15.92,15.839999999999999,0.08,0.5051,992720.510000000009313,1573462.658999999985098
601166.SH,2024.02.07,15.97,15.98,15.64,15.97,15.92,0.05,0.3141,1314550.889999999897554,2082308.604999999981373
601166.SH,2024.02.08,15.91,16.05,15.82,16.05,15.97,0.08,0.5009,889506.449999999953433,1418512.811999999918043
601166.SH,2024.02.19,16.089999999999999,16.190000000000001,16,16.179999999999999,16.05,0.13,0.81,690320.35999999998603,1111668.885000000009313
601166.SH,2024.02.20,16.16,16.239999999999998,16.100000000000001,16.199999999999999,16.179999999999999,0.02,0.1236,614769.640000000013969,995065.042999999946914
601166.SH,2024.02.21,16.199999999999999,16.859999999999999,16.129999999999998,16.670000000000001,16.199999999999999,0.47,2.9012,1316809.810000000055879,2187425.790000000037252
601166.SH,2024.02.22,16.649999999999998,16.879999999999999,16.600000000000001,16.8,16.670000000000001,0.13,0.7798,712384.5,1192386.567999999970197
601166.SH,2024.02.23,16.789999999999999,16.989999999999998,16.780000000000001,16.859999999999999,16.8,0.06,0.3571,609501.410000000032596,1029934.869999999995343
601166.SH,2024.02.26,16.839999999999999,16.839999999999999,16.420000000000001,16.48,16.859999999999999,-0.38,-2.2539,830387.569999999948777,1377716.80600000009872
601166.SH,2024.02.27,16.41,16.64,16.39,16.55,16.48,0.07,0.4248,469451.270000000018626,775387.285999999963678
601166.SH,2024.02.28,16.55,16.66,16.359999999999999,16.530000000000001,16.55,-0.02,-0.1208,748481.71999999997206,1238250.887000000104308
601166.SH,2024.02.29,16.48,16.699999999999999,16.46,16.649999999999998,16.530000000000001,0.12,0.726,660211.050000000046566,1097385.682999999960884
601166.SH,2024.03.28,16.55,16.57,16.219999999999998,16.25,16.589999999999999,-0.34,-2.0494,833139.619999999995343,1361216.365999999921768
601166.SH,2024.03.29,15.72,15.929999999999999,15.539999999999999,15.779999999999999,16.25,-0.47,-2.8923,1160067.649999999906867,1827805.864999999990686
601166.SH,2024.03.01,16.62,16.649999999999998,16.519999999999999,16.579999999999998,16.649999999999998,-0.07,-0.4204,486603.080000000016298,806409.194000000017695
601166.SH,2024.03.04,16.519999999999999,16.55,16.379999999999998,16.41,16.579999999999998,-0.17,-1.0253,546732.430000000051222,898879.530999999959021
601166.SH,2024.03.05,16.359999999999999,16.670000000000001,16.32,16.609999999999999,16.41,0.2,1.2188,706846.300000000046566,1169988.932000000029802
601166.SH,2024.03.06,16.609999999999999,16.699999999999999,16.5,16.5,16.609999999999999,-0.11,-0.6623,471367.140000000013969,782540.795000000041909
601166.SH,2024.03.07,16.5,16.629999999999999,16.46,16.510000000000001,16.5,0.01,0.0606,419122.21999999997206,692828.863999999943189
601166.SH,2024.03.08,16.489999999999998,16.57,16.429999999999999,16.48,16.510000000000001,-0.03,-0.1817,344518.10999999998603,567763.417000000015832
601166.SH,2024.03.11,16.469999999999998,16.539999999999999,16.39,16.5,16.48,0.02,0.1214,417695.030000000027939,687747.908999999985098
601166.SH,2024.03.12,16.48,16.609999999999999,16.440000000000001,16.489999999999998,16.5,-0.01,-0.0606,554794.800000000046566,917102.70499999995809
601166.SH,2024.03.13,16.48,16.519999999999999,16.25,16.309999999999998,16.489999999999998,-0.18,-1.0916,532706.849999999976716,871129.912999999942258
601166.SH,2024.03.14,16.280000000000001,16.379999999999998,16.280000000000001,16.289999999999999,16.309999999999998,-0.02,-0.1226,309543.10999999998603,505216.548999999999068
601166.SH,2024.03.15,16.329999999999998,16.469999999999998,16.280000000000001,16.39,16.289999999999999,0.1,0.6139,460854.820000000006984,753946.837999999988824
601166.SH,2024.03.18,16.339999999999999,16.440000000000001,16.329999999999998,16.370000000000001,16.39,-0.02,-0.122,303569.929999999993015,496928.565000000002328
601166.SH,2024.03.19,16.350000000000001,16.370000000000001,16.179999999999999,16.190000000000001,16.370000000000001,-0.18,-1.0996,409027.299999999988358,665251.988000000012107
601166.SH,2024.03.20,16.179999999999999,16.3,16.129999999999998,16.280000000000001,16.190000000000001,0.09,0.5559,294985.419999999983701,478904.462999999988824
601166.SH,2024.03.21,16.260000000000001,16.429999999999999,16.239999999999998,16.329999999999998,16.280000000000001,0.05,0.3071,360475.619999999995343,589404.375
601166.SH,2024.03.22,16.32,16.359999999999999,16.149999999999998,16.269999999999999,16.329999999999998,-0.06,-0.3674,404523.479999999981373,657209.405999999959021
601166.SH,2024.03.25,16.25,16.379999999999998,16.21,16.289999999999999,16.269999999999999,0.02,0.1229,363072.599999999976716,592057.459000000031664
601166.SH,2024.03.26,16.329999999999998,16.48,16.329999999999998,16.46,16.289999999999999,0.17,1.0436,498302.210000000020954,817632.035999999963678
601166.SH,2024.03.27,16.48,16.690000000000001,16.440000000000001,16.589999999999999,16.46,0.13,0.7898,559530.099999999976716,927670.324999999953433
601166.SH,2024.04.01,15.8,16.079999999999998,15.769999999999999,15.83,15.779999999999999,0.05,0.3169,926342.160000000032596,1475593.665999999968335
601166.SH,2024.04.02,15.82,15.89,15.519999999999999,15.589999999999999,15.83,-0.24,-1.5161,1158957.360000000102445,1813352.671000000089406
601166.SH,2024.04.03,15.539999999999999,15.56,15.349999999999999,15.41,15.589999999999999,-0.18,-1.1546,840291.260000000009313,1297308.590000000083819
601166.SH,2024.04.08,15.38,15.529999999999999,15.31,15.48,15.41,0.07,0.4543,672485.770000000018626,1039260.091000000014901
601166.SH,2024.04.09,15.48,15.599999999999999,15.449999999999999,15.46,15.48,-0.02,-0.1292,548995.089999999967403,850765.778999999980442
601166.SH,2024.04.10,15.47,15.859999999999999,15.47,15.72,15.46,0.26,1.6818,923923.140000000013969,1449679.162999999942258
601166.SH,2024.04.11,15.66,15.71,15.519999999999999,15.65,15.72,-0.07,-0.4453,486581.25,759961.020999999949708
601166.SH,2024.04.12,15.609999999999999,15.74,15.47,15.49,15.65,-0.16,-1.0224,615815.229999999981373,960877.560000000055879
601166.SH,2024.04.15,15.5,15.81,15.49,15.769999999999999,15.49,0.28,1.8076,710114.180000000051222,1116502.928000000072643
601166.SH,2024.04.16,15.71,16.030000000000001,15.71,15.929999999999999,15.769999999999999,0.16,1.0146,924681.839999999967403,1468990.593000000109896
601166.SH,2024.04.17,15.91,16.199999999999999,15.74,16.179999999999999,15.929999999999999,0.25,1.5694,909936.030000000027939,1454346.979999999981373
601166.SH,2024.04.18,16.129999999999998,16.5,16.109999999999999,16.3,16.179999999999999,0.12,0.7417,892052.989999999990686,1456591.818999999901279
601166.SH,2024.04.19,16.25,16.39,16.16,16.179999999999999,16.3,-0.12,-0.7362,525722.96999999997206,853968.807999999960884
601166.SH,2024.04.22,16.23,16.429999999999999,16.07,16.129999999999998,16.179999999999999,-0.05,-0.309,540809.93999999994412,875640.307999999960884
601166.SH,2024.04.23,16.190000000000001,16.23,15.98,16,16.129999999999998,-0.13,-0.806,545711.459999999962747,878090.658000000054016
601166.SH,2024.04.24,16.059999999999998,16.059999999999998,15.88,15.91,16,-0.09,-0.5625,424145.299999999988358,675628.195999999996274
601166.SH,2024.04.25,15.9,16.170000000000001,15.869999999999999,16.170000000000001,15.91,0.26,1.6342,548004.670000000041909,880060.48300000000745
601166.SH,2024.04.26,16.170000000000001,16.48,16.170000000000001,16.429999999999999,16.170000000000001,0.26,1.6079,1268495.080000000074505,2081038.686999999918043
601166.SH,2024.04.29,16.429999999999999,16.850000000000001,16.39,16.739999999999998,16.429999999999999,0.31,1.8868,1101084.489999999990686,1840493.57799999997951
601166.SH,2024.04.30,16.739999999999998,16.899999999999998,16.679999999999999,16.850000000000001,16.739999999999998,0.11,0.6571,770945.290000000037252,1297231.161000000080093
601166.SH,2024.05.06,17,17.079999999999998,16.809999999999998,16.82,16.850000000000001,-0.03,-0.178,805918.390000000013969,1365442.097000000067055
601166.SH,2024.05.07,16.829999999999998,16.859999999999999,16.609999999999999,16.82,16.82,0,0,606679.71999999997206,1015797.23300000000745
601166.SH,2024.05.08,16.769999999999999,16.91,16.719999999999998,16.780000000000001,16.82,-0.04,-0.2378,441443.190000000002328,741927.576000000000931
601166.SH,2024.05.09,16.75,16.940000000000001,16.75,16.859999999999999,16.780000000000001,0.08,0.4768,403446.739999999990686,680501.976999999955296
601166.SH,2024.05.10,16.87,17.120000000000001,16.859999999999999,17.07,16.859999999999999,0.21,1.2456,727722.630000000004656,1238433.38800000003539
601166.SH,2024.05.13,17.05,17.199999999999999,16.920000000000001,17.16,17.07,0.09,0.5272,502021.940000000002328,858081.817000000039115
601166.SH,2024.05.14,17.190000000000001,17.239999999999998,17.05,17.120000000000001,17.16,-0.04,-0.2331,434375.989999999990686,744158.672000000020489
601166.SH,2024.05.15,17.120000000000001,17.190000000000001,16.940000000000001,17.010000000000001,17.120000000000001,-0.11,-0.6425,452710.530000000027939,770796.74600000004284
601166.SH,2024.05.16,17.039999999999999,17.449999999999999,17.019999999999999,17.379999999999998,17.010000000000001,0.37,2.1752,928748.32999999995809,1608263.382999999914318
601166.SH,2024.05.17,17.420000000000001,17.699999999999999,17.379999999999998,17.699999999999999,17.379999999999998,0.32,1.8412,875393.60999999998603,1534187.820999999996274
601166.SH,2024.05.20,17.71,18.100000000000001,17.670000000000001,17.859999999999999,17.699999999999999,0.16,0.904,975845.979999999981373,1751096.24600000004284
601166.SH,2024.05.21,17.82,18.100000000000001,17.73,18.030000000000001,17.859999999999999,0.17,0.9518,685140.25,1232272.992000000085681
601166.SH,2024.05.22,18.030000000000001,18.3,17.98,18.179999999999999,18.030000000000001,0.15,0.8319,774065.25,1408261.08199999993667
601166.SH,2024.05.23,18.14,18.199999999999999,17.940000000000001,18.109999999999999,18.179999999999999,-0.07,-0.385,627147.699999999953433,1135837.029000000096857
601166.SH,2024.05.24,18.059999999999998,18.190000000000001,17.87,17.89,18.109999999999999,-0.22,-1.2148,626611.010000000009313,1128934.014999999897554
601166.SH,2024.05.27,17.949999999999999,18.280000000000001,17.91,18.23,17.89,0.34,1.9005,778318.82999999995809,1413720.871999999973922
601166.SH,2024.05.28,18.239999999999998,18.449999999999999,18.170000000000001,18.32,18.23,0.09,0.4937,633707.430000000051222,1158762.077000000048428
601166.SH,2024.05.29,18.3,18.399999999999998,18,18.07,18.32,-0.25,-1.3646,737608.130000000004656,1340396.629999999888241
601166.SH,2024.05.30,18.010000000000001,18.25,17.8,17.940000000000001,18.07,-0.13,-0.7194,680844.989999999990686,1224699.989000000059604
601166.SH,2024.05.31,17.969999999999998,18.030000000000001,17.87,17.89,17.940000000000001,-0.05,-0.2787,673862.369999999995343,1208476.635999999940395
601166.SH,2024.06.03,17.89,17.98,17.629999999999999,17.8,17.89,-0.09,-0.5031,588959.670000000041909,1047157.636999999987892
601166.SH,2024.06.04,17.769999999999999,17.96,17.73,17.75,17.8,-0.05,-0.2809,492623.71999999997206,877685.395000000018626
601166.SH,2024.06.05,17.780000000000001,17.829999999999998,17.48,17.55,17.75,-0.2,-1.1268,549222.640000000013969,966295.315999999991618
601166.SH,2024.06.06,17.579999999999998,17.739999999999998,17.519999999999999,17.57,17.55,0.02,0.114,435238.159999999974388,766405.052000000025145
601166.SH,2024.06.07,17.629999999999999,17.73,17.429999999999999,17.530000000000001,17.57,-0.04,-0.2277,462581.070000000006984,812751.902000000001862
601166.SH,2024.06.11,17.469999999999998,17.600000000000001,17.309999999999998,17.41,17.530000000000001,-0.12,-0.6845,531946.410000000032596,927094.074999999953433
601166.SH,2024.06.12,17.46,17.46,17.21,17.280000000000001,17.41,-0.13,-0.7467,452883.71999999997206,782383.273000000044703
601166.SH,2024.06.13,17.329999999999998,17.379999999999998,17.129999999999998,17.170000000000001,17.280000000000001,-0.11,-0.6366,324221.390000000013969,558948.158000000054016
601166.SH,2024.06.14,17.179999999999999,17.57,17.14,17.46,17.170000000000001,0.29,1.689,659517.589999999967403,1146278.334000000031664
601166.SH,2024.06.17,17.420000000000001,17.519999999999999,17.23,17.359999999999999,17.46,-0.1,-0.5727,431132.820000000006984,748090.527000000001862
601166.SH,2024.06.18,17.370000000000001,17.55,17.3,17.39,17.359999999999999,0.03,0.1728,358813.239999999990686,624725.109000000054948
601166.SH,2024.06.19,17.429999999999999,17.71,17.379999999999998,17.62,17.39,0.23,1.3226,506490.369999999995343,889955.99600000004284
601166.SH,2024.06.20,17.629999999999999,17.649999999999998,17.280000000000001,17.3,17.62,-0.32,-1.8161,366616.039999999979045,637518.35999999998603
601166.SH,2024.06.21,17.289999999999999,17.420000000000001,17.120000000000001,17.350000000000001,17.3,0.05,0.289,487389.989999999990686,841993.988000000012107
601166.SH,2024.06.24,17.339999999999999,17.46,17.149999999999998,17.420000000000001,17.350000000000001,0.07,0.4035,470881.960000000020954,817232.721000000019557
601166.SH,2024.06.25,17.399999999999998,17.469999999999998,17.23,17.32,17.420000000000001,-0.1,-0.5741,479690.520000000018626,833153.283999999985098
601166.SH,2024.06.26,17.3,17.399999999999998,17.23,17.329999999999998,17.32,0.01,0.0577,353251.700000000011641,612133.582999999984167
601166.SH,2024.06.27,17.329999999999998,17.5,17.23,17.449999999999999,17.329999999999998,0.12,0.6924,498549.049999999988358,867284.131000000052154
601166.SH,2024.06.28,17.5,17.75,17.41,17.62,17.449999999999999,0.17,0.9742,620201.810000000055879,1092763.997999999905005
601166.SH,2024.07.01,17.629999999999999,17.899999999999998,17.629999999999999,17.75,17.62,0.13,0.7378,434392.169999999983701,771876.604000000050291
601166.SH,2024.07.02,17.699999999999999,17.969999999999998,17.690000000000001,17.920000000000001,17.75,0.17,0.9577,497294.890000000013969,889668.34499999997206
601166.SH,2024.07.03,17.920000000000001,17.989999999999998,17.64,17.699999999999999,17.920000000000001,-0.22,-1.2277,425686.789999999979045,755992.045999999972991
601166.SH,2024.07.04,17.699999999999999,17.8,17.559999999999998,17.62,17.699999999999999,-0.08,-0.452,443687.229999999981373,783546.25
601166.SH,2024.07.05,17.679999999999999,17.71,17.079999999999998,17.190000000000001,17.62,-0.43,-2.4404,883675.800000000046566,1525780.379999999888241
601166.SH,2024.07.08,17.179999999999999,17.359999999999999,17.129999999999998,17.280000000000001,17.190000000000001,0.09,0.5236,695381.630000000004656,1201323
601166.SH,2024.07.09,16.289999999999999,16.48,16.190000000000001,16.429999999999999,16.239999999999998,0.19,1.17,803854.030000000027939,1312625.848999999929219
601166.SH,2024.07.10,16.420000000000001,16.739999999999998,16.39,16.609999999999999,16.429999999999999,0.18,1.0956,471180.419999999983701,782631.035000000032596
601166.SH,2024.07.11,16.679999999999999,16.699999999999999,16.420000000000001,16.48,16.609999999999999,-0.13,-0.7827,499203.830000000016298,824208.645999999949708
601166.SH,2024.07.12,16.489999999999998,16.91,16.48,16.879999999999999,16.48,0.4,2.4272,595485.180000000051222,1000399.226999999955296
601166.SH,2024.07.15,16.839999999999999,17.089999999999999,16.829999999999998,17.030000000000001,16.879999999999999,0.15,0.8886,465326.450000000011641,791436.96799999999348
601166.SH,2024.07.16,17.059999999999998,17.100000000000001,16.89,17,17.030000000000001,-0.03,-0.1762,415863.640000000013969,706728.876999999978579
601166.SH,2024.07.17,17.010000000000001,17.25,17,17.199999999999999,17,0.2,1.1765,646941.46999999997206,1111145.753000000026077
601166.SH,2024.07.18,17.260000000000001,17.3,17.019999999999999,17.100000000000001,17.199999999999999,-0.1,-0.5814,547819.020000000018626,938632.652000000001862
601166.SH,2024.07.19,17.100000000000001,17.23,16.859999999999999,17.129999999999998,17.100000000000001,0.03,0.1754,763524.030000000027939,1300673.726000000024214
601166.SH,2024.07.22,17.129999999999998,17.129999999999998,16.66,16.780000000000001,17.129999999999998,-0.35,-2.0432,613026.890000000013969,1030211.545999999972991
601166.SH,2024.07.23,16.789999999999999,17.14,16.789999999999999,16.940000000000001,16.780000000000001,0.16,0.9535,617516.619999999995343,1050712.550999999977648
601166.SH,2024.07.24,16.920000000000001,16.989999999999998,16.739999999999998,16.829999999999998,16.940000000000001,-0.11,-0.6494,464531.799999999988358,782387.488999999943189
601166.SH,2024.07.25,16.89,16.89,16.559999999999998,16.71,16.829999999999998,-0.12,-0.713,522131.71999999997206,872658.712999999988824
601166.SH,2024.07.26,16.719999999999998,16.780000000000001,16.379999999999998,16.489999999999998,16.71,-0.22,-1.3166,486404.890000000013969,803412.417000000015832
601166.SH,2024.07.29,16.530000000000001,16.769999999999999,16.5,16.719999999999998,16.489999999999998,0.23,1.3948,401882.679999999993015,670230.381000000052154
601166.SH,2024.07.30,16.719999999999998,16.829999999999998,16.589999999999999,16.690000000000001,16.719999999999998,-0.03,-0.1794,436239.809999999997671,728499.23300000000745
601166.SH,2024.07.31,16.679999999999999,16.829999999999998,16.649999999999998,16.75,16.690000000000001,0.06,0.3595,447818.380000000004656,750483.957999999984167
601166.SH,2024.08.01,16.719999999999998,16.829999999999998,16.559999999999998,16.64,16.75,-0.11,-0.6567,414220.570000000006984,691208.547999999951571
601166.SH,2024.08.02,16.600000000000001,16.66,16.48,16.519999999999999,16.64,-0.12,-0.7212,348125.729999999981373,576136.707999999984167
601166.SH,2024.08.05,16.5,16.609999999999999,16.370000000000001,16.379999999999998,16.519999999999999,-0.14,-0.8475,488028.159999999974388,803772.491000000038184
601166.SH,2024.08.06,16.449999999999999,16.530000000000001,16.14,16.21,16.379999999999998,-0.17,-1.0379,474186.520000000018626,770943.871999999973922
601166.SH,2024.08.07,16.21,16.449999999999999,16.21,16.32,16.21,0.11,0.6786,358499.369999999995343,586381.567000000039115
601166.SH,2024.08.08,16.339999999999999,16.469999999999998,16.3,16.440000000000001,16.32,0.12,0.7353,232817.019999999989522,381850.527999999991152
601166.SH,2024.08.09,16.449999999999999,16.559999999999998,16.339999999999999,16.370000000000001,16.440000000000001,-0.07,-0.4258,285310.070000000006984,468732.282000000006519
601166.SH,2024.08.12,16.339999999999999,16.399999999999998,16.280000000000001,16.280000000000001,16.370000000000001,-0.09,-0.5498,211288.339999999996507,344703.360999999975319
601166.SH,2024.08.13,16.289999999999999,16.370000000000001,16.239999999999998,16.32,16.280000000000001,0.04,0.2457,227720.35000000000582,371531.150000000023283
601166.SH,2024.08.14,16.32,16.449999999999999,16.269999999999999,16.280000000000001,16.32,-0.04,-0.2451,231696.820000000006984,378249.117000000027474
601166.SH,2024.08.15,16.280000000000001,16.64,16.25,16.589999999999999,16.280000000000001,0.31,1.9042,483620.590000000025611,798057.185999999986961
601166.SH,2024.08.16,16.629999999999999,16.780000000000001,16.600000000000001,16.719999999999998,16.589999999999999,0.13,0.7836,359424.190000000002328,600122.182999999960884
601166.SH,2024.08.19,16.75,16.969999999999998,16.719999999999998,16.949999999999999,16.719999999999998,0.23,1.3756,393258.570000000006984,663910.694999999948777
601166.SH,2024.08.20,16.98,17,16.780000000000001,16.839999999999999,16.949999999999999,-0.11,-0.649,386604.479999999981373,651857.332000000053085
601166.SH,2024.08.21,16.8,16.87,16.579999999999998,16.769999999999999,16.839999999999999,-0.07,-0.4157,424235.739999999990686,709857.714999999967403
601166.SH,2024.08.22,16.789999999999999,16.899999999999998,16.73,16.82,16.769999999999999,0.05,0.2982,440721.020000000018626,741642.613000000012107
601166.SH,2024.08.23,16.91,17.339999999999999,16.879999999999999,17.32,16.82,0.5,2.9727,1106316.739999999990686,1897573.156999999890103
601166.SH,2024.08.26,17.329999999999998,17.5,17.309999999999998,17.48,17.32,0.16,0.9238,669400.420000000041909,1165413.800000000046566
601166.SH,2024.08.27,17.48,17.55,17.289999999999999,17.329999999999998,17.48,-0.15,-0.8581,396531.419999999983701,690609.753000000026077
601166.SH,2024.08.28,17.39,17.399999999999998,17.129999999999998,17.21,17.329999999999998,-0.12,-0.6924,480678.830000000016298,828119.881999999983236
601166.SH,2024.08.29,17.25,17.269999999999999,16.679999999999999,16.690000000000001,17.21,-0.52,-3.0215,723389.959999999962747,1218072.375
601166.SH,2024.08.30,16.690000000000001,16.87,16.510000000000001,16.510000000000001,16.690000000000001,-0.18,-1.0785,838757.410000000032596,1399845.902000000001862
601166.SH,2024.09.02,16.530000000000001,16.719999999999998,16.420000000000001,16.5,16.510000000000001,-0.01,-0.0606,536398.849999999976716,889182.346000000019557
601166.SH,2024.09.03,16.5,16.57,16.16,16.359999999999999,16.5,-0.14,-0.8485,579959.880000000004656,944222.038999999989755
601166.SH,2024.09.04,16.329999999999998,16.489999999999998,16.199999999999999,16.239999999999998,16.359999999999999,-0.12,-0.7335,442651.900000000023283,721817.886999999987892
601166.SH,2024.09.05,16.25,16.350000000000001,16.170000000000001,16.3,16.239999999999998,0.06,0.3695,417014.119999999995343,677519.268000000040046
601166.SH,2024.09.06,16.309999999999998,16.600000000000001,16.309999999999998,16.39,16.3,0.09,0.5521,404647.309999999997671,667442.01300000003539
601166.SH,2024.09.09,16.39,16.530000000000001,15.949999999999999,15.97,16.39,-0.42,-2.5625,653162.660000000032596,1053913.070999999996274
601166.SH,2024.09.10,16,16.100000000000001,15.83,16.07,15.97,0.1,0.6262,405671.85999999998603,647381.623999999952502
601166.SH,2024.09.11,16.030000000000001,16.039999999999999,15.679999999999999,15.8,16.07,-0.27,-1.6801,498040.419999999983701,788264.75
601166.SH,2024.09.12,15.83,16.100000000000001,15.699999999999999,16.030000000000001,15.8,0.23,1.4557,382309.739999999990686,610272.856999999959953
601166.SH,2024.09.13,16.079999999999998,16.179999999999999,15.949999999999999,15.97,16.030000000000001,-0.06,-0.3743,282447.830000000016298,453748.614999999990686
601166.SH,2024.09.18,15.97,16.100000000000001,15.88,16.07,15.97,0.1,0.6262,295413.580000000016298,472924.033999999985098
601166.SH,2024.09.19,16.100000000000001,16.120000000000001,15.859999999999999,16.05,16.07,-0.02,-0.1245,366113.520000000018626,586746.099999999976716
601166.SH,2024.09.20,16.07,16.3,16.059999999999998,16.25,16.05,0.2,1.2461,578096.729999999981373,935535.70499999995809
601166.SH,2024.09.23,16.219999999999998,16.62,16.16,16.559999999999998,16.25,0.31,1.9077,427252.179999999993015,703072.336000000010244
601166.SH,2024.09.24,16.670000000000001,17.179999999999999,16.600000000000001,17.179999999999999,16.559999999999998,0.62,3.744,1068359.989999999990686,1810059.406999999890103
601166.SH,2024.09.25,17.46,17.87,17.359999999999999,17.600000000000001,17.179999999999999,0.42,2.4447,1274030.310000000055879,2241514.399999999906867
601166.SH,2024.09.26,17.600000000000001,18.449999999999999,17.579999999999998,18.449999999999999,17.600000000000001,0.85,4.829500000000001,1679336.530000000027939,3035615.41399999987334
601166.SH,2024.09.27,18.8,18.899999999999998,18.030000000000001,18.339999999999999,18.449999999999999,-0.11,-0.5962,858450.709999999962747,1580453.458000000100582
601166.SH,2024.09.30,18.899999999999998,19.41,18.519999999999999,19.269999999999999,18.339999999999999,0.93,5.0709,2414476.979999999981373,4580033.743999999947845
601166.SH,2024.10.08,21,21.05,19.379999999999998,20.010000000000001,19.269999999999999,0.74,3.8402,2446356.580000000074505,4937408.993999999947845
601166.SH,2024.10.09,19.91,19.940000000000001,18.609999999999999,18.609999999999999,20.010000000000001,-1.4,-6.996500000000001,1678424.989999999990686,3238293.976999999955296
601166.SH,2024.10.10,18.91,19.780000000000001,18.91,19.399999999999998,18.609999999999999,0.79,4.245000000000001,1570003.459999999962747,3039399.683000000193715
601166.SH,2024.10.11,19.309999999999998,19.699999999999999,18.809999999999998,19,19.399999999999998,-0.4,-2.0619,1000904.75,1929354.614999999990686
601166.SH,2024.10.14,19.269999999999999,19.96,19.269999999999999,19.66,19,0.66,3.4737,1435215.169999999925494,2824227.675999999977648
601166.SH,2024.10.15,19.629999999999999,19.949999999999999,19.350000000000001,19.350000000000001,19.66,-0.31,-1.5768,891550.430000000051222,1755933.65100000007078
601166.SH,2024.10.16,19.199999999999999,20.05,19.179999999999999,19.96,19.350000000000001,0.61,3.1525,1330098.18999999994412,2637796.169999999925494
601166.SH,2024.10.17,19.96,20.179999999999999,19.559999999999998,19.57,19.96,-0.39,-1.9539,836726.050000000046566,1658860.162999999942258
601166.SH,2024.10.18,19.62,19.789999999999999,19.199999999999999,19.600000000000001,19.57,0.03,0.1533,948696.640000000013969,1848841.828999999910593
601166.SH,2024.10.21,19.57,19.57,18.969999999999998,19.23,19.600000000000001,-0.37,-1.8878,1152118.40999999991618,2205819.432000000029802
601166.SH,2024.10.22,19.129999999999998,19.399999999999998,19.059999999999998,19.14,19.23,-0.09,-0.468,573671.540000000037252,1100885.15100000007078
601166.SH,2024.10.23,19.129999999999998,19.239999999999998,19.010000000000001,19.16,19.14,0.02,0.1045,531445.319999999948777,1018325.827000000048428
601166.SH,2024.10.24,19.100000000000001,19.269999999999999,19.07,19.170000000000001,19.16,0.01,0.0522,372018.070000000006984,713420.09499999997206
601166.SH,2024.10.25,19.23,19.280000000000001,19.010000000000001,19.14,19.170000000000001,-0.03,-0.1565,474426.640000000013969,907853.415999999968335
601166.SH,2024.10.28,19.07,19.129999999999998,18.719999999999998,19.019999999999999,19.14,-0.12,-0.627,640523.82999999995809,1211045.476000000024214
601166.SH,2024.10.29,19.030000000000001,19.32,18.91,19.010000000000001,19.019999999999999,-0.01,-0.0526,603657.430000000051222,1151369.818999999901279
601166.SH,2024.10.30,18.91,19.120000000000001,18.699999999999999,18.769999999999999,19.010000000000001,-0.24,-1.2625,580632.699999999953433,1093679.489999999990686
601166.SH,2024.10.31,18.5,18.62,18.030000000000001,18.280000000000001,18.769999999999999,-0.49,-2.6105,1388507.179999999934807,2531356.490000000223517
601166.SH,2024.11.01,18.21,18.55,18.199999999999999,18.289999999999999,18.280000000000001,0.01,0.0547,793594.199999999953433,1458761.489000000059604
601166.SH,2024.11.04,18.329999999999998,18.379999999999998,18.019999999999999,18.309999999999998,18.289999999999999,0.02,0.1093,585214.050000000046566,1064209.911000000080093
601166.SH,2024.11.05,18.289999999999999,18.440000000000001,18.129999999999998,18.399999999999998,18.309999999999998,0.09,0.4915,864413.949999999953433,1582687.287000000011175
601166.SH,2024.11.06,18.39,18.48,18.21,18.329999999999998,18.399999999999998,-0.07,-0.3804,905731.060000000055879,1662295.811999999918043
601166.SH,2024.11.07,18.379999999999998,18.940000000000001,18.339999999999999,18.91,18.329999999999998,0.58,3.1642,954177.040000000037252,1780805.38800000003539
601166.SH,2024.11.08,18.940000000000001,19.089999999999999,18.629999999999999,18.699999999999999,18.91,-0.21,-1.1105,860198.060000000055879,1617922.760999999940395
601166.SH,2024.11.11,18.5,18.600000000000001,18.260000000000001,18.379999999999998,18.699999999999999,-0.32,-1.7112,819390.530000000027939,1503980.594000000040978
601166.SH,2024.11.12,18.350000000000001,18.629999999999999,18.109999999999999,18.129999999999998,18.379999999999998,-0.25,-1.3602,811100.060000000055879,1484547.091000000014901
601166.SH,2024.11.13,18.120000000000001,18.260000000000001,18.079999999999998,18.149999999999998,18.129999999999998,0.02,0.1103,583419.21999999997206,1059457.763999999966472
601166.SH,2024.11.14,18.109999999999999,18.399999999999998,18.059999999999998,18.190000000000001,18.149999999999998,0.04,0.2204,677474.890000000013969,1237263.313000000081956
601166.SH,2024.11.15,18.170000000000001,18.339999999999999,18.05,18.05,18.190000000000001,-0.14,-0.7697,713659.430000000051222,1297804.345999999903142
601166.SH,2024.11.18,18.199999999999999,18.98,18.199999999999999,18.510000000000001,18.05,0.46,2.5485,1681920.489999999990686,3137214.796999999787658
601166.SH,2024.11.19,18.510000000000001,18.719999999999998,18.21,18.329999999999998,18.510000000000001,-0.18,-0.9724,984692.680000000051222,1813886.973999999929219
601166.SH,2024.11.20,18.350000000000001,18.359999999999999,18.190000000000001,18.219999999999998,18.329999999999998,-0.11,-0.6001,640151.479999999981373,1168660.688000000081956
601166.SH,2024.11.21,18.21,18.280000000000001,18.14,18.239999999999998,18.219999999999998,0.02,0.1098,439913.85999999998603,800507.807999999960884
601166.SH,2024.11.22,18.25,18.289999999999999,17.8,17.8,18.239999999999998,-0.44,-2.4123,848441.349999999976716,1528594.114999999990686
601166.SH,2024.11.25,17.91,17.989999999999998,17.71,17.760000000000001,17.8,-0.04,-0.2247,645260.270000000018626,1152007.049000000115483
601166.SH,2024.11.26,17.75,18.05,17.670000000000001,17.96,17.760000000000001,0.2,1.1261,624652.270000000018626,1117604.824999999953433
601166.SH,2024.11.27,17.949999999999999,18.120000000000001,17.8,18.109999999999999,17.96,0.15,0.8352,479128.200000000011641,861930.82999999995809
601166.SH,2024.11.28,18.109999999999999,18.16,17.899999999999998,18.030000000000001,18.109999999999999,-0.08,-0.4417,476988.369999999995343,860265.920999999972991
601166.SH,2024.11.29,18.059999999999998,18.23,18.030000000000001,18.05,18.030000000000001,0.02,0.1109,708221.729999999981373,1283874.387000000104308
601166.SH,2024.12.02,18.05,18.23,18,18.190000000000001,18.05,0.14,0.7756,581067.459999999962747,1054504.291999999899417
601166.SH,2024.12.03,18.179999999999999,18.449999999999999,18.120000000000001,18.449999999999999,18.190000000000001,0.26,1.4294,744987.479999999981373,1366282.520000000018626
601166.SH,2024.12.04,18.440000000000001,18.519999999999999,18.199999999999999,18.420000000000001,18.449999999999999,-0.03,-0.1626,672369.650000000023283,1236105.43999999994412
601166.SH,2024.12.05,18.359999999999999,18.420000000000001,18.23,18.260000000000001,18.420000000000001,-0.16,-0.8686,437531.909999999974388,801362.236000000033527
601166.SH,2024.12.06,18.289999999999999,18.629999999999999,18.280000000000001,18.489999999999998,18.260000000000001,0.23,1.2596,702704.209999999962747,1299008.438000000081956
601166.SH,2024.12.09,18.489999999999998,18.64,18.379999999999998,18.539999999999999,18.489999999999998,0.05,0.2704,584094.069999999948777,1083046.249000000068917
601166.SH,2024.12.10,18.879999999999999,18.969999999999998,18.670000000000001,18.679999999999999,18.539999999999999,0.14,0.7551,938825.780000000027939,1765951.571999999927356
601166.SH,2024.12.11,18.73,18.809999999999998,18.510000000000001,18.55,18.679999999999999,-0.13,-0.6959,626746.630000000004656,1167835.259000000078231
601166.SH,2024.12.12,18.559999999999998,18.839999999999999,18.519999999999999,18.75,18.55,0.2,1.0782,692184.420000000041909,1295469.381000000052154
601166.SH,2024.12.13,18.679999999999999,18.71,18.149999999999998,18.149999999999998,18.75,-0.6,-3.2,1131966.600000000093132,2077707.803000000072643
601166.SH,2024.12.16,18.179999999999999,18.370000000000001,18.179999999999999,18.219999999999998,18.149999999999998,0.07,0.3857,544176.410000000032596,994405.812000000034458
601166.SH,2024.12.17,18.199999999999999,18.429999999999999,18.170000000000001,18.359999999999999,18.219999999999998,0.14,0.7684,570434.979999999981373,1045432.810999999986961
601166.SH,2024.12.18,18.41,18.679999999999999,18.39,18.600000000000001,18.359999999999999,0.24,1.3072,692378.130000000004656,1287280.648999999975785
601166.SH,2024.12.19,18.510000000000001,18.679999999999999,18.469999999999998,18.539999999999999,18.600000000000001,-0.06,-0.3226,548274.520000000018626,1017992.067999999970197
601166.SH,2024.12.20,18.530000000000001,18.690000000000001,18.46,18.519999999999999,18.539999999999999,-0.02,-0.1079,653239.910000000032596,1212612.448000000091269
601166.SH,2024.12.23,18.519999999999999,18.920000000000001,18.519999999999999,18.82,18.519999999999999,0.3,1.6199,971535.550000000046566,1826675.952000000048428
601166.SH,2024.12.24,18.829999999999998,19.039999999999999,18.82,18.98,18.82,0.16,0.8502,827210.93999999994412,1567185.949000000022351
601166.SH,2024.12.25,19.010000000000001,19.269999999999999,18.98,19.190000000000001,18.98,0.21,1.1064,745273.770000000018626,1428014.496999999973922
601166.SH,2024.12.26,19.16,19.25,19.010000000000001,19.219999999999998,19.190000000000001,0.03,0.1563,577985.96999999997206,1107808.09499999997206
601166.SH,2024.12.27,19.23,19.350000000000001,19,19.350000000000001,19.219999999999998,0.13,0.6764,708824.530000000027939,1362339.587999999988824
601166.SH,2024.12.30,19.359999999999999,19.62,19.359999999999999,19.55,19.350000000000001,0.2,1.0336,724250.390000000013969,1413955.419999999925494
601166.SH,2024.12.31,19.489999999999998,19.600000000000001,19.16,19.16,19.55,-0.39,-1.9949,813366,1576099.34499999997206
601166.SH,2025.01.02,19.21,19.350000000000001,18.829999999999998,18.920000000000001,19.16,-0.24,-1.2526,951277.199999999953433,1813631.030000000027939
601166.SH,2025.01.03,18.929999999999999,19.149999999999998,18.8,18.920000000000001,18.920000000000001,0,0,736913.199999999953433,1396707.838999999919906
601166.SH,2025.01.06,19.010000000000001,19.25,18.699999999999999,19.21,18.920000000000001,0.29,1.5328,844270.520000000018626,1607370.452000000048428
601166.SH,2025.01.07,19.149999999999998,19.55,19.14,19.429999999999999,19.21,0.22,1.1452,694613.82999999995809,1345436.695999999996274
601166.SH,2025.01.08,19.429999999999999,19.8,19.399999999999998,19.64,19.429999999999999,0.21,1.0808,844442.660000000032596,1657569.915000000037252
601166.SH,2025.01.09,19.679999999999999,19.739999999999998,19.329999999999998,19.609999999999999,19.64,-0.03,-0.1527,641164.280000000027939,1256237.827000000048428
601166.SH,2025.01.10,19.66,19.780000000000001,19.370000000000001,19.579999999999998,19.609999999999999,-0.03,-0.153,650177.43999999994412,1276377.685000000055879
601166.SH,2025.01.13,19.440000000000001,19.559999999999998,19.120000000000001,19.289999999999999,19.579999999999998,-0.29,-1.4811,638704.640000000013969,1233913.737999999895691
601166.SH,2025.01.14,19.329999999999998,19.679999999999999,19.219999999999998,19.609999999999999,19.289999999999999,0.32,1.6589,777592.910000000032596,1520370.698000000091269
601166.SH,2025.01.15,19.629999999999999,20.079999999999998,19.559999999999998,19.8,19.609999999999999,0.19,0.9689,783713.260000000009313,1558636.308999999891966
601166.SH,2025.01.16,20,20.05,19.719999999999998,19.989999999999998,19.8,0.19,0.9596,703283.130000000004656,1402327.986999999964609
601166.SH,2025.01.17,19.98,20.089999999999999,19.8,19.899999999999998,19.989999999999998,-0.09,-0.4502,512627.510000000009313,1021581.920000000041909
601166.SH,2025.01.20,20.039999999999999,20.129999999999998,19.839999999999999,19.879999999999999,19.899999999999998,-0.02,-0.1005,561583.209999999962747,1123410.009000000078231
601166.SH,2025.01.21,19.949999999999999,20.16,19.769999999999999,19.96,19.879999999999999,0.08,0.4024,573613.530000000027939,1148553.367000000085681
601166.SH,2025.01.22,19.989999999999998,20,19.5,19.510000000000001,19.96,-0.45,-2.2545,703029.760000000009313,1382211.997999999905005
601166.SH,2025.01.23,19.66,20.190000000000001,19.649999999999998,20.14,19.510000000000001,0.63,3.2291,994136.170000000041909,1990190.419999999925494
601166.SH,2025.01.24,20.079999999999998,20.32,19.929999999999999,20.23,20.14,0.09,0.4469,721447.75,1456724.895999999949708
601166.SH,2025.01.27,20.32,20.5,20.219999999999998,20.309999999999998,20.23,0.08,0.3955,669850.520000000018626,1362916.304000000003725
601166.SH,2025.02.05,20.48,20.48,20.059999999999998,20.129999999999998,20.309999999999998,-0.18,-0.8863,569413.75,1149678.061999999918043
601166.SH,2025.02.06,20.089999999999999,20.350000000000001,20.019999999999999,20.239999999999998,20.129999999999998,0.11,0.5464,529924.989999999990686,1069537.147000000113621
601166.SH,2025.02.07,20.179999999999999,20.3,20.07,20.120000000000001,20.239999999999998,-0.12,-0.5929,620196.900000000023283,1249717.76300000003539
601166.SH,2025.02.10,20.120000000000001,20.629999999999999,20.019999999999999,20.350000000000001,20.120000000000001,0.23,1.1431,771457.479999999981373,1573384.870000000111758
601166.SH,2025.02.11,20.359999999999999,20.539999999999999,20.289999999999999,20.350000000000001,20.350000000000001,0,0,434901.630000000004656,886753.996999999973922
601166.SH,2025.02.12,20.399999999999998,20.87,20.289999999999999,20.8,20.350000000000001,0.45,2.2113,726420.10999999998603,1495854.752000000094994
601166.SH,2025.02.13,20.760000000000001,20.949999999999999,20.699999999999999,20.719999999999998,20.8,-0.08,-0.3846,457214.85999999998603,950467.991999999969266
601166.SH,2025.02.14,20.75,21.179999999999999,20.66,21.16,20.719999999999998,0.44,2.1236,811007.680000000051222,1701541.631999999983236
601166.SH,2025.02.17,21.100000000000001,21.149999999999998,20.760000000000001,20.949999999999999,21.16,-0.21,-0.9924,673914.349999999976716,1408227.607000000076368
601166.SH,2025.02.18,20.850000000000001,21.219999999999998,20.82,21.05,20.949999999999999,0.1,0.4773,590479.489999999990686,1243839.848999999929219
601166.SH,2025.02.19,20.989999999999998,21.089999999999999,20.91,21,21.05,-0.05,-0.2375,432591.330000000016298,909263.682000000029802
601166.SH,2025.02.20,21.010000000000001,21.030000000000001,20.809999999999998,20.839999999999999,21,-0.16,-0.7619,404953.880000000004656,845067.82799999997951
601166.SH,2025.02.21,20.920000000000001,20.920000000000001,20.510000000000001,20.670000000000001,20.839999999999999,-0.17,-0.8157,607645.849999999976716,1255601.267999999923631
601166.SH,2025.02.24,20.57,20.71,20.429999999999999,20.489999999999998,20.670000000000001,-0.18,-0.8708,506186.409999999974388,1039684.309000000008381
601166.SH,2025.02.25,20.429999999999999,20.55,20.329999999999998,20.41,20.489999999999998,-0.08,-0.3904,485183.140000000013969,990369.434000000008381
601166.SH,2025.02.26,20.489999999999998,20.8,20.420000000000001,20.440000000000001,20.41,0.03,0.147,512125.169999999983701,1054417.104999999981373
601166.SH,2025.02.27,20.449999999999999,20.940000000000001,20.350000000000001,20.920000000000001,20.440000000000001,0.48,2.3483,643982.260000000009313,1332813.270000000018626
601166.SH,2025.02.28,20.859999999999999,21.089999999999999,20.75,20.75,20.920000000000001,-0.17,-0.8126,639372.060000000055879,1335631.047999999951571
601166.SH,2025.03.03,20.91,20.949999999999999,20.609999999999999,20.75,20.75,0,0,461078.440000000002328,956749.253999999957159
601166.SH,2025.03.04,20.699999999999999,20.98,20.699999999999999,20.82,20.75,0.07,0.3373,399199.229999999981373,833343.194000000017695
601166.SH,2025.03.05,20.829999999999998,21.16,20.780000000000001,21.100000000000001,20.82,0.28,1.3449,632939.239999999990686,1333120.794999999925494
601166.SH,2025.03.06,21.109999999999999,21.190000000000001,20.899999999999998,21.129999999999998,21.100000000000001,0.03,0.1422,560514.589999999967403,1181458.700999999884515
601166.SH,2025.03.07,21.170000000000001,21.429999999999999,21.100000000000001,21.359999999999999,21.129999999999998,0.23,1.0885,642880.170000000041909,1370963.87100000004284
601166.SH,2025.03.10,21.3,21.339999999999999,20.949999999999999,21,21.359999999999999,-0.36,-1.6854,605541.520000000018626,1274813.239999999990686
601166.SH,2025.03.11,20.940000000000001,21.3,20.940000000000001,21.3,21,0.3,1.4286,560076.07999999995809,1184923.574999999953433
601166.SH,2025.03.12,21.280000000000001,21.469999999999998,21.149999999999998,21.219999999999998,21.3,-0.08,-0.3756,403868.059999999997671,860715.13800000003539
601166.SH,2025.03.13,21.25,21.510000000000001,21.219999999999998,21.350000000000001,21.219999999999998,0.13,0.6126,592418.949999999953433,1268063.872999999905005
601166.SH,2025.03.14,21.399999999999998,21.879999999999999,21.350000000000001,21.760000000000001,21.350000000000001,0.41,1.9204,990998.020000000018626,2150244.479999999981373
601166.SH,2025.03.17,21.850000000000001,21.989999999999998,21.73,21.899999999999998,21.760000000000001,0.14,0.6434,543790.180000000051222,1190285.41400000010617
601166.SH,2025.03.18,21.879999999999999,21.940000000000001,21.769999999999999,21.829999999999998,21.899999999999998,-0.07,-0.3196,324110.270000000018626,708718.567999999970197
601166.SH,2025.03.19,21.829999999999998,22.440000000000001,21.82,22.379999999999998,21.829999999999998,0.55,2.5195,809340.699999999953433,1796548.259000000078231
601166.SH,2025.03.20,22.41,22.48,22.109999999999999,22.3,22.379999999999998,-0.08,-0.3575,618911.510000000009313,1380250.074000000022351
601166.SH,2025.03.21,22.199999999999999,22.339999999999999,21.589999999999999,21.629999999999999,22.3,-0.67,-3.0045,807332.119999999995343,1764288.398000000044703
601166.SH,2025.03.24,21.629999999999999,21.899999999999998,21.629999999999999,21.829999999999998,21.629999999999999,0.2,0.9246,429973.809999999997671,936798.557000000029802
601166.SH,2025.03.25,21.839999999999999,21.98,21.719999999999998,21.780000000000001,21.829999999999998,-0.05,-0.229,316395.85999999998603,689961.724999999976716
601166.SH,2025.03.26,21.71,21.82,21.41,21.48,21.780000000000001,-0.3,-1.3774,604397.339999999967403,1301908.273999999975785
601166.SH,2025.03.27,21.489999999999998,21.760000000000001,21.46,21.5,21.48,0.02,0.0931,383656.020000000018626,827879.603000000002793
601166.SH,2025.03.28,21.55,21.649999999999998,21.420000000000001,21.530000000000001,21.5,0.03,0.1395,386115.349999999976716,830766.560000000055879
601166.SH,2025.03.31,21.559999999999998,21.719999999999998,21.350000000000001,21.600000000000001,21.530000000000001,0.07,0.3251,562278.099999999976716,1212863.699999999953433
601166.SH,2025.04.01,21.579999999999998,21.600000000000001,21.149999999999998,21.260000000000001,21.600000000000001,-0.34,-1.5741,613001.030000000027939,1305557.99600000004284
601166.SH,2025.04.02,21.199999999999999,21.440000000000001,21.190000000000001,21.25,21.260000000000001,-0.01,-0.047,384626.280000000027939,819669.633999999961815
601166.SH,2025.04.03,21.039999999999999,21.329999999999998,20.989999999999998,21.179999999999999,21.25,-0.07,-0.3294,396030.840000000025611,838599.99600000004284
601166.SH,2025.04.07,20.3,20.75,19.670000000000001,20.129999999999998,21.179999999999999,-1.05,-4.9575,1741398.5,3514105.810000000055879
601166.SH,2025.04.08,20.129999999999998,20.879999999999999,20.030000000000001,20.809999999999998,20.129999999999998,0.68,3.378,1563774.860000000102445,3205975.027999999932944
601166.SH,2025.04.09,20.699999999999999,20.8,20.280000000000001,20.39,20.809999999999998,-0.42,-2.0183,941606.099999999976716,1932747.017999999923631
601166.SH,2025.04.10,20.519999999999999,20.940000000000001,20.359999999999999,20.760000000000001,20.39,0.37,1.8146,683322.030000000027939,1417511.524999999906867
601166.SH,2025.04.11,20.73,20.850000000000001,20.55,20.75,20.760000000000001,-0.01,-0.0482,454120.380000000004656,940343.861999999964609
601166.SH,2025.04.14,20.8,21,20.75,20.8,20.75,0.05,0.241,461712.049999999988358,963247.515000000013969
601166.SH,2025.04.15,20.839999999999999,21.16,20.82,21.109999999999999,20.8,0.31,1.4904,494183.630000000004656,1040744.219000000040978
601166.SH,2025.04.16,21.030000000000001,21.269999999999999,20.87,21.129999999999998,21.109999999999999,0.02,0.0947,645819.420000000041909,1357277.212000000057741
601166.SH,2025.04.17,21.05,21.149999999999998,20.829999999999998,21.030000000000001,21.129999999999998,-0.1,-0.4733,483190.60999999998603,1015091.27800000004936
601166.SH,2025.04.18,21.030000000000001,21.48,21.019999999999999,21.39,21.030000000000001,0.36,1.7118,516228.849999999976716,1097987.120000000111758
601166.SH,2025.04.21,21.350000000000001,21.55,21.079999999999998,21.079999999999998,21.39,-0.31,-1.4493,472600.580000000016298,1004446.070999999996274
601166.SH,2025.04.22,21.079999999999998,21.199999999999999,21,21.030000000000001,21.079999999999998,-0.05,-0.2372,351033.539999999979045,740087.711000000010244
601166.SH,2025.04.23,21.100000000000001,21.120000000000001,20.859999999999999,20.949999999999999,21.030000000000001,-0.08,-0.3804,360547.909999999974388,756092.528999999980442
601166.SH,2025.04.24,20.899999999999998,21.179999999999999,20.899999999999998,21.149999999999998,20.949999999999999,0.2,0.9547,376957.349999999976716,796196.135000000009313
601166.SH,2025.04.25,21.170000000000001,21.23,20.91,20.940000000000001,21.149999999999998,-0.21,-0.9929,368367.549999999988358,775126.587000000057742
601166.SH,2025.04.28,21.010000000000001,21.179999999999999,20.940000000000001,21.089999999999999,20.940000000000001,0.15,0.7163,380770.630000000004656,802954.185000000055879
601166.SH,2025.04.29,21.07,21.219999999999998,21,21.019999999999999,21.089999999999999,-0.07,-0.3319,334685.030000000027939,705114.564000000013038
601166.SH,2025.04.30,20.929999999999999,20.940000000000001,20.589999999999999,20.87,21.019999999999999,-0.15,-0.7136,574756.930000000051222,1193061.700999999884515
601166.SH,2025.05.06,21.05,21.05,20.73,20.73,20.87,-0.14,-0.6708,470069.460000000020954,980278.015999999945051
601166.SH,2025.05.07,20.899999999999998,21.079999999999998,20.809999999999998,21.039999999999999,20.73,0.31,1.4954,527321.199999999953433,1106233.642999999923631
601166.SH,2025.05.08,21.100000000000001,21.679999999999999,21.05,21.530000000000001,21.039999999999999,0.49,2.3289,723859.239999999990686,1552810.847999999998137
601166.SH,2025.05.09,21.519999999999999,22.14,21.519999999999999,22.100000000000001,21.530000000000001,0.57,2.6475,821624.32999999995809,1806257.208000000100582
601166.SH,2025.05.12,22.100000000000001,22.589999999999999,21.98,22.280000000000001,22.100000000000001,0.18,0.8145,862343.160000000032596,1926441.115999999921768
601166.SH,2025.05.13,22.329999999999998,22.57,22.109999999999999,22.55,22.280000000000001,0.27,1.2118,758636,1696702.18100000009872
601166.SH,2025.05.14,22.46,23.030000000000001,22.449999999999999,22.929999999999999,22.55,0.38,1.6851,900990.71999999997206,2055203.656999999890103
601166.SH,2025.05.15,22.989999999999998,23.14,22.8,22.89,22.929999999999999,-0.04,-0.1744,595403.75,1365535.66400000010617
601166.SH,2025.05.16,22.879999999999999,22.96,22.579999999999998,22.699999999999999,22.89,-0.19,-0.8301,481782.559999999997671,1093803.969000000040978
601166.SH,2025.05.19,22.850000000000001,22.949999999999999,22.670000000000001,22.719999999999998,22.699999999999999,0.02,0.0881,454135.179999999993015,1034717.788999999989755
601166.SH,2025.05.20,22.789999999999999,22.929999999999999,22.46,22.519999999999999,22.719999999999998,-0.2,-0.8803,498767.409999999974388,1127551.219000000040978
601166.SH,2025.05.21,22.649999999999998,22.87,22.510000000000001,22.71,22.519999999999999,0.19,0.8437,449311.510000000009313,1021858.638999999966472
601166.SH,2025.05.22,22.699999999999999,22.940000000000001,22.66,22.899999999999998,22.71,0.19,0.8366,387713.669999999983701,885841.45499999995809
601166.SH,2025.05.23,22.879999999999999,22.98,22.73,22.809999999999998,22.899999999999998,-0.09,-0.393,409252.010000000009313,935467.31499999994412
601166.SH,2025.05.26,22.809999999999998,22.879999999999999,22.57,22.62,22.809999999999998,-0.19,-0.833,392893.400000000023283,891722.939000000013038
601166.SH,2025.05.27,22.789999999999999,22.929999999999999,22.679999999999999,22.760000000000001,22.62,0.14,0.6189,405719.280000000027939,925337.814000000013038
601166.SH,2025.05.28,22.789999999999999,22.839999999999999,22.48,22.539999999999999,22.760000000000001,-0.22,-0.9666,372490.890000000013969,841688.65300000004936
601166.SH,2025.05.29,22.600000000000001,22.850000000000001,22.469999999999998,22.649999999999998,22.539999999999999,0.11,0.488,480046.760000000009313,1088790.408999999985098
601166.SH,2025.05.30,22.71,22.879999999999999,22.530000000000001,22.64,22.649999999999998,-0.01,-0.0442,499689.909999999974388,1134277.475000000093132
601166.SH,2025.06.03,23.05,23.949999999999999,22.899999999999998,23.71,22.64,1.07,4.7261,1527291.320000000065192,3596385.126999999862164
601166.SH,2025.06.04,23.75,23.87,23.559999999999998,23.62,23.71,-0.09,-0.3796,503112.239999999990686,1190002.655999999959021
601166.SH,2025.06.05,23.62,23.739999999999998,23.429999999999999,23.519999999999999,23.62,-0.1,-0.4234,456161.309999999997671,1074101.875
601166.SH,2025.06.06,23.62,23.850000000000001,23.5,23.559999999999998,23.519999999999999,0.04,0.1701,459981.840000000025611,1086652.583000000100582
601166.SH,2025.06.09,23.66,23.87,23.589999999999999,23.8,23.559999999999998,0.24,1.0187,569928.400000000023283,1353564.82799999997951
601166.SH,2025.06.10,23.899999999999998,24.329999999999998,23.719999999999998,23.809999999999998,23.8,0.01,0.042,784887.569999999948777,1884783.395999999949708
601166.SH,2025.06.11,23.879999999999999,24.32,23.809999999999998,23.98,23.809999999999998,0.17,0.714,574616.760000000009313,1383522.165999999968335
601166.SH,2025.06.12,24,24.109999999999999,23.8,23.859999999999999,23.98,-0.12,-0.5004,711438.46999999997206,1701213.57799999997951
601166.SH,2025.06.13,23.87,23.940000000000001,23.449999999999999,23.5,23.859999999999999,-0.36,-1.5088,1817196.18999999994412,4286333.512000000104308
601166.SH,2025.06.16,23.600000000000001,24,23.530000000000001,23.96,23.5,0.46,1.9574,727631.520000000018626,1738311.743999999947845
601166.SH,2025.06.17,24,24.149999999999998,23.789999999999999,23.809999999999998,23.96,-0.15,-0.626,495532.289999999979045,1184646.050000000046566
601166.SH,2025.06.18,23.809999999999998,23.98,23.649999999999998,23.91,23.809999999999998,0.1,0.42,536774.729999999981373,1279994.387000000104308
601166.SH,2025.06.19,23.929999999999999,23.989999999999998,23.739999999999998,23.8,23.91,-0.11,-0.4601,524855.760000000009313,1251586.439000000013038
601166.SH,2025.06.20,22.949999999999999,23.280000000000001,22.829999999999998,23.16,22.739999999999998,0.42,1.847,790045.489999999990686,1825598.591999999945983
601166.SH,2025.06.23,23.16,23.769999999999999,23.030000000000001,23.75,23.16,0.59,2.5475,781181.880000000004656,1833164.182999999960884
601166.SH,2025.06.24,23.66,24.16,23.600000000000001,23.850000000000001,23.75,0.1,0.4211,779732.199999999953433,1861459.497999999905005
601166.SH,2025.06.25,23.850000000000001,24.129999999999998,23.559999999999998,24.059999999999998,23.850000000000001,0.21,0.8805,604484.390000000013969,1440150.976999999955296
601166.SH,2025.06.26,24.010000000000001,24.260000000000001,23.850000000000001,24.179999999999999,24.059999999999998,0.12,0.4988,657603.96999999997206,1583708.584000000031664
601166.SH,2025.06.27,24.179999999999999,24.219999999999998,23.429999999999999,23.559999999999998,24.179999999999999,-0.62,-2.5641,890619.760000000009313,2118395.114000000059604
601166.SH,2025.06.30,23.420000000000001,23.559999999999998,23.199999999999999,23.339999999999999,23.559999999999998,-0.22,-0.9338,533899.890000000013969,1245905.412000000011175
601166.SH,2025.07.01,23.530000000000001,23.719999999999998,23.350000000000001,23.55,23.339999999999999,0.21,0.8997,486559.099999999976716,1147244.956000000005587
601166.SH,2025.07.02,23.649999999999998,24,23.48,23.899999999999998,23.55,0.35,1.4862,598592.290000000037252,1425191.395999999949708
601166.SH,2025.07.03,23.899999999999998,24.129999999999998,23.670000000000001,24.07,23.899999999999998,0.17,0.7113,494186.830000000016298,1183006.993000000016763
601166.SH,2025.07.04,24.07,25,23.96,24.829999999999998,24.07,0.76,3.1575,1009389.890000000013969,2486887.996999999973922
601166.SH,2025.07.07,24.829999999999998,25.149999999999998,24.739999999999998,25.120000000000001,24.829999999999998,0.29,1.1679,611801.21999999997206,1527411.563000000081956
601166.SH,2025.07.08,25.059999999999998,25.190000000000001,24.859999999999999,25.14,25.120000000000001,0.02,0.0796,526753.739999999990686,1321047.641999999992549
601166.SH,2025.07.09,25.100000000000001,25.149999999999998,24.82,25.079999999999998,25.14,-0.06,-0.2387,546565.35999999998603,1367713.03499999991618
601166.SH,2025.07.10,25.010000000000001,25.449999999999999,24.940000000000001,24.940000000000001,25.079999999999998,-0.14,-0.5582,842925.35999999998603,2124297.407999999821186
601166.SH,2025.07.11,25.129999999999998,25.179999999999999,24.449999999999999,24.449999999999999,24.940000000000001,-0.49,-1.9647,1277581.379999999888241,3171468.157000000122934
601166.SH,2025.07.14,24.579999999999998,24.879999999999999,24.46,24.690000000000001,24.449999999999999,0.24,0.9816,798195.089999999967403,1970682.493000000016763
601166.SH,2025.07.15,24.699999999999999,24.769999999999999,24.25,24.429999999999999,24.690000000000001,-0.26,-1.0531,585199.560000000055879,1432863.479000000050291
601166.SH,2025.07.16,24.440000000000001,24.510000000000001,24.019999999999999,24.309999999999998,24.429999999999999,-0.12,-0.4912,585384.949999999953433,1417278.634000000078231
601166.SH,2025.07.17,24.3,24.5,24.21,24.289999999999999,24.309999999999998,-0.02,-0.0823,489326.059999999997671,1191239.010000000009313
601166.SH,2025.07.18,24.39,24.649999999999998,24.289999999999999,24.420000000000001,24.289999999999999,0.13,0.5352,525199.640000000013969,1283650.867000000085681
601166.SH,2025.07.21,24.420000000000001,24.469999999999998,24,24.010000000000001,24.420000000000001,-0.41,-1.679,724598.849999999976716,1749087.307999999960884
601166.SH,2025.07.22,24.019999999999999,24.120000000000001,23.71,23.850000000000001,24.010000000000001,-0.16,-0.6664,884208.670000000041909,2108725.859999999869614
601166.SH,2025.07.23,23.850000000000001,24.100000000000001,23.71,23.789999999999999,23.850000000000001,-0.06,-0.2516,779440.5,1861858.074999999953433
601166.SH,2025.07.24,23.780000000000001,23.789999999999999,23.239999999999998,23.32,23.789999999999999,-0.47,-1.9756,993262.640000000013969,2325762.623999999836087
601166.SH,2025.07.25,23.179999999999999,23.350000000000001,23,23.170000000000001,23.32,-0.15,-0.6432,828381.10999999998603,1917823.540000000037252
601166.SH,2025.07.28,23.199999999999999,23.3,22.920000000000001,22.96,23.170000000000001,-0.21,-0.9063,733992.449999999953433,1694291.520000000018626
601166.SH,2025.07.29,22.969999999999998,23.07,22.670000000000001,22.71,22.96,-0.25,-1.0889,756035.560000000055879,1726509.242000000085681
601166.SH,2025.07.30,22.719999999999998,22.989999999999998,22.670000000000001,22.769999999999999,22.71,0.06,0.2642,738516.839999999967403,1684886.428000000072643
601166.SH,2025.07.31,22.8,22.879999999999999,22.489999999999998,22.64,22.769999999999999,-0.13,-0.5709,715312.900000000023283,1618126.300000000046566
601166.SH,2025.08.01,22.600000000000001,22.769999999999999,22.359999999999999,22.530000000000001,22.64,-0.11,-0.4859,635035.089999999967403,1433318.294999999925494
601166.SH,2025.08.04,22.530000000000001,23.07,22.5,22.780000000000001,22.530000000000001,0.25,1.1096,712914.040000000037252,1628078.979999999981373
601166.SH,2025.08.05,22.780000000000001,23.219999999999998,22.71,23.089999999999999,22.780000000000001,0.31,1.3608,820303.520000000018626,1883106.432999999960884
601166.SH,2025.08.06,23.089999999999999,23.280000000000001,22.920000000000001,22.98,23.089999999999999,-0.11,-0.4764,553475.150000000023283,1275671.131000000052154
601166.SH,2025.08.07,23,23.25,22.859999999999999,23.07,22.98,0.09,0.3916,567573.910000000032596,1310756.09499999997206
601166.SH,2025.08.08,23.179999999999999,23.219999999999998,23,23.059999999999998,23.07,-0.01,-0.0433,410842.130000000004656,949131.790999999968335
601166.SH,2025.08.11,23.039999999999999,23.100000000000001,22.82,22.879999999999999,23.059999999999998,-0.18,-0.7806,572556.57999999995809,1314486.634000000078231
601166.SH,2025.08.12,22.89,23.25,22.89,22.989999999999998,22.879999999999999,0.11,0.4808,598123.869999999995343,1382771.888999999966472
601166.SH,2025.08.13,23.079999999999998,23.219999999999998,22.8,22.8,22.989999999999998,-0.19,-0.8264,613422.180000000051222,1408452.936999999918043
601166.SH,2025.08.14,22.809999999999998,22.96,22.609999999999999,22.73,22.8,-0.07,-0.307,629365.82999999995809,1433604.878999999957159
601166.SH,2025.08.15,22.699999999999999,22.719999999999998,22.190000000000001,22.32,22.73,-0.41,-1.8038,1009323.050000000046566,2258233.413000000175088
601166.SH,2025.08.18,22.309999999999998,22.629999999999999,22.23,22.62,22.32,0.3,1.3441,790749.420000000041909,1775769.429999999934807
601166.SH,2025.08.19,22.62,22.690000000000001,22.420000000000001,22.55,22.62,-0.07,-0.3095,464353.640000000013969,1047941.111999999964609
601166.SH,2025.08.20,22.539999999999999,22.73,22.41,22.589999999999999,22.55,0.04,0.1774,517479.440000000002328,1168068.709999999962747
601166.SH,2025.08.21,22.589999999999999,22.670000000000001,22.449999999999999,22.609999999999999,22.589999999999999,0.02,0.0885,453809.489999999990686,1025073.971000000019557
601166.SH,2025.08.22,22.579999999999998,22.829999999999998,22.5,22.769999999999999,22.609999999999999,0.16,0.7077,640809.290000000037252,1448655.287999999942257
601166.SH,2025.08.25,22.780000000000001,22.969999999999998,22.71,22.949999999999999,22.769999999999999,0.18,0.7905,617576.739999999990686,1412332.033999999985098
601166.SH,2025.08.26,22.899999999999998,23.039999999999999,22.8,22.879999999999999,22.949999999999999,-0.07,-0.305,526530.650000000023283,1206282.546000000089406
601166.SH,2025.08.27,22.850000000000001,22.96,22.440000000000001,22.5,22.879999999999999,-0.38,-1.6608,688557.32999999995809,1563309.935000000055879
601166.SH,2025.08.28,22.55,22.879999999999999,22.41,22.769999999999999,22.5,0.27,1.2,715184.07999999995809,1621385.462000000057742
601166.SH,2025.08.29,22.699999999999999,22.850000000000001,22.359999999999999,22.41,22.769999999999999,-0.36,-1.581,1103674.669999999925494,2489556.638999999966472
601166.SH,2025.09.01,22.5,22.5,21.8,21.809999999999998,22.41,-0.6,-2.6774,1019475.140000000013969,2247745.504999999888241
601166.SH,2025.09.02,21.8,22,21.649999999999998,21.989999999999998,21.809999999999998,0.18,0.8253,974915.25,2127430.408999999985098
601166.SH,2025.09.03,21.989999999999998,22.190000000000001,21.600000000000001,21.719999999999998,21.989999999999998,-0.27,-1.2278,813434.390000000013969,1777442.124000000068917
601166.SH,2025.09.04,21.699999999999999,22.039999999999999,21.39,21.920000000000001,21.719999999999998,0.2,0.9208,1032058.790000000037252,2242826.169000000227242
601166.SH,2025.09.05,21.859999999999999,21.899999999999998,21.66,21.75,21.920000000000001,-0.17,-0.7755,512886.659999999974388,1115373.250999999931082
601166.SH,2025.09.08,21.66,21.8,21.399999999999998,21.46,21.75,-0.29,-1.3333,681393.339999999967403,1468718.93100000009872
601166.SH,2025.09.09,21.469999999999998,21.57,21.41,21.519999999999999,21.46,0.06,0.2796,451936.830000000016298,970474.729999999981373
601166.SH,2025.09.10,21.530000000000001,21.64,21.429999999999999,21.5,21.519999999999999,-0.02,-0.0929,394779.570000000006984,850545.557999999960884
601166.SH,2025.09.11,21.510000000000001,21.879999999999999,21.420000000000001,21.839999999999999,21.5,0.34,1.5814,693893.660000000032596,1500929.723999999929219
601166.SH,2025.09.12,21.859999999999999,22,21.399999999999998,21.420000000000001,21.839999999999999,-0.42,-1.9231,871443.050000000046566,1882460.575999999884515
601166.SH,2025.09.15,21.399999999999998,21.429999999999999,20.989999999999998,21.07,21.420000000000001,-0.35,-1.634,817576.180000000051222,1732525.310999999986961
601166.SH,2025.09.16,21.079999999999998,21.289999999999999,20.670000000000001,20.699999999999999,21.07,-0.37,-1.7561,1098591.489999999990686,2294390.879000000189989
601166.SH,2025.09.17,20.71,20.989999999999998,20.510000000000001,20.589999999999999,20.699999999999999,-0.11,-0.5314,1216993.18999999994412,2519638.39699999988079
601166.SH,2025.09.18,20.629999999999999,20.739999999999998,20.179999999999999,20.25,20.589999999999999,-0.34,-1.6513,1326464.860000000102445,2706633.183000000193715
601166.SH,2025.09.19,20.280000000000001,20.46,20.109999999999999,20.289999999999999,20.25,0.04,0.1975,902439.96999999997206,1831841.493000000016763
601166.SH,2025.09.22,20.350000000000001,20.440000000000001,20.100000000000001,20.129999999999998,20.289999999999999,-0.16,-0.7886,522176.200000000011641,1056135.325999999884516
601166.SH,2025.09.23,20.129999999999998,20.530000000000001,19.940000000000001,20.41,20.129999999999998,0.28,1.391,1186146.520000000018626,2413456.041999999899417
601166.SH,2025.09.24,20.39,20.629999999999999,20.170000000000001,20.239999999999998,20.41,-0.17,-0.8329,851938.729999999981373,1733311.216000000014901
601166.SH,2025.09.25,20.23,20.359999999999999,20.019999999999999,20.21,20.239999999999998,-0.03,-0.1482,735591.680000000051222,1487668.220999999903142
601166.SH,2025.09.26,20.25,20.420000000000001,20.010000000000001,20.32,20.21,0.11,0.5443,751354.160000000032596,1522919.746999999973922
601166.SH,2025.09.29,20.260000000000001,20.5,20.05,20.05,20.32,-0.27,-1.3287,1288719.760000000009313,2607343.268999999854713
601166.SH,2025.09.30,20.089999999999999,20.129999999999998,19.789999999999999,19.850000000000001,20.05,-0.2,-0.9975,1422284.610000000102445,2832139.640000000130385
601166.SH,2025.10.09,19.89,19.920000000000001,19.649999999999998,19.670000000000001,19.850000000000001,-0.18,-0.9068,1422040.770000000018626,2805438.365999999921768
601166.SH,2025.10.10,19.66,19.940000000000001,19.64,19.690000000000001,19.670000000000001,0.02,0.1017,1224887.15999999991618,2418379.470999999903142
601166.SH,2025.10.13,19.559999999999998,19.859999999999999,19.350000000000001,19.699999999999999,19.690000000000001,0.01,0.0508,1186447.879999999888241,2329693.938999999780207
601166.SH,2025.10.14,19.649999999999998,20.23,19.609999999999999,20.23,19.699999999999999,0.53,2.6904,1674255.520000000018626,3354050.748999999836087
601166.SH,2025.10.15,20.199999999999999,20.41,20.100000000000001,20.309999999999998,20.23,0.08,0.3955,1218771.330000000074505,2467841.307000000029802
601166.SH,2025.10.16,20.3,20.530000000000001,20.120000000000001,20.449999999999999,20.309999999999998,0.14,0.6893,1040839.270000000018626,2118894
601166.SH,2025.10.17,20.429999999999999,20.62,20.149999999999998,20.190000000000001,20.449999999999999,-0.26,-1.2714,1026704.96999999997206,2092372.210999999893829
601166.SH,2025.10.20,20.219999999999998,20.350000000000001,19.96,20.260000000000001,20.190000000000001,0.07,0.3467,733316.790000000037252,1478700.780999999959021
601166.SH,2025.10.21,20.260000000000001,20.359999999999999,20.129999999999998,20.16,20.260000000000001,-0.1,-0.4936,713193.209999999962747,1443091.378999999957159
601166.SH,2025.10.22,20.16,20.589999999999999,20.129999999999998,20.399999999999998,20.16,0.24,1.1905,1052977.510000000009313,2142510.74599999981001
601166.SH,2025.10.23,20.429999999999999,20.879999999999999,20.429999999999999,20.760000000000001,20.399999999999998,0.36,1.7647,1288925.209999999962747,2669162.662000000011175
601166.SH,2025.10.24,20.719999999999998,20.859999999999999,20.579999999999998,20.600000000000001,20.760000000000001,-0.16,-0.7707,871084.400000000023283,1802052.790999999968335
601166.SH,2025.10.27,20.559999999999998,20.64,20.359999999999999,20.429999999999999,20.600000000000001,-0.17,-0.8252,868098.10999999998603,1779382.266000000061467
601166.SH,2025.10.28,20.5,20.539999999999999,20.25,20.420000000000001,20.429999999999999,-0.01,-0.0489,678050.57999999995809,1381509.043000000063329
601166.SH,2025.10.29,20.350000000000001,20.350000000000001,19.98,20.010000000000001,20.420000000000001,-0.41,-2.0078,931097.310000000055879,1870240.597999999998137
601166.SH,2025.10.30,20.010000000000001,20.179999999999999,19.920000000000001,20.030000000000001,20.010000000000001,0.02,0.1,853521.71999999997206,1710598.137000000104308
601166.SH,2025.10.31,20.100000000000001,20.280000000000001,20.089999999999999,20.23,20.030000000000001,0.2,0.9985,887861.880000000004656,1793197.838999999919906
601166.SH,2025.11.03,20.289999999999999,20.649999999999998,20.260000000000001,20.559999999999998,20.23,0.33,1.6312,990849.239999999990686,2032997.911000000080093
601166.SH,2025.11.04,20.609999999999999,21.359999999999999,20.57,21.14,20.559999999999998,0.58,2.821,1684893.050000000046566,3553167.554000000003725
601166.SH,2025.11.05,21.260000000000001,21.449999999999999,21.109999999999999,21.219999999999998,21.14,0.08,0.3784,1094259.620000000111758,2330966.265999999828636
601166.SH,2025.11.06,21.149999999999998,21.370000000000001,21.019999999999999,21.16,21.219999999999998,-0.06,-0.2828,873787.479999999981373,1853238.578999999910593
601166.SH,2025.11.07,21.280000000000001,21.469999999999998,21.120000000000001,21.170000000000001,21.16,0.01,0.0473,758866.160000000032596,1612872.600000000093132
601166.SH,2025.11.10,21.170000000000001,21.32,21.05,21.179999999999999,21.170000000000001,0.01,0.0472,620422.18999999994412,1314425.266999999992549
601166.SH,2025.11.11,21.16,21.370000000000001,21.089999999999999,21.269999999999999,21.179999999999999,0.09,0.4249,634824.82999999995809,1348581.787999999942257
601166.SH,2025.11.12,21.350000000000001,21.55,21.280000000000001,21.3,21.269999999999999,0.03,0.141,933772.150000000023283,1997830.533000000054016
601166.SH,2025.11.13,21.32,21.420000000000001,21.129999999999998,21.280000000000001,21.3,-0.02,-0.0939,673044.900000000023283,1428762.78900000010617
601166.SH,2025.11.14,21.289999999999999,21.899999999999998,21.280000000000001,21.600000000000001,21.280000000000001,0.32,1.5038,1195918.270000000018626,2588790.61200000019744
601166.SH,2025.11.17,21.559999999999998,21.670000000000001,21.280000000000001,21.420000000000001,21.600000000000001,-0.18,-0.8333,901597.390000000013969,1928831.973999999929219
601166.SH,2025.11.18,21.41,21.489999999999998,21.23,21.3,21.420000000000001,-0.12,-0.5602,543063.21999999997206,1158813.022000000113621
601166.SH,2025.11.19,21.339999999999999,21.600000000000001,21.289999999999999,21.429999999999999,21.3,0.13,0.6103,614975.270000000018626,1318701.347999999998137
601166.SH,2025.11.20,21.39,21.859999999999999,21.359999999999999,21.519999999999999,21.429999999999999,0.09,0.42,811553.810000000055879,1755148.195999999996274
601166.SH,2025.11.21,21.649999999999998,21.649999999999998,21.21,21.359999999999999,21.519999999999999,-0.16,-0.7435,1022189.32999999995809,2187792.527999999932944
601166.SH,2025.11.24,21.399999999999998,21.440000000000001,21.010000000000001,21.010000000000001,21.359999999999999,-0.35,-1.6386,902302.400000000023283,1911010.240999999921768
601166.SH,2025.11.25,21.05,21.420000000000001,20.87,21.399999999999998,21.010000000000001,0.39,1.8563,705706.85999999998603,1496052.470999999903142
601166.SH,2025.11.26,21.440000000000001,21.62,21.239999999999998,21.3,21.399999999999998,-0.1,-0.4673,522058.020000000018626,1115834.134000000078231
601166.SH,2025.11.27,21.239999999999998,21.440000000000001,21.109999999999999,21.39,21.3,0.09,0.4225,558515.319999999948777,1189138.080000000074505
601166.SH,2025.11.28,21.339999999999999,21.359999999999999,21.100000000000001,21.109999999999999,21.39,-0.28,-1.309,567063,1202270.108999999938532
601166.SH,2025.12.01,20.929999999999999,21.23,20.899999999999998,21.16,21.109999999999999,0.05,0.2369,773596.739999999990686,1631303.703999999910593
601166.SH,2025.12.02,21.219999999999998,21.260000000000001,20.96,21.149999999999998,21.16,-0.01,-0.0473,531469.790000000037252,1121724.094000000040978
601166.SH,2025.12.03,21.100000000000001,21.289999999999999,20.929999999999999,20.940000000000001,21.149999999999998,-0.21,-0.9929,591744.900000000023283,1248351.587999999988824
601166.SH,2025.12.04,20.940000000000001,21.030000000000001,20.82,20.87,20.940000000000001,-0.07,-0.3343,452229.270000000018626,944873.768000000040046
601166.SH,2025.12.05,20.829999999999998,20.89,20.579999999999998,20.8,20.87,-0.07,-0.3354,671356.069999999948777,1391780.995000000111758
601166.SH,2025.12.08,20.8,21.039999999999999,20.760000000000001,20.879999999999999,20.8,0.08,0.3846,741995.57999999995809,1551897.043000000063329
601166.SH,2025.12.09,20.920000000000001,20.949999999999999,20.649999999999998,20.719999999999998,20.879999999999999,-0.16,-0.7663,614575.96999999997206,1275049.172000000020489
601166.SH,2025.12.10,20.679999999999999,20.71,20.260000000000001,20.350000000000001,20.719999999999998,-0.37,-1.7857,716148.599999999976716,1461613.881999999983236
601166.SH,2025.12.11,20.370000000000001,20.420000000000001,20.239999999999998,20.420000000000001,20.350000000000001,0.07,0.344,630223.680000000051222,1281591.161000000080093
601166.SH,2025.12.12,20.399999999999998,20.649999999999998,20.32,20.649999999999998,20.420000000000001,0.23,1.1263,958856.280000000027939,1967883.794999999925494
601166.SH,2025.12.15,20.600000000000001,20.859999999999999,20.579999999999998,20.690000000000001,20.649999999999998,0.04,0.1937,506771.880000000004656,1051157.428000000072643
601166.SH,2025.12.16,20.73,20.739999999999998,20.329999999999998,20.420000000000001,20.690000000000001,-0.27,-1.305,475216.919999999983701,972631.74600000004284
601166.SH,2025.12.17,20.41,20.62,20.23,20.48,20.420000000000001,0.06,0.2938,695326.030000000027939,1419135.975000000093132
601166.SH,2025.12.18,20.429999999999999,20.949999999999999,20.359999999999999,20.940000000000001,20.48,0.46,2.2461,670014.530000000027939,1388716.470999999903142
601166.SH,2025.12.19,20.899999999999998,21.179999999999999,20.809999999999998,21.089999999999999,20.940000000000001,0.15,0.7163,717066.43999999994412,1508595.195000000065192
601166.SH,2025.12.22,21.100000000000001,21.23,20.96,20.989999999999998,21.089999999999999,-0.1,-0.4742,626549.400000000023283,1318552.861000000033527
601166.SH,2025.12.23,21.059999999999998,21.100000000000001,20.91,21.059999999999998,20.989999999999998,0.07,0.3335,447450.429999999993015,940645.542000000015832
601166.SH,2025.12.24,21.059999999999998,21.109999999999999,20.879999999999999,21.030000000000001,21.059999999999998,-0.03,-0.1425,499214.229999999981373,1048641.825999999884515
601166.SH,2025.12.25,21.030000000000001,21.239999999999998,21.019999999999999,21.039999999999999,21.030000000000001,0.01,0.0476,545939.530000000027939,1154305.574000000022351
601166.SH,2025.12.26,21.030000000000001,21.179999999999999,21,21.14,21.039999999999999,0.1,0.4753,502879.330000000016298,1061270.980999999912455
601166.SH,2025.12.29,21.16,21.46,21.079999999999998,21.420000000000001,21.14,0.28,1.3245,751746.280000000027939,1602749.145999999949708
601166.SH,2025.12.30,21.350000000000001,21.420000000000001,21.07,21.089999999999999,21.420000000000001,-0.33,-1.5406,675343.979999999981373,1429650.769000000087544
601166.SH,2025.12.31,21.129999999999998,21.179999999999999,21.030000000000001,21.059999999999998,21.089999999999999,-0.03,-0.1422,516303.35999999998603,1089090.773999999975785
601166.SH,2026.01.05,21.089999999999999,21.170000000000001,20.940000000000001,21.05,21.059999999999998,-0.01,-0.0475,681921.020000000018626,1433154.162000000011175
601166.SH,2026.01.06,21.05,21.48,20.920000000000001,21.46,21.05,0.41,1.9477,980486,2081354.537000000011175
601166.SH,2026.01.07,21.469999999999998,21.579999999999998,21.16,21.239999999999998,21.46,-0.22,-1.0252,721682.530000000027939,1536327.486999999964609
601166.SH,2026.01.08,21.199999999999999,21.23,20.859999999999999,20.920000000000001,21.239999999999998,-0.32,-1.5066,683149.130000000004656,1431407.031999999890103
601166.SH,2026.01.09,20.98,21.059999999999998,20.789999999999999,20.839999999999999,20.920000000000001,-0.08,-0.3824,593630.780000000027939,1239044.442999999970197
601166.SH,2026.01.12,20.809999999999998,21.010000000000001,20.679999999999999,20.920000000000001,20.839999999999999,0.08,0.3839,806680.180000000051222,1683033.480999999912455
601166.SH,2026.01.13,20.940000000000001,21.170000000000001,20.859999999999999,21.010000000000001,20.920000000000001,0.09,0.4302,671490.07999999995809,1413448.395999999949708
601166.SH,2026.01.14,20.969999999999998,21.179999999999999,20.510000000000001,20.510000000000001,21.010000000000001,-0.5,-2.3798,1296933.810000000055879,2705360.734000000171363
601166.SH,2026.01.15,20.510000000000001,20.690000000000001,20.269999999999999,20.32,20.510000000000001,-0.19,-0.9264,1011762.459999999962747,2071464.780999999959021
601166.SH,2026.01.16,20.41,20.449999999999999,19.969999999999998,20.079999999999998,20.32,-0.24,-1.1811,1662410.620000000111758,3352989.526999999769032
601166.SH,2026.01.19,20.059999999999998,20.199999999999999,19.969999999999998,20.079999999999998,20.079999999999998,0,0,882620.089999999967403,1771558.38800000003539
601166.SH,2026.01.20,20.079999999999998,20.170000000000001,19.920000000000001,20.089999999999999,20.079999999999998,0.01,0.0498,920846.790000000037252,1847923.239999999990686
601166.SH,2026.01.21,20.129999999999998,20.269999999999999,19.579999999999998,19.609999999999999,20.089999999999999,-0.48,-2.3892,1484015.649999999906867,2945354.260999999940395
601166.SH,2026.01.22,19.670000000000001,19.839999999999999,19.32,19.350000000000001,19.609999999999999,-0.26,-1.3259,1459433.96999999997206,2842796.271000000182539
601166.SH,2026.01.23,19.370000000000001,19.559999999999998,19.010000000000001,19.120000000000001,19.350000000000001,-0.23,-1.1886,1709547.419999999925494,3289784.765999999828636
601166.SH,2026.01.26,19.109999999999999,19.170000000000001,18.87,18.879999999999999,19.120000000000001,-0.24,-1.2552,2124266.870000000111758,4032081.237999999895691
601166.SH,2026.01.27,18.899999999999998,19.100000000000001,18.769999999999999,18.82,18.879999999999999,-0.06,-0.3178,1378785.840000000083819,2610346.337999999988824
601166.SH,2026.01.28,18.809999999999998,18.89,18.510000000000001,18.55,18.82,-0.27,-1.4346,2045227.260000000009313,3817641.686999999918043
601166.SH,2026.01.29,18.57,18.989999999999998,18.350000000000001,18.89,18.55,0.34,1.8329,2392840.740000000223517,4455195.878999999724328
601166.SH,2026.01.30,18.899999999999998,19.179999999999999,18.699999999999999,18.699999999999999,18.89,-0.19,-1.0058,1497069.060000000055879,2832333.598999999929219
601166.SH,2026.02.02,18.719999999999998,19.199999999999999,18.719999999999998,18.87,18.699999999999999,0.17,0.9091,1591233.570000000065192,3025190.515999999828636
601166.SH,2026.02.03,18.929999999999999,18.989999999999998,18.760000000000001,18.89,18.87,0.02,0.106,1010472.21999999997206,1905561.560000000055879
601166.SH,2026.02.04,18.87,19.219999999999998,18.829999999999998,19.179999999999999,18.89,0.29,1.5352,1151367.379999999888241,2198841.158999999985098
601166.SH,2026.02.05,19.199999999999999,19.489999999999998,19.199999999999999,19.379999999999998,19.179999999999999,0.2,1.0428,1198482.290000000037252,2318435.836000000126659
601166.SH,2026.02.06,18.82,18.96,18.719999999999998,18.850000000000001,18.82,0.03,0.1594,1048455.369999999995343,1974567.154000000096857
601166.SH,2026.02.09,18.850000000000001,18.969999999999998,18.760000000000001,18.879999999999999,18.850000000000001,0.03,0.1592,644395.290000000037252,1215569.554000000003725
601166.SH,2026.02.10,18.879999999999999,18.96,18.8,18.82,18.879999999999999,-0.06,-0.3178,518706.049999999988358,978050.85999999998603
601166.SH,2026.02.11,18.89,18.89,18.75,18.859999999999999,18.82,0.04,0.2125,520589.030000000027939,980527.831000000005587
601166.SH,2026.02.12,18.859999999999999,18.859999999999999,18.559999999999998,18.589999999999999,18.859999999999999,-0.27,-1.4316,777622.410000000032596,1450221.249000000068917
601166.SH,2026.02.13,18.600000000000001,18.66,18.449999999999999,18.489999999999998,18.589999999999999,-0.1,-0.5379,662593.880000000004656,1228885.341999999945983
601166.SH,2026.02.24,18.55,18.589999999999999,18.350000000000001,18.350000000000001,18.489999999999998,-0.14,-0.7572,815624.849999999976716,1503552.137000000104308
601166.SH,2026.02.25,18.370000000000001,18.489999999999998,18.269999999999999,18.3,18.350000000000001,-0.05,-0.2725,860861.670000000041909,1581398.387000000104308
601166.SH,2026.02.26,18.350000000000001,18.41,18.21,18.25,18.3,-0.05,-0.2732,568238.069999999948777,1038749.152000000001862
601166.SH,2026.02.27,18.239999999999998,18.449999999999999,18.239999999999998,18.309999999999998,18.25,0.06,0.3288,870035.209999999962747,1596476.709999999962747
