ts_code,trade_date,open,high,low,close,pre_close,change,pct_chg,vol,amount
601318.SH,2023.03.01,48.020000000000003,50,48.009999999999998,49.990000000000001,48.200000000000002,1.79,3.7137,724323.10999999998603,3581072.361000000033527
601318.SH,2023.03.02,49.969999999999998,50.46,49.719999999999998,50.200000000000002,49.990000000000001,0.21,0.4201,380888.549999999988358,1909221.050000000046566
601318.SH,2023.03.03,50.479999999999996,50.659999999999996,49.850000000000001,50.280000000000001,50.200000000000002,0.08,0.1594,284133.25,1427339.465000000083819
601318.SH,2023.03.06,50,50.170000000000001,48.450000000000002,48.579999999999998,50.280000000000001,-1.7,-3.3811,773237.209999999962747,3780641.35399999981746
601318.SH,2023.03.07,48.549999999999997,49.200000000000002,47.75,47.909999999999996,48.579999999999998,-0.67,-1.3792,587302.32999999995809,2843224.086000000126659
601318.SH,2023.03.08,47.549999999999997,47.609999999999999,46.990000000000001,47.229999999999996,47.909999999999996,-0.68,-1.4193,527416.839999999967403,2488962.34500000020489
601318.SH,2023.03.09,47.380000000000002,47.380000000000002,46.469999999999998,46.64,47.229999999999996,-0.59,-1.2492,518324.900000000023283,2426875.266999999992549
601318.SH,2023.03.10,46.060000000000002,46.649999999999998,46,46,46.64,-0.64,-1.3722,457092.020000000018626,2110237.421999999787658
601318.SH,2023.03.13,46,46.789999999999999,45.909999999999996,46.5,46,0.5,1.087,399482.799999999988358,1851804.405000000027939
601318.SH,2023.03.14,46.219999999999998,46.219999999999998,45.39,45.46,46.5,-1.04,-2.2366,490732.630000000004656,2241541.530999999959021
601318.SH,2023.03.15,46.030000000000001,46.659999999999996,45.780000000000001,45.950000000000002,45.46,0.49,1.0779,443643.200000000011641,2047438.824999999953433
601318.SH,2023.03.16,44.899999999999998,45.829999999999998,44.75,45.229999999999996,45.950000000000002,-0.72,-1.5669,789609.21999999997206,3568856.007000000216066
601318.SH,2023.03.17,45.810000000000002,46.96,45.810000000000002,46.200000000000002,45.229999999999996,0.97,2.1446,950190.920000000041909,4408443.468999999575316
601318.SH,2023.03.20,46,46.579999999999998,45.560000000000002,45.579999999999998,46.200000000000002,-0.62,-1.342,719244.349999999976716,3301843.808999999891966
601318.SH,2023.03.21,45.89,46.399999999999998,45.780000000000001,46.009999999999998,45.579999999999998,0.43,0.9434,446658.950000000011641,2056710.351999999955296
601318.SH,2023.03.22,46.25,46.770000000000003,46.219999999999998,46.5,46.009999999999998,0.49,1.065,552251.170000000041909,2572426.396000000182539
601318.SH,2023.03.23,46.299999999999997,46.89,46.299999999999997,46.880000000000002,46.5,0.38,0.8172,554273.57999999995809,2584644.86200000019744
601318.SH,2023.03.24,46.799999999999997,46.799999999999997,46.060000000000002,46.200000000000002,46.880000000000002,-0.68,-1.4505,437693.820000000006984,2023789.516000000061467
601318.SH,2023.03.27,46.259999999999997,46.329999999999998,45.5,45.990000000000001,46.200000000000002,-0.21,-0.4545,362172.669999999983701,1658727.90999999991618
601318.SH,2023.03.28,46.090000000000003,46.380000000000002,45.679999999999999,45.880000000000002,45.990000000000001,-0.11,-0.2392,283324.340000000025611,1300822.902000000001862
601318.SH,2023.03.29,46.329999999999998,46.579999999999998,45.399999999999998,45.420000000000001,45.880000000000002,-0.46,-1.0026,409020.049999999988358,1872693.108999999938532
601318.SH,2023.03.30,45.509999999999997,45.700000000000002,44.939999999999997,45.479999999999996,45.420000000000001,0.06,0.1321,450030.46999999997206,2035988.418999999994412
601318.SH,2023.03.31,45.600000000000001,46.299999999999997,45.380000000000002,45.600000000000001,45.479999999999996,0.12,0.2639,524539.930000000051222,2401305.125
601318.SH,2023.04.03,45.549999999999997,45.899999999999998,45.289999999999999,45.679999999999999,45.600000000000001,0.08,0.1754,451214.530000000027939,2056827.916999999899417
601318.SH,2023.04.04,45.670000000000001,45.859999999999999,45.229999999999996,45.57,45.679999999999999,-0.11,-0.2408,473486.400000000023283,2156604.419999999925494
601318.SH,2023.04.06,45.549999999999997,45.549999999999997,45.030000000000001,45.079999999999998,45.57,-0.49,-1.0753,361627.059999999997671,1634323.043000000063329
601318.SH,2023.04.07,45.289999999999999,45.780000000000001,45.149999999999998,45.630000000000002,45.079999999999998,0.55,1.2201,326336.299999999988358,1487335.020999999949708
601318.SH,2023.04.10,45.729999999999996,46.270000000000003,45.5,46.060000000000002,45.630000000000002,0.43,0.9424,527369.290000000037252,2426394.063999999780207
601318.SH,2023.04.11,46.020000000000003,46.299999999999997,45.630000000000002,45.659999999999996,46.060000000000002,-0.4,-0.8684,543094.020000000018626,2495273.529000000096857
601318.SH,2023.04.12,45.799999999999997,46.079999999999998,45.450000000000002,45.600000000000001,45.659999999999996,-0.06,-0.1314,460937.96999999997206,2107727.788000000175088
601318.SH,2023.04.13,45.299999999999997,45.369999999999997,44.810000000000002,45.119999999999997,45.600000000000001,-0.48,-1.0526,569479.35999999998603,2561593.686000000219792
601318.SH,2023.04.14,45.350000000000001,45.969999999999998,45.200000000000002,45.490000000000002,45.119999999999997,0.37,0.82,428919.169999999983701,1954054.639999999897554
601318.SH,2023.04.17,45.329999999999998,47.479999999999996,45.020000000000003,47.479999999999996,45.490000000000002,1.99,4.3746,1036161.32999999995809,4813786.757000000216066
601318.SH,2023.04.18,47.200000000000002,49.079999999999998,47.130000000000002,48.619999999999997,47.479999999999996,1.14,2.401,1310275.21999999997206,6375510.316999999806284
601318.SH,2023.04.19,48.549999999999997,48.899999999999998,48.270000000000003,48.399999999999998,48.619999999999997,-0.22,-0.4525,497164.60999999998603,2414735.65100000007078
601318.SH,2023.04.20,48.409999999999996,48.950000000000002,48.119999999999997,48.789999999999999,48.399999999999998,0.39,0.8058,476734.289999999979045,2314705.513999999966472
601318.SH,2023.04.21,48.600000000000001,48.689999999999997,46.630000000000002,46.740000000000002,48.789999999999999,-2.05,-4.2017,811975.650000000023283,3837366.387000000104308
601318.SH,2023.04.24,46.880000000000002,47.75,46.200000000000002,46.399999999999998,46.740000000000002,-0.34,-0.7274,587482.160000000032596,2760342.072000000160187
601318.SH,2023.04.25,46.539999999999999,47.079999999999998,45.880000000000002,46.090000000000003,46.399999999999998,-0.31,-0.6681,617583.21999999997206,2862045.072999999858438
601318.SH,2023.04.26,45.859999999999999,46.25,45.659999999999996,45.789999999999999,46.090000000000003,-0.3,-0.6509,505147.020000000018626,2320864.199000000022351
601318.SH,2023.04.27,46.979999999999996,50.369999999999997,46.810000000000002,50.369999999999997,45.789999999999999,4.58,10.0022,2570644.560000000055879,12656922.048000000417232
601318.SH,2023.04.28,50.609999999999999,52.649999999999998,50.280000000000001,51.799999999999997,50.369999999999997,1.43,2.839,2149502.479999999981373,11104959.198000000789761
601318.SH,2023.05.04,50.770000000000003,54.350000000000001,50.590000000000003,53.700000000000002,51.799999999999997,1.9,3.668,1837640.850000000093132,9743135.594000000506639
601318.SH,2023.05.05,54,55,53.240000000000002,53.829999999999998,53.700000000000002,0.13,0.2421,1264107.120000000111758,6829552.783999999985098
601318.SH,2023.05.08,53.990000000000001,55.079999999999998,53.509999999999997,54.920000000000001,53.829999999999998,1.09,2.0249,1504053.840000000083819,8223158.230999999679625
601318.SH,2023.05.09,54.920000000000001,56,53.369999999999997,53.479999999999996,54.920000000000001,-1.44,-2.622,1461587.070000000065192,7986736.175999999977648
601318.SH,2023.05.10,53.479999999999996,53.859999999999999,52.109999999999999,52.310000000000002,53.479999999999996,-1.17,-2.1877,1055610.489999999990686,5557565.461000000126659
601318.SH,2023.05.11,52.899999999999998,53.469999999999998,52.159999999999996,52.350000000000001,52.310000000000002,0.04,0.0765,593883.959999999962747,3128956.427000000141561
601318.SH,2023.05.12,52.329999999999998,52.5,51.170000000000001,51.270000000000003,52.350000000000001,-1.08,-2.063,626681.46999999997206,3238681.436000000219792
601318.SH,2023.05.15,51.280000000000001,53.869999999999997,50.780000000000001,53.71,51.270000000000003,2.44,4.7591,1113753.550000000046566,5846884.591000000014901
601318.SH,2023.05.16,53.670000000000001,53.82,52.799999999999997,53.200000000000002,53.71,-0.51,-0.9495,644968.599999999976716,3436268.825999999884515
601318.SH,2023.05.17,52.789999999999999,52.850000000000001,51.579999999999998,51.909999999999996,53.200000000000002,-1.29,-2.4248,642552.300000000046566,3344510.651999999769032
601318.SH,2023.05.18,51.799999999999997,52.850000000000001,51.530000000000001,51.82,51.909999999999996,-0.09,-0.1734,555166.35999999998603,2891022.410000000149011
601318.SH,2023.05.19,51.21,51.700000000000002,50.799999999999997,51.039999999999999,51.82,-0.78,-1.5052,554236.410000000032596,2831437.768000000156462
601318.SH,2023.05.22,51,51.850000000000001,50.799999999999997,51.420000000000001,51.039999999999999,0.38,0.7445,498812.340000000025611,2562556.972000000067055
601318.SH,2023.05.23,51.399999999999998,51.670000000000001,49.899999999999998,49.899999999999998,51.420000000000001,-1.52,-2.956,685386.449999999953433,3460781.262999999802559
601318.SH,2023.05.24,49.859999999999999,49.899999999999998,48.399999999999998,48.469999999999998,49.899999999999998,-1.43,-2.8657,713133.560000000055879,3491629.222000000067055
601318.SH,2023.05.25,48.380000000000002,48.75,47.899999999999998,48.399999999999998,48.469999999999998,-0.07,-0.1444,525528.920000000041909,2535605.262000000104308
601318.SH,2023.05.26,48.39,48.880000000000002,47.810000000000002,48.439999999999997,48.399999999999998,0.04,0.0826,403365.729999999981373,1953764.068999999901279
601318.SH,2023.05.29,48.630000000000002,48.75,47.799999999999997,48.039999999999999,48.439999999999997,-0.4,-0.8258,484343.789999999979045,2333255.08199999993667
601318.SH,2023.05.30,48.049999999999997,48.329999999999998,47.420000000000001,47.990000000000001,48.039999999999999,-0.05,-0.1041,570290.589999999967403,2728137.415000000037252
601318.SH,2023.05.31,47.700000000000002,47.789999999999999,47,47,47.990000000000001,-0.99,-2.0629,610689.319999999948777,2880503.904000000096857
601318.SH,2023.06.01,47.049999999999997,47.929999999999999,46.899999999999998,47.450000000000002,47,0.45,0.9574,518074.299999999988358,2460498.429000000003725
601318.SH,2023.06.02,47.880000000000002,49.200000000000002,47.829999999999998,49.100000000000001,47.450000000000002,1.65,3.4773,832840.400000000023283,4054040.688999999780207
601318.SH,2023.06.05,48.759999999999997,48.929999999999999,48.229999999999996,48.509999999999997,49.100000000000001,-0.59,-1.2016,466455.900000000023283,2261940.200999999884516
601318.SH,2023.06.06,48.340000000000003,49.929999999999999,48.25,48.759999999999997,48.509999999999997,0.25,0.5154,644501.96999999997206,3172322.393999999854713
601318.SH,2023.06.07,49.399999999999998,49.689999999999997,48.770000000000003,49.009999999999998,48.759999999999997,0.25,0.5127,425436.239999999990686,2093897.750999999931082
601318.SH,2023.06.08,48.920000000000001,49.96,48.679999999999999,49.670000000000001,49.009999999999998,0.66,1.3467,572283.82999999995809,2830351.412000000011175
601318.SH,2023.06.09,49.670000000000001,49.950000000000002,49.409999999999996,49.479999999999996,49.670000000000001,-0.19,-0.3825,428043.179999999993015,2124674.672999999951571
601318.SH,2023.06.12,49.46,49.939999999999997,48.89,49.57,49.479999999999996,0.09,0.1819,476457.270000000018626,2358494.748000000137835
601318.SH,2023.06.13,49.479999999999996,49.700000000000002,48.75,49.630000000000002,49.57,0.06,0.121,440028.909999999974388,2170452.731999999843537
601318.SH,2023.06.14,48.57,48.909999999999996,47.869999999999997,48.049999999999997,48.149999999999998,-0.1,-0.2077,553664.10999999998603,2677031.202000000048428
601318.SH,2023.06.15,48.299999999999997,49.100000000000001,47.869999999999997,48.420000000000001,48.049999999999997,0.37,0.77,473439.799999999988358,2293626.703999999910593
601318.SH,2023.06.16,48.700000000000002,48.840000000000003,48.100000000000001,48.600000000000001,48.420000000000001,0.18,0.3717,534142.229999999981373,2589379.833000000100582
601318.SH,2023.06.19,48.46,48.479999999999996,47.329999999999998,47.5,48.600000000000001,-1.1,-2.2634,642163.670000000041909,3062228.887000000104308
601318.SH,2023.06.20,47.5,47.75,46.799999999999997,46.89,47.5,-0.61,-1.2842,615333.239999999990686,2893024.197000000160187
601318.SH,2023.06.21,46.609999999999999,47.25,46.479999999999996,46.64,46.89,-0.25,-0.5332,381030.520000000018626,1785547.514999999897554
601318.SH,2023.06.26,46.299999999999997,46.369999999999997,45.700000000000002,45.929999999999999,46.64,-0.71,-1.5223,485350.229999999981373,2227206.703000000212341
601318.SH,2023.06.27,45.920000000000001,46.630000000000002,45.75,46.299999999999997,45.929999999999999,0.37,0.8056,480932.729999999981373,2220104.955000000074505
601318.SH,2023.06.28,46.149999999999998,46.549999999999997,45.929999999999999,46.539999999999999,46.299999999999997,0.24,0.5184,356069.60999999998603,1648840.078999999910593
601318.SH,2023.06.29,46.549999999999997,46.789999999999999,46.130000000000002,46.299999999999997,46.539999999999999,-0.24,-0.5157,265735.479999999981373,1233566.767999999923631
601318.SH,2023.06.30,46.200000000000002,46.869999999999997,46.189999999999997,46.399999999999998,46.299999999999997,0.1,0.216,326971.039999999979045,1522887.807000000029802
601318.SH,2023.07.03,46.439999999999997,48.350000000000001,46.380000000000002,48.179999999999999,46.399999999999998,1.78,3.8362,697780.589999999967403,3323222.200000000186264
601318.SH,2023.07.04,48.189999999999997,48.229999999999996,47.700000000000002,47.950000000000002,48.179999999999999,-0.23,-0.4774,297440.729999999981373,1424573.050999999977648
601318.SH,2023.07.05,47.89,47.990000000000001,47.280000000000001,47.350000000000001,47.950000000000002,-0.6,-1.2513,264061.25,1253667.347999999998137
601318.SH,2023.07.06,47.030000000000001,48.159999999999996,47.020000000000003,47.299999999999997,47.350000000000001,-0.05,-0.1056,402580.400000000023283,1912826.287000000011175
601318.SH,2023.07.07,47,47.689999999999997,46.979999999999996,47.21,47.299999999999997,-0.09,-0.1903,364421.030000000027939,1723937.253999999957159
601318.SH,2023.07.10,47.630000000000002,47.689999999999997,46.509999999999997,46.609999999999999,47.21,-0.6,-1.2709,368164.330000000016298,1728446.566000000108033
601318.SH,2023.07.11,46.799999999999997,47.420000000000001,46.799999999999997,47.200000000000002,46.609999999999999,0.59,1.2658,268886.440000000002328,1267580.412000000011175
601318.SH,2023.07.12,47.200000000000002,47.950000000000002,47.079999999999998,47.289999999999999,47.200000000000002,0.09,0.1907,354393.450000000011641,1683737.591999999945983
601318.SH,2023.07.13,47.719999999999998,48.75,47.649999999999998,48.619999999999997,47.289999999999999,1.33,2.8124,648768.260000000009313,3132588.330000000074505
601318.SH,2023.07.14,49.020000000000003,49.090000000000003,48.409999999999996,48.64,48.619999999999997,0.02,0.0411,366358.429999999993015,1784466.104000000050291
601318.SH,2023.07.17,48.369999999999997,48.450000000000002,47.880000000000002,48.049999999999997,48.64,-0.59,-1.213,304706.669999999983701,1465498.862999999895691
601318.SH,2023.07.18,48.280000000000001,48.289999999999999,47.46,47.600000000000001,48.049999999999997,-0.45,-0.9365,283182.71999999997206,1348936.541999999899417
601318.SH,2023.07.19,47.299999999999997,47.859999999999999,47.299999999999997,47.770000000000003,47.600000000000001,0.17,0.3571,321115.789999999979045,1526345.24600000004284
601318.SH,2023.07.20,47.899999999999998,48.200000000000002,47.32,47.420000000000001,47.770000000000003,-0.35,-0.7327,301377.539999999979045,1438728.104999999981373
601318.SH,2023.07.21,47.310000000000002,47.75,46.799999999999997,46.969999999999998,47.420000000000001,-0.45,-0.949,446791.419999999983701,2108640.10399999981746
601318.SH,2023.07.24,46.799999999999997,46.990000000000001,46.5,46.619999999999997,46.969999999999998,-0.35,-0.7452,315980.039999999979045,1475830.597000000067055
601318.SH,2023.07.25,47.700000000000002,49.679999999999999,47.700000000000002,49.549999999999997,46.619999999999997,2.93,6.284900000000001,1413279.020000000018626,6907459.692999999970197
601318.SH,2023.07.26,49.179999999999999,49.64,48.979999999999996,49.46,49.549999999999997,-0.09,-0.1816,515440.650000000023283,2541380.228000000119209
601318.SH,2023.07.27,49.590000000000003,50.579999999999998,49.409999999999996,49.880000000000002,49.46,0.42,0.8492,703734.930000000051222,3523202.970000000204891
601318.SH,2023.07.28,49.5,52.359999999999999,49.409999999999996,51.929999999999999,49.880000000000002,2.05,4.1099,1277908.459999999962747,6564761.757000000216066
601318.SH,2023.07.31,52.979999999999996,53.679999999999999,52.299999999999997,52.600000000000001,51.929999999999999,0.67,1.2902,1274854.65999999991618,6750702.390999999828636
601318.SH,2023.08.01,52.5,53,51.439999999999997,51.740000000000002,52.600000000000001,-0.86,-1.635,670613.71999999997206,3493879.470999999903142
601318.SH,2023.08.02,51.600000000000001,52.560000000000002,50.929999999999999,51.409999999999996,51.740000000000002,-0.33,-0.6378,608798.170000000041909,3136350.132000000216066
601318.SH,2023.08.03,51.409999999999996,52.600000000000001,51.109999999999999,52.409999999999996,51.409999999999996,1,1.9451,654944.209999999962747,3398760.967999999877065
601318.SH,2023.08.04,53.229999999999996,53.850000000000001,51.899999999999998,51.899999999999998,52.409999999999996,-0.51,-0.9731,1051652.840000000083819,5566174.314000000245869
601318.SH,2023.08.07,51.380000000000002,51.770000000000003,51.200000000000002,51.700000000000002,51.899999999999998,-0.2,-0.3854,436896.130000000004656,2246940.970000000204891
601318.SH,2023.08.08,51.469999999999998,51.689999999999997,50.46,51.259999999999997,51.700000000000002,-0.44,-0.8511,523263.419999999983701,2671294.850000000093132
601318.SH,2023.08.09,51.079999999999998,51.579999999999998,50.950000000000002,51.259999999999997,51.259999999999997,0,0,372852.640000000013969,1911450.575999999884515
601318.SH,2023.08.10,51.049999999999997,51.469999999999998,50.880000000000002,51.359999999999999,51.259999999999997,0.1,0.1951,299263.21999999997206,1531979.641000000061467
601318.SH,2023.08.11,51.299999999999997,51.409999999999996,49.350000000000001,49.369999999999997,51.359999999999999,-1.99,-3.8746,748920.930000000051222,3751696.962999999988824
601318.SH,2023.08.14,48.299999999999997,48.82,48.280000000000001,48.530000000000001,49.369999999999997,-0.84,-1.7014,604721.459999999962747,2935327.03899999987334
601318.SH,2023.08.15,48.520000000000003,49.079999999999998,48.020000000000003,48.679999999999999,48.530000000000001,0.15,0.3091,521836.840000000025611,2535572.143000000156462
601318.SH,2023.08.16,48.32,48.939999999999997,48.130000000000002,48.350000000000001,48.679999999999999,-0.33,-0.6779,476603.760000000009313,2306795.547999999951571
601318.SH,2023.08.17,48.009999999999998,48.179999999999999,47.329999999999998,47.909999999999996,48.350000000000001,-0.44,-0.91,598273.680000000051222,2853723.205999999772757
601318.SH,2023.08.18,47.899999999999998,49,47.520000000000003,47.520000000000003,47.909999999999996,-0.39,-0.814,636662.550000000046566,3066293.93999999994412
601318.SH,2023.08.21,47.399999999999998,47.490000000000002,46.670000000000001,46.670000000000001,47.520000000000003,-0.85,-1.7887,628080.900000000023283,2950143.135999999940395
601318.SH,2023.08.22,46.899999999999998,47.299999999999997,46.469999999999998,47,46.670000000000001,0.33,0.7071,518495.479999999981373,2430766.794999999925494
601318.SH,2023.08.23,46.719999999999998,47.100000000000001,46.39,46.46,47,-0.54,-1.1489,476239.489999999990686,2224411.614000000059604
601318.SH,2023.08.24,46.530000000000001,47.009999999999998,46.189999999999997,46.5,46.46,0.04,0.0861,418637.200000000011641,1949333.013999999966472
601318.SH,2023.08.25,46.310000000000002,47.380000000000002,46.25,47.009999999999998,46.5,0.51,1.0968,417635.489999999990686,1953754.067999999970197
601318.SH,2023.08.28,50.5,50.530000000000001,47.780000000000001,48.109999999999999,47.009999999999998,1.1,2.3399,1090108.18999999994412,5323339.311999999918043
601318.SH,2023.08.29,48.039999999999999,48.969999999999998,47.89,48.560000000000002,48.109999999999999,0.45,0.9354,573806.140000000013969,2780674.848999999929219
601318.SH,2023.08.30,48.880000000000002,48.990000000000001,47.899999999999998,48.25,48.560000000000002,-0.31,-0.6384,600122.96999999997206,2904476.279999999795109
601318.SH,2023.08.31,48.630000000000002,49.549999999999997,48.509999999999997,48.789999999999999,48.25,0.54,1.1192,639537.82999999995809,3135187.118999999947845
601318.SH,2023.09.01,49.350000000000001,50.5,49.259999999999997,50.100000000000001,48.789999999999999,1.31,2.685,855756.489999999990686,4287440.105999999679625
601318.SH,2023.09.04,50.450000000000002,51.899999999999998,50.439999999999997,51.450000000000002,50.100000000000001,1.35,2.6946,921931.089999999967403,4732753.257000000216066
601318.SH,2023.09.05,51.200000000000002,51.200000000000002,50.130000000000002,50.200000000000002,51.450000000000002,-1.25,-2.4295,506243.760000000009313,2555382.802000000141561
601318.SH,2023.09.06,50,51.189999999999997,49.880000000000002,51.030000000000001,50.200000000000002,0.83,1.6534,514362.239999999990686,2604588.523000000044703
601318.SH,2023.09.07,50.71,50.880000000000002,50.159999999999996,50.219999999999998,51.030000000000001,-0.81,-1.5873,403290.710000000020954,2033442.987999999895691
601318.SH,2023.09.08,50.030000000000001,50.450000000000002,49.799999999999997,50.119999999999997,50.219999999999998,-0.1,-0.1991,273667.369999999995343,1370400.982000000076368
601318.SH,2023.09.11,50.380000000000002,50.770000000000003,49.850000000000001,50.359999999999999,50.119999999999997,0.24,0.4789,491514.659999999974388,2471560.950000000186264
601318.SH,2023.09.12,50.100000000000001,50.149999999999998,49.490000000000002,49.950000000000002,50.359999999999999,-0.41,-0.8141,361143.929999999993015,1801339.429000000003725
601318.SH,2023.09.13,50.14,50.219999999999998,49.219999999999998,49.5,49.950000000000002,-0.45,-0.9009,433989.239999999990686,2152354.986000000033527
601318.SH,2023.09.14,49.64,49.799999999999997,48.990000000000001,49.189999999999997,49.5,-0.31,-0.6263,391312.179999999993015,1929515.958000000100582
601318.SH,2023.09.15,49.490000000000002,50.119999999999997,49,49.200000000000002,49.189999999999997,0.01,0.0203,557531.910000000032596,2760877.160999999847263
601318.SH,2023.09.18,48.920000000000001,49.479999999999996,48.700000000000002,49.299999999999997,49.200000000000002,0.1,0.2033,295267.460000000020954,1452498.882999999914318
601318.SH,2023.09.19,49.280000000000001,49.350000000000001,49.020000000000003,49.280000000000001,49.299999999999997,-0.02,-0.0406,266524.479999999981373,1311117.790000000037252
601318.SH,2023.09.20,49.259999999999997,49.259999999999997,48.579999999999998,48.89,49.280000000000001,-0.39,-0.7914,328732.60999999998603,1605058.394000000087544
601318.SH,2023.09.21,48.700000000000002,48.859999999999999,48.369999999999997,48.490000000000002,48.89,-0.4,-0.8182,335479.880000000004656,1629890.838999999919906
601318.SH,2023.09.22,48.5,50.329999999999998,48.369999999999997,50.329999999999998,48.490000000000002,1.84,3.7946,663006.170000000041909,3282334.330000000074505
601318.SH,2023.09.25,50.009999999999998,50.100000000000001,49.030000000000001,49.060000000000002,50.329999999999998,-1.27,-2.5233,499758.690000000002328,2465962.384999999776482
601318.SH,2023.09.26,49.049999999999997,49.340000000000003,48.520000000000003,48.560000000000002,49.060000000000002,-0.5,-1.0192,400930.260000000009313,1955893.351999999955296
601318.SH,2023.09.27,48.600000000000001,48.990000000000001,48.5,48.659999999999996,48.560000000000002,0.1,0.2059,324863.419999999983701,1582256.040999999968335
601318.SH,2023.09.28,48.829999999999998,48.880000000000002,48.149999999999998,48.299999999999997,48.659999999999996,-0.36,-0.7398,421466.169999999983701,2042226.679999999934807
601318.SH,2023.10.09,48,48.270000000000003,47.520000000000003,48.07,48.299999999999997,-0.23,-0.4762,394012.239999999990686,1887773.033999999985098
601318.SH,2023.10.10,48.280000000000001,48.530000000000001,47.520000000000003,47.600000000000001,48.07,-0.47,-0.9777,330777.390000000013969,1584290.864000000059604
601318.SH,2023.10.11,47.850000000000001,47.969999999999998,47.509999999999997,47.689999999999997,47.600000000000001,0.09,0.1891,325296.710000000020954,1552566.989999999990686
601318.SH,2023.10.12,48.869999999999997,48.89,48.21,48.429999999999999,47.689999999999997,0.74,1.5517,448710.169999999983701,2176954.487999999895691
601318.SH,2023.10.13,47.869999999999997,48.280000000000001,47.670000000000001,47.969999999999998,48.429999999999999,-0.46,-0.9498,261269.589999999996507,1254265.938000000081956
601318.SH,2023.10.16,47.850000000000001,48.130000000000002,47.409999999999996,47.539999999999999,47.969999999999998,-0.43,-0.8964,319002.929999999993015,1522168.840000000083819
601318.SH,2023.10.17,47.799999999999997,47.979999999999996,47.46,47.679999999999999,47.539999999999999,0.14,0.2945,270141.869999999995343,1289169.549000000115484
601318.SH,2023.10.18,47.509999999999997,47.770000000000003,47.380000000000002,47.39,47.679999999999999,-0.29,-0.6082,325690.440000000002328,1547535.570000000065192
601318.SH,2023.10.19,47.109999999999999,47.159999999999996,46.009999999999998,46.049999999999997,47.39,-1.34,-2.8276,694085.339999999967403,3224679.421999999787658
601318.SH,2023.10.20,45.600000000000001,46.090000000000003,45.549999999999997,45.840000000000003,46.049999999999997,-0.21,-0.456,481776.169999999983701,2205802.925999999977648
601318.SH,2023.10.23,45.789999999999999,46.200000000000002,45.5,45.939999999999997,45.840000000000003,0.1,0.2182,387068.200000000011641,1775040.622999999905005
601318.SH,2023.10.24,46.030000000000001,46.5,45.679999999999999,46.100000000000001,45.939999999999997,0.16,0.3483,432310.650000000023283,1992106.37100000004284
601318.SH,2023.10.25,45.979999999999996,46,45.429999999999999,45.509999999999997,45.179999999999999,0.33,0.7304,374462.789999999979045,1709171.804999999934807
601318.SH,2023.10.26,45.299999999999997,45.799999999999997,45.25,45.700000000000002,45.509999999999997,0.19,0.4175,280985.530000000027939,1279980.547999999951571
601318.SH,2023.10.27,45.189999999999997,45.539999999999999,44.549999999999997,45.179999999999999,45.700000000000002,-0.52,-1.1379,618849.709999999962747,2785588.427000000141561
601318.SH,2023.10.30,45.189999999999997,45.490000000000002,44.810000000000002,45.310000000000002,45.179999999999999,0.13,0.2877,455497.950000000011641,2055903.969000000040978
601318.SH,2023.10.31,45.420000000000001,45.929999999999999,45.179999999999999,45.46,45.310000000000002,0.15,0.3311,423088.830000000016298,1926939.394000000087544
601318.SH,2023.11.01,45.789999999999999,45.880000000000002,45.020000000000003,45.109999999999999,45.46,-0.35,-0.7699,378012.260000000009313,1709309.023999999975785
601318.SH,2023.11.02,45.21,45.590000000000003,45.009999999999998,45.060000000000002,45.109999999999999,-0.05,-0.1108,292247.599999999976716,1321477.07799999997951
601318.SH,2023.11.03,45.189999999999997,45.310000000000002,44.89,45.240000000000002,45.060000000000002,0.18,0.3995,386406.869999999995343,1744002.549000000115484
601318.SH,2023.11.06,45.600000000000001,46.170000000000001,45.509999999999997,46.060000000000002,45.240000000000002,0.82,1.8126,562463.18999999994412,2582604.546999999787658
601318.SH,2023.11.07,45.880000000000002,45.899999999999998,45.240000000000002,45.299999999999997,46.060000000000002,-0.76,-1.65,520543.460000000020954,2364701.854999999981373
601318.SH,2023.11.08,45.299999999999997,45.429999999999999,44.549999999999997,44.630000000000002,45.299999999999997,-0.67,-1.479,703733.920000000041909,3162886.205000000074505
601318.SH,2023.11.09,44,44.200000000000002,42.859999999999999,43.280000000000001,44.630000000000002,-1.35,-3.0249,1504541.800000000046566,6539441.759999999776482
601318.SH,2023.11.10,42.899999999999998,42.899999999999998,42.030000000000001,42.350000000000001,43.280000000000001,-0.93,-2.1488,1049964.709999999962747,4446008.161999999545514
601318.SH,2023.11.13,42.299999999999997,42.439999999999997,42.060000000000002,42.39,42.350000000000001,0.04,0.0945,493091.119999999995343,2085416.496999999973922
601318.SH,2023.11.14,42.549999999999997,42.810000000000002,42.39,42.609999999999999,42.39,0.22,0.519,558199.640000000013969,2377325.635999999940395
601318.SH,2023.11.15,43.119999999999997,43.609999999999999,42.880000000000002,43.359999999999999,42.609999999999999,0.75,1.7602,728705.810000000055879,3155332.501000000163912
601318.SH,2023.11.16,43.130000000000002,43.350000000000001,42.770000000000003,42.869999999999997,43.359999999999999,-0.49,-1.1301,386088.890000000013969,1658667.533999999985098
601318.SH,2023.11.17,42.630000000000002,42.82,42.329999999999998,42.659999999999996,42.869999999999997,-0.21,-0.4899,404728.46999999997206,1720654.033000000054016
601318.SH,2023.11.20,42.71,43.049999999999997,42.479999999999996,42.909999999999996,42.659999999999996,0.25,0.586,324987.479999999981373,1390487.104999999981373
601318.SH,2023.11.21,42.909999999999996,43.549999999999997,42.909999999999996,43.07,42.909999999999996,0.16,0.3729,432502.71999999997206,1871504.438000000081956
601318.SH,2023.11.22,42.950000000000002,43.049999999999997,42.71,42.729999999999996,43.07,-0.34,-0.7894,249251.20999999999185,1068361.649999999906867
601318.SH,2023.11.23,42.689999999999997,43.049999999999997,42.509999999999997,43.049999999999997,42.729999999999996,0.32,0.7489,263803.419999999983701,1128882.32799999997951
601318.SH,2023.11.24,43,43.030000000000001,42.630000000000002,42.689999999999997,43.049999999999997,-0.36,-0.8362,280449.270000000018626,1200283.581000000005587
601318.SH,2023.11.27,42.600000000000001,42.64,41.609999999999999,41.850000000000001,42.689999999999997,-0.84,-1.9677,585460.410000000032596,2449183.476999999955296
601318.SH,2023.11.28,41.799999999999997,42.060000000000002,41.579999999999998,41.670000000000001,41.850000000000001,-0.18,-0.4301,372260.729999999981373,1554714.840000000083819
601318.SH,2023.11.29,41.670000000000001,41.729999999999996,40.5,40.75,41.670000000000001,-0.92,-2.2078,679047.020000000018626,2771007.262000000104308
601318.SH,2023.11.30,40.670000000000001,41.07,40.619999999999997,40.799999999999997,40.75,0.05,0.1227,388571.960000000020954,1586034.772000000113621
601318.SH,2023.12.01,40.649999999999998,41.179999999999999,40.299999999999997,41.020000000000003,40.799999999999997,0.22,0.5392,486961.349999999976716,1986489.504999999888241
601318.SH,2023.12.04,40.850000000000001,41.270000000000003,40.310000000000002,40.380000000000002,41.020000000000003,-0.64,-1.5602,399869.700000000011641,1627394.428000000072643
601318.SH,2023.12.05,40.119999999999997,40.170000000000001,39.509999999999997,39.530000000000001,40.380000000000002,-0.85,-2.105,506428.320000000006984,2020199.567999999970197
601318.SH,2023.12.06,39.5,39.75,39.289999999999999,39.530000000000001,39.530000000000001,0,0,433323.960000000020954,1713862.405999999959021
601318.SH,2023.12.07,39.359999999999999,39.719999999999998,38.880000000000002,39.340000000000003,39.530000000000001,-0.19,-0.4806,501003.890000000013969,1967357.70699999993667
601318.SH,2023.12.08,39.25,39.630000000000002,39.189999999999997,39.189999999999997,39.340000000000003,-0.15,-0.3813,378912.369999999995343,1491734.068999999901279
601318.SH,2023.12.11,39,39.71,38.560000000000002,39.600000000000001,39.189999999999997,0.41,1.0462,555113.920000000041909,2166289.97899999981746
601318.SH,2023.12.12,39.420000000000001,39.810000000000002,39.25,39.789999999999999,39.600000000000001,0.19,0.4798,358213.239999999990686,1419146.470999999903142
601318.SH,2023.12.13,39.700000000000002,39.700000000000002,38.89,38.89,39.789999999999999,-0.9,-2.2619,412856.320000000006984,1618686.294999999925494
601318.SH,2023.12.14,39.229999999999996,39.469999999999998,38.689999999999997,38.700000000000002,38.89,-0.19,-0.4886,332367.71999999997206,1297220.102999999886378
601318.SH,2023.12.15,39.149999999999998,39.560000000000002,38.729999999999996,38.789999999999999,38.700000000000002,0.09,0.2326,507911.559999999997671,1983188.835999999893829
601318.SH,2023.12.18,38.399999999999998,38.850000000000001,38.310000000000002,38.609999999999999,38.789999999999999,-0.18,-0.464,329986.710000000020954,1273512.226999999955296
601318.SH,2023.12.19,38.579999999999998,38.979999999999996,38.399999999999998,38.71,38.609999999999999,0.1,0.259,332248.700000000011641,1284615.540000000037252
601318.SH,2023.12.20,38.71,38.899999999999998,38.429999999999999,38.450000000000002,38.71,-0.26,-0.6717,299481.770000000018626,1158590.095999999903142
601318.SH,2023.12.21,38.259999999999997,38.969999999999998,38.130000000000002,38.799999999999997,38.450000000000002,0.35,0.9103,424162.619999999995343,1640116.584000000031664
601318.SH,2023.12.22,38.759999999999997,39.380000000000002,38.679999999999999,39.100000000000001,38.799999999999997,0.3,0.7732,424736.520000000018626,1656449.050000000046566
601318.SH,2023.12.25,39.049999999999997,39.280000000000001,38.909999999999996,39.179999999999999,39.100000000000001,0.08,0.2046,203255.089999999996507,795171.658000000054016
601318.SH,2023.12.26,39.179999999999999,39.179999999999999,38.82,39.100000000000001,39.179999999999999,-0.08,-0.2042,199145.829999999987194,776002.047000000020489
601318.SH,2023.12.27,39.100000000000001,39.159999999999996,38.679999999999999,39,39.100000000000001,-0.1,-0.2558,295937.830000000016298,1150904.274999999906867
601318.SH,2023.12.28,39,40.350000000000001,38.850000000000001,40.259999999999997,39,1.26,3.2308,609525.729999999981373,2429611.850000000093132
601318.SH,2023.12.29,40.060000000000002,40.439999999999997,40.049999999999997,40.299999999999997,40.259999999999997,0.04,0.0994,341077.530000000027939,1372848.49600000004284
601318.SH,2024.01.02,40.299999999999997,40.310000000000002,39.46,39.469999999999998,40.299999999999997,-0.83,-2.0596,437592.039999999979045,1740486.364999999990686
601318.SH,2024.01.03,39.469999999999998,39.659999999999996,39.189999999999997,39.399999999999998,39.469999999999998,-0.07,-0.1773,363821.510000000009313,1432855.499000000068917
601318.SH,2024.01.04,39.359999999999999,39.579999999999998,38.659999999999996,38.899999999999998,39.399999999999998,-0.5,-1.269,467391.900000000023283,1819793.95699999993667
601318.SH,2024.01.05,38.850000000000001,39.579999999999998,38.679999999999999,38.969999999999998,38.899999999999998,0.07,0.1799,499201.869999999995343,1955115.15999999991618
601318.SH,2024.01.08,38.969999999999998,39.170000000000001,38.219999999999998,38.450000000000002,38.969999999999998,-0.52,-1.3344,514731.96999999997206,1983794.141999999992549
601318.SH,2024.01.09,38.450000000000002,38.579999999999998,38.200000000000002,38.380000000000002,38.450000000000002,-0.07,-0.1821,370650.539999999979045,1423188.300999999977648
601318.SH,2024.01.10,38.289999999999999,38.450000000000002,37.82,37.82,38.380000000000002,-0.56,-1.4591,441303.799999999988358,1677706.63800000003539
601318.SH,2024.01.11,37.799999999999997,38.659999999999996,37.619999999999997,38.429999999999999,37.82,0.61,1.6129,381571.289999999979045,1457906.65100000007078
601318.SH,2024.01.12,38.189999999999997,38.539999999999999,38.030000000000001,38.030000000000001,38.429999999999999,-0.4,-1.0409,303000.539999999979045,1158392.102999999886378
601318.SH,2024.01.15,37.869999999999997,38.490000000000002,37.700000000000002,38.170000000000001,38.030000000000001,0.14,0.3681,327021.809999999997671,1244858.222999999998137
601318.SH,2024.01.16,38.039999999999999,38.759999999999997,37.939999999999997,38.700000000000002,38.170000000000001,0.53,1.3885,544962.849999999976716,2095337.500999999931082
601318.SH,2024.01.17,38.46,38.549999999999997,38.009999999999998,38.009999999999998,38.700000000000002,-0.69,-1.7829,561228.96999999997206,2148072.060000000055879
601318.SH,2024.01.18,37.75,39.030000000000001,37.64,38.990000000000001,38.009999999999998,0.98,2.5783,861543.640000000013969,3289028.90100000007078
601318.SH,2024.01.19,38.799999999999997,39.340000000000003,38.549999999999997,39.200000000000002,38.990000000000001,0.21,0.5386,639743.910000000032596,2493579.882000000216066
601318.SH,2024.01.22,39.07,39.929999999999999,38.969999999999998,39.479999999999996,39.200000000000002,0.28,0.7143,961098.630000000004656,3800265.430999999865889
601318.SH,2024.01.23,39.200000000000002,39.71,38.700000000000002,39.359999999999999,39.479999999999996,-0.12,-0.304,601720.96999999997206,2363927.976999999955296
601318.SH,2024.01.24,39.659999999999996,40.299999999999997,39.079999999999998,40.170000000000001,39.359999999999999,0.81,2.0579,761150.989999999990686,3023883.703000000212341
601318.SH,2024.01.25,40.149999999999998,41.509999999999997,40,41.149999999999998,40.170000000000001,0.98,2.4396,986581,4022141.714999999850988
601318.SH,2024.01.26,41.049999999999997,41.340000000000003,40.649999999999998,41.25,41.149999999999998,0.1,0.243,785925.239999999990686,3225824.129000000189989
601318.SH,2024.01.29,41.259999999999997,41.689999999999997,40.920000000000001,40.979999999999996,41.25,-0.27,-0.6545,620784.770000000018626,2560232.020000000018626
601318.SH,2024.01.30,40.600000000000001,40.909999999999996,40.170000000000001,40.189999999999997,40.979999999999996,-0.79,-1.9278,570639.979999999981373,2308550.032999999821186
601318.SH,2024.01.31,40.149999999999998,40.850000000000001,39.990000000000001,40.509999999999997,40.189999999999997,0.32,0.7962,557013.660000000032596,2253897.731000000145286
601318.SH,2024.02.01,40.119999999999997,40.630000000000002,39.929999999999999,40.299999999999997,40.509999999999997,-0.21,-0.5184,490924.789999999979045,1980485.848999999929219
601318.SH,2024.02.02,40.299999999999997,40.549999999999997,39,40.100000000000001,40.299999999999997,-0.2,-0.4963,690773.46999999997206,2771398.285999999847263
601318.SH,2024.02.05,40,40.990000000000001,39.679999999999999,40.679999999999999,40.100000000000001,0.58,1.4464,806147.930000000051222,3247211.013999999966472
601318.SH,2024.02.06,40.670000000000001,41.679999999999999,40.369999999999997,41.560000000000002,40.679999999999999,0.88,2.1632,823834.959999999962747,3381216.759000000078231
601318.SH,2024.02.07,41.689999999999997,42.399999999999998,41.350000000000001,42.380000000000002,41.560000000000002,0.82,1.9731,916154.040000000037252,3833614.844000000040978
601318.SH,2024.02.08,42.520000000000003,42.950000000000002,42.149999999999998,42.780000000000001,42.380000000000002,0.4,0.9438,768746.510000000009313,3274133.649000000208616
601318.SH,2024.02.19,42.990000000000001,43.079999999999998,42.520000000000003,42.729999999999996,42.780000000000001,-0.05,-0.1169,544134.270000000018626,2324847.504000000189989
601318.SH,2024.02.20,42.649999999999998,42.670000000000001,42.100000000000001,42.350000000000001,42.729999999999996,-0.38,-0.8893,469355.090000000025611,1989976.125
601318.SH,2024.02.21,42.179999999999999,44.299999999999997,42.020000000000003,43.590000000000003,42.350000000000001,1.24,2.928,1112491.93999999994412,4827664.81900000013411
601318.SH,2024.02.22,43.359999999999999,43.740000000000002,43.21,43.700000000000002,43.590000000000003,0.11,0.2524,517452.190000000002328,2252345.680000000167638
601318.SH,2024.02.23,43.679999999999999,44.450000000000002,43.600000000000001,44.07,43.700000000000002,0.37,0.8467,644216.760000000009313,2843810.762999999802559
601318.SH,2024.02.26,43.899999999999998,43.909999999999996,42.899999999999998,42.950000000000002,44.07,-1.12,-2.5414,616195.680000000051222,2667499.279000000096857
601318.SH,2024.02.27,42.82,43.149999999999998,42.700000000000002,43.119999999999997,42.950000000000002,0.17,0.3958,429012.520000000018626,1840668.678000000072643
601318.SH,2024.02.28,43.189999999999997,43.280000000000001,42.649999999999998,42.649999999999998,43.119999999999997,-0.47,-1.09,535763.589999999967403,2298186.001999999862164
601318.SH,2024.02.29,42.520000000000003,43.07,42.5,42.899999999999998,42.649999999999998,0.25,0.5862,455091.669999999983701,1948642.485000000102445
601318.SH,2024.03.01,42.799999999999997,43.090000000000003,42.520000000000003,42.990000000000001,42.899999999999998,0.09,0.2098,445773.760000000009313,1908395.624000000068917
601318.SH,2024.03.04,42.729999999999996,42.82,42.200000000000002,42.340000000000003,42.990000000000001,-0.65,-1.512,545046.800000000046566,2311470.910999999847263
601318.SH,2024.03.05,42.149999999999998,42.880000000000002,42.049999999999997,42.810000000000002,42.340000000000003,0.47,1.1101,623437.229999999981373,2650564.783999999985098
601318.SH,2024.03.06,42.789999999999999,42.909999999999996,42.46,42.5,42.810000000000002,-0.31,-0.7241,342762.830000000016298,1461294.74600000004284
601318.SH,2024.03.07,42.770000000000003,43.46,42.729999999999996,43.060000000000002,42.5,0.56,1.3176,648962.130000000004656,2796783.751000000163912
601318.SH,2024.03.08,42.869999999999997,43.200000000000002,42.549999999999997,42.880000000000002,43.060000000000002,-0.18,-0.418,372493.619999999995343,1595770.013999999966472
601318.SH,2024.03.11,42.780000000000001,43.280000000000001,42.740000000000002,43.159999999999996,42.880000000000002,0.28,0.653,435972.739999999990686,1877454.174000000115483
601318.SH,2024.03.12,43.170000000000001,43.880000000000002,42.880000000000002,43.810000000000002,43.159999999999996,0.65,1.506,679206.35999999998603,2952502.138999999966472
601318.SH,2024.03.13,43.729999999999996,43.759999999999997,42.57,42.630000000000002,43.810000000000002,-1.18,-2.6934,701215.849999999976716,3008059.27199999988079
601318.SH,2024.03.14,42.369999999999997,42.89,42.299999999999997,42.450000000000002,42.630000000000002,-0.18,-0.4222,360889.559999999997671,1535653.343000000109896
601318.SH,2024.03.15,42.509999999999997,42.64,42.020000000000003,42.479999999999996,42.450000000000002,0.03,0.0707,398675.10999999998603,1687264.408999999985098
601318.SH,2024.03.18,42.350000000000001,42.659999999999996,42.07,42.560000000000002,42.479999999999996,0.08,0.1883,416262.710000000020954,1764489.756999999983236
601318.SH,2024.03.19,42.399999999999998,42.399999999999998,41.799999999999997,41.829999999999998,42.560000000000002,-0.73,-1.7152,486015.330000000016298,2045765.03900000010617
601318.SH,2024.03.20,41.75,42.049999999999997,41.679999999999999,41.920000000000001,41.829999999999998,0.09,0.2152,283616.679999999993015,1187979.28900000010617
601318.SH,2024.03.21,42.090000000000003,42.429999999999999,41.810000000000002,42.030000000000001,41.920000000000001,0.11,0.2624,414976.239999999990686,1745351.699000000022351
601318.SH,2024.03.22,41.030000000000001,41.130000000000002,40.25,40.560000000000002,42.030000000000001,-1.47,-3.4975,1125503.679999999934807,4569953.332999999634921
601318.SH,2024.03.25,40.450000000000002,40.880000000000002,40.350000000000001,40.439999999999997,40.560000000000002,-0.12,-0.2959,437601.299999999988358,1775455.395999999949708
601318.SH,2024.03.26,40.439999999999997,40.950000000000002,40.439999999999997,40.899999999999998,40.439999999999997,0.46,1.1375,402990.630000000004656,1640298.639999999897554
601318.SH,2024.03.27,40.780000000000001,40.979999999999996,40.649999999999998,40.649999999999998,40.899999999999998,-0.25,-0.6112,346190.25,1411539.594000000040978
601318.SH,2024.03.28,40.600000000000001,41.259999999999997,40.450000000000002,40.689999999999997,40.649999999999998,0.04,0.0984,432339.950000000011641,1764795.885999999940395
601318.SH,2024.03.29,40.780000000000001,41.240000000000002,40.689999999999997,40.810000000000002,40.689999999999997,0.12,0.2949,335121.840000000025611,1370420.387000000104308
601318.SH,2024.04.01,40.950000000000002,41.25,40.899999999999998,41.25,40.810000000000002,0.44,1.0782,387062.739999999990686,1592229.351999999955296
601318.SH,2024.04.02,41.189999999999997,41.46,40.909999999999996,41,41.25,-0.25,-0.6061,399965.849999999976716,1644606.101999999955296
601318.SH,2024.04.03,40.899999999999998,41.049999999999997,40.5,40.5,41,-0.5,-1.2195,463640.10999999998603,1886029.049000000115483
601318.SH,2024.04.08,40.280000000000001,40.429999999999999,39.880000000000002,40.219999999999998,40.5,-0.28,-0.6914,435902.460000000020954,1752003.235000000102445
601318.SH,2024.04.09,40.270000000000003,40.479999999999996,40.100000000000001,40.109999999999999,40.219999999999998,-0.11,-0.2735,293924.10999999998603,1183293.256999999983236
601318.SH,2024.04.10,39.990000000000001,40.07,39.100000000000001,39.200000000000002,40.109999999999999,-0.91,-2.2688,667544.959999999962747,2638684.98300000000745
601318.SH,2024.04.11,39.030000000000001,39.14,38.609999999999999,38.950000000000002,39.200000000000002,-0.25,-0.6378,443213.650000000023283,1724750.104999999981373
601318.SH,2024.04.12,38.799999999999997,38.990000000000001,37.670000000000001,37.780000000000001,38.950000000000002,-1.17,-3.0039,918947.10999999998603,3503437.973000000230968
601318.SH,2024.04.15,37.780000000000001,38.5,37.679999999999999,38.359999999999999,37.780000000000001,0.58,1.5352,771609.089999999967403,2953703.722000000067055
601318.SH,2024.04.16,38.359999999999999,38.789999999999999,38.079999999999998,38.280000000000001,38.359999999999999,-0.08,-0.2086,626747.069999999948777,2408876.665000000037252
601318.SH,2024.04.17,38.270000000000003,39.020000000000003,38.009999999999998,38.950000000000002,38.280000000000001,0.67,1.7503,594585.290000000037252,2294242.964999999850988
601318.SH,2024.04.18,38.899999999999998,40.299999999999997,38.810000000000002,39.700000000000002,38.950000000000002,0.75,1.9255,846088.96999999997206,3365907.680999999865889
601318.SH,2024.04.19,39.469999999999998,39.780000000000001,39.200000000000002,39.420000000000001,39.700000000000002,-0.28,-0.7053,368394.909999999974388,1454378.30199999990873
601318.SH,2024.04.22,39.490000000000002,40.090000000000003,39.490000000000002,39.829999999999998,39.420000000000001,0.41,1.0401,391227.840000000025611,1559348.108999999938532
601318.SH,2024.04.23,39.82,40.100000000000001,39.609999999999999,39.89,39.829999999999998,0.06,0.1506,342653.099999999976716,1367522.865999999921768
601318.SH,2024.04.24,40.39,40.700000000000002,40.109999999999999,40.600000000000001,39.89,0.71,1.7799,549964.369999999995343,2226040.004999999888241
601318.SH,2024.04.25,40.520000000000003,41.280000000000001,40.299999999999997,41.060000000000002,40.600000000000001,0.46,1.133,582177.900000000023283,2379394.080999999772757
601318.SH,2024.04.26,40.990000000000001,41.780000000000001,40.810000000000002,41.530000000000001,41.060000000000002,0.47,1.1447,694276.060000000055879,2866574.032999999821186
601318.SH,2024.04.29,41.5,42.880000000000002,41.409999999999996,42.079999999999998,41.530000000000001,0.55,1.3243,875454.819999999948777,3696991.240000000223517
601318.SH,2024.04.30,42.079999999999998,42.159999999999996,41.32,41.359999999999999,42.079999999999998,-0.72,-1.711,518190.140000000013969,2157456.541000000201165
601318.SH,2024.05.06,43.149999999999998,43.280000000000001,42.369999999999997,42.490000000000002,41.359999999999999,1.13,2.7321,1062747.040000000037252,4554760.127000000327825
601318.SH,2024.05.07,42.5,42.789999999999999,42.189999999999997,42.590000000000003,42.490000000000002,0.1,0.2353,528152.260000000009313,2249302.992999999783933
601318.SH,2024.05.08,42.450000000000002,42.700000000000002,41.880000000000002,41.950000000000002,42.590000000000003,-0.64,-1.5027,447335.130000000004656,1888701.756000000052154
601318.SH,2024.05.09,41.869999999999997,42.579999999999998,41.859999999999999,42.340000000000003,41.950000000000002,0.39,0.9297,413541.489999999990686,1749774.912000000011175
601318.SH,2024.05.10,42.600000000000001,43.179999999999999,42.520000000000003,42.929999999999999,42.340000000000003,0.59,1.3935,677670.180000000051222,2906706.22000000020489
601318.SH,2024.05.13,42.509999999999997,42.89,42.170000000000001,42.649999999999998,42.929999999999999,-0.28,-0.6522,493480.840000000025611,2098243.66399999987334
601318.SH,2024.05.14,42.649999999999998,42.799999999999997,42.149999999999998,42.310000000000002,42.649999999999998,-0.34,-0.7972,396511.520000000018626,1679884.655999999959021
601318.SH,2024.05.15,42.280000000000001,42.299999999999997,41.659999999999996,41.840000000000003,42.310000000000002,-0.47,-1.1108,399118.799999999988358,1673203.918999999994412
601318.SH,2024.05.16,42.200000000000002,43.39,41.96,43.049999999999997,41.840000000000003,1.21,2.892,934782.270000000018626,4003945.955999999772757
601318.SH,2024.05.17,43.600000000000001,45.200000000000002,43.450000000000002,45.200000000000002,43.049999999999997,2.15,4.994200000000001,1894579.949999999953433,8380485.072999999858438
601318.SH,2024.05.20,45.700000000000002,46.07,44.829999999999998,45.46,45.200000000000002,0.26,0.5752,1479452.530000000027939,6725122.981999999843537
601318.SH,2024.05.21,45.079999999999998,45.539999999999999,45.020000000000003,45.399999999999998,45.46,-0.06,-0.132,551096.160000000032596,2495802.387999999802559
601318.SH,2024.05.22,45.299999999999997,46.049999999999997,45.149999999999998,45.399999999999998,45.399999999999998,0,0,751336.660000000032596,3432737.425999999977648
601318.SH,2024.05.23,44.920000000000001,45.170000000000001,44.520000000000003,44.780000000000001,45.399999999999998,-0.62,-1.3656,635923.130000000004656,2847873.001000000163912
601318.SH,2024.05.24,44.549999999999997,44.799999999999997,43.859999999999999,43.89,44.780000000000001,-0.89,-1.9875,541285.75,2397751.033999999985098
601318.SH,2024.05.27,44,44.39,43.880000000000002,44.100000000000001,43.89,0.21,0.4785,412742.210000000020954,1820441.915000000037252
601318.SH,2024.05.28,44.159999999999996,44.350000000000001,43.619999999999997,43.759999999999997,44.100000000000001,-0.34,-0.771,421921.789999999979045,1853750.115999999921768
601318.SH,2024.05.29,43.590000000000003,44.130000000000002,43.359999999999999,43.469999999999998,43.759999999999997,-0.29,-0.6627,439422.5,1921502.307999999960884
601318.SH,2024.05.30,43.310000000000002,43.659999999999996,42.899999999999998,43.149999999999998,43.469999999999998,-0.32,-0.7361,393954.929999999993015,1702193.304999999934807
601318.SH,2024.05.31,43.399999999999998,44.100000000000001,43.060000000000002,43.07,43.149999999999998,-0.08,-0.1854,482492.179999999993015,2100267.341000000014901
601318.SH,2024.06.03,42.990000000000001,43.46,42.609999999999999,43.130000000000002,43.07,0.06,0.1393,446518.400000000023283,1922692.311999999918043
601318.SH,2024.06.04,43.079999999999998,43.509999999999997,43.009999999999998,43.270000000000003,43.130000000000002,0.14,0.3246,398177.599999999976716,1723254.939000000013038
601318.SH,2024.06.05,43.259999999999997,43.280000000000001,42.939999999999997,43.079999999999998,43.270000000000003,-0.19,-0.4391,361880.070000000006984,1559233.050000000046566
601318.SH,2024.06.06,43.200000000000002,43.329999999999998,42.369999999999997,42.450000000000002,43.079999999999998,-0.63,-1.4624,542620.890000000013969,2313057.245000000111758
601318.SH,2024.06.07,42.600000000000001,42.780000000000001,42,42.119999999999997,42.450000000000002,-0.33,-0.7774,421393.789999999979045,1781350.639999999897554
601318.SH,2024.06.11,41.909999999999996,42.189999999999997,41.600000000000001,41.829999999999998,42.119999999999997,-0.29,-0.6885,422362.789999999979045,1767535.003000000026077
601318.SH,2024.06.12,41.829999999999998,41.899999999999998,41.359999999999999,41.399999999999998,41.829999999999998,-0.43,-1.028,398340.169999999983701,1653283.608999999938532
601318.SH,2024.06.13,41.579999999999998,41.659999999999996,41.189999999999997,41.299999999999997,41.399999999999998,-0.1,-0.2415,320428.010000000009313,1323757.554000000003725
601318.SH,2024.06.14,41.189999999999997,42.189999999999997,41.159999999999996,41.869999999999997,41.299999999999997,0.57,1.3801,635624.380000000004656,2651178.961999999824911
601318.SH,2024.06.17,41.600000000000001,41.829999999999998,41.380000000000002,41.579999999999998,41.869999999999997,-0.29,-0.6926,384727.46999999997206,1600335.662999999942257
601318.SH,2024.06.18,41.700000000000002,42.049999999999997,41.57,41.729999999999996,41.579999999999998,0.15,0.3608,353452.190000000002328,1476476.517999999923631
601318.SH,2024.06.19,41.740000000000002,42.189999999999997,41.609999999999999,42,41.729999999999996,0.27,0.647,410639.570000000006984,1721419.834999999962747
601318.SH,2024.06.20,41.990000000000001,42.07,41.509999999999997,41.509999999999997,42,-0.49,-1.1667,364789.919999999983701,1525392.591000000014901
601318.SH,2024.06.21,41.490000000000002,41.82,41.32,41.670000000000001,41.509999999999997,0.16,0.3854,385054.520000000018626,1600502.330000000074505
601318.SH,2024.06.24,41.530000000000001,42.049999999999997,41.219999999999998,41.799999999999997,41.670000000000001,0.13,0.312,445927.909999999974388,1856756.644000000087544
601318.SH,2024.06.25,41.789999999999999,42.119999999999997,41.439999999999997,41.549999999999997,41.799999999999997,-0.25,-0.5981,382835.909999999974388,1598362.558999999891966
601318.SH,2024.06.26,41.479999999999996,41.82,41.289999999999999,41.649999999999998,41.549999999999997,0.1,0.2407,265060.640000000013969,1100552.480999999912455
601318.SH,2024.06.27,41.509999999999997,41.64,41.25,41.420000000000001,41.649999999999998,-0.23,-0.5522,367974.979999999981373,1525115.715000000083819
601318.SH,2024.06.28,41.350000000000001,41.899999999999998,41.259999999999997,41.359999999999999,41.420000000000001,-0.06,-0.1449,399345.159999999974388,1661152.477999999886378
601318.SH,2024.07.01,41.409999999999996,41.670000000000001,40.64,41.619999999999997,41.359999999999999,0.26,0.6286,474197.539999999979045,1949715.777000000001862
601318.SH,2024.07.02,41.409999999999996,42.75,41.399999999999998,42.170000000000001,41.619999999999997,0.55,1.3215,568857.46999999997206,2404908.550999999977648
601318.SH,2024.07.03,42.179999999999999,42.429999999999999,41.909999999999996,42.270000000000003,42.170000000000001,0.1,0.2371,295747.880000000004656,1248330.59499999997206
601318.SH,2024.07.04,42.259999999999997,42.560000000000002,41.96,41.979999999999996,42.270000000000003,-0.29,-0.6861,324851.450000000011641,1369924.729000000050291
601318.SH,2024.07.05,41.950000000000002,42.259999999999997,40.979999999999996,41.119999999999997,41.979999999999996,-0.86,-2.0486,526717.660000000032596,2180477.666000000201165
601318.SH,2024.07.08,40.899999999999998,41.359999999999999,40.679999999999999,40.840000000000003,41.119999999999997,-0.28,-0.6809,339548.440000000002328,1388961.719000000040978
601318.SH,2024.07.09,40.829999999999998,41.590000000000003,40.46,41.520000000000003,40.840000000000003,0.68,1.665,381402.75,1565430.222000000067055
601318.SH,2024.07.10,41.07,41.929999999999999,41.07,41.859999999999999,41.520000000000003,0.34,0.8189,361273.140000000013969,1507496.307000000029802
601318.SH,2024.07.11,42.270000000000003,42.490000000000002,41.909999999999996,41.939999999999997,41.859999999999999,0.08,0.1911,375569.840000000025611,1582861.429000000003725
601318.SH,2024.07.12,42,42.859999999999999,42,42.679999999999999,41.939999999999997,0.74,1.7644,495697.260000000009313,2110496.361000000033527
601318.SH,2024.07.15,42.600000000000001,42.979999999999996,42.479999999999996,42.530000000000001,42.679999999999999,-0.15,-0.3515,354847.919999999983701,1513495.679000000003725
601318.SH,2024.07.16,42,42.109999999999999,40.679999999999999,41.189999999999997,42.530000000000001,-1.34,-3.1507,939985.040000000037252,3870524.307000000029802
601318.SH,2024.07.17,41.25,42.420000000000001,41.25,42.289999999999999,41.189999999999997,1.1,2.6706,778406.270000000018626,3268159.910999999847263
601318.SH,2024.07.18,42.189999999999997,42.64,41.96,42.369999999999997,42.289999999999999,0.08,0.1892,513624.179999999993015,2175992.699000000022351
601318.SH,2024.07.19,42.369999999999997,43.149999999999998,42.200000000000002,43.030000000000001,42.369999999999997,0.66,1.5577,610775.390000000013969,2610070.265000000130385
601318.SH,2024.07.22,43.100000000000001,43.219999999999998,42.64,43,43.030000000000001,-0.03,-0.0697,440562.039999999979045,1890312.95299999997951
601318.SH,2024.07.23,42.96,43.229999999999996,42.780000000000001,42.789999999999999,43,-0.21,-0.4884,459789.669999999983701,1978447.935000000055879
601318.SH,2024.07.24,42.799999999999997,43.030000000000001,42.350000000000001,42.560000000000002,42.789999999999999,-0.23,-0.5375,386095.429999999993015,1644933.090000000083819
601318.SH,2024.07.25,42.490000000000002,42.82,42.229999999999996,42.57,42.560000000000002,0.01,0.0235,440474.289999999979045,1874557.28499999991618
601318.SH,2024.07.26,41.149999999999998,41.700000000000002,40.75,41.090000000000003,41.079999999999998,0.01,0.0243,510377.960000000020954,2099407.783999999985098
601318.SH,2024.07.29,41.079999999999998,41.630000000000002,41.009999999999998,41.32,41.090000000000003,0.23,0.5597,305649.690000000002328,1264082.989999999990686
601318.SH,2024.07.30,41.280000000000001,41.450000000000002,41.060000000000002,41.329999999999998,41.32,0.01,0.0242,296922.390000000013969,1224450.780999999959021
601318.SH,2024.07.31,41.340000000000003,42.600000000000001,41.25,42.560000000000002,41.329999999999998,1.23,2.976,580877.82999999995809,2450880.160000000149011
601318.SH,2024.08.01,42.420000000000001,42.850000000000001,42.259999999999997,42.509999999999997,42.560000000000002,-0.05,-0.1175,325140.380000000004656,1383461.986999999964609
601318.SH,2024.08.02,42.229999999999996,42.409999999999996,41.700000000000002,41.82,42.509999999999997,-0.69,-1.6231,331372.570000000006984,1392534.223999999929219
601318.SH,2024.08.05,41.700000000000002,42.539999999999999,41.689999999999997,42,41.82,0.18,0.4304,430509.140000000013969,1813319.979000000050291
601318.SH,2024.08.06,42.369999999999997,42.479999999999996,40.64,40.899999999999998,42,-1.1,-2.619,634343.229999999981373,2614553.598000000230967
601318.SH,2024.08.07,40.920000000000001,41.109999999999999,40.679999999999999,40.700000000000002,40.899999999999998,-0.2,-0.489,299780.950000000011641,1225524.960999999893829
601318.SH,2024.08.08,40.75,41.149999999999998,40.409999999999996,40.82,40.700000000000002,0.12,0.2948,236432.410000000003492,964682.591000000014901
601318.SH,2024.08.09,40.990000000000001,41.240000000000002,40.609999999999999,40.609999999999999,40.82,-0.21,-0.5145,261784.95999999999185,1069136.979000000050291
601318.SH,2024.08.12,40.530000000000001,40.729999999999996,40.310000000000002,40.619999999999997,40.609999999999999,0.01,0.0246,152199.040000000008149,617325.021999999997206
601318.SH,2024.08.13,40.619999999999997,40.810000000000002,40.509999999999997,40.780000000000001,40.619999999999997,0.16,0.3939,166505.989999999990686,677002.645999999949708
601318.SH,2024.08.14,40.810000000000002,40.939999999999997,40.490000000000002,40.490000000000002,40.780000000000001,-0.29,-0.7111,206504.279999999998835,838935.305999999982304
601318.SH,2024.08.15,40.509999999999997,41.670000000000001,40.219999999999998,41.32,40.490000000000002,0.83,2.0499,534167.050000000046566,2202784.575999999884515
601318.SH,2024.08.16,41.32,41.75,41.25,41.609999999999999,41.32,0.29,0.7018,269573.570000000006984,1119345.317999999970197
601318.SH,2024.08.19,41.609999999999999,42.170000000000001,41.590000000000003,42.07,41.609999999999999,0.46,1.1055,287912.030000000027939,1209599.52600000007078
601318.SH,2024.08.20,42.149999999999998,42.170000000000001,41.700000000000002,41.920000000000001,42.07,-0.15,-0.3565,293762.85999999998603,1230963.341000000014901
601318.SH,2024.08.21,41.979999999999996,42.079999999999998,41.409999999999996,41.969999999999998,41.920000000000001,0.05,0.1193,236174.119999999995343,989256.297000000020489
601318.SH,2024.08.22,41.96,42.25,41.64,41.71,41.969999999999998,-0.26,-0.6195,304976.559999999997671,1275507.522000000113621
601318.SH,2024.08.23,42.039999999999999,43.46,41.929999999999999,43.350000000000001,41.71,1.64,3.9319,994234.430000000051222,4271882.126000000163912
601318.SH,2024.08.26,43.46,43.64,43.049999999999997,43.350000000000001,43.350000000000001,0,0,475805.599999999976716,2059591.115999999921768
601318.SH,2024.08.27,43.280000000000001,43.549999999999997,42.96,43.149999999999998,43.350000000000001,-0.2,-0.4614,339646.770000000018626,1467947.189000000013038
601318.SH,2024.08.28,43.240000000000002,43.380000000000002,42.929999999999999,43.189999999999997,43.149999999999998,0.04,0.0927,348394.739999999990686,1502990.665999999968335
601318.SH,2024.08.29,43.179999999999999,43.560000000000002,42.46,42.619999999999997,43.189999999999997,-0.57,-1.3197,476945.479999999981373,2045077.628999999957159
601318.SH,2024.08.30,42.71,44.530000000000001,42.71,44.030000000000001,42.619999999999997,1.41,3.3083,1100006.010000000009313,4830979.921000000089406
601318.SH,2024.09.02,43.880000000000002,44.170000000000001,43.450000000000002,43.450000000000002,44.030000000000001,-0.58,-1.3173,513171.239999999990686,2243546.044999999925494
601318.SH,2024.09.03,43.609999999999999,43.619999999999997,43.079999999999998,43.21,43.450000000000002,-0.24,-0.5524,368219.75,1593821.144000000087544
601318.SH,2024.09.04,43.219999999999998,43.64,42.450000000000002,42.64,43.21,-0.57,-1.3191,409949.059999999997671,1759519.239000000059604
601318.SH,2024.09.05,42.630000000000002,43.509999999999997,42.609999999999999,43.420000000000001,42.64,0.78,1.8293,466511.080000000016298,2014905.549000000115484
601318.SH,2024.09.06,43.420000000000001,43.979999999999996,43.159999999999996,43.25,43.420000000000001,-0.17,-0.3915,390257.75,1699389.016999999992549
601318.SH,2024.09.09,43.079999999999998,43.25,42.549999999999997,42.679999999999999,43.25,-0.57,-1.3179,401724.539999999979045,1720343.645999999949708
601318.SH,2024.09.10,42.75,43.049999999999997,42.289999999999999,42.659999999999996,42.679999999999999,-0.02,-0.0469,293655.890000000013969,1251507.269000000087544
601318.SH,2024.09.11,42.64,42.920000000000001,42.369999999999997,42.520000000000003,42.659999999999996,-0.14,-0.3282,274074.239999999990686,1167516.31499999994412
601318.SH,2024.09.12,42.729999999999996,42.770000000000003,41.82,42.600000000000001,42.520000000000003,0.08,0.1881,410838.530000000027939,1739432.818999999901279
601318.SH,2024.09.13,42.560000000000002,43.399999999999998,42.5,42.89,42.600000000000001,0.29,0.6808,344396.479999999981373,1484769.941000000108033
601318.SH,2024.09.18,43,43.789999999999999,42.929999999999999,43.700000000000002,42.89,0.81,1.8886,432638.239999999990686,1883001.067999999970197
601318.SH,2024.09.19,43.719999999999998,44.100000000000001,43.32,44.030000000000001,43.700000000000002,0.33,0.7551,466500.320000000006984,2046412.472999999998137
601318.SH,2024.09.20,43.979999999999996,44.289999999999999,43.740000000000002,44.149999999999998,44.030000000000001,0.12,0.2725,532923.729999999981373,2347055.961000000126659
601318.SH,2024.09.23,44.130000000000002,44.399999999999998,43.859999999999999,44.090000000000003,44.149999999999998,-0.06,-0.1359,295240.479999999981373,1302373.908999999985098
601318.SH,2024.09.24,44.600000000000001,46.5,44.469999999999998,46.5,44.090000000000003,2.41,5.4661,1208991.979999999981373,5518430.622999999672174
601318.SH,2024.09.25,47.600000000000001,48.200000000000002,47.25,47.359999999999999,46.5,0.86,1.8495,1382984.919999999925494,6594953.850999999791383
601318.SH,2024.09.26,47.590000000000003,50.439999999999997,47.200000000000002,50.420000000000001,47.359999999999999,3.06,6.4611,1637652.590000000083819,8023977.092000000178813
601318.SH,2024.09.27,51.899999999999998,52.159999999999996,50.700000000000002,51.899999999999998,50.420000000000001,1.48,2.9353,1394877.399999999906867,7197182.303999999538064
601318.SH,2024.09.30,54.479999999999996,57.090000000000003,54.399999999999998,57.090000000000003,51.899999999999998,5.190000000000001,10,2621254.049999999813735,14733344.153000000864267
601318.SH,2024.10.08,62.799999999999997,62.799999999999997,59.100000000000001,61.729999999999996,57.090000000000003,4.64,8.127499999999999,3961042.529999999795108,24440888.195000000298023
601318.SH,2024.10.09,60,60,55.649999999999998,55.700000000000002,61.729999999999996,-6.030000000000001,-9.7683,2855095.569999999832361,16431475.143999999389052
601318.SH,2024.10.10,56.630000000000002,60.590000000000003,56.310000000000002,58.5,55.700000000000002,2.8,5.026900000000001,2226729.68999999994412,12981664.826999999582767
601318.SH,2024.10.11,57.799999999999997,59.859999999999999,57.030000000000001,57.539999999999999,58.5,-0.96,-1.641,1312123.810000000055879,7645831.882000000216066
601318.SH,2024.10.14,58.39,59.240000000000002,57.549999999999997,58.670000000000001,57.539999999999999,1.13,1.9639,1177737.669999999925494,6884203.094999999739229
601318.SH,2024.10.15,58.579999999999998,59.280000000000001,57.090000000000003,57.189999999999997,58.670000000000001,-1.48,-2.5226,1027900.280000000027939,5988622.377000000327825
601318.SH,2024.10.16,56.780000000000001,57.829999999999998,56.609999999999999,57.380000000000002,57.189999999999997,0.19,0.3322,855016.300000000046566,4894961.074000000022351
601318.SH,2024.10.17,57.899999999999998,58.799999999999997,56.969999999999998,57,57.380000000000002,-0.38,-0.6623,783574.770000000018626,4529673.855000000447034
601318.SH,2024.10.18,56.079999999999998,58.350000000000001,54.75,57.179999999999999,56.079999999999998,1.1,1.9615,1494662.360000000102445,8417973.823999999091029
601318.SH,2024.10.21,57.399999999999998,57.469999999999998,56.179999999999999,56.899999999999998,57.179999999999999,-0.28,-0.4897,875312.57999999995809,4966469.516999999992549
601318.SH,2024.10.22,56.799999999999997,58.200000000000002,56.579999999999998,57.060000000000002,56.899999999999998,0.16,0.2812,846011.18999999994412,4835443.519999999552965
601318.SH,2024.10.23,57.200000000000002,59.299999999999997,56.899999999999998,58.310000000000002,57.060000000000002,1.25,2.1907,1191926.510000000009313,6939592.003999999724328
601318.SH,2024.10.24,57.899999999999998,58.479999999999996,57.630000000000002,58.100000000000001,58.310000000000002,-0.21,-0.3601,512730.049999999988358,2976336.248999999836087
601318.SH,2024.10.25,58.009999999999998,58.479999999999996,57.560000000000002,57.700000000000002,58.100000000000001,-0.4,-0.6885,539445.410000000032596,3122695.351999999955296
601318.SH,2024.10.28,57.780000000000001,58.060000000000002,57.079999999999998,57.5,57.700000000000002,-0.2,-0.3466,578809.869999999995343,3325855.083999999798834
601318.SH,2024.10.29,57.5,58.46,57.439999999999997,57.630000000000002,57.5,0.13,0.2261,620100.280000000027939,3591688.617999999783933
601318.SH,2024.10.30,57.490000000000002,57.909999999999996,55.679999999999999,55.969999999999998,57.630000000000002,-1.66,-2.8804,907479.260000000009313,5123310.917000000365078
601318.SH,2024.10.31,55.96,56.799999999999997,55.399999999999998,55.920000000000001,55.969999999999998,-0.05,-0.0893,757630.089999999967403,4236922.731999999843537
601318.SH,2024.11.01,56.149999999999998,57,56,56.149999999999998,55.920000000000001,0.23,0.4113,650139.25,3676222.85800000000745
601318.SH,2024.11.04,56.170000000000001,56.969999999999998,55.929999999999999,56.969999999999998,56.149999999999998,0.82,1.4604,530739.699999999953433,2993285.083000000100582
601318.SH,2024.11.05,56.82,58.880000000000002,56.280000000000001,58.75,56.969999999999998,1.78,3.1245,1201144.21999999997206,6976690.582000000402331
601318.SH,2024.11.06,58.89,59.049999999999997,56.950000000000002,57.490000000000002,58.75,-1.26,-2.1447,1262518.280000000027939,7311429.314000000245869
601318.SH,2024.11.07,57,61,56.899999999999998,60.840000000000003,57.490000000000002,3.35,5.8271,1864263.199999999953433,11055869.27199999988079
601318.SH,2024.11.08,61.200000000000002,61.490000000000002,59.009999999999998,59.119999999999997,60.840000000000003,-1.72,-2.8271,1322990.25,7922272.847000000067055
601318.SH,2024.11.11,58.130000000000002,58.520000000000003,57.520000000000003,58.399999999999998,59.119999999999997,-0.72,-1.2179,917160.069999999948777,5320862.804999999701976
601318.SH,2024.11.12,58.399999999999998,58.969999999999998,56.880000000000002,57.009999999999998,58.399999999999998,-1.39,-2.3801,962892.75,5557347.300999999977648
601318.SH,2024.11.13,56.700000000000002,57.5,56.619999999999997,57.189999999999997,57.009999999999998,0.18,0.3157,618244.930000000051222,3532487.702000000048428
601318.SH,2024.11.14,57.189999999999997,58.090000000000003,56.899999999999998,57,57.189999999999997,-0.19,-0.3322,663231.82999999995809,3815907.811999999918043
601318.SH,2024.11.15,56.899999999999998,57.479999999999996,55.799999999999997,55.799999999999997,57,-1.2,-2.1053,780597.140000000013969,4413936.480000000447034
601318.SH,2024.11.18,56.100000000000001,57.159999999999996,55.380000000000002,55.759999999999997,55.799999999999997,-0.04,-0.0717,684296.459999999962747,3851412.802000000141561
601318.SH,2024.11.19,56,56.119999999999997,55.100000000000001,55.609999999999999,55.759999999999997,-0.15,-0.269,528193,2934893.274000000208616
601318.SH,2024.11.20,55.619999999999997,55.799999999999997,55.200000000000002,55.46,55.609999999999999,-0.15,-0.2697,469971.450000000011641,2605295.419999999925494
601318.SH,2024.11.21,55.490000000000002,55.670000000000001,55.119999999999997,55.490000000000002,55.46,0.03,0.0541,410244.890000000013969,2269302.643999999854713
601318.SH,2024.11.22,55.469999999999998,55.469999999999998,53,53.030000000000001,55.490000000000002,-2.46,-4.433200000000001,1006808.130000000004656,5439029.186999999918043
601318.SH,2024.11.25,53,53.25,52.14,52.57,53.030000000000001,-0.46,-0.8674,702698.260000000009313,3704922.205000000074505
601318.SH,2024.11.26,52.5,53.270000000000003,52.369999999999997,53.049999999999997,52.57,0.48,0.9131,407618.229999999981373,2156122.895000000018626
601318.SH,2024.11.27,53.060000000000002,53.600000000000001,52.789999999999999,53.549999999999997,53.049999999999997,0.5,0.9425,444463.659999999974388,2366194.48300000000745
601318.SH,2024.11.28,53.57,53.990000000000001,52.829999999999998,53.170000000000001,53.549999999999997,-0.38,-0.7096,425502.130000000004656,2268917.373000000137835
601318.SH,2024.11.29,53.149999999999998,54.420000000000001,53.039999999999999,53.25,53.170000000000001,0.08,0.1505,563570.550000000046566,3018761.402999999932944
601318.SH,2024.12.02,53.200000000000002,54.229999999999996,53.179999999999999,54.009999999999998,53.25,0.76,1.4272,449605.900000000023283,2420512.864000000059604
601318.SH,2024.12.03,53.850000000000001,54.609999999999999,53.549999999999997,54.429999999999999,54.009999999999998,0.42,0.7776,470057.630000000004656,2544434.591000000014901
601318.SH,2024.12.04,54.179999999999999,54.340000000000003,53.71,53.929999999999999,54.429999999999999,-0.5,-0.9186,381887.35999999998603,2059281.654000000096857
601318.SH,2024.12.05,53.689999999999997,54.049999999999997,53.490000000000002,53.679999999999999,53.929999999999999,-0.25,-0.4636,295888.820000000006984,1589274.037999999942258
601318.SH,2024.12.06,53.789999999999999,55.689999999999997,53.780000000000001,55.119999999999997,53.679999999999999,1.44,2.6826,789836.810000000055879,4338822.601999999955296
601318.SH,2024.12.09,54.950000000000002,55.299999999999997,54.450000000000002,54.829999999999998,55.119999999999997,-0.29,-0.5261,510463.450000000011641,2801288.36200000019744
601318.SH,2024.12.10,56.899999999999998,57.179999999999999,55.5,55.619999999999997,54.829999999999998,0.79,1.4408,1000983.5,5649587.634999999776482
601318.SH,2024.12.11,55.609999999999999,55.929999999999999,54.880000000000002,54.899999999999998,55.619999999999997,-0.72,-1.2945,504784.239999999990686,2790301.410000000149011
601318.SH,2024.12.12,54.96,55.850000000000001,54.700000000000002,55.579999999999998,54.899999999999998,0.68,1.2386,526335.849999999976716,2909611.95699999993667
601318.SH,2024.12.13,55.200000000000002,55.21,53.679999999999999,53.740000000000002,55.579999999999998,-1.84,-3.3105,887095.880000000004656,4798656.729000000283122
601318.SH,2024.12.16,53.71,53.990000000000001,52.929999999999999,53.119999999999997,53.740000000000002,-0.62,-1.1537,658591.839999999967403,3512263.333999999798834
601318.SH,2024.12.17,52.899999999999998,53.469999999999998,52.740000000000002,53.009999999999998,53.119999999999997,-0.11,-0.2071,537693.71999999997206,2853899.354999999981373
601318.SH,2024.12.18,53.329999999999998,53.679999999999999,52.880000000000002,52.939999999999997,53.009999999999998,-0.07,-0.1321,504461.429999999993015,2683105.293000000063329
601318.SH,2024.12.19,52.600000000000001,52.939999999999997,52.350000000000001,52.89,52.939999999999997,-0.05,-0.0944,405496.280000000027939,2136614.14699999988079
601318.SH,2024.12.20,52.89,53.229999999999996,52.520000000000003,52.619999999999997,52.89,-0.27,-0.5105,461965.429999999993015,2437090.038000000175088
601318.SH,2024.12.23,52.619999999999997,53.479999999999996,52.619999999999997,53.100000000000001,52.619999999999997,0.48,0.9122,555505.46999999997206,2954746.191000000108033
601318.SH,2024.12.24,53.079999999999998,53.829999999999998,53,53.780000000000001,53.100000000000001,0.68,1.2806,495609.159999999974388,2654767.330000000074505
601318.SH,2024.12.25,53.810000000000002,54.310000000000002,53.57,53.899999999999998,53.780000000000001,0.12,0.2231,417398.960000000020954,2249897.990000000223517
601318.SH,2024.12.26,53.89,53.939999999999997,53.359999999999999,53.450000000000002,53.899999999999998,-0.45,-0.8349,379221.700000000011641,2031175.519000000087544
601318.SH,2024.12.27,53.450000000000002,53.75,52.71,53.270000000000003,53.450000000000002,-0.18,-0.3368,537757.18999999994412,2862446.916999999899417
601318.SH,2024.12.30,53.219999999999998,53.899999999999998,53.21,53.899999999999998,53.270000000000003,0.63,1.1827,533437.82999999995809,2865180.504000000189989
601318.SH,2024.12.31,53.789999999999999,54.020000000000003,52.649999999999998,52.649999999999998,53.899999999999998,-1.25,-2.3191,677117.900000000023283,3607846.473999999929219
601318.SH,2025.01.02,52.700000000000002,52.729999999999996,50.39,50.71,52.649999999999998,-1.94,-3.6847,948579.170000000041909,4877807.223000000230967
601318.SH,2025.01.03,51,51.090000000000003,50.079999999999998,50.299999999999997,50.71,-0.41,-0.8085,551351.849999999976716,2788346.287000000011175
601318.SH,2025.01.06,50.549999999999997,50.619999999999997,49.829999999999998,50.340000000000003,50.299999999999997,0.04,0.0795,413489.510000000009313,2077171.908999999985098
601318.SH,2025.01.07,50.189999999999997,50.359999999999999,49.810000000000002,50.170000000000001,50.340000000000003,-0.17,-0.3377,392787.169999999983701,1967557.698000000091269
601318.SH,2025.01.08,50.179999999999999,50.579999999999998,49.549999999999997,50.299999999999997,50.170000000000001,0.13,0.2591,510383.039999999979045,2555823.166999999899417
601318.SH,2025.01.09,50.259999999999997,50.409999999999996,49.799999999999997,49.810000000000002,50.299999999999997,-0.49,-0.9742,400821.119999999995343,2005089.617000000085681
601318.SH,2025.01.10,49.82,50.079999999999998,48.899999999999998,48.950000000000002,49.810000000000002,-0.86,-1.7266,522703.710000000020954,2576373.865999999921768
601318.SH,2025.01.13,48.479999999999996,48.799999999999997,48.100000000000001,48.590000000000003,48.950000000000002,-0.36,-0.7354,511393.150000000023283,2474824.396000000182539
601318.SH,2025.01.14,48.590000000000003,49.579999999999998,48.5,49.359999999999999,48.590000000000003,0.77,1.5847,615774.400000000023283,3024006.484000000171363
601318.SH,2025.01.15,49.25,49.659999999999996,48.909999999999996,49.109999999999999,49.359999999999999,-0.25,-0.5065,458028.520000000018626,2251226.873999999836087
601318.SH,2025.01.16,49.299999999999997,49.75,48.929999999999999,49.25,49.109999999999999,0.14,0.2851,415761.070000000006984,2052212.529000000096857
601318.SH,2025.01.17,49.100000000000001,49.57,48.770000000000003,49.380000000000002,49.25,0.13,0.264,460746.659999999974388,2273441.157000000122934
601318.SH,2025.01.20,49.719999999999998,50.299999999999997,49.659999999999996,49.810000000000002,49.380000000000002,0.43,0.8708,491736.070000000006984,2458746.69400000013411
601318.SH,2025.01.21,50.200000000000002,50.39,49.659999999999996,49.899999999999998,49.810000000000002,0.09,0.1807,409950.809999999997671,2049216.698000000091269
601318.SH,2025.01.22,49.719999999999998,49.920000000000001,48.850000000000001,48.950000000000002,49.899999999999998,-0.95,-1.9038,530780.459999999962747,2606595.141999999992549
601318.SH,2025.01.23,49.82,51.450000000000002,49.780000000000001,50.369999999999997,48.950000000000002,1.42,2.9009,969104.550000000046566,4910872.825000000186264
601318.SH,2025.01.24,50.179999999999999,51.369999999999997,50.100000000000001,50.859999999999999,50.369999999999997,0.49,0.9728,616778.85999999998603,3140198.839999999850988
601318.SH,2025.01.27,51.030000000000001,51.619999999999997,50.810000000000002,50.850000000000001,50.859999999999999,-0.01,-0.0197,524547.479999999981373,2681560.916000000201165
601318.SH,2025.02.05,50.979999999999996,51,49.670000000000001,49.719999999999998,50.850000000000001,-1.13,-2.2222,583072.300000000046566,2921528.575000000186264
601318.SH,2025.02.06,49.729999999999996,50.5,49.679999999999999,50.25,49.719999999999998,0.53,1.066,415037.239999999990686,2078321.191000000108033
601318.SH,2025.02.07,50.179999999999999,51.439999999999997,49.840000000000003,50.880000000000002,50.25,0.63,1.2537,725812.020000000018626,3679372.001000000163912
601318.SH,2025.02.10,50.89,51.359999999999999,50.799999999999997,50.899999999999998,50.880000000000002,0.02,0.0393,431814.840000000025611,2203839.896000000182539
601318.SH,2025.02.11,51.200000000000002,51.240000000000002,50.369999999999997,50.520000000000003,50.899999999999998,-0.38,-0.7466,381844,1931993.468000000109896
601318.SH,2025.02.12,50.520000000000003,51.119999999999997,50.179999999999999,51.079999999999998,50.520000000000003,0.56,1.1085,446993.780000000027939,2261445.450999999884515
601318.SH,2025.02.13,50.920000000000001,51.780000000000001,50.810000000000002,51.020000000000003,51.079999999999998,-0.06,-0.1175,590363.319999999948777,3019334.998000000137835
601318.SH,2025.02.14,50.990000000000001,51.859999999999999,50.799999999999997,51.700000000000002,51.020000000000003,0.68,1.3328,599771.60999999998603,3080098.770000000018626
601318.SH,2025.02.17,51.829999999999998,52.380000000000002,51.409999999999996,51.840000000000003,51.700000000000002,0.14,0.2708,625710.43999999994412,3245003.132999999914318
601318.SH,2025.02.18,51.670000000000001,52.179999999999999,51.200000000000002,51.310000000000002,51.840000000000003,-0.53,-1.0224,650082.339999999967403,3362664.791000000201165
601318.SH,2025.02.19,51.189999999999997,51.829999999999998,51.020000000000003,51.450000000000002,51.310000000000002,0.14,0.2729,464425.760000000009313,2388611.40100000007078
601318.SH,2025.02.20,51.229999999999996,51.310000000000002,50.659999999999996,50.780000000000001,51.450000000000002,-0.67,-1.3022,515384.780000000027939,2620444.373999999836087
601318.SH,2025.02.21,50.990000000000001,51.5,50.46,51.200000000000002,50.780000000000001,0.42,0.8271,668760.930000000051222,3415352.330999999772757
601318.SH,2025.02.24,51.200000000000002,52.479999999999996,51.049999999999997,52,51.200000000000002,0.8,1.5625,835822.739999999990686,4341042.759999999776482
601318.SH,2025.02.25,51.5,52.100000000000001,50.850000000000001,50.979999999999996,52,-1.02,-1.9615,642429.43999999994412,3298896.561999999918043
601318.SH,2025.02.26,51.100000000000001,51.780000000000001,51.030000000000001,51.619999999999997,50.979999999999996,0.64,1.2554,536578.050000000046566,2758370.36200000019744
601318.SH,2025.02.27,51.780000000000001,51.799999999999997,51.119999999999997,51.619999999999997,51.619999999999997,0,0,547240.07999999995809,2813972.257000000216066
601318.SH,2025.02.28,51.399999999999998,51.649999999999998,50.380000000000002,50.380000000000002,51.619999999999997,-1.24,-2.4022,805267.530000000027939,4102825.27199999988079
601318.SH,2025.03.03,50.549999999999997,50.82,50.060000000000002,50.329999999999998,50.380000000000002,-0.05,-0.0992,423160.830000000016298,2135730.015000000130385
601318.SH,2025.03.04,50.079999999999998,50.289999999999999,50,50.079999999999998,50.329999999999998,-0.25,-0.4967,372431.630000000004656,1867141.470999999903142
601318.SH,2025.03.05,50.179999999999999,50.549999999999997,50.009999999999998,50.380000000000002,50.079999999999998,0.3,0.599,455071.760000000009313,2287766.876000000163912
601318.SH,2025.03.06,50.770000000000003,51.929999999999999,50.530000000000001,51.64,50.380000000000002,1.26,2.501,1045821.010000000009313,5369202.399000000208616
601318.SH,2025.03.07,51.600000000000001,51.840000000000003,51.32,51.5,51.64,-0.14,-0.2711,481478.71999999997206,2481121.736000000033527
601318.SH,2025.03.10,51.509999999999997,51.659999999999996,50.780000000000001,51.25,51.5,-0.25,-0.4854,611283.420000000041909,3121852.669999999925494
601318.SH,2025.03.11,50.71,51.5,50.600000000000001,51.5,51.25,0.25,0.4878,529147.400000000023283,2702757.544000000227242
601318.SH,2025.03.12,51.5,51.600000000000001,51.009999999999998,51.149999999999998,51.5,-0.35,-0.6796,470578.010000000009313,2410921.16399999987334
601318.SH,2025.03.13,51.149999999999998,51.549999999999997,50.929999999999999,51.14,51.149999999999998,-0.01,-0.0196,411448.299999999988358,2107254.552000000141561
601318.SH,2025.03.14,51.329999999999998,53.89,51.21,53.469999999999998,51.14,2.33,4.5561,1502448.649999999906867,7945017.156000000424683
601318.SH,2025.03.17,53.469999999999998,53.619999999999997,53.100000000000001,53.380000000000002,53.469999999999998,-0.09,-0.1683,605171.760000000009313,3229662.145000000018626
601318.SH,2025.03.18,53.700000000000002,54.189999999999997,53.64,53.759999999999997,53.380000000000002,0.38,0.7119,587740.020000000018626,3164655.447000000160187
601318.SH,2025.03.19,53.679999999999999,54.299999999999997,53.57,54.07,53.759999999999997,0.31,0.5766,509874.210000000020954,2751845.205999999772757
601318.SH,2025.03.20,54.049999999999997,54.060000000000002,52.229999999999996,52.490000000000002,54.07,-1.58,-2.9221,1140723.459999999962747,6007424.559000000357627
601318.SH,2025.03.21,52.399999999999998,52.659999999999996,51.679999999999999,51.75,52.490000000000002,-0.74,-1.4098,795714.680000000051222,4145943.294999999925494
601318.SH,2025.03.24,51.82,52.280000000000001,51.82,52.130000000000002,51.75,0.38,0.7343,508656.900000000023283,2646991.166000000201165
601318.SH,2025.03.25,52.149999999999998,52.21,51.82,51.96,52.130000000000002,-0.17,-0.3261,344402.239999999990686,1790739.699000000022351
601318.SH,2025.03.26,51.979999999999996,52.090000000000003,51.719999999999998,51.719999999999998,51.96,-0.24,-0.4619,403994.60999999998603,2094936.175999999977648
601318.SH,2025.03.27,51.71,52.450000000000002,51.530000000000001,52.060000000000002,51.719999999999998,0.34,0.6574,432168.71999999997206,2248679.010999999940395
601318.SH,2025.03.28,52.200000000000002,52.369999999999997,51.850000000000001,51.96,52.060000000000002,-0.1,-0.1921,353663.530000000027939,1841078.405999999959021
601318.SH,2025.03.31,51.899999999999998,52.25,51.39,51.630000000000002,51.96,-0.33,-0.6351,468389.710000000020954,2423816.080000000074505
601318.SH,2025.04.01,51.600000000000001,51.859999999999999,51.409999999999996,51.619999999999997,51.630000000000002,-0.01,-0.0194,394320.570000000006984,2035352.504999999888241
601318.SH,2025.04.02,51.579999999999998,51.96,51.530000000000001,51.859999999999999,51.619999999999997,0.24,0.4649,283274.270000000018626,1467236.070999999996274
601318.SH,2025.04.03,51.39,52,51.380000000000002,51.479999999999996,51.859999999999999,-0.38,-0.7327,373347.820000000006984,1927750.540000000037252
601318.SH,2025.04.07,49.299999999999997,49.770000000000003,47,48.560000000000002,51.479999999999996,-2.92,-5.672100000000001,1727558.40999999991618,8362219.628999999724328
601318.SH,2025.04.08,48.549999999999997,49.259999999999997,48.100000000000001,49.259999999999997,48.560000000000002,0.7,1.4415,1117529.770000000018626,5446468.218000000342726
601318.SH,2025.04.09,48.799999999999997,49.25,48.359999999999999,48.929999999999999,49.259999999999997,-0.33,-0.6699,737906.5,3604799.242000000085681
601318.SH,2025.04.10,49.359999999999999,49.799999999999997,49.21,49.479999999999996,48.929999999999999,0.55,1.1241,657915.449999999953433,3258096.137999999802559
601318.SH,2025.04.11,49.479999999999996,49.539999999999999,48.979999999999996,49.350000000000001,49.479999999999996,-0.13,-0.2627,450121.059999999997671,2216984.586000000126659
601318.SH,2025.04.14,49.600000000000001,49.850000000000001,49.439999999999997,49.479999999999996,49.350000000000001,0.13,0.2634,387484.140000000013969,1922228.962000000057741
601318.SH,2025.04.15,49.479999999999996,49.969999999999998,49.259999999999997,49.829999999999998,49.479999999999996,0.35,0.7074,407762.10999999998603,2021902.571999999927356
601318.SH,2025.04.16,49.719999999999998,50.170000000000001,49.399999999999998,49.880000000000002,49.829999999999998,0.05,0.1003,467923.5,2323052.330000000074505
601318.SH,2025.04.17,49.689999999999997,50.280000000000001,49.579999999999998,50.159999999999996,49.880000000000002,0.28,0.5613,377042.890000000013969,1884423.296000000089406
601318.SH,2025.04.18,50.049999999999997,50.659999999999996,49.950000000000002,50.439999999999997,50.159999999999996,0.28,0.5582,338811,1706307.227999999886378
601318.SH,2025.04.21,50.399999999999998,50.609999999999999,50.200000000000002,50.280000000000001,50.439999999999997,-0.16,-0.3172,263784.059999999997671,1329681.851999999955296
601318.SH,2025.04.22,50.200000000000002,50.789999999999999,50.119999999999997,50.57,50.280000000000001,0.29,0.5768,355097.830000000016298,1793621.625999999931082
601318.SH,2025.04.23,50.759999999999997,50.950000000000002,50.46,50.700000000000002,50.57,0.13,0.2571,298773.210000000020954,1515452.317000000039115
601318.SH,2025.04.24,50.700000000000002,51.479999999999996,50.700000000000002,51.219999999999998,50.700000000000002,0.52,1.0256,423839.429999999993015,2170142.049000000115483
601318.SH,2025.04.25,51.240000000000002,51.590000000000003,51.219999999999998,51.329999999999998,51.219999999999998,0.11,0.2148,368499.390000000013969,1894916.290999999968335
601318.SH,2025.04.28,50.420000000000001,51.340000000000003,50.030000000000001,51.21,51.329999999999998,-0.12,-0.2338,518665.5,2632952.958999999798834
601318.SH,2025.04.29,51.170000000000001,51.64,50.859999999999999,51,51.21,-0.21,-0.4101,337540.049999999988358,1725062.887000000104308
601318.SH,2025.04.30,51.100000000000001,51.549999999999997,50.679999999999999,50.71,51,-0.29,-0.5686,377944.260000000009313,1927976.843000000109896
601318.SH,2025.05.06,51,51.149999999999998,50.549999999999997,50.799999999999997,50.71,0.09,0.1775,391512.450000000011641,1992284.114999999990686
601318.SH,2025.05.07,51.420000000000001,51.630000000000002,51.030000000000001,51.179999999999999,50.799999999999997,0.38,0.748,420639.71999999997206,2156676.083999999798834
601318.SH,2025.05.08,51.009999999999998,52.350000000000001,50.899999999999998,51.96,51.179999999999999,0.78,1.524,671349.930000000051222,3487932.290000000037252
601318.SH,2025.05.09,51.909999999999996,52.159999999999996,51.75,51.75,51.96,-0.21,-0.4042,290709.229999999981373,1507958.915000000037252
601318.SH,2025.05.12,52.229999999999996,52.75,52,52.600000000000001,51.75,0.85,1.6425,577371.699999999953433,3028226.078999999910593
601318.SH,2025.05.13,52.789999999999999,52.789999999999999,52.25,52.46,52.600000000000001,-0.14,-0.2662,403920.119999999995343,2117089.328999999910593
601318.SH,2025.05.14,52.450000000000002,55.179999999999999,52.340000000000003,54.689999999999997,52.46,2.23,4.2509,1577229.610000000102445,8541172.665999999269843
601318.SH,2025.05.15,54.39,54.799999999999997,54.100000000000001,54.25,54.689999999999997,-0.44,-0.8045,569303.420000000041909,3095268.720999999903142
601318.SH,2025.05.16,54.049999999999997,54.439999999999997,53.380000000000002,53.39,54.25,-0.86,-1.5853,466129.510000000009313,2499109.899000000208616
601318.SH,2025.05.19,53.289999999999999,53.729999999999996,53.200000000000002,53.299999999999997,53.39,-0.09,-0.1686,324266.239999999990686,1730493.311999999918043
601318.SH,2025.05.20,53.450000000000002,54.179999999999999,53.399999999999998,53.679999999999999,53.299999999999997,0.38,0.7129,352669,1895934.591999999945983
601318.SH,2025.05.21,53.700000000000002,54.399999999999998,53.700000000000002,53.850000000000001,53.679999999999999,0.17,0.3167,333065.820000000006984,1800759.243999999947845
601318.SH,2025.05.22,53.759999999999997,53.990000000000001,53.530000000000001,53.840000000000003,53.850000000000001,-0.01,-0.0186,240657.649999999994179,1294403.114000000059604
601318.SH,2025.05.23,53.810000000000002,54.46,53.170000000000001,53.229999999999996,53.840000000000003,-0.61,-1.133,430491.35999999998603,2314052.45699999993667
601318.SH,2025.05.26,53.159999999999996,54.149999999999998,53,53.399999999999998,53.229999999999996,0.17,0.3194,388129.679999999993015,2078107.530999999959021
601318.SH,2025.05.27,53.399999999999998,53.859999999999999,53.299999999999997,53.399999999999998,53.399999999999998,0,0,255725.309999999997671,1368911.111999999964609
601318.SH,2025.05.28,53.399999999999998,53.689999999999997,53.119999999999997,53.289999999999999,53.399999999999998,-0.11,-0.206,261697.940000000002328,1396312.012000000104308
601318.SH,2025.05.29,53.299999999999997,53.829999999999998,53.090000000000003,53.520000000000003,53.289999999999999,0.23,0.4316,348682.619999999995343,1868004.330000000074505
601318.SH,2025.05.30,53.369999999999997,53.689999999999997,52.850000000000001,53.280000000000001,53.520000000000003,-0.24,-0.4484,417238.549999999988358,2221553.128000000026077
601318.SH,2025.06.03,53.21,54.109999999999999,53,53.850000000000001,53.280000000000001,0.57,1.0698,453738.210000000020954,2430686.98700000019744
601318.SH,2025.06.04,53.609999999999999,54.149999999999998,53.609999999999999,53.759999999999997,53.850000000000001,-0.09,-0.1671,430896.809999999997671,2322941.429000000003725
601318.SH,2025.06.05,53.770000000000003,54.179999999999999,53.659999999999996,53.990000000000001,53.759999999999997,0.23,0.4278,419099.900000000023283,2260023.899999999906867
601318.SH,2025.06.06,54,54.119999999999997,53.350000000000001,53.409999999999996,53.990000000000001,-0.58,-1.0743,408553.299999999988358,2191002.62099999981001
601318.SH,2025.06.09,53.549999999999997,53.939999999999997,53.5,53.719999999999998,53.409999999999996,0.31,0.5804,397887.270000000018626,2137162.080999999772757
601318.SH,2025.06.10,53.71,54.100000000000001,53.310000000000002,53.429999999999999,53.719999999999998,-0.29,-0.5398,467079.450000000011641,2510066.316999999806284
601318.SH,2025.06.11,53.399999999999998,54.649999999999998,53.399999999999998,54.46,53.429999999999999,1.03,1.9278,681830.150000000023283,3704026.067999999970197
601318.SH,2025.06.12,54.299999999999997,55.329999999999998,54.030000000000001,54.810000000000002,54.46,0.35,0.6427,589999.060000000055879,3231103.729999999981373
601318.SH,2025.06.13,54.829999999999998,54.899999999999998,54.280000000000001,54.479999999999996,54.810000000000002,-0.33,-0.6021,480228.960000000020954,2616565.69400000013411
601318.SH,2025.06.16,54.329999999999998,54.579999999999998,54.060000000000002,54.32,54.479999999999996,-0.16,-0.2937,496770.75,2697778.319999999832361
601318.SH,2025.06.17,54.299999999999997,54.509999999999997,53.939999999999997,54.229999999999996,54.32,-0.09,-0.1657,506288.780000000027939,2745763.183000000193715
601318.SH,2025.06.18,54.179999999999999,54.280000000000001,53.299999999999997,53.810000000000002,54.229999999999996,-0.42,-0.7745,469363.799999999988358,2518852.918000000063329
601318.SH,2025.06.19,53.689999999999997,53.799999999999997,53.119999999999997,53.200000000000002,53.810000000000002,-0.61,-1.1336,401880.780000000027939,2143533.731000000145286
601318.SH,2025.06.20,53.189999999999997,54.859999999999999,53.189999999999997,54.740000000000002,53.200000000000002,1.54,2.8947,847430.46999999997206,4606219.514999999664723
601318.SH,2025.06.23,54.5,55.25,54.259999999999997,55.100000000000001,54.740000000000002,0.36,0.6577,614705.130000000004656,3373267.493999999947845
601318.SH,2025.06.24,55.21,56.969999999999998,55.200000000000002,56.789999999999999,55.100000000000001,1.69,3.0672,1040797.890000000013969,5873914.856999999843537
601318.SH,2025.06.25,56.799999999999997,58,56.579999999999998,57.880000000000002,56.789999999999999,1.09,1.9194,1046131.319999999948777,5998384.734000000171363
601318.SH,2025.06.26,57.789999999999999,58.079999999999998,57.469999999999998,57.579999999999998,57.880000000000002,-0.3,-0.5183,500739.809999999997671,2888896.788000000175088
601318.SH,2025.06.27,57.579999999999998,58.130000000000002,56.609999999999999,56.96,57.579999999999998,-0.62,-1.0768,667631.670000000041909,3832894.682000000029802
601318.SH,2025.06.30,55.5,55.950000000000002,55.130000000000002,55.479999999999996,55.359999999999999,0.12,0.2168,564781.949999999953433,3133724.720000000204891
601318.SH,2025.07.01,55.659999999999996,55.89,55.299999999999997,55.700000000000002,55.479999999999996,0.22,0.3965,352746.35999999998603,1961556.960999999893829
601318.SH,2025.07.02,55.700000000000002,56.009999999999998,55.350000000000001,55.810000000000002,55.700000000000002,0.11,0.1975,395629.020000000018626,2204210.316000000108033
601318.SH,2025.07.03,55.899999999999998,56.200000000000002,55.659999999999996,55.799999999999997,55.810000000000002,-0.01,-0.0179,325100.599999999976716,1817404.361999999964609
601318.SH,2025.07.04,55.700000000000002,57.39,55.429999999999999,56.57,55.799999999999997,0.77,1.3799,654544.050000000046566,3695501.72899999981746
601318.SH,2025.07.07,56.590000000000003,56.799999999999997,56.060000000000002,56.429999999999999,56.57,-0.14,-0.2475,321762.780000000027939,1813966.808999999891966
601318.SH,2025.07.08,56.399999999999998,56.780000000000001,56.109999999999999,56.450000000000002,56.429999999999999,0.02,0.0354,343459.71999999997206,1939149.952000000048428
601318.SH,2025.07.09,56.450000000000002,56.780000000000001,55.880000000000002,55.899999999999998,56.450000000000002,-0.55,-0.9743,395462.789999999979045,2223715.808000000193715
601318.SH,2025.07.10,55.899999999999998,57.579999999999998,55.810000000000002,57.130000000000002,55.899999999999998,1.23,2.2004,828881.530000000027939,4726621.457000000402331
601318.SH,2025.07.11,57,59.020000000000003,56.96,57.71,57.130000000000002,0.58,1.0152,1076428.93999999994412,6269330.973000000230968
601318.SH,2025.07.14,57.689999999999997,58.240000000000002,57.57,57.57,57.71,-0.14,-0.2426,449057.619999999995343,2598863.546999999787658
601318.SH,2025.07.15,57.75,57.96,56.979999999999996,57.100000000000001,57.57,-0.47,-0.8164,441725.530000000027939,2535144.762000000104308
601318.SH,2025.07.16,57.170000000000001,57.240000000000002,56.21,56.829999999999998,57.100000000000001,-0.27,-0.4729,481824.599999999976716,2728239.344000000040978
601318.SH,2025.07.17,56.700000000000002,57.060000000000002,56.679999999999999,56.810000000000002,56.829999999999998,-0.02,-0.0352,277123.429999999993015,1575012.870000000111758
601318.SH,2025.07.18,56.950000000000002,57.450000000000002,56.859999999999999,57.07,56.810000000000002,0.26,0.4577,436239.950000000011641,2492884.492999999783933
601318.SH,2025.07.21,57.149999999999998,57.75,56.899999999999998,57.189999999999997,57.07,0.12,0.2103,466733.429999999993015,2671242.929000000003725
601318.SH,2025.07.22,57.189999999999997,57.200000000000002,56.100000000000001,56.700000000000002,57.189999999999997,-0.49,-0.8568,695203.25,3930402.69400000013411
601318.SH,2025.07.23,56.840000000000003,58.380000000000002,56.810000000000002,58,56.700000000000002,1.3,2.2928,869406.739999999990686,5020698.334999999962747
601318.SH,2025.07.24,57.969999999999998,59,57.71,58.64,58,0.64,1.1034,707737.380000000004656,4142271.384999999776482
601318.SH,2025.07.25,58.299999999999997,58.549999999999997,57.82,58.079999999999998,58.64,-0.56,-0.955,508334.570000000006984,2958837.43999999994412
601318.SH,2025.07.28,58.200000000000002,60.200000000000002,58.200000000000002,60.090000000000003,58.079999999999998,2.01,3.4607,1221217.330000000074505,7297531.196999999694526
601318.SH,2025.07.29,60.060000000000002,60.280000000000001,59.369999999999997,59.490000000000002,60.090000000000003,-0.6,-0.9985,566092,3380012.575000000186264
601318.SH,2025.07.30,59.479999999999996,61.329999999999998,59.350000000000001,60.71,59.490000000000002,1.22,2.0508,921992.709999999962747,5600001.966000000014901
601318.SH,2025.07.31,60.409999999999996,60.5,58.380000000000002,58.689999999999997,60.71,-2.02,-3.3273,827600.699999999953433,4910516.274000000208616
601318.SH,2025.08.01,58.679999999999999,59.060000000000002,58.079999999999998,58.200000000000002,58.689999999999997,-0.49,-0.8349,488786.239999999990686,2860162.236000000033527
601318.SH,2025.08.04,58.100000000000001,58.340000000000003,57.850000000000001,58.21,58.200000000000002,0.01,0.0172,360078.320000000006984,2092312.969000000040978
601318.SH,2025.08.05,58.299999999999997,59.409999999999996,58.200000000000002,59.14,58.21,0.93,1.5977,482956.140000000013969,2837798.908999999985098
601318.SH,2025.08.06,59.14,59.64,58.82,59.060000000000002,59.14,-0.08,-0.1353,324468.729999999981373,1916931.441000000108033
601318.SH,2025.08.07,59.109999999999999,59.46,58.530000000000001,58.880000000000002,59.060000000000002,-0.18,-0.3048,327971.530000000027939,1932522.823000000091269
601318.SH,2025.08.08,58.880000000000002,58.899999999999998,58.219999999999998,58.539999999999999,58.880000000000002,-0.34,-0.5774,397933.320000000006984,2331643.859999999869614
601318.SH,2025.08.11,58.770000000000003,59.14,58.469999999999998,58.469999999999998,58.539999999999999,-0.07,-0.1196,431869.10999999998603,2535939.660999999847263
601318.SH,2025.08.12,58.469999999999998,59.07,58.469999999999998,58.75,58.469999999999998,0.28,0.4789,426985.450000000011641,2507882.891999999992549
601318.SH,2025.08.13,58.920000000000001,59.399999999999998,58.46,58.609999999999999,58.75,-0.14,-0.2383,728453.199999999953433,4285477.115000000223517
601318.SH,2025.08.14,58.799999999999997,60.600000000000001,58.770000000000003,59.619999999999997,58.609999999999999,1.01,1.7233,1022767.510000000009313,6132887.144999999552965
601318.SH,2025.08.15,59.600000000000001,60.450000000000002,59,59.799999999999997,59.619999999999997,0.18,0.3019,892968.10999999998603,5342602.446999999694526
601318.SH,2025.08.18,59.920000000000001,60.350000000000001,59.340000000000003,59.340000000000003,59.799999999999997,-0.46,-0.7692,957262.819999999948777,5730767.230000000447034
601318.SH,2025.08.19,59.770000000000003,60.179999999999999,58.079999999999998,58.200000000000002,59.340000000000003,-1.14,-1.9211,954809.959999999962747,5626016.59999999962747
601318.SH,2025.08.20,58.090000000000003,59.200000000000002,57.689999999999997,59.200000000000002,58.200000000000002,1,1.7182,762724.839999999967403,4453267.554999999701976
601318.SH,2025.08.21,59.200000000000002,59.96,58.909999999999996,59.619999999999997,59.200000000000002,0.42,0.7095,574600.930000000051222,3420554.066000000108033
601318.SH,2025.08.22,59.509999999999997,60.509999999999997,59.439999999999997,60.5,59.619999999999997,0.88,1.476,780974.270000000018626,4689312.103000000119209
601318.SH,2025.08.25,60.600000000000001,61.049999999999997,60.109999999999999,61,60.5,0.5,0.8264,670112.680000000051222,4065994.393999999854713
601318.SH,2025.08.26,60.899999999999998,61,60.450000000000002,60.520000000000003,61,-0.48,-0.7869,491986.280000000027939,2984830.237999999895691
601318.SH,2025.08.27,60.380000000000002,60.450000000000002,58.689999999999997,58.689999999999997,60.520000000000003,-1.83,-3.0238,1064557.860000000102445,6325335.934000000357627
601318.SH,2025.08.28,58.75,59.119999999999997,58.310000000000002,58.840000000000003,58.689999999999997,0.15,0.2556,636104.660000000032596,3734301.052999999839812
601318.SH,2025.08.29,58.950000000000002,61.100000000000001,58.939999999999997,59.880000000000002,58.840000000000003,1.04,1.7675,1080309.229999999981373,6488619.820000000298023
601318.SH,2025.09.01,59.789999999999999,59.789999999999999,58.329999999999998,58.509999999999997,59.880000000000002,-1.37,-2.2879,948524.890000000013969,5566516.442999999970197
601318.SH,2025.09.02,58.5,58.799999999999997,58.219999999999998,58.659999999999996,58.509999999999997,0.15,0.2564,649036.32999999995809,3797585.375
601318.SH,2025.09.03,58.939999999999997,59.100000000000001,57.359999999999999,57.780000000000001,58.659999999999996,-0.88,-1.5002,714746.420000000041909,4150607.723000000230967
601318.SH,2025.09.04,57.770000000000003,57.969999999999998,57.060000000000002,57.5,57.780000000000001,-0.28,-0.4846,727436.069999999948777,4183559.780999999959021
601318.SH,2025.09.05,57.5,58.060000000000002,57.030000000000001,57.899999999999998,57.5,0.4,0.6957,558184.270000000018626,3207319.734999999869614
601318.SH,2025.09.08,57.759999999999997,58.039999999999999,57.32,57.700000000000002,57.899999999999998,-0.2,-0.3454,487733.390000000013969,2814135.141999999992549
601318.SH,2025.09.09,57.759999999999997,58.289999999999999,57.549999999999997,58,57.700000000000002,0.3,0.5199,518911.440000000002328,3004298.501000000163912
601318.SH,2025.09.10,57.770000000000003,58.159999999999996,57.619999999999997,57.869999999999997,58,-0.13,-0.2241,308469.739999999990686,1786675.715000000083819
601318.SH,2025.09.11,57.899999999999998,58.689999999999997,57.600000000000001,58.689999999999997,57.869999999999997,0.82,1.417,595072.069999999948777,3464480.18999999994412
601318.SH,2025.09.12,58.979999999999996,59.200000000000002,57.5,57.679999999999999,58.689999999999997,-1.01,-1.7209,735376.270000000018626,4277497.748999999836087
601318.SH,2025.09.15,57.649999999999998,57.990000000000001,57.090000000000003,57.329999999999998,57.679999999999999,-0.35,-0.6068,546842.420000000041909,3147658.745000000111758
601318.SH,2025.09.16,57.350000000000001,57.450000000000002,56.5,56.619999999999997,57.329999999999998,-0.71,-1.2384,685713.60999999998603,3894056.719000000040978
601318.SH,2025.09.17,56.659999999999996,56.969999999999998,56.450000000000002,56.57,56.619999999999997,-0.05,-0.0883,684651.869999999995343,3878151.157000000122934
601318.SH,2025.09.18,56.64,56.670000000000001,55.109999999999999,55.280000000000001,56.57,-1.29,-2.2804,1012073.560000000055879,5649599.208999999798834
601318.SH,2025.09.19,55.289999999999999,56,55,55.100000000000001,55.280000000000001,-0.18,-0.3256,543321.10999999998603,3008279.779999999795108
601318.SH,2025.09.22,55.369999999999997,55.649999999999998,55,55.149999999999998,55.100000000000001,0.05,0.0907,374437.679999999993015,2068811.783999999985098
601318.SH,2025.09.23,55.030000000000001,55.789999999999999,54.740000000000002,55.020000000000003,55.149999999999998,-0.13,-0.2357,612960.959999999962747,3385890.145000000018626
601318.SH,2025.09.24,55.289999999999999,55.75,54.950000000000002,55.289999999999999,55.020000000000003,0.27,0.4907,503174.330000000016298,2781363.924999999813735
601318.SH,2025.09.25,55.280000000000001,55.39,55.030000000000001,55.090000000000003,55.289999999999999,-0.2,-0.3617,514296.159999999974388,2838283.234000000171363
601318.SH,2025.09.26,55.020000000000003,55.549999999999997,54.659999999999996,55.219999999999998,55.090000000000003,0.13,0.236,548621.869999999995343,3021459.544000000227242
601318.SH,2025.09.29,55.179999999999999,57.32,55.030000000000001,56.009999999999998,55.219999999999998,0.79,1.4306,1035109.920000000041909,5816595.782999999821186
601318.SH,2025.09.30,55.799999999999997,56.200000000000002,55,55.109999999999999,56.009999999999998,-0.9,-1.6069,767081.869999999995343,4247640.485000000335276
601318.SH,2025.10.09,55.039999999999999,55.280000000000001,54.25,55.039999999999999,55.109999999999999,-0.07,-0.127,824067.479999999981373,4521397.150000000372529
601318.SH,2025.10.10,54.729999999999996,55.969999999999998,54.729999999999996,55.539999999999999,55.039999999999999,0.5,0.9084,641465.319999999948777,3560844.773000000044703
601318.SH,2025.10.13,54.509999999999997,55.329999999999998,54.509999999999997,55.100000000000001,55.539999999999999,-0.44,-0.7922,609655.979999999981373,3353288.998000000137835
601318.SH,2025.10.14,55.579999999999998,56.679999999999999,55.520000000000003,56.479999999999996,55.100000000000001,1.38,2.5045,1022940.25,5757976.24100000038743
601318.SH,2025.10.15,56.479999999999996,57.969999999999998,56.299999999999997,57.810000000000002,56.479999999999996,1.33,2.3548,837046.280000000027939,4793965.559000000357627
601318.SH,2025.10.16,57.679999999999999,58.579999999999998,57.609999999999999,58.020000000000003,57.810000000000002,0.21,0.3633,681478.199999999953433,3966486.441000000108033
601318.SH,2025.10.17,58,58.479999999999996,57.170000000000001,57.280000000000001,58.020000000000003,-0.74,-1.2754,677492.810000000055879,3916934.526999999769032
601318.SH,2025.10.20,58.329999999999998,58.57,57.450000000000002,57.899999999999998,57.280000000000001,0.62,1.0824,526694.68999999994412,3058431.634000000078231
601318.SH,2025.10.21,57.929999999999999,58.920000000000001,57.929999999999999,58.079999999999998,57.899999999999998,0.18,0.3109,762200.489999999990686,4456452.770999999716877
601318.SH,2025.10.22,58,58.5,57.929999999999999,58.21,58.079999999999998,0.13,0.2238,379892.659999999974388,2211002.990999999921768
601318.SH,2025.10.23,58.219999999999998,58.869999999999997,58.090000000000003,58.75,58.21,0.54,0.9277,503501.039999999979045,2943942.595999999903142
601318.SH,2025.10.24,58.14,58.490000000000002,57.75,57.880000000000002,57.799999999999997,0.08,0.1384,558241.699999999953433,3240224.544999999925494
601318.SH,2025.10.27,58,58.39,57.5,57.75,57.880000000000002,-0.13,-0.2246,685004.380000000004656,3964893.063000000081956
601318.SH,2025.10.28,57.789999999999999,58.229999999999996,57.619999999999997,57.759999999999997,57.75,0.01,0.0173,491305.080000000016298,2842864.953000000212341
601318.SH,2025.10.29,58.600000000000001,59.700000000000002,58.490000000000002,58.950000000000002,57.759999999999997,1.19,2.0602,1044431.60999999998603,6172236.794999999925494
601318.SH,2025.10.30,59.299999999999997,60.100000000000001,58.579999999999998,58.649999999999998,58.950000000000002,-0.3,-0.5089,745712.82999999995809,4424147.711000000126659
601318.SH,2025.10.31,58.990000000000001,58.990000000000001,57.799999999999997,57.829999999999998,58.649999999999998,-0.82,-1.3981,572541.540000000037252,3331214.748000000137835
601318.SH,2025.11.03,58.270000000000003,58.700000000000002,57.859999999999999,58.310000000000002,57.829999999999998,0.48,0.83,411430.330000000016298,2399870.470000000204891
601318.SH,2025.11.04,58.350000000000001,59.130000000000002,58.200000000000002,58.939999999999997,58.310000000000002,0.63,1.0804,518126,3045009.961000000126659
601318.SH,2025.11.05,58.399999999999998,58.840000000000003,57.920000000000001,58.32,58.939999999999997,-0.62,-1.0519,402157.849999999976716,2348603.001000000163912
601318.SH,2025.11.06,58.350000000000001,59.280000000000001,58.340000000000003,58.899999999999998,58.32,0.58,0.9945,547345.989999999990686,3224909.538000000175088
601318.SH,2025.11.07,58.780000000000001,59.149999999999998,58.659999999999996,58.89,58.899999999999998,-0.01,-0.017,371910.409999999974388,2191134.861000000033527
601318.SH,2025.11.10,58.850000000000001,59.399999999999998,58.439999999999997,59.299999999999997,58.89,0.41,0.6962,529487.209999999962747,3132320.905999999959021
601318.SH,2025.11.11,59.299999999999997,59.5,58.810000000000002,59.200000000000002,59.299999999999997,-0.1,-0.1686,362503.760000000009313,2143772.916999999899417
601318.SH,2025.11.12,59.299999999999997,60.789999999999999,59.299999999999997,60.030000000000001,59.200000000000002,0.83,1.402,1490245.840000000083819,8994592.303999999538064
601318.SH,2025.11.13,60.289999999999999,61.380000000000002,60.289999999999999,60.880000000000002,60.030000000000001,0.85,1.416,890186.989999999990686,5421878.882000000216066
601318.SH,2025.11.14,60.850000000000001,62.270000000000003,60.649999999999998,60.649999999999998,60.880000000000002,-0.23,-0.3778,752741.010000000009313,4630168.805999999865889
601318.SH,2025.11.17,60.689999999999997,61,59.46,59.829999999999998,60.649999999999998,-0.82,-1.352,560197.160000000032596,3354710.745000000111758
601318.SH,2025.11.18,59.670000000000001,60.149999999999998,59.479999999999996,59.619999999999997,59.829999999999998,-0.21,-0.351,445712.179999999993015,2663627.683999999891966
601318.SH,2025.11.19,59.799999999999997,61.119999999999997,59.71,60.369999999999997,59.619999999999997,0.75,1.258,705865.089999999967403,4268493.623999999836087
601318.SH,2025.11.20,60.600000000000001,61.149999999999998,60.030000000000001,60.200000000000002,60.369999999999997,-0.17,-0.2816,394490.640000000013969,2387256.691000000108033
601318.SH,2025.11.21,60,60.100000000000001,58.880000000000002,58.909999999999996,60.200000000000002,-1.29,-2.1429,685579.68999999994412,4067315.651999999769032
601318.SH,2025.11.24,59.159999999999996,59.200000000000002,58.350000000000001,58.399999999999998,58.909999999999996,-0.51,-0.8657,534709.18999999994412,3141756.214000000152736
601318.SH,2025.11.25,58.679999999999999,59.82,58.229999999999996,59.469999999999998,58.399999999999998,1.07,1.8322,487770.96999999997206,2887514.429000000003725
601318.SH,2025.11.26,59.659999999999996,60.219999999999998,59.32,59.780000000000001,59.469999999999998,0.31,0.5213,434692.729999999981373,2598031.333000000100582
601318.SH,2025.11.27,59.5,59.729999999999996,58.700000000000002,59.340000000000003,59.780000000000001,-0.44,-0.736,505700.869999999995343,2993560.813000000081956
601318.SH,2025.11.28,59.21,59.289999999999999,58.509999999999997,58.990000000000001,59.340000000000003,-0.35,-0.5898,433558.140000000013969,2553839.885999999940395
601318.SH,2025.12.01,58.909999999999996,59.179999999999999,58.409999999999996,58.630000000000002,58.990000000000001,-0.36,-0.6103,445804.059999999997671,2614280.155999999959021
601318.SH,2025.12.02,58.799999999999997,59.399999999999998,58.450000000000002,58.799999999999997,58.630000000000002,0.17,0.29,373837.340000000025611,2200530.387000000104308
601318.SH,2025.12.03,58.75,59.020000000000003,58.149999999999998,58.350000000000001,58.799999999999997,-0.45,-0.7653,335494.46999999997206,1961924.290999999968335
601318.SH,2025.12.04,58.350000000000001,58.549999999999997,58.21,58.549999999999997,58.350000000000001,0.2,0.3428,217663.660000000003492,1271252.460999999893829
601318.SH,2025.12.05,58.649999999999998,62.200000000000002,58.549999999999997,61.990000000000001,58.549999999999997,3.44,5.875300000000001,1377948.270000000018626,8385205.487999999895691
601318.SH,2025.12.08,62.039999999999999,63.799999999999997,62,63.399999999999998,61.990000000000001,1.41,2.2746,1029978.680000000051222,6514118.719999999739229
601318.SH,2025.12.09,63.399999999999998,63.689999999999997,62.420000000000001,62.450000000000002,63.399999999999998,-0.95,-1.4984,483731.020000000018626,3044070.518000000156462
601318.SH,2025.12.10,62.659999999999996,63.060000000000002,62.130000000000002,62.549999999999997,62.450000000000002,0.1,0.1601,448822.179999999993015,2808948.856999999843537
601318.SH,2025.12.11,62.799999999999997,63.359999999999999,62.170000000000001,62.530000000000001,62.549999999999997,-0.02,-0.032,477963.400000000023283,2990603.756000000052154
601318.SH,2025.12.12,62.560000000000002,64.090000000000003,62.409999999999996,63.909999999999996,62.530000000000001,1.38,2.2069,1091760.25,6926125.69400000013411
601318.SH,2025.12.15,63.679999999999999,67.439999999999997,63.520000000000003,67.079999999999998,63.909999999999996,3.17,4.9601,1546642.600000000093132,10258390.315999999642372
601318.SH,2025.12.16,66.709999999999993,68.109999999999999,66.159999999999996,67,67.079999999999998,-0.08,-0.1193,1056821.340000000083819,7074646.042999999597668
601318.SH,2025.12.17,67.049999999999997,68.629999999999995,66.650000000000005,68.049999999999997,67,1.05,1.5672,962117.780000000027939,6513277.291000000201165
601318.SH,2025.12.18,67.879999999999995,68.579999999999998,67.590000000000003,68.5,68.049999999999997,0.45,0.6613,563605.900000000023283,3839846.393000000156462
601318.SH,2025.12.19,68.150000000000005,68.780000000000001,67.599999999999994,68.75,68.5,0.25,0.365,638476.430000000051222,4363697.641999999992549
601318.SH,2025.12.22,68.700000000000002,69.269999999999996,68.200000000000002,68.540000000000006,68.75,-0.21,-0.3055,556942.010000000009313,3824247.200000000186264
601318.SH,2025.12.23,68.560000000000002,70.239999999999994,68.349999999999994,69.489999999999994,68.540000000000006,0.95,1.3861,765719.910000000032596,5324655.842000000178813
601318.SH,2025.12.24,69.170000000000001,69.379999999999995,68.349999999999994,69.030000000000001,69.489999999999994,-0.46,-0.662,511319.5,3522990.020000000018626
601318.SH,2025.12.25,69,71.980000000000004,68.980000000000004,70.799999999999997,69.030000000000001,1.77,2.5641,777898.130000000004656,5513013.480999999679625
601318.SH,2025.12.26,70.439999999999997,71.959999999999993,70.430000000000006,71.159999999999996,70.799999999999997,0.36,0.5085,657016.770000000018626,4689142.906000000424682
601318.SH,2025.12.29,71,71.659999999999996,69.790000000000006,69.879999999999995,71.159999999999996,-1.28,-1.7988,655665.180000000051222,4622483.553999999538064
601318.SH,2025.12.30,69.75,70.230000000000003,68.39,68.799999999999997,69.879999999999995,-1.08,-1.5455,1046673.71999999997206,7226865.061999999918043
601318.SH,2025.12.31,68.780000000000001,69.230000000000003,68.150000000000005,68.400000000000005,68.799999999999997,-0.4,-0.5814,458068.690000000002328,3141993.177000000141561
601318.SH,2026.01.05,69.200000000000002,73,69.200000000000002,72.359999999999999,68.400000000000005,3.96,5.789500000000001,1228831,8824564.892999999225139
601318.SH,2026.01.06,72.400000000000005,74.879999999999995,72.400000000000005,74.319999999999993,72.359999999999999,1.96,2.7087,1468516.479999999981373,10867519.151000000536441
601318.SH,2026.01.07,73.89,74.700000000000002,73.290000000000006,73.450000000000002,74.319999999999993,-0.87,-1.1706,919695.060000000055879,6796568.401999999769032
601318.SH,2026.01.08,73.370000000000004,73.400000000000005,69.659999999999996,70.379999999999995,73.450000000000002,-3.07,-4.179700000000001,1685391.729999999981373,11969587.225999999791383
601318.SH,2026.01.09,70.599999999999994,71.280000000000001,68.239999999999994,69,70.379999999999995,-1.38,-1.9608,2063348.25,14285738.425000000745058
601318.SH,2026.01.12,68.900000000000005,69,67.219999999999998,67.549999999999997,69,-1.45,-2.1014,1851661.179999999934807,12546774.433000000193715
601318.SH,2026.01.13,67.799999999999997,69.980000000000004,67.780000000000001,68.200000000000002,67.549999999999997,0.65,0.9623,1502150.5,10342110.580000000074505
601318.SH,2026.01.14,68.349999999999994,68.930000000000006,66.819999999999993,67,68.200000000000002,-1.2,-1.7595,1431109,9691268.75
601318.SH,2026.01.15,66.900000000000005,68.379999999999995,66.689999999999997,67.409999999999996,67,0.41,0.6119,1066614.260000000009313,7195271.139999999664723
601318.SH,2026.01.16,67.599999999999994,67.939999999999997,65.799999999999997,66.329999999999998,67.409999999999996,-1.08,-1.6021,1356099.93999999994412,9017682.809000000357627
601318.SH,2026.01.19,66.280000000000001,66.950000000000002,65.909999999999996,66.299999999999997,66.329999999999998,-0.03,-0.0452,838681.060000000055879,5560566.589999999850988
601318.SH,2026.01.20,66.349999999999994,67.769999999999995,66.109999999999999,66.599999999999994,66.299999999999997,0.3,0.4525,988499.989999999990686,6611639.901999999769031
601318.SH,2026.01.21,66.64,67.180000000000006,65.650000000000005,65.849999999999994,66.599999999999994,-0.75,-1.1261,935402.130000000004656,6198978.526999999769032
601318.SH,2026.01.22,66.129999999999995,66.579999999999998,64.519999999999995,64.799999999999997,65.849999999999994,-1.05,-1.5945,1143922.260000000009313,7455922.559000000357627
601318.SH,2026.01.23,65.200000000000002,65.480000000000004,63.659999999999996,63.899999999999998,64.799999999999997,-0.9,-1.3889,1407698.830000000074505,9048849.720000000670552
601318.SH,2026.01.26,64,66.25,63.770000000000003,64.14,63.899999999999998,0.24,0.3756,2013845.959999999962747,13083521.293999999761581
601318.SH,2026.01.27,64.310000000000002,66.349999999999994,64.269999999999996,65.310000000000002,64.14,1.17,1.8241,1508841.050000000046566,9868833.86600000038743
601318.SH,2026.01.28,65.870000000000004,66.049999999999997,64.430000000000006,64.75,65.310000000000002,-0.56,-0.8574,1992854.179999999934807,12952514.677999999374151
601318.SH,2026.01.29,65.030000000000001,68.030000000000001,64.530000000000001,68,64.75,3.25,5.019300000000001,2755713.319999999832361,18287719.695000000298023
601318.SH,2026.01.30,68.010000000000005,68.689999999999997,66.39,66.75,68,-1.25,-1.8382,1603228.360000000102445,10768334.98200000077486
601318.SH,2026.02.02,66.349999999999994,68.329999999999998,65.730000000000004,66.019999999999996,66.75,-0.73,-1.0936,1354548.540000000037252,9059867.835999999195337
601318.SH,2026.02.03,66.900000000000005,67.400000000000005,65.620000000000004,66.579999999999998,66.019999999999996,0.56,0.8482,1033225.050000000046566,6862044.453999999910593
601318.SH,2026.02.04,66.450000000000002,67.450000000000002,66.230000000000003,67.400000000000005,66.579999999999998,0.82,1.2316,877403.069999999948777,5866716.207000000402331
601318.SH,2026.02.05,67.170000000000001,67.989999999999994,66.159999999999996,67.349999999999994,67.400000000000005,-0.05,-0.0742,908191.209999999962747,6088193.605999999679625
601318.SH,2026.02.06,66.879999999999995,67.609999999999999,66.420000000000001,66.900000000000005,67.349999999999994,-0.45,-0.6682,749274.880000000004656,5011778.787999999709427
601318.SH,2026.02.09,67.450000000000002,69.099999999999994,67.109999999999999,68.700000000000002,66.900000000000005,1.8,2.6906,1021236.900000000023283,6973342.326999999582767
601318.SH,2026.02.10,68.709999999999993,68.799999999999997,67.799999999999997,68.189999999999997,68.700000000000002,-0.51,-0.7424,548734.780000000027939,3743029.91399999987334
601318.SH,2026.02.11,68.25,68.680000000000006,67.060000000000002,67.5,68.189999999999997,-0.69,-1.0119,618031.96999999997206,4178546.001000000163912
601318.SH,2026.02.12,67.599999999999994,67.680000000000006,66.349999999999994,66.540000000000006,67.5,-0.96,-1.4222,646371.550000000046566,4320770.032999999821186
601318.SH,2026.02.13,66.150000000000005,66.349999999999994,65.060000000000002,65.290000000000006,66.540000000000006,-1.25,-1.8786,840771.839999999967403,5509966.025999999605119
601318.SH,2026.02.24,65.769999999999995,66.25,64.370000000000004,64.5,65.290000000000006,-0.79,-1.21,800053.140000000013969,5208399.201000000350177
601318.SH,2026.02.25,64.700000000000002,65.739999999999994,64.700000000000002,65.049999999999997,64.5,0.55,0.8527,683555.71999999997206,4452349.686999999918043
601318.SH,2026.02.26,65.5,65.530000000000001,63.289999999999999,63.5,65.049999999999997,-1.55,-2.3828,1036146.420000000041909,6614432.347000000067055
601318.SH,2026.02.27,63.600000000000001,63.740000000000002,63.060000000000002,63.090000000000003,63.5,-0.41,-0.6457,633012.130000000004656,4006459.825999999884515
