ts_code,trade_date,open,high,low,close,pre_close,change,pct_chg,vol,amount
601899.SH,2023.03.01,11.55,12.05,11.519999999999999,11.98,11.41,0.57,4.9956,1923709.830000000074505,2282005.158999999985098
601899.SH,2023.03.02,12.06,12.25,11.929999999999999,12.099999999999999,11.98,0.12,1.0017,1621665.520000000018626,1965528.682000000029802
601899.SH,2023.03.03,12.099999999999999,12.14,11.9,11.98,12.099999999999999,-0.12,-0.9917,993560.630000000004656,1189308.861999999964609
601899.SH,2023.03.06,12.039999999999999,12.089999999999999,11.66,11.929999999999999,11.98,-0.05,-0.4174,1280290.280000000027939,1516326.777000000001862
601899.SH,2023.03.07,11.949999999999999,12.189999999999999,11.81,11.98,11.929999999999999,0.05,0.4191,1965363.729999999981373,2371518.722000000067055
601899.SH,2023.03.08,11.699999999999999,11.75,11.419999999999999,11.66,11.98,-0.32,-2.6711,1578514.18999999994412,1833163.668000000063329
601899.SH,2023.03.09,11.699999999999999,11.75,11.509999999999999,11.56,11.66,-0.1,-0.8576,964417.96999999997206,1117176.939000000013038
601899.SH,2023.03.10,11.46,11.589999999999999,11.41,11.439999999999999,11.56,-0.12,-1.0381,931614.520000000018626,1069969.723999999929219
601899.SH,2023.03.13,11.679999999999999,12.199999999999999,11.669999999999999,12.16,11.439999999999999,0.72,6.293700000000001,2500559.399999999906867,3002805.891999999992549
601899.SH,2023.03.14,12.339999999999999,12.589999999999999,12,12.029999999999999,12.16,-0.13,-1.0691,2157491.549999999813735,2645455.944999999832361
601899.SH,2023.03.15,12.019999999999999,12.029999999999999,11.81,11.82,12.029999999999999,-0.21,-1.7456,1364791.270000000018626,1623018.25
601899.SH,2023.03.16,11.599999999999999,11.71,11.359999999999999,11.39,11.82,-0.43,-3.6379,2319266.200000000186264,2675243.677000000141561
601899.SH,2023.03.17,11.49,11.689999999999999,11.32,11.46,11.39,0.07,0.6146,1718725.370000000111758,1977050.844000000040978
601899.SH,2023.03.20,11.73,11.9,11.669999999999999,11.8,11.46,0.34,2.9668,1658066.560000000055879,1954092.65100000007078
601899.SH,2023.03.21,11.8,11.89,11.619999999999999,11.82,11.8,0.02,0.1695,1116094.590000000083819,1315342.749000000068917
601899.SH,2023.03.22,11.71,11.9,11.65,11.74,11.82,-0.08,-0.6768,1192780.379999999888241,1401494.421000000089406
601899.SH,2023.03.23,11.82,12.179999999999999,11.74,12.14,11.74,0.4,3.4072,2010913.449999999953433,2415200.024999999906867
601899.SH,2023.03.24,12.199999999999999,12.199999999999999,11.97,12.009999999999999,12.14,-0.13,-1.0708,1172514.879999999888241,1414079.550999999977648
601899.SH,2023.03.27,12,12.07,11.73,11.99,12.009999999999999,-0.02,-0.1665,1239538.43999999994412,1477826.631999999983236
601899.SH,2023.03.28,11.99,12.14,11.88,12.009999999999999,11.99,0.02,0.1668,1078765.530000000027939,1295667.989000000059604
601899.SH,2023.03.29,12.119999999999999,12.339999999999999,11.99,12.009999999999999,12.009999999999999,0,0,1097239.030000000027939,1329468.456000000005587
601899.SH,2023.03.30,12.039999999999999,12.25,11.929999999999999,12.25,12.009999999999999,0.24,1.9983,1507178.399999999906867,1823963.764999999897554
601899.SH,2023.03.31,12.289999999999999,12.449999999999999,12.25,12.39,12.25,0.14,1.1429,1586910.340000000083819,1961371.28900000010617
601899.SH,2023.04.03,12.39,12.449999999999999,12.07,12.119999999999999,12.39,-0.27,-2.1792,1686775.060000000055879,2056156.605999999912455
601899.SH,2023.04.04,12.199999999999999,12.429999999999999,12.089999999999999,12.349999999999999,12.119999999999999,0.23,1.8977,1559546.330000000074505,1911436.455000000074505
601899.SH,2023.04.06,12.429999999999999,13.14,12.41,13.13,12.349999999999999,0.78,6.315800000000001,2942722.200000000186264,3804302.884000000078231
601899.SH,2023.04.07,12.96,13.07,12.789999999999999,12.89,13.13,-0.24,-1.8279,1381682.350000000093132,1783722.639999999897554
601899.SH,2023.04.10,12.789999999999999,13.119999999999999,12.66,12.98,12.89,0.09,0.6982,1168734.070000000065192,1511031.40999999991618
601899.SH,2023.04.11,12.98,13.439999999999999,12.839999999999999,13.429999999999999,12.98,0.45,3.4669,2253745.580000000074505,2979279.873000000137835
601899.SH,2023.04.12,13.38,13.75,13.32,13.55,13.429999999999999,0.12,0.8935,1854367.620000000111758,2509011.953000000212341
601899.SH,2023.04.13,13.5,13.779999999999999,13.24,13.4,13.55,-0.15,-1.107,1583872.169999999925494,2131877.52199999988079
601899.SH,2023.04.14,13.74,13.99,13.689999999999999,13.939999999999999,13.4,0.54,4.0299,2105780.140000000130385,2921463.22000000020489
601899.SH,2023.04.17,13.58,14.019999999999999,13.48,13.91,13.939999999999999,-0.03,-0.2152,1633557.090000000083819,2251982.342000000178813
601899.SH,2023.04.18,13.869999999999999,14.05,13.75,13.859999999999999,13.91,-0.05,-0.3595,1234738.479999999981373,1712913.193999999901279
601899.SH,2023.04.19,13.9,14.099999999999999,13.83,13.9,13.859999999999999,0.04,0.2886,1154890.75,1611809.154000000096857
601899.SH,2023.04.20,13.8,13.82,13.32,13.589999999999999,13.9,-0.31,-2.2302,2056810.070000000065192,2783818.748000000137835
601899.SH,2023.04.21,13.619999999999999,13.66,13.289999999999999,13.289999999999999,13.589999999999999,-0.3,-2.2075,1294834,1741387.713999999919906
601899.SH,2023.04.24,13.25,13.429999999999999,12.58,12.689999999999999,13.289999999999999,-0.6,-4.514700000000001,2447298.959999999962747,3148770.16399999987334
601899.SH,2023.04.25,12.83,13.08,12.669999999999999,12.88,12.689999999999999,0.19,1.4972,1815957.370000000111758,2332637.15100000007078
601899.SH,2023.04.26,12.66,12.81,12.47,12.57,12.88,-0.31,-2.4068,1692608.71999999997206,2133008.370000000111758
601899.SH,2023.04.27,12.49,13.029999999999999,12.419999999999999,12.82,12.57,0.25,1.9889,1779556.800000000046566,2271307.177999999839812
601899.SH,2023.04.28,12.55,12.98,12.55,12.83,12.82,0.01,0.078,1453621.15999999991618,1862171.128000000026077
601899.SH,2023.05.04,13.25,13.38,12.839999999999999,12.929999999999999,12.83,0.1,0.7794,2114892.209999999962747,2759858.586999999824911
601899.SH,2023.05.05,13.029999999999999,13.14,12.449999999999999,12.58,12.929999999999999,-0.35,-2.7069,1870675.290000000037252,2369427.89699999988079
601899.SH,2023.05.08,12.49,12.74,12.31,12.66,12.58,0.08,0.6359,1475035.100000000093132,1855566.188000000081956
601899.SH,2023.05.09,12.669999999999999,12.669999999999999,12.189999999999999,12.25,12.66,-0.41,-3.2385,1714660.590000000083819,2122541.129000000189989
601899.SH,2023.05.10,12.32,12.419999999999999,12.039999999999999,12.08,12.25,-0.17,-1.3878,1243353.550000000046566,1515467.085999999893829
601899.SH,2023.05.11,12.039999999999999,12.089999999999999,11.599999999999999,11.679999999999999,12.08,-0.4,-3.3113,1869316.760000000009313,2195055.674000000115484
601899.SH,2023.05.12,11.4,11.41,10.91,10.98,11.679999999999999,-0.7,-5.9932,3385699.799999999813735,3753418.797999999951571
601899.SH,2023.05.15,10.98,11.199999999999999,10.66,11.109999999999999,10.98,0.13,1.184,2357757,2585029.802999999839812
601899.SH,2023.05.16,11.05,11.419999999999999,11,11.25,11.109999999999999,0.14,1.2601,2064956.330000000074505,2324659.916999999899417
601899.SH,2023.05.17,11.039999999999999,11.199999999999999,10.929999999999999,11,11.25,-0.25,-2.2222,1307229.310000000055879,1444290.354000000050291
601899.SH,2023.05.18,11.169999999999999,11.269999999999999,11.009999999999999,11.099999999999999,11,0.1,0.9091,1384686.810000000055879,1543914.20699999993667
601899.SH,2023.05.19,10.859999999999999,11.029999999999999,10.699999999999999,10.89,11.099999999999999,-0.21,-1.8919,2052899.520000000018626,2228604.260999999940395
601899.SH,2023.05.22,10.9,11,10.81,10.9,10.89,0.01,0.0918,997254.35999999998603,1087424.848999999929219
601899.SH,2023.05.23,10.88,10.939999999999999,10.669999999999999,10.669999999999999,10.9,-0.23,-2.1101,1269218.649999999906867,1361389.537000000011175
601899.SH,2023.05.24,10.619999999999999,10.83,10.509999999999999,10.689999999999999,10.669999999999999,0.02,0.1874,1284977.699999999953433,1376146.040999999968335
601899.SH,2023.05.25,10.619999999999999,10.619999999999999,10.38,10.519999999999999,10.689999999999999,-0.17,-1.5903,1482541.669999999925494,1553157.377000000094994
601899.SH,2023.05.26,10.449999999999999,10.869999999999999,10.39,10.8,10.519999999999999,0.28,2.6616,1280833.989999999990686,1367316.402000000001862
601899.SH,2023.05.29,10.82,10.88,10.71,10.8,10.8,0,0,1157874.929999999934807,1249777.587999999988824
601899.SH,2023.05.30,10.789999999999999,10.869999999999999,10.609999999999999,10.71,10.8,-0.09,-0.8333,1187884.860000000102445,1273962.445999999996274
601899.SH,2023.05.31,10.75,10.869999999999999,10.609999999999999,10.689999999999999,10.71,-0.02,-0.1867,1241794.540000000037252,1332813.547000000020489
601899.SH,2023.06.01,10.73,11.23,10.679999999999999,11.05,10.689999999999999,0.36,3.3676,2204978.100000000093132,2431831.429000000003725
601899.SH,2023.06.02,11.169999999999999,11.619999999999999,11.169999999999999,11.589999999999999,11.05,0.54,4.8869,2675839.399999999906867,3071508.967000000178813
601899.SH,2023.06.05,11.41,11.41,11.14,11.279999999999999,11.589999999999999,-0.31,-2.6747,1675790.65999999991618,1884615.625
601899.SH,2023.06.06,11.38,11.65,11.339999999999999,11.39,11.279999999999999,0.11,0.9752,1687978.739999999990686,1940115.544999999925494
601899.SH,2023.06.07,11.46,11.599999999999999,11.359999999999999,11.4,11.39,0.01,0.0878,1103958.18999999994412,1267421.317999999970197
601899.SH,2023.06.08,11.279999999999999,11.57,11.16,11.519999999999999,11.4,0.12,1.0526,1179549.639999999897554,1346032.614000000059604
601899.SH,2023.06.09,11.689999999999999,11.88,11.519999999999999,11.71,11.519999999999999,0.19,1.6493,1508151.290000000037252,1754620.085999999893829
601899.SH,2023.06.12,11.589999999999999,11.619999999999999,11.38,11.55,11.71,-0.16,-1.3664,1365457.899999999906867,1572107.108999999938532
601899.SH,2023.06.13,11.49,11.619999999999999,11.419999999999999,11.599999999999999,11.55,0.05,0.4329,885813.35999999998603,1021045.51100000005681
601899.SH,2023.06.14,11.699999999999999,12,11.699999999999999,11.88,11.599999999999999,0.28,2.4138,1966903.020000000018626,2340740.618999999947845
601899.SH,2023.06.15,11.679999999999999,11.839999999999999,11.419999999999999,11.8,11.679999999999999,0.12,1.0274,1454843.760000000009313,1697224.236000000033527
601899.SH,2023.06.16,11.849999999999999,12.279999999999999,11.839999999999999,12.029999999999999,11.8,0.23,1.9492,1804541.600000000093132,2181097.716000000014901
601899.SH,2023.06.19,12.029999999999999,12.08,11.71,11.81,12.029999999999999,-0.22,-1.8288,1482346.760000000009313,1748223.93100000009872
601899.SH,2023.06.20,11.789999999999999,11.859999999999999,11.589999999999999,11.759999999999999,11.81,-0.05,-0.4234,926572.069999999948777,1089373.378000000026077
601899.SH,2023.06.21,11.599999999999999,11.849999999999999,11.539999999999999,11.57,11.759999999999999,-0.19,-1.6156,841144,983109.005000000004656
601899.SH,2023.06.26,11.519999999999999,11.65,11.429999999999999,11.49,11.57,-0.08,-0.6914,791801.43999999994412,912614.623999999952502
601899.SH,2023.06.27,11.449999999999999,11.73,11.279999999999999,11.689999999999999,11.49,0.2,1.7406,1022671.260000000009313,1183301.063000000081956
601899.SH,2023.06.28,11.589999999999999,11.73,11.519999999999999,11.66,11.689999999999999,-0.03,-0.2566,730422.82999999995809,848689.368999999947845
601899.SH,2023.06.29,11.609999999999999,11.66,11.33,11.349999999999999,11.66,-0.31,-2.6587,948292.760000000009313,1082828.354000000050291
601899.SH,2023.06.30,11.39,11.519999999999999,11.25,11.369999999999999,11.349999999999999,0.02,0.1762,663133.670000000041909,756138.025000000023283
601899.SH,2023.07.03,11.5,12.029999999999999,11.49,11.929999999999999,11.369999999999999,0.56,4.925200000000001,1715185.90999999991618,2037155.959000000031665
601899.SH,2023.07.04,11.97,12,11.74,11.8,11.929999999999999,-0.13,-1.0897,1074271.300000000046566,1267639.364999999990686
601899.SH,2023.07.05,11.779999999999999,11.9,11.73,11.8,11.8,0,0,712075.280000000027939,840514.43999999994412
601899.SH,2023.07.06,11.71,11.75,11.519999999999999,11.609999999999999,11.8,-0.19,-1.6102,768335.550000000046566,891638.839000000036321
601899.SH,2023.07.07,11.509999999999999,11.72,11.279999999999999,11.55,11.609999999999999,-0.06,-0.5168,1255829.840000000083819,1442386.66400000010617
601899.SH,2023.07.10,11.58,11.759999999999999,11.48,11.539999999999999,11.55,-0.01,-0.0866,805897.680000000051222,935831.991999999969266
601899.SH,2023.07.11,11.71,11.949999999999999,11.679999999999999,11.839999999999999,11.539999999999999,0.3,2.5997,1216865.780000000027939,1437145.24600000004284
601899.SH,2023.07.12,11.83,12.05,11.769999999999999,11.949999999999999,11.839999999999999,0.11,0.9291,1876531.40999999991618,2243047.026999999769032
601899.SH,2023.07.13,12.38,12.759999999999999,12.38,12.519999999999999,11.949999999999999,0.57,4.7699,2897775.759999999776482,3643040.703999999910593
601899.SH,2023.07.14,12.75,12.8,12.56,12.58,12.519999999999999,0.06,0.4792,1271871.840000000083819,1608069.169999999925494
601899.SH,2023.07.17,12.48,12.5,12.3,12.339999999999999,12.58,-0.24,-1.9078,863627.869999999995343,1069695.816000000108033
601899.SH,2023.07.18,12.339999999999999,12.529999999999999,12.259999999999999,12.4,12.339999999999999,0.06,0.4862,680989.770000000018626,845908.312000000034458
601899.SH,2023.07.19,12.56,12.66,12.449999999999999,12.589999999999999,12.4,0.19,1.5323,1038868.410000000032596,1304436.929000000003725
601899.SH,2023.07.20,12.539999999999999,12.8,12.519999999999999,12.609999999999999,12.589999999999999,0.02,0.1589,986633.150000000023283,1251621.300999999977648
601899.SH,2023.07.21,12.55,12.679999999999999,12.49,12.529999999999999,12.609999999999999,-0.08,-0.6344,705158.46999999997206,887056.619999999995343
601899.SH,2023.07.24,12.41,12.619999999999999,12.38,12.429999999999999,12.529999999999999,-0.1,-0.7981,573199.819999999948777,715170.937000000034458
601899.SH,2023.07.25,12.64,13.099999999999999,12.64,12.939999999999999,12.429999999999999,0.51,4.103,1755673.570000000065192,2270880.546000000089406
601899.SH,2023.07.26,12.96,13.08,12.88,13.07,12.939999999999999,0.13,1.0046,894495.270000000018626,1161974.128999999957159
601899.SH,2023.07.27,13.07,13.099999999999999,12.83,12.88,13.07,-0.19,-1.4537,760669.810000000055879,986230.626000000047497
601899.SH,2023.07.28,12.66,12.839999999999999,12.55,12.789999999999999,12.88,-0.09,-0.6988,1450645.770000000018626,1840514.412999999942257
601899.SH,2023.07.31,12.99,13.179999999999999,12.949999999999999,13.009999999999999,12.789999999999999,0.22,1.7201,1167130.790000000037252,1524225.381000000052154
601899.SH,2023.08.01,13.269999999999999,13.439999999999999,13,13.05,13.009999999999999,0.04,0.3075,1201423.459999999962747,1584776.006999999983236
601899.SH,2023.08.02,12.82,12.96,12.769999999999999,12.859999999999999,13.05,-0.19,-1.4559,839367.979999999981373,1078483.438000000081956
601899.SH,2023.08.03,12.75,12.8,12.599999999999999,12.74,12.859999999999999,-0.12,-0.9331,1098466.209999999962747,1394928.274999999906867
601899.SH,2023.08.04,12.859999999999999,12.99,12.779999999999999,12.849999999999999,12.74,0.11,0.8634,781052.810000000055879,1007042.199999999953433
601899.SH,2023.08.07,12.779999999999999,12.88,12.73,12.849999999999999,12.849999999999999,0,0,446230.880000000004656,572241.706000000005587
601899.SH,2023.08.08,12.849999999999999,13.13,12.74,13.029999999999999,12.849999999999999,0.18,1.4008,1119020.270000000018626,1455326.074000000022351
601899.SH,2023.08.09,12.9,12.98,12.74,12.869999999999999,13.029999999999999,-0.16,-1.2279,840074.849999999976716,1079691.459999999962747
601899.SH,2023.08.10,12.8,12.88,12.689999999999999,12.73,12.869999999999999,-0.14,-1.0878,703303.21999999997206,897239.229999999981373
601899.SH,2023.08.11,12.75,12.83,12.439999999999999,12.5,12.73,-0.23,-1.8068,931824.21999999997206,1172097.977999999886378
601899.SH,2023.08.14,12.39,12.419999999999999,12.15,12.32,12.5,-0.18,-1.44,1310244.790000000037252,1612319.537999999942257
601899.SH,2023.08.15,12.339999999999999,12.429999999999999,12.16,12.32,12.32,0,0,680079.839999999967403,835672.640999999945051
601899.SH,2023.08.16,12.179999999999999,12.25,12.08,12.189999999999999,12.32,-0.13,-1.0552,745737.380000000004656,907904.341000000014901
601899.SH,2023.08.17,12.06,12.339999999999999,11.839999999999999,12.289999999999999,12.189999999999999,0.1,0.8203,1017968.75,1234023.155000000027939
601899.SH,2023.08.18,12.289999999999999,12.429999999999999,12.05,12.08,12.289999999999999,-0.21,-1.7087,768212.25,939366.604999999981373
601899.SH,2023.08.21,12.08,12.179999999999999,11.98,11.98,12.08,-0.1,-0.8278,754799.619999999995343,910248.452000000048428
601899.SH,2023.08.22,12.08,12.48,12.08,12.41,11.98,0.43,3.5893,1657776.330000000074505,2045267.561999999918043
601899.SH,2023.08.23,12.449999999999999,12.49,12.119999999999999,12.169999999999999,12.41,-0.24,-1.9339,1269756.43999999994412,1557000.097999999998137
601899.SH,2023.08.24,12.449999999999999,12.65,12.349999999999999,12.49,12.169999999999999,0.32,2.6294,1388726.280000000027939,1736015.213999999919906
601899.SH,2023.08.25,12.4,12.449999999999999,12.15,12.3,12.49,-0.19,-1.5212,1271457.989999999990686,1563198.557999999960884
601899.SH,2023.08.28,12.92,12.97,12.06,12.14,12.3,-0.16,-1.3008,2038521.090000000083819,2505833.265000000130385
601899.SH,2023.08.29,12.109999999999999,12.369999999999999,12.039999999999999,12.08,12.14,-0.06,-0.4942,1409822.71999999997206,1719289.960999999893829
601899.SH,2023.08.30,12.25,12.539999999999999,12.22,12.449999999999999,12.08,0.37,3.0629,1594705.600000000093132,1978837.053000000072643
601899.SH,2023.08.31,12.49,12.599999999999999,12.339999999999999,12.359999999999999,12.449999999999999,-0.09,-0.7229,829699.869999999995343,1031632.503000000026077
601899.SH,2023.09.01,12.39,12.9,12.369999999999999,12.8,12.359999999999999,0.44,3.5599,1434851.850000000093132,1825917.256000000052154
601899.SH,2023.09.04,12.949999999999999,13.5,12.949999999999999,13.199999999999999,12.8,0.4,3.125,1886986.520000000018626,2493402.695999999996274
601899.SH,2023.09.05,13.099999999999999,13.21,12.97,13.15,13.199999999999999,-0.05,-0.3788,804278.550000000046566,1051883.313000000081956
601899.SH,2023.09.06,13.019999999999999,13.179999999999999,12.929999999999999,13.06,13.15,-0.09,-0.6844,724664.68999999994412,946999.081000000005587
601899.SH,2023.09.07,12.939999999999999,13.109999999999999,12.9,13.009999999999999,13.06,-0.05,-0.3828,722477.160000000032596,941296.011999999987892
601899.SH,2023.09.08,13.009999999999999,13.099999999999999,12.81,12.88,13.009999999999999,-0.13,-0.9992,554923.68999999994412,716285.758000000030733
601899.SH,2023.09.11,12.88,13.15,12.82,13,12.88,0.12,0.9317,877870.349999999976716,1141585.554000000003725
601899.SH,2023.09.12,13.009999999999999,13.089999999999999,12.8,12.839999999999999,13,-0.16,-1.2308,844100.560000000055879,1088460.259000000078231
601899.SH,2023.09.13,12.779999999999999,12.98,12.759999999999999,12.839999999999999,12.839999999999999,0,0,870543.050000000046566,1118569.960999999893829
601899.SH,2023.09.14,12.9,13.099999999999999,12.839999999999999,12.98,12.839999999999999,0.14,1.0903,1522185.419999999925494,1978039.446999999927356
601899.SH,2023.09.15,13.189999999999999,13.419999999999999,13.06,13.15,12.98,0.17,1.3097,1732313.989999999990686,2293010.436000000219792
601899.SH,2023.09.18,13.08,13.08,12.89,13.07,13.15,-0.08,-0.6084,1057427.340000000083819,1373023.885999999940395
601899.SH,2023.09.19,13,13.25,12.98,13.169999999999999,13.07,0.1,0.7651,1081541.120000000111758,1423466.929000000003725
601899.SH,2023.09.20,13.099999999999999,13.279999999999999,13.039999999999999,13.25,13.169999999999999,0.08,0.6074,903140.209999999962747,1192683.790000000037252
601899.SH,2023.09.21,13.099999999999999,13.199999999999999,12.98,13.089999999999999,13.25,-0.16,-1.2075,961661.849999999976716,1258503.963999999919906
601899.SH,2023.09.22,12.949999999999999,12.98,12.679999999999999,12.929999999999999,13.089999999999999,-0.16,-1.2223,1862316.399999999906867,2383603.518000000156462
601899.SH,2023.09.25,12.88,12.99,12.74,12.759999999999999,12.929999999999999,-0.17,-1.3148,1156554.149999999906867,1484110.321999999927356
601899.SH,2023.09.26,12.689999999999999,12.75,12.49,12.65,12.759999999999999,-0.11,-0.8621,1289150.860000000102445,1627524.476999999955296
601899.SH,2023.09.27,12.65,12.679999999999999,12.38,12.41,12.65,-0.24,-1.8972,1336134.840000000083819,1666206.857000000076368
601899.SH,2023.09.28,12.41,12.519999999999999,12.06,12.13,12.41,-0.28,-2.2562,1499856.840000000083819,1827180.75
601899.SH,2023.10.09,11.91,12.25,11.74,12.199999999999999,12.13,0.07,0.5771,1221166.830000000074505,1471766.811999999918043
601899.SH,2023.10.10,12.279999999999999,12.419999999999999,12.199999999999999,12.22,12.199999999999999,0.02,0.1639,683983.560000000055879,839634.890000000013969
601899.SH,2023.10.11,12.3,12.31,11.99,12.13,12.22,-0.09,-0.7365,851687.229999999981373,1030641.326000000000931
601899.SH,2023.10.12,12.269999999999999,12.359999999999999,12.179999999999999,12.289999999999999,12.13,0.16,1.319,703145.060000000055879,862664.146999999997206
601899.SH,2023.10.13,12.13,12.15,12,12.019999999999999,12.289999999999999,-0.27,-2.1969,664495.660000000032596,800676.292999999946914
601899.SH,2023.10.16,12.25,12.279999999999999,12.099999999999999,12.14,12.019999999999999,0.12,0.9983,948154.21999999997206,1156057.632999999914318
601899.SH,2023.10.17,12.119999999999999,12.14,11.98,12.06,12.14,-0.08,-0.659,800517.979999999981373,964979.087999999988824
601899.SH,2023.10.18,12.089999999999999,12.13,11.96,11.98,12.06,-0.08,-0.6633,735847.410000000032596,886160.393999999971128
601899.SH,2023.10.19,11.949999999999999,11.98,11.75,11.769999999999999,11.98,-0.21,-1.7529,986187.46999999997206,1167806.408999999985098
601899.SH,2023.10.20,11.82,11.929999999999999,11.589999999999999,11.65,11.769999999999999,-0.12,-1.0195,795520.869999999995343,932493.226000000024214
601899.SH,2023.10.23,11.58,11.66,11.33,11.449999999999999,11.65,-0.2,-1.7167,858001.040000000037252,985685.574999999953433
601899.SH,2023.10.24,11.539999999999999,11.83,11.529999999999999,11.75,11.449999999999999,0.3,2.6201,1196944.330000000074505,1396287.628000000026077
601899.SH,2023.10.25,12.039999999999999,12.31,12.039999999999999,12.08,11.75,0.33,2.8085,1294168.199999999953433,1575510.361000000033527
601899.SH,2023.10.26,12,12.109999999999999,11.88,12.08,12.08,0,0,740259.680000000051222,887984.381999999983236
601899.SH,2023.10.27,11.98,12.16,11.949999999999999,12.009999999999999,12.08,-0.07,-0.5795,928362.21999999997206,1118062.156999999890103
601899.SH,2023.10.30,12.199999999999999,12.679999999999999,12.189999999999999,12.419999999999999,12.009999999999999,0.41,3.4138,1801595.010000000009313,2233732.783999999985098
601899.SH,2023.10.31,12.4,12.46,12.279999999999999,12.439999999999999,12.419999999999999,0.02,0.161,751696.040000000037252,929308.103000000002793
601899.SH,2023.11.01,12.32,12.349999999999999,12.14,12.199999999999999,12.439999999999999,-0.24,-1.9293,938720.96999999997206,1145423.054000000003725
601899.SH,2023.11.02,12.349999999999999,12.48,12.199999999999999,12.21,12.199999999999999,0.01,0.082,913838.180000000051222,1128790.48300000000745
601899.SH,2023.11.03,12.22,12.3,12.099999999999999,12.169999999999999,12.21,-0.04,-0.3276,815859.209999999962747,992620.604000000050291
601899.SH,2023.11.06,12.179999999999999,12.199999999999999,11.869999999999999,11.929999999999999,12.169999999999999,-0.24,-1.9721,1443133.030000000027939,1725547.5
601899.SH,2023.11.07,11.88,12.029999999999999,11.72,12.009999999999999,11.929999999999999,0.08,0.6706,916700.60999999998603,1090796.540000000037252
601899.SH,2023.11.08,11.88,11.949999999999999,11.72,11.82,12.009999999999999,-0.19,-1.582,1133215.870000000111758,1340004.023999999975785
601899.SH,2023.11.09,11.699999999999999,11.9,11.699999999999999,11.88,11.82,0.06,0.5076,776422.68999999994412,918449.508000000030733
601899.SH,2023.11.10,11.83,11.859999999999999,11.72,11.779999999999999,11.88,-0.1,-0.8418,437717.530000000027939,515193.193000000028405
601899.SH,2023.11.13,11.789999999999999,11.929999999999999,11.73,11.9,11.779999999999999,0.12,1.0187,553280.35999999998603,654865.236000000033527
601899.SH,2023.11.14,11.949999999999999,11.98,11.81,11.859999999999999,11.9,-0.04,-0.3361,495332.640000000013969,587725.506000000052154
601899.SH,2023.11.15,12.23,12.23,11.929999999999999,12,11.859999999999999,0.14,1.1804,1008192.07999999995809,1214529.081000000005587
601899.SH,2023.11.16,11.97,12.029999999999999,11.849999999999999,11.97,12,-0.03,-0.25,724280.5,864811.238000000012107
601899.SH,2023.11.17,11.98,12.019999999999999,11.869999999999999,11.97,11.97,0,0,562504.530000000027939,670740.302000000025145
601899.SH,2023.11.20,11.96,11.97,11.769999999999999,11.859999999999999,11.97,-0.11,-0.919,677975.82999999995809,804255.270000000018626
601899.SH,2023.11.21,11.96,12.21,11.91,12.14,11.859999999999999,0.28,2.3609,1466985.060000000055879,1779892.323000000091269
601899.SH,2023.11.22,12.14,12.14,11.92,11.949999999999999,12.14,-0.19,-1.5651,627340.199999999953433,753600.457000000053085
601899.SH,2023.11.23,11.939999999999999,12,11.82,11.99,11.949999999999999,0.04,0.3347,559549.630000000004656,665698.868999999947845
601899.SH,2023.11.24,11.97,11.99,11.839999999999999,11.849999999999999,11.99,-0.14,-1.1676,517709.830000000016298,615768.319000000017695
601899.SH,2023.11.27,11.859999999999999,12.029999999999999,11.73,11.869999999999999,11.849999999999999,0.02,0.1688,577754.989999999990686,685011.611000000033527
601899.SH,2023.11.28,11.859999999999999,11.9,11.71,11.89,11.869999999999999,0.02,0.1685,626408.310000000055879,739510.569999999948777
601899.SH,2023.11.29,12.089999999999999,12.199999999999999,12.08,12.15,11.89,0.26,2.1867,1696534.919999999925494,2061141.702000000048428
601899.SH,2023.11.30,12.14,12.269999999999999,12.07,12.179999999999999,12.15,0.03,0.2469,1167475.129999999888241,1421931.899999999906867
601899.SH,2023.12.01,12.15,12.199999999999999,11.96,12.039999999999999,12.179999999999999,-0.14,-1.1494,1017536.75,1228288.083000000100582
601899.SH,2023.12.04,12.449999999999999,12.689999999999999,12.38,12.4,12.039999999999999,0.36,2.99,2291194.850000000093132,2865128.223000000230967
601899.SH,2023.12.05,12.119999999999999,12.16,11.92,11.949999999999999,12.4,-0.45,-3.629,1584840.600000000093132,1905395.189000000013038
601899.SH,2023.12.06,11.839999999999999,12.08,11.75,12,11.949999999999999,0.05,0.4184,1104640.21999999997206,1321048.902999999932944
601899.SH,2023.12.07,11.9,11.92,11.75,11.8,12,-0.2,-1.6667,1088833.010000000009313,1285326.253000000026077
601899.SH,2023.12.08,11.81,11.83,11.65,11.669999999999999,11.8,-0.13,-1.1017,1182811.209999999962747,1383385.683999999891966
601899.SH,2023.12.11,11.589999999999999,11.73,11.38,11.669999999999999,11.669999999999999,0,0,1112132.139999999897554,1285375.45699999993667
601899.SH,2023.12.12,11.57,11.63,11.46,11.619999999999999,11.669999999999999,-0.05,-0.4284,893007.07999999995809,1030115.692999999970197
601899.SH,2023.12.13,11.539999999999999,11.609999999999999,11.439999999999999,11.439999999999999,11.619999999999999,-0.18,-1.5491,856443.430000000051222,987071.611000000033527
601899.SH,2023.12.14,11.8,11.83,11.46,11.48,11.439999999999999,0.04,0.3497,1355315.610000000102445,1572792.097999999998137
601899.SH,2023.12.15,11.599999999999999,11.97,11.599999999999999,11.699999999999999,11.48,0.22,1.9164,2047532.919999999925494,2415721.668000000063329
601899.SH,2023.12.18,11.64,11.849999999999999,11.58,11.779999999999999,11.699999999999999,0.08,0.6838,737333.589999999967403,867805.168999999994412
601899.SH,2023.12.19,11.759999999999999,11.839999999999999,11.65,11.8,11.779999999999999,0.02,0.1698,599463.180000000051222,704972.68999999994412
601899.SH,2023.12.20,11.92,12.119999999999999,11.859999999999999,12.019999999999999,11.8,0.22,1.8644,1655928.229999999981373,1992734.597000000067055
601899.SH,2023.12.21,11.939999999999999,12.089999999999999,11.89,12.07,12.019999999999999,0.05,0.416,1087028.300000000046566,1304679.470999999903142
601899.SH,2023.12.22,12.15,12.179999999999999,11.99,12.14,12.07,0.07,0.58,1272062.979999999981373,1540207.671000000089406
601899.SH,2023.12.25,12.029999999999999,12.24,12.009999999999999,12.22,12.089999999999999,0.13,1.0753,859684.310000000055879,1045070.555000000051222
601899.SH,2023.12.26,12.199999999999999,12.279999999999999,12.15,12.179999999999999,12.22,-0.04,-0.3273,746216.670000000041909,910846.707999999984167
601899.SH,2023.12.27,12.23,12.419999999999999,12.189999999999999,12.4,12.179999999999999,0.22,1.8062,1255647.15999999991618,1548586.308999999891966
601899.SH,2023.12.28,12.49,12.669999999999999,12.31,12.349999999999999,12.4,-0.05,-0.4032,1857184.010000000009313,2312289.057000000029802
601899.SH,2023.12.29,12.269999999999999,12.48,12.269999999999999,12.46,12.349999999999999,0.11,0.8907,1214615.40999999991618,1506071.318999999901279
601899.SH,2024.01.02,12.41,12.66,12.39,12.49,12.46,0.03,0.2408,1133169.379999999888241,1418264.969000000040978
601899.SH,2024.01.03,12.429999999999999,12.589999999999999,12.39,12.529999999999999,12.49,0.04,0.3203,760491.479999999981373,951970.405999999959021
601899.SH,2024.01.04,12.429999999999999,12.519999999999999,12.39,12.509999999999999,12.529999999999999,-0.02,-0.1596,998225.170000000041909,1242764.334999999962747
601899.SH,2024.01.05,12.46,12.679999999999999,12.369999999999999,12.47,12.509999999999999,-0.04,-0.3197,1097526.520000000018626,1377692.737999999895691
601899.SH,2024.01.08,12.46,12.529999999999999,12.269999999999999,12.3,12.47,-0.17,-1.3633,915815.619999999995343,1131732.817000000039115
601899.SH,2024.01.09,12.31,12.449999999999999,12.279999999999999,12.429999999999999,12.3,0.13,1.0569,941797.819999999948777,1166609.533999999985098
601899.SH,2024.01.10,12.33,12.439999999999999,12.279999999999999,12.279999999999999,12.429999999999999,-0.15,-1.2068,632627.949999999953433,780721.481999999959953
601899.SH,2024.01.11,12.31,12.32,12.089999999999999,12.14,12.279999999999999,-0.14,-1.1401,967801.560000000055879,1179075.752000000094994
601899.SH,2024.01.12,12.07,12.259999999999999,12.05,12.199999999999999,12.14,0.06,0.4942,764338.770000000018626,930414.48499999998603
601899.SH,2024.01.15,12.169999999999999,12.259999999999999,12.05,12.119999999999999,12.199999999999999,-0.08,-0.6557,496325.510000000009313,603042.873999999952502
601899.SH,2024.01.16,12.06,12.269999999999999,12.06,12.189999999999999,12.119999999999999,0.07,0.5776,804364.589999999967403,978561.025999999954365
601899.SH,2024.01.17,12.089999999999999,12.13,11.699999999999999,11.699999999999999,12.189999999999999,-0.49,-4.019700000000001,1407350.550000000046566,1671092.719000000040978
601899.SH,2024.01.18,11.66,11.939999999999999,11.4,11.839999999999999,11.699999999999999,0.14,1.1966,1663791.209999999962747,1935251.850000000093132
601899.SH,2024.01.19,11.779999999999999,11.97,11.65,11.92,11.839999999999999,0.08,0.6757,1237950.360000000102445,1468955.722000000067055
601899.SH,2024.01.22,11.88,11.939999999999999,11.55,11.679999999999999,11.92,-0.24,-2.0134,1453549.760000000009313,1710510.979999999981373
601899.SH,2024.01.23,11.609999999999999,11.679999999999999,11.21,11.539999999999999,11.679999999999999,-0.14,-1.1986,1694917.43999999994412,1940940.578999999910593
601899.SH,2024.01.24,11.619999999999999,11.75,11.429999999999999,11.72,11.539999999999999,0.18,1.5598,1059407.540000000037252,1229718.057999999960884
601899.SH,2024.01.25,11.82,12.05,11.789999999999999,12.05,11.72,0.33,2.8157,1274822.889999999897554,1522375.80199999990873
601899.SH,2024.01.26,12.099999999999999,12.279999999999999,11.98,12.22,12.05,0.17,1.4108,1245210.209999999962747,1516091.35800000000745
601899.SH,2024.01.29,12.23,12.349999999999999,12.199999999999999,12.24,12.22,0.02,0.1637,847536.280000000027939,1040554.942000000039115
601899.SH,2024.01.30,12.179999999999999,12.3,12.06,12.179999999999999,12.24,-0.06,-0.4902,1063556.760000000009313,1296846.92699999990873
601899.SH,2024.01.31,12.119999999999999,12.23,12.029999999999999,12.039999999999999,12.179999999999999,-0.14,-1.1494,1098979.199999999953433,1333498.982000000076368
601899.SH,2024.02.01,12,12.269999999999999,11.9,12.13,12.039999999999999,0.09,0.7475,1084095.209999999962747,1313469.935999999986961
601899.SH,2024.02.02,12.199999999999999,12.339999999999999,11.88,12.029999999999999,12.13,-0.1,-0.8244,1390102.790000000037252,1693724.843000000109896
601899.SH,2024.02.05,12.07,12.279999999999999,11.96,12.16,12.029999999999999,0.13,1.0806,1710759.629999999888241,2074493.834999999962747
601899.SH,2024.02.06,12.13,12.38,12.039999999999999,12.189999999999999,12.16,0.03,0.2467,2020937.709999999962747,2464896.609999999869614
601899.SH,2024.02.07,12.189999999999999,12.3,12.039999999999999,12.25,12.189999999999999,0.06,0.4922,2158069.890000000130385,2628884.526999999769032
601899.SH,2024.02.08,12.24,12.519999999999999,12.22,12.5,12.25,0.25,2.0408,1911092.709999999962747,2365281.336999999824911
601899.SH,2024.02.19,12.509999999999999,12.859999999999999,12.4,12.849999999999999,12.5,0.35,2.8,1886546.419999999925494,2393625.731999999843537
601899.SH,2024.02.20,12.8,13.179999999999999,12.72,13.099999999999999,12.849999999999999,0.25,1.9455,1370783.280000000027939,1790347.206000000005587
601899.SH,2024.02.21,13.06,13.289999999999999,13.009999999999999,13.05,13.099999999999999,-0.05,-0.3817,1539870.340000000083819,2029310.533000000054016
601899.SH,2024.02.22,13.089999999999999,13.279999999999999,13.019999999999999,13.259999999999999,13.05,0.21,1.6092,1127399.90999999991618,1484391.736999999964609
601899.SH,2024.02.23,13.25,13.679999999999999,13.199999999999999,13.5,13.259999999999999,0.24,1.81,1377260.959999999962747,1857150.077000000048428
601899.SH,2024.02.26,13.509999999999999,13.609999999999999,13.089999999999999,13.15,13.5,-0.35,-2.5926,1460045.149999999906867,1940973.997999999905005
601899.SH,2024.02.27,13.06,13.269999999999999,13,13.16,13.15,0.01,0.076,1364913.929999999934807,1791457.395000000018626
601899.SH,2024.02.28,13.16,13.169999999999999,12.97,13.009999999999999,13.16,-0.15,-1.1398,1093358.060000000055879,1429626.557999999960884
601899.SH,2024.02.29,13.019999999999999,13.199999999999999,12.96,13.109999999999999,13.009999999999999,0.1,0.7686,1081241.010000000009313,1410959.45699999993667
601899.SH,2024.03.01,13.06,13.359999999999999,13,13.25,13.109999999999999,0.14,1.0679,1178466.649999999906867,1552005.621999999973922
601899.SH,2024.03.04,13.46,13.619999999999999,13.359999999999999,13.46,13.25,0.21,1.5849,1314001.100000000093132,1769842.793999999994412
601899.SH,2024.03.05,13.599999999999999,13.97,13.589999999999999,13.849999999999999,13.46,0.39,2.8975,1960876.5,2710355.632999999914318
601899.SH,2024.03.06,13.849999999999999,14.359999999999999,13.839999999999999,14.199999999999999,13.849999999999999,0.35,2.5271,2017876.889999999897554,2854602.325000000186264
601899.SH,2024.03.07,14.38,14.96,14.269999999999999,14.73,14.199999999999999,0.53,3.7324,2374935.629999999888241,3490560.848999999929219
601899.SH,2024.03.08,14.9,14.929999999999999,14.529999999999999,14.89,14.73,0.16,1.0862,1692349.649999999906867,2495033.635999999940395
601899.SH,2024.03.11,15,15.05,14.619999999999999,14.859999999999999,14.89,-0.03,-0.2015,1536663.340000000083819,2272630.52199999988079
601899.SH,2024.03.12,14.75,14.82,14.279999999999999,14.359999999999999,14.859999999999999,-0.5,-3.3647,2042754.419999999925494,2953248.651999999769032
601899.SH,2024.03.13,14.25,14.759999999999999,14.179999999999999,14.689999999999999,14.359999999999999,0.33,2.2981,1454519.860000000102445,2110554.046999999787658
601899.SH,2024.03.14,15.25,15.779999999999999,15.25,15.39,14.689999999999999,0.7,4.765100000000001,2719174.720000000204891,4216534.924999999813735
601899.SH,2024.03.15,15.32,16.120000000000001,15.3,15.96,15.39,0.57,3.7037,2233163.080000000074505,3509902.916999999899417
601899.SH,2024.03.18,15.97,16.16,15.58,15.779999999999999,15.96,-0.18,-1.1278,2303296.950000000186264,3633999.461999999824911
601899.SH,2024.03.19,15.699999999999999,15.929999999999999,15.5,15.529999999999999,15.779999999999999,-0.25,-1.5843,1618999.46999999997206,2543787.075000000186264
601899.SH,2024.03.20,15.349999999999999,15.609999999999999,15.199999999999999,15.509999999999999,15.529999999999999,-0.02,-0.1288,1771100.5,2723258.799000000115484
601899.SH,2024.03.21,15.91,16.129999999999998,15.599999999999999,15.619999999999999,15.509999999999999,0.11,0.7092,1996237.010000000009313,3151230.649999999906867
601899.SH,2024.03.22,15.39,15.519999999999999,15.169999999999999,15.39,15.619999999999999,-0.23,-1.4725,1771121.209999999962747,2717488.083000000100582
601899.SH,2024.03.25,15.38,15.859999999999999,15.31,15.74,15.39,0.35,2.2742,1645275.639999999897554,2580594.445999999996274
601899.SH,2024.03.26,15.769999999999999,15.82,15.33,15.529999999999999,15.74,-0.21,-1.3342,1327978.739999999990686,2057986.263999999966472
601899.SH,2024.03.27,15.46,15.89,15.439999999999999,15.72,15.529999999999999,0.19,1.2234,1561421.610000000102445,2459520.72899999981746
601899.SH,2024.03.28,15.65,16.179999999999999,15.529999999999999,16.100000000000001,15.72,0.38,2.4173,1888688.820000000065192,3013540.981000000145286
601899.SH,2024.03.29,16.399999999999998,16.87,16.3,16.82,16.100000000000001,0.72,4.472000000000001,2095644.739999999990686,3491214.365000000223517
601899.SH,2024.04.01,17.239999999999998,17.39,16.690000000000001,16.87,16.82,0.05,0.2973,2076140.90999999991618,3527137.25
601899.SH,2024.04.02,16.949999999999999,17.149999999999998,16.760000000000001,16.949999999999999,16.87,0.08,0.4742,1337638.810000000055879,2265617.998000000137835
601899.SH,2024.04.03,17.190000000000001,17.649999999999998,16.98,17.510000000000001,16.949999999999999,0.56,3.3038,2380869.479999999981373,4121388.637999999802559
601899.SH,2024.04.08,17.649999999999998,18.170000000000001,17.23,17.3,17.510000000000001,-0.21,-1.1993,3127119.080000000074505,5555680.583999999798834
601899.SH,2024.04.09,17.219999999999998,17.399999999999998,16.929999999999999,17.010000000000001,17.3,-0.29,-1.6763,2015836.110000000102445,3447848.186999999918043
601899.SH,2024.04.10,17.14,18.149999999999998,17.14,17.989999999999998,17.010000000000001,0.98,5.761300000000001,2642698.600000000093132,4685400.743999999947845
601899.SH,2024.04.11,17.519999999999999,18.519999999999999,17.489999999999998,17.989999999999998,17.989999999999998,0,0,2565765.819999999832361,4620626.247000000439584
601899.SH,2024.04.12,18.48,18.579999999999998,17.98,18.39,17.989999999999998,0.4,2.2235,2337819.290000000037252,4289461.428000000305473
601899.SH,2024.04.15,17.8,18.559999999999998,17.780000000000001,18.46,18.39,0.07,0.3806,2385956.229999999981373,4327726.048999999649822
601899.SH,2024.04.16,18.46,18.629999999999999,17.89,17.940000000000001,18.46,-0.52,-2.8169,2082205.270000000018626,3791491.592999999877065
601899.SH,2024.04.17,17.91,18.149999999999998,17.579999999999998,18.079999999999998,17.940000000000001,0.14,0.7804,2154279.580000000074505,3853775.925999999977648
601899.SH,2024.04.18,17.91,18.539999999999999,17.859999999999999,18.469999999999998,18.079999999999998,0.39,2.1571,2005973.699999999953433,3665579.379000000189989
601899.SH,2024.04.19,18.559999999999998,19.329999999999998,18.399999999999998,18.629999999999999,18.469999999999998,0.16,0.8663,2653118.520000000018626,4990039.16399999987334
601899.SH,2024.04.22,18.87,19,17.75,17.8,18.629999999999999,-0.83,-4.4552,2677303.709999999962747,4889599.625
601899.SH,2024.04.23,17.41,17.649999999999998,17,17.039999999999999,17.8,-0.76,-4.269700000000001,3201000.410000000149011,5522404.559999999590218
601899.SH,2024.04.24,17.039999999999999,17.589999999999999,17.039999999999999,17.539999999999999,17.039999999999999,0.5,2.9343,2113742.810000000055879,3671334.959999999962747
601899.SH,2024.04.25,17.329999999999998,17.559999999999998,17.089999999999999,17.399999999999998,17.539999999999999,-0.14,-0.7982,1429509.68999999994412,2475547.327000000048428
601899.SH,2024.04.26,17.579999999999998,18.370000000000001,17.41,18.269999999999999,17.399999999999998,0.87,5,2661284.450000000186264,4799432.002000000327825
601899.SH,2024.04.29,18.129999999999998,18.129999999999998,17.39,17.66,18.269999999999999,-0.61,-3.3388,2252987.350000000093132,4005052.725000000093132
601899.SH,2024.04.30,17.920000000000001,18.059999999999998,17.55,17.609999999999999,17.66,-0.05,-0.2831,1694667.080000000074505,3018725.384000000078231
601899.SH,2024.05.06,17.32,17.559999999999998,16.82,17.519999999999999,17.609999999999999,-0.09,-0.5111,2606348.020000000018626,4487638.406000000424683
601899.SH,2024.05.07,17.62,17.899999999999998,17.39,17.449999999999999,17.519999999999999,-0.07,-0.3995,1523940.770000000018626,2684017.066000000108033
601899.SH,2024.05.08,17.3,17.679999999999999,17.010000000000001,17.449999999999999,17.449999999999999,0,0,1324039.840000000083819,2300504.674000000115484
601899.SH,2024.05.09,17.280000000000001,17.91,17.280000000000001,17.71,17.449999999999999,0.26,1.49,1465867.629999999888241,2587027.544000000227242
601899.SH,2024.05.10,18.100000000000001,18.280000000000001,17.780000000000001,18.239999999999998,17.71,0.53,2.9927,2061408.070000000065192,3722450.387999999802559
601899.SH,2024.05.13,18,18.339999999999999,17.829999999999998,18.179999999999999,18.239999999999998,-0.06,-0.3289,1408589.709999999962747,2546450.262999999802559
601899.SH,2024.05.14,18.350000000000001,18.719999999999998,18.25,18.489999999999998,18.179999999999999,0.31,1.7052,1474298.010000000009313,2726855.288000000175088
601899.SH,2024.05.15,18.539999999999999,18.850000000000001,18.260000000000001,18.3,18.489999999999998,-0.19,-1.0276,1386875.530000000027939,2566910.429000000003725
601899.SH,2024.05.16,18.629999999999999,18.89,18.21,18.269999999999999,18.3,-0.03,-0.1639,1939111.489999999990686,3594190.887999999802559
601899.SH,2024.05.17,18.370000000000001,18.780000000000001,18,18.780000000000001,18.269999999999999,0.51,2.7915,1830950.899999999906867,3375111.654999999795108
601899.SH,2024.05.20,19.429999999999999,19.789999999999999,19.089999999999999,19.469999999999998,18.780000000000001,0.69,3.6741,2652361.899999999906867,5155591.277999999932944
601899.SH,2024.05.21,19.41,19.579999999999998,18.559999999999998,18.649999999999998,19.469999999999998,-0.82,-4.2116,2283748.459999999962747,4309331.269000000320374
601899.SH,2024.05.22,18.649999999999998,18.780000000000001,18.329999999999998,18.429999999999999,18.649999999999998,-0.22,-1.1796,1424754.520000000018626,2637331.816999999806284
601899.SH,2024.05.23,17.559999999999998,18.010000000000001,17.359999999999999,17.839999999999999,18.429999999999999,-0.59,-3.2013,2082536.030000000027939,3694875.282999999821186
601899.SH,2024.05.24,17.600000000000001,18.030000000000001,17.589999999999999,17.82,17.839999999999999,-0.02,-0.1121,1257127.780000000027939,2245716.302999999839812
601899.SH,2024.05.27,17.769999999999999,18.359999999999999,17.760000000000001,18.199999999999999,17.82,0.38,2.1324,1467113.96999999997206,2662784.805999999865889
601899.SH,2024.05.28,18.379999999999998,18.48,18.010000000000001,18.05,18.199999999999999,-0.15,-0.8242,1328072.550000000046566,2420542.086000000126659
601899.SH,2024.05.29,18.079999999999998,18.579999999999998,17.969999999999998,18.449999999999999,18.05,0.4,2.2161,1584145.979999999981373,2914016.095999999903142
601899.SH,2024.05.30,18.3,18.370000000000001,17.55,17.64,18.449999999999999,-0.81,-4.390200000000001,2092498.860000000102445,3729795.969000000040978
601899.SH,2024.05.31,17.629999999999999,17.719999999999998,17.199999999999999,17.41,17.64,-0.23,-1.3039,1970347.46999999997206,3434982.967000000178813
601899.SH,2024.06.03,17.289999999999999,17.629999999999999,17.170000000000001,17.329999999999998,17.41,-0.08,-0.4595,1348331.989999999990686,2343666.557000000029802
601899.SH,2024.06.04,17.449999999999999,17.699999999999999,17.179999999999999,17.420000000000001,17.329999999999998,0.09,0.5193,1520604.93999999994412,2652422.195999999996274
601899.SH,2024.06.05,17,17.199999999999999,16.75,17.05,17.420000000000001,-0.37,-2.124,1854607.18999999994412,3155725.050999999977648
601899.SH,2024.06.06,17.350000000000001,17.789999999999999,17.329999999999998,17.589999999999999,17.05,0.54,3.1672,1864393.18999999994412,3276766.583000000100582
601899.SH,2024.06.07,17.82,17.879999999999999,17.309999999999998,17.760000000000001,17.589999999999999,0.17,0.9665,1737726.560000000055879,3063217.623000000137835
601899.SH,2024.06.11,17.109999999999999,17.219999999999998,16.780000000000001,17,17.559999999999998,-0.56,-3.1891,1727394.320000000065192,2932617.274999999906867
601899.SH,2024.06.12,16.89,17.269999999999999,16.859999999999999,17.21,17,0.21,1.2353,1319006.25,2255787.020000000018626
601899.SH,2024.06.13,17.14,17.219999999999998,16.510000000000001,16.809999999999998,17.21,-0.4,-2.3242,1749091.510000000009313,2935447.404000000096857
601899.SH,2024.06.14,16.600000000000001,17.170000000000001,16.55,17.089999999999999,16.809999999999998,0.28,1.6657,1630139.370000000111758,2764928.686000000219792
601899.SH,2024.06.17,16.989999999999998,17.170000000000001,16.760000000000001,17.039999999999999,17.089999999999999,-0.05,-0.2926,1063816.800000000046566,1811063.472000000067055
601899.SH,2024.06.18,16.609999999999999,17.079999999999998,16.379999999999998,16.920000000000001,17.039999999999999,-0.12,-0.7042,2398533.609999999869614,4016852.350999999791383
601899.SH,2024.06.19,16.920000000000001,17.5,16.879999999999999,17.32,16.920000000000001,0.4,2.3641,1720495.209999999962747,2971053.455000000074505
601899.SH,2024.06.20,17.41,17.859999999999999,17.370000000000001,17.559999999999998,17.32,0.24,1.3857,1288207.100000000093132,2269494.993999999947845
601899.SH,2024.06.21,17.780000000000001,17.87,17.239999999999998,17.32,17.559999999999998,-0.24,-1.3667,1452327.530000000027939,2537688.936999999918043
601899.SH,2024.06.24,17,17.579999999999998,16.929999999999999,17.469999999999998,17.32,0.15,0.8661,1320341.350000000093132,2291742.450000000186264
601899.SH,2024.06.25,17.449999999999999,17.519999999999999,17.199999999999999,17.350000000000001,17.469999999999998,-0.12,-0.6869,955705.390000000013969,1658445.654000000096857
601899.SH,2024.06.26,17.219999999999998,17.339999999999999,16.969999999999998,17.260000000000001,17.350000000000001,-0.09,-0.5187,1079234.21999999997206,1849478.443999999901279
601899.SH,2024.06.27,17.14,17.170000000000001,16.89,16.899999999999998,17.260000000000001,-0.36,-2.0857,1007141.319999999948777,1710178.992000000085681
601899.SH,2024.06.28,16.98,17.629999999999999,16.82,17.57,16.899999999999998,0.67,3.9645,1295243.709999999962747,2248803.981000000145286
601899.SH,2024.07.01,17.780000000000001,18.100000000000001,17.739999999999998,18.039999999999999,17.57,0.47,2.675,1490496.25,2674413.716000000014901
601899.SH,2024.07.02,18.079999999999998,18.079999999999998,17.64,17.839999999999999,18.039999999999999,-0.2,-1.1086,957198.93999999994412,1705179.399999999906867
601899.SH,2024.07.03,17.839999999999999,18.030000000000001,17.71,17.89,17.839999999999999,0.05,0.2803,1039344.60999999998603,1853176.365999999921768
601899.SH,2024.07.04,18.23,18.589999999999999,18.170000000000001,18.170000000000001,17.89,0.28,1.5651,1762920.830000000074505,3241891.072000000160187
601899.SH,2024.07.05,18.170000000000001,18.66,18.109999999999999,18.64,18.170000000000001,0.47,2.5867,1887476.090000000083819,3484687.195999999996274
601899.SH,2024.07.08,18.690000000000001,18.879999999999999,18.440000000000001,18.449999999999999,18.64,-0.19,-1.0193,1491976.879999999888241,2778400.677000000141561
601899.SH,2024.07.09,18.600000000000001,18.859999999999999,18.55,18.82,18.449999999999999,0.37,2.0054,1649306.629999999888241,3089185.865999999921768
601899.SH,2024.07.10,18.73,18.98,18.280000000000001,18.379999999999998,18.82,-0.44,-2.3379,1508429.639999999897554,2806437.584999999962747
601899.SH,2024.07.11,18.5,18.96,18.3,18.87,18.379999999999998,0.49,2.6659,1558077.570000000065192,2925447.887000000104308
601899.SH,2024.07.12,18.969999999999998,19,18.359999999999999,18.48,18.87,-0.39,-2.0668,1390550.699999999953433,2586146.820999999996274
601899.SH,2024.07.15,18.5,18.949999999999999,18.429999999999999,18.82,18.48,0.34,1.8398,1269889.580000000074505,2392322.766999999992549
601899.SH,2024.07.16,18.780000000000001,19.239999999999998,18.780000000000001,19.21,18.82,0.39,2.0723,1345954.800000000046566,2569268.513999999966472
601899.SH,2024.07.17,19.5,19.539999999999999,18.370000000000001,18.469999999999998,19.21,-0.74,-3.8522,2171674.109999999869614,4075167.475000000093132
601899.SH,2024.07.18,18.239999999999998,18.489999999999998,17.969999999999998,18.449999999999999,18.469999999999998,-0.02,-0.1083,1491777.020000000018626,2719754.560000000055879
601899.SH,2024.07.19,17.8,18.05,17.109999999999999,17.940000000000001,18.449999999999999,-0.51,-2.7642,2386171.580000000074505,4220560.796000000089406
601899.SH,2024.07.22,17.75,17.839999999999999,17.21,17.600000000000001,17.940000000000001,-0.34,-1.8952,1929751.21999999997206,3373542.742999999783933
601899.SH,2024.07.23,17.579999999999998,17.719999999999998,16.5,16.519999999999999,17.600000000000001,-1.08,-6.1364,2354732.410000000149011,3978851.947000000160187
601899.SH,2024.07.24,16.449999999999999,16.75,16.399999999999998,16.530000000000001,16.519999999999999,0.01,0.0605,1368095.530000000027939,2262423.375
601899.SH,2024.07.25,16.079999999999998,16.239999999999998,15.38,15.429999999999999,16.530000000000001,-1.1,-6.654600000000001,2882151.600000000093132,4506442.22499999962747
601899.SH,2024.07.26,15.55,16.089999999999999,15.509999999999999,15.849999999999999,15.429999999999999,0.42,2.722,1753896.100000000093132,2781765.969000000040978
601899.SH,2024.07.29,16,16.280000000000001,15.759999999999999,16.109999999999999,15.849999999999999,0.26,1.6404,1439936.300000000046566,2311428.226999999955296
601899.SH,2024.07.30,15.97,16.010000000000001,15.73,15.91,16.109999999999999,-0.2,-1.2415,1253230.949999999953433,1987811.93999999994412
601899.SH,2024.07.31,15.99,16.66,15.97,16.579999999999998,15.91,0.67,4.2112,1901637.760000000009313,3120989.657999999821186
601899.SH,2024.08.01,16.879999999999999,17.079999999999998,16.48,16.629999999999999,16.579999999999998,0.05,0.3016,1496889.879999999888241,2507529.785999999847263
601899.SH,2024.08.02,16.309999999999998,16.309999999999998,15.699999999999999,15.96,16.629999999999999,-0.67,-4.028900000000001,2143936.93999999994412,3415283.680999999865889
601899.SH,2024.08.05,15.57,16.030000000000001,15.46,15.63,15.96,-0.33,-2.0677,1791190.790000000037252,2821695.200999999884516
601899.SH,2024.08.06,15.699999999999999,15.779999999999999,15.16,15.349999999999999,15.63,-0.28,-1.7914,1753033.080000000074505,2685324.518000000156462
601899.SH,2024.08.07,15.25,15.66,15.199999999999999,15.48,15.349999999999999,0.13,0.8469,1166018.46999999997206,1809204.279000000096857
601899.SH,2024.08.08,15.339999999999999,15.349999999999999,15.029999999999999,15.21,15.48,-0.27,-1.7442,1171024.120000000111758,1775561.766000000061467
601899.SH,2024.08.09,15.38,15.66,15.31,15.339999999999999,15.109999999999999,0.23,1.5222,1401626,2169838.975000000093132
601899.SH,2024.08.12,15.3,15.49,15.24,15.359999999999999,15.339999999999999,0.02,0.1304,636356.020000000018626,974895.62100000004284
601899.SH,2024.08.13,15.66,15.73,15.3,15.539999999999999,15.359999999999999,0.18,1.1719,1412878.590000000083819,2191712.921999999787658
601899.SH,2024.08.14,15.55,15.619999999999999,15.349999999999999,15.4,15.539999999999999,-0.14,-0.9009,665068.339999999967403,1028773.395000000018626
601899.SH,2024.08.15,15.279999999999999,15.63,15.21,15.58,15.4,0.18,1.1688,914645,1417686.96999999997206
601899.SH,2024.08.16,15.779999999999999,16.179999999999999,15.779999999999999,15.869999999999999,15.58,0.29,1.8614,1508291.350000000093132,2405009.021000000182539
601899.SH,2024.08.19,16.059999999999998,16.489999999999998,16,16.219999999999998,15.869999999999999,0.35,2.2054,1364560.879999999888241,2220435.251999999862164
601899.SH,2024.08.20,16.32,16.32,15.89,16.05,16.219999999999998,-0.17,-1.0481,890529.729999999981373,1428671.394000000087544
601899.SH,2024.08.21,16.059999999999998,16.25,15.929999999999999,16.16,16.05,0.11,0.6854,822392.560000000055879,1328595.78499999991618
601899.SH,2024.08.22,16.16,16.199999999999999,15.949999999999999,16.170000000000001,16.16,0.01,0.0619,746207.920000000041909,1201182.294999999925494
601899.SH,2024.08.23,15.97,16.089999999999999,15.9,16.059999999999998,16.170000000000001,-0.11,-0.6803,750786.339999999967403,1202326.601999999955296
601899.SH,2024.08.26,16.309999999999998,16.379999999999998,15.949999999999999,16.21,16.059999999999998,0.15,0.934,1461883.489999999990686,2360957.697000000160187
601899.SH,2024.08.27,16.149999999999998,16.25,15.849999999999999,16.07,16.21,-0.14,-0.8637,899167.270000000018626,1444490.875999999931082
601899.SH,2024.08.28,16.100000000000001,16.239999999999998,15.63,15.82,16.07,-0.25,-1.5557,1302750.449999999953433,2066444.455000000074505
601899.SH,2024.08.29,15.75,15.99,15.609999999999999,15.929999999999999,15.82,0.11,0.6953,807699.010000000009313,1280880.645999999949708
601899.SH,2024.08.30,15.89,16.170000000000001,15.66,16,15.929999999999999,0.07,0.4394,1442522.530000000027939,2299150
601899.SH,2024.09.02,15.859999999999999,15.869999999999999,15.31,15.609999999999999,16,-0.39,-2.4375,1299693.810000000055879,2022749.647000000113621
601899.SH,2024.09.03,15.5,15.689999999999999,15.369999999999999,15.49,15.609999999999999,-0.12,-0.7687,687860.900000000023283,1068102.841000000014901
601899.SH,2024.09.04,15.05,15.099999999999999,14.56,14.679999999999999,15.49,-0.81,-5.2292,2364363.060000000055879,3496281.168000000063329
601899.SH,2024.09.05,14.75,14.97,14.529999999999999,14.679999999999999,14.679999999999999,0,0,1088422.139999999897554,1602794.385000000009313
601899.SH,2024.09.06,14.839999999999999,15.009999999999999,14.699999999999999,14.759999999999999,14.679999999999999,0.08,0.545,981026.18999999994412,1456232.567000000039115
601899.SH,2024.09.09,14.47,14.47,13.939999999999999,14.15,14.759999999999999,-0.61,-4.1328,2328686.950000000186264,3290633.023000000044703
601899.SH,2024.09.10,14.269999999999999,14.349999999999999,14.07,14.22,14.15,0.07,0.4947,1095015.020000000018626,1553971.993000000016763
601899.SH,2024.09.11,14.15,14.25,13.96,14.199999999999999,14.22,-0.02,-0.1406,1407423.260000000009313,1982554.98300000000745
601899.SH,2024.09.12,14.24,14.39,14.07,14.199999999999999,14.199999999999999,0,0,1271389.129999999888241,1809433.188000000081956
601899.SH,2024.09.13,14.589999999999999,14.91,14.519999999999999,14.679999999999999,14.199999999999999,0.48,3.3803,2228886.770000000018626,3285178.180999999865889
601899.SH,2024.09.18,14.98,15.22,14.849999999999999,15.039999999999999,14.679999999999999,0.36,2.4523,1687917.020000000018626,2542627.078999999910593
601899.SH,2024.09.19,15.109999999999999,15.46,14.769999999999999,15.4,15.039999999999999,0.36,2.3936,1829002.18999999994412,2781048.85399999981746
601899.SH,2024.09.20,15.49,15.88,15.31,15.88,15.4,0.48,3.1169,1927330.139999999897554,3031915.811999999918043
601899.SH,2024.09.23,15.88,16,15.679999999999999,15.82,15.88,-0.06,-0.3778,1367371.760000000009313,2166292.149000000208616
601899.SH,2024.09.24,16.100000000000001,16.64,16.019999999999999,16.510000000000001,15.82,0.69,4.361600000000001,2512265.830000000074505,4106644.354999999981373
601899.SH,2024.09.25,16.920000000000001,17.32,16.899999999999998,16.920000000000001,16.510000000000001,0.41,2.4833,2837248.459999999962747,4841338.019999999552965
601899.SH,2024.09.26,17.100000000000001,17.39,16.699999999999999,17.370000000000001,16.920000000000001,0.45,2.6596,2245649.359999999869614,3833086.686999999918043
601899.SH,2024.09.27,17.850000000000001,18.05,17.269999999999999,17.510000000000001,17.370000000000001,0.14,0.806,1740927.959999999962747,3061022.313999999780207
601899.SH,2024.09.30,17.879999999999999,18.739999999999998,17.120000000000001,18.14,17.510000000000001,0.63,3.5979,6719726.169999999925494,11989845.28099999949336
601899.SH,2024.10.08,19.64,19.87,17.510000000000001,17.96,18.14,-0.18,-0.9923,7066172.440000000409781,13098607.115000000223517
601899.SH,2024.10.09,17.699999999999999,17.769999999999999,16.899999999999998,16.929999999999999,17.96,-1.03,-5.735000000000001,3957164.319999999832361,6837072.588000000454485
601899.SH,2024.10.10,17,17.98,16.850000000000001,17.350000000000001,16.929999999999999,0.42,2.4808,3017847.589999999850988,5253048.16399999987334
601899.SH,2024.10.11,17.600000000000001,17.789999999999999,17.079999999999998,17.239999999999998,17.350000000000001,-0.11,-0.634,2045173.229999999981373,3576578.455999999772757
601899.SH,2024.10.14,17.359999999999999,17.769999999999999,17.079999999999998,17.670000000000001,17.239999999999998,0.43,2.4942,2098953.419999999925494,3685655.112999999895691
601899.SH,2024.10.15,17.5,17.510000000000001,17.129999999999998,17.129999999999998,17.670000000000001,-0.54,-3.056,1673262.639999999897554,2896694.035999999847263
601899.SH,2024.10.16,17.079999999999998,17.539999999999999,17.019999999999999,17.449999999999999,17.129999999999998,0.32,1.8681,1390672.149999999906867,2416131.415000000037252
601899.SH,2024.10.17,17.48,17.609999999999999,17.120000000000001,17.14,17.449999999999999,-0.31,-1.7765,1324173.65999999991618,2300457.654000000096857
601899.SH,2024.10.18,17.350000000000001,17.879999999999999,17.309999999999998,17.629999999999999,17.14,0.49,2.8588,2199172.879999999888241,3856826.864000000059604
601899.SH,2024.10.21,18.079999999999998,18.579999999999998,17.899999999999998,18.219999999999998,17.629999999999999,0.59,3.3466,2717425.649999999906867,4961500.151999999769032
601899.SH,2024.10.22,18.129999999999998,18.3,17.879999999999999,18.05,18.219999999999998,-0.17,-0.933,1701243.840000000083819,3067127.99599999981001
601899.SH,2024.10.23,18.100000000000001,18.170000000000001,17.679999999999999,17.850000000000001,18.05,-0.2,-1.108,1588838.270000000018626,2839459.533999999985098
601899.SH,2024.10.24,17.600000000000001,17.600000000000001,17.32,17.489999999999998,17.850000000000001,-0.36,-2.0168,1531407.040000000037252,2674306.64699999988079
601899.SH,2024.10.25,17.420000000000001,17.440000000000001,17.14,17.23,17.489999999999998,-0.26,-1.4866,1512537.46999999997206,2610995.382999999914318
601899.SH,2024.10.28,17.199999999999999,17.23,16.96,17.199999999999999,17.23,-0.03,-0.1741,1228177.879999999888241,2100442.302000000141561
601899.SH,2024.10.29,17.269999999999999,17.519999999999999,17.179999999999999,17.219999999999998,17.199999999999999,0.02,0.1163,1570671.989999999990686,2720298.492000000085681
601899.SH,2024.10.30,17.350000000000001,17.55,17,17.129999999999998,17.219999999999998,-0.09,-0.5226,1583135,2724881.175999999977648
601899.SH,2024.10.31,17.059999999999998,17.079999999999998,16.66,16.82,17.129999999999998,-0.31,-1.8097,1837666.610000000102445,3091011.649000000208616
601899.SH,2024.11.01,16.719999999999998,17.5,16.64,17.25,16.82,0.43,2.5565,2514288.080000000074505,4333954.461000000126659
601899.SH,2024.11.04,17.359999999999999,17.420000000000001,16.969999999999998,17.350000000000001,17.25,0.1,0.5797,1508560.15999999991618,2591393.808999999891966
601899.SH,2024.11.05,17.260000000000001,17.719999999999998,17.149999999999998,17.699999999999999,17.350000000000001,0.35,2.0173,1855230.570000000065192,3243783.398000000044703
601899.SH,2024.11.06,17.649999999999998,17.699999999999999,17.16,17.309999999999998,17.699999999999999,-0.39,-2.2034,1933285.449999999953433,3379872.879000000189989
601899.SH,2024.11.07,16.719999999999998,17.100000000000001,16.5,17.089999999999999,17.309999999999998,-0.22,-1.2709,2808754.430000000167638,4722689.572999999858438
601899.SH,2024.11.08,17.350000000000001,17.589999999999999,17.019999999999999,17.089999999999999,17.089999999999999,0,0,2259977.700000000186264,3902730.429000000003725
601899.SH,2024.11.11,16.8,16.809999999999998,16.079999999999998,16.510000000000001,17.089999999999999,-0.58,-3.3938,3427065.020000000018626,5620690.507000000216066
601899.SH,2024.11.12,16.100000000000001,16.449999999999999,15.8,15.98,16.510000000000001,-0.53,-3.2102,2856313.629999999888241,4602711.82799999974668
601899.SH,2024.11.13,15.929999999999999,16.170000000000001,15.9,16,15.98,0.02,0.1252,1439938.510000000009313,2308724.717999999877065
601899.SH,2024.11.14,15.9,15.939999999999999,15.58,15.609999999999999,16,-0.39,-2.4375,1947269.209999999962747,3066365.949000000022351
601899.SH,2024.11.15,15.599999999999999,16.100000000000001,15.519999999999999,15.619999999999999,15.609999999999999,0.01,0.0641,1863567.479999999981373,2954520.861000000033527
601899.SH,2024.11.18,15.759999999999999,15.99,15.589999999999999,15.71,15.619999999999999,0.09,0.5762,1760793.709999999962747,2781021.688000000081956
601899.SH,2024.11.19,16,16.429999999999999,16,16.21,15.71,0.5,3.1827,2600998.890000000130385,4215053.446999999694526
601899.SH,2024.11.20,16.289999999999999,16.3,15.939999999999999,16.030000000000001,16.21,-0.18,-1.1104,1460525.919999999925494,2347972.311999999918043
601899.SH,2024.11.21,16.039999999999999,16.23,15.97,16.16,16.030000000000001,0.13,0.811,1353773.780000000027939,2177155.617000000085681
601899.SH,2024.11.22,16.179999999999999,16.199999999999999,15.759999999999999,15.759999999999999,16.16,-0.4,-2.4752,1252431.43999999994412,1995032.918000000063329
601899.SH,2024.11.25,15.88,16.039999999999999,15.47,15.55,15.759999999999999,-0.21,-1.3325,1197932.18999999994412,1883870.367000000085681
601899.SH,2024.11.26,15.4,15.679999999999999,15.369999999999999,15.539999999999999,15.55,-0.01,-0.0643,914522.060000000055879,1421300.260000000009313
601899.SH,2024.11.27,15.55,15.679999999999999,15.33,15.679999999999999,15.539999999999999,0.14,0.9009,1101829.330000000074505,1711331.757999999914318
601899.SH,2024.11.28,15.65,15.72,15.46,15.529999999999999,15.679999999999999,-0.15,-0.9566,871587.369999999995343,1357463.152999999932944
601899.SH,2024.11.29,15.599999999999999,15.939999999999999,15.429999999999999,15.699999999999999,15.529999999999999,0.17,1.0947,1412604.429999999934807,2220567.458000000100582
601899.SH,2024.12.02,15.72,15.769999999999999,15.5,15.56,15.699999999999999,-0.14,-0.8917,1683597.030000000027939,2628279.645000000018626
601899.SH,2024.12.03,15.589999999999999,15.63,15.279999999999999,15.609999999999999,15.56,0.05,0.3213,1495720.699999999953433,2315346.60800000000745
601899.SH,2024.12.04,15.679999999999999,15.939999999999999,15.64,15.8,15.609999999999999,0.19,1.2172,1808365.979999999981373,2853814.254999999888241
601899.SH,2024.12.05,15.73,15.75,15.419999999999999,15.48,15.8,-0.32,-2.0253,1412370.639999999897554,2192389.550999999977648
601899.SH,2024.12.06,15.419999999999999,15.74,15.41,15.689999999999999,15.48,0.21,1.3566,1378732.760000000009313,2155290.558000000193715
601899.SH,2024.12.09,15.74,16.05,15.669999999999999,15.88,15.689999999999999,0.19,1.211,1386204.71999999997206,2208532.969000000040978
601899.SH,2024.12.10,16.379999999999998,16.55,16,16.059999999999998,15.88,0.18,1.1335,1917172.68999999994412,3111739.802000000141561
601899.SH,2024.12.11,16.16,16.379999999999998,16.059999999999998,16.120000000000001,16.059999999999998,0.06,0.3736,1468594.889999999897554,2374455.018999999854713
601899.SH,2024.12.12,16.120000000000001,16.280000000000001,16.089999999999999,16.239999999999998,16.120000000000001,0.12,0.7444,1005044.770000000018626,1628318.303000000072643
601899.SH,2024.12.13,16,16,15.57,15.57,16.239999999999998,-0.67,-4.125600000000001,1998111.679999999934807,3143512.08199999993667
601899.SH,2024.12.16,15.57,15.64,15.31,15.349999999999999,15.57,-0.22,-1.413,1283534.679999999934807,1977871.986000000033527
601899.SH,2024.12.17,15.349999999999999,15.589999999999999,15.269999999999999,15.449999999999999,15.349999999999999,0.1,0.6515,1196822.199999999953433,1851932.604000000050291
601899.SH,2024.12.18,15.4,15.63,15.4,15.49,15.449999999999999,0.04,0.2589,753476.589999999967403,1169485.235000000102445
601899.SH,2024.12.19,15.21,15.41,15.05,15.32,15.49,-0.17,-1.0975,925546.810000000055879,1414586.144000000087544
601899.SH,2024.12.20,15.279999999999999,15.33,15.019999999999999,15.019999999999999,15.32,-0.3,-1.9582,1400626.669999999925494,2117319.77600000007078
601899.SH,2024.12.23,15.16,15.589999999999999,15.089999999999999,15.509999999999999,15.019999999999999,0.49,3.2623,1884409,2903979.101999999955296
601899.SH,2024.12.24,15.49,15.66,15.289999999999999,15.63,15.509999999999999,0.12,0.7737,1167419.370000000111758,1811782.585999999893829
601899.SH,2024.12.25,15.63,15.669999999999999,15.339999999999999,15.519999999999999,15.63,-0.11,-0.7038,878541.069999999948777,1359933.125999999931082
601899.SH,2024.12.26,15.529999999999999,15.73,15.46,15.619999999999999,15.519999999999999,0.1,0.6443,875092.550000000046566,1366286.290999999968335
601899.SH,2024.12.27,15.64,15.689999999999999,15.269999999999999,15.3,15.619999999999999,-0.32,-2.0487,1236416,1903734.256000000052154
601899.SH,2024.12.30,15.259999999999999,15.72,15.23,15.539999999999999,15.3,0.24,1.5686,1524840.71999999997206,2365457.325999999884516
601899.SH,2024.12.31,15.429999999999999,15.46,15.119999999999999,15.119999999999999,15.539999999999999,-0.42,-2.7027,1422364.889999999897554,2172211.223000000230967
601899.SH,2025.01.02,15.199999999999999,15.48,15,15.179999999999999,15.119999999999999,0.06,0.3968,1990530.770000000018626,3037419.313999999780207
601899.SH,2025.01.03,15.3,15.92,15.269999999999999,15.57,15.179999999999999,0.39,2.5692,3124884.660000000149011,4898067.955000000074505
601899.SH,2025.01.06,15.679999999999999,15.859999999999999,15.33,15.49,15.57,-0.08,-0.5138,2252831.870000000111758,3516450.288000000175088
601899.SH,2025.01.07,15.55,16.05,15.4,16.019999999999999,15.49,0.53,3.4216,2298933.140000000130385,3655875.984999999869614
601899.SH,2025.01.08,16.019999999999999,16.170000000000001,15.74,15.849999999999999,16.019999999999999,-0.17,-1.0612,1768436.68999999994412,2815392.399999999906867
601899.SH,2025.01.09,15.91,16.030000000000001,15.72,15.92,15.849999999999999,0.07,0.4416,1342998.260000000009313,2132733.325000000186264
601899.SH,2025.01.10,16.089999999999999,16.339999999999999,15.869999999999999,16.149999999999998,15.92,0.23,1.4447,1955517.110000000102445,3158715.408999999985098
601899.SH,2025.01.13,16.14,16.66,16.030000000000001,16.399999999999998,16.149999999999998,0.25,1.548,2377232.029999999795109,3905138.856000000145286
601899.SH,2025.01.14,16.289999999999999,16.48,16.05,16.41,16.399999999999998,0.01,0.061,1800898.18999999994412,2933492.770000000018626
601899.SH,2025.01.15,16.350000000000001,16.399999999999998,15.529999999999999,15.779999999999999,16.41,-0.63,-3.8391,3279464.069999999832361,5211318.615000000223517
601899.SH,2025.01.16,16.030000000000001,16.3,16.030000000000001,16.170000000000001,15.779999999999999,0.39,2.4715,2207643.009999999776482,3573654.016999999992549
601899.SH,2025.01.17,16.309999999999998,16.41,16.120000000000001,16.269999999999999,16.170000000000001,0.1,0.6184,1682691.570000000065192,2741904.813999999780207
601899.SH,2025.01.20,16.25,16.39,16.07,16.289999999999999,16.269999999999999,0.02,0.1229,1446115.270000000018626,2346499.183999999891966
601899.SH,2025.01.21,16.3,16.39,16.14,16.25,16.289999999999999,-0.04,-0.2455,1091088.760000000009313,1775020.124000000068917
601899.SH,2025.01.22,16.359999999999999,16.39,16.05,16.199999999999999,16.25,-0.05,-0.3077,1283152.199999999953433,2077766.554999999934807
601899.SH,2025.01.23,16.190000000000001,16.359999999999999,15.859999999999999,15.88,16.199999999999999,-0.32,-1.9753,1808042.5,2905923.916999999899417
601899.SH,2025.01.24,16.010000000000001,16.120000000000001,15.81,16.019999999999999,15.88,0.14,0.8816,1376563.290000000037252,2200932.990000000223517
601899.SH,2025.01.27,16,16.309999999999998,15.939999999999999,16.239999999999998,16.019999999999999,0.22,1.3733,1547942.840000000083819,2507171.802999999839812
601899.SH,2025.02.05,16.589999999999999,16.73,16.309999999999998,16.469999999999998,16.239999999999998,0.23,1.4163,2061405.899999999906867,3391610.271000000182539
601899.SH,2025.02.06,16.579999999999998,16.579999999999998,16.109999999999999,16.309999999999998,16.469999999999998,-0.16,-0.9715,2001626.919999999925494,3258744.765999999828636
601899.SH,2025.02.07,16.350000000000001,16.66,16.16,16.62,16.309999999999998,0.31,1.9007,2165528.080000000074505,3565663.12099999981001
601899.SH,2025.02.10,16.809999999999998,17.059999999999998,16.739999999999998,16.87,16.62,0.25,1.5042,2212064.589999999850988,3733076.552999999839812
601899.SH,2025.02.11,17.039999999999999,17.579999999999998,16.920000000000001,17.280000000000001,16.87,0.41,2.4303,2925261.859999999869614,5070661.924999999813735
601899.SH,2025.02.12,17.030000000000001,17.120000000000001,16.87,16.98,17.280000000000001,-0.3,-1.7361,1582010.060000000055879,2685571.782000000122934
601899.SH,2025.02.13,17.079999999999998,17.199999999999999,16.98,17.010000000000001,16.98,0.03,0.1767,1272921.93999999994412,2173308.263999999966472
601899.SH,2025.02.14,17.149999999999998,17.339999999999999,17.010000000000001,17.16,17.010000000000001,0.15,0.8818,1155269.679999999934807,1979857.333000000100582
601899.SH,2025.02.17,16.71,16.71,16.41,16.5,17.16,-0.66,-3.8462,2385439.859999999869614,3938646.125
601899.SH,2025.02.18,16.41,16.589999999999999,16.309999999999998,16.41,16.5,-0.09,-0.5455,1449983.46999999997206,2385640.200000000186264
601899.SH,2025.02.19,16.510000000000001,16.609999999999999,16.289999999999999,16.350000000000001,16.41,-0.06,-0.3656,1566817.070000000065192,2572213.14699999988079
601899.SH,2025.02.20,16.379999999999998,16.48,16.120000000000001,16.440000000000001,16.350000000000001,0.09,0.5505,1300818.570000000065192,2124966.942999999970197
601899.SH,2025.02.21,16.48,16.559999999999998,16.129999999999998,16.190000000000001,16.440000000000001,-0.25,-1.5207,2061610.739999999990686,3357537.473000000230967
601899.SH,2025.02.24,15.99,16.219999999999998,15.8,16.079999999999998,16.190000000000001,-0.11,-0.6794,1735860.449999999953433,2779918.367999999783933
601899.SH,2025.02.25,16.059999999999998,16.129999999999998,15.75,15.779999999999999,16.079999999999998,-0.3,-1.8657,1558632.800000000046566,2486448.004999999888241
601899.SH,2025.02.26,15.83,16.089999999999999,15.679999999999999,15.859999999999999,15.779999999999999,0.08,0.507,1575441.070000000065192,2498948.794000000227242
601899.SH,2025.02.27,15.869999999999999,15.869999999999999,15.609999999999999,15.75,15.859999999999999,-0.11,-0.6936,1363071.71999999997206,2143446.762000000104308
601899.SH,2025.02.28,15.609999999999999,15.669999999999999,15.349999999999999,15.349999999999999,15.75,-0.4,-2.5397,1793745.610000000102445,2776454.069999999832361
601899.SH,2025.03.03,15.48,15.859999999999999,15.449999999999999,15.64,15.349999999999999,0.29,1.8893,1461700.419999999925494,2290750.529999999795108
601899.SH,2025.03.04,15.689999999999999,16.059999999999998,15.599999999999999,15.929999999999999,15.64,0.29,1.8542,1529355.149999999906867,2423804.478000000119209
601899.SH,2025.03.05,15.929999999999999,16.089999999999999,15.81,16.010000000000001,15.929999999999999,0.08,0.5022,1237581.71999999997206,1976188.828999999910593
601899.SH,2025.03.06,16.25,16.489999999999998,16.190000000000001,16.3,16.010000000000001,0.29,1.8114,1782082.360000000102445,2906467.183000000193715
601899.SH,2025.03.07,16.329999999999998,16.75,16.199999999999999,16.429999999999999,16.3,0.13,0.7975,1932340.590000000083819,3190133.930999999865889
601899.SH,2025.03.10,16.5,16.690000000000001,16.309999999999998,16.649999999999998,16.429999999999999,0.22,1.339,1631583.300000000046566,2696257.981000000145286
601899.SH,2025.03.11,16.280000000000001,16.48,16.100000000000001,16.48,16.649999999999998,-0.17,-1.021,1800005.510000000009313,2928916.870000000111758
601899.SH,2025.03.12,16.55,16.719999999999998,16.280000000000001,16.690000000000001,16.48,0.21,1.2743,1623982.129999999888241,2687231.259000000078231
601899.SH,2025.03.13,16.879999999999999,17.079999999999998,16.739999999999998,16.96,16.690000000000001,0.27,1.6177,2097682.129999999888241,3559737.981000000145286
601899.SH,2025.03.14,17.39,17.629999999999999,17.179999999999999,17.48,16.96,0.52,3.066,2989815.729999999981373,5219104.860000000335276
601899.SH,2025.03.17,17.489999999999998,17.699999999999999,17.109999999999999,17.21,17.48,-0.27,-1.5446,2367762.680000000167638,4111730.674999999813735
601899.SH,2025.03.18,17.399999999999998,17.949999999999999,17.359999999999999,17.760000000000001,17.21,0.55,3.1958,2552059.819999999832361,4520896.345999999903142
601899.SH,2025.03.19,17.780000000000001,18.05,17.690000000000001,18.05,17.760000000000001,0.29,1.6329,1892852.229999999981373,3390128.165000000037252
601899.SH,2025.03.20,18.3,18.429999999999999,18.010000000000001,18.170000000000001,18.05,0.12,0.6648,2325789.910000000149011,4235118.472000000067055
601899.SH,2025.03.21,18,18.059999999999998,17.399999999999998,17.57,18.170000000000001,-0.6,-3.3021,2514753.870000000111758,4440714.112999999895691
601899.SH,2025.03.24,17.66,18.350000000000001,17.48,18.05,17.57,0.48,2.7319,2696251.620000000111758,4868638.360999999567866
601899.SH,2025.03.25,18.05,18.420000000000001,17.929999999999999,18.399999999999998,18.05,0.35,1.9391,2266251.299999999813735,4130000.623000000137835
601899.SH,2025.03.26,18.699999999999999,18.96,18.100000000000001,18.199999999999999,18.399999999999998,-0.2,-1.087,3229223.970000000204891,5979045.486999999731779
601899.SH,2025.03.27,17.899999999999998,18.129999999999998,17.600000000000001,17.859999999999999,18.199999999999999,-0.34,-1.8681,2255313.629999999888241,4013993.131000000052154
601899.SH,2025.03.28,18.05,18.339999999999999,17.809999999999998,18.16,17.859999999999999,0.3,1.6797,1863644.330000000074505,3365891.158999999985098
601899.SH,2025.03.31,18.07,18.309999999999998,17.98,18.120000000000001,18.16,-0.04,-0.2203,1606775.540000000037252,2912951.501999999862164
601899.SH,2025.04.01,18.199999999999999,18.329999999999998,17.8,17.929999999999999,18.120000000000001,-0.19,-1.0486,1534226.530000000027939,2760335.77199999988079
601899.SH,2025.04.02,17.760000000000001,17.850000000000001,17.440000000000001,17.5,17.929999999999999,-0.43,-2.3982,1580990.139999999897554,2787581.793000000063329
601899.SH,2025.04.03,17.350000000000001,17.48,16.87,17.109999999999999,17.5,-0.39,-2.2286,2164268.25,3702083.024999999906867
601899.SH,2025.04.07,15.4,15.849999999999999,15.4,15.41,17.109999999999999,-1.7,-9.9357,4880359.410000000149011,7566671.764000000432133
601899.SH,2025.04.08,15.539999999999999,15.949999999999999,15.21,15.949999999999999,15.41,0.54,3.5042,3733607.399999999906867,5849553.135999999940395
601899.SH,2025.04.09,15.539999999999999,15.92,15.189999999999999,15.92,15.949999999999999,-0.03,-0.1881,4467126.740000000223517,6914703.375
601899.SH,2025.04.10,16.55,16.850000000000001,16.370000000000001,16.75,15.92,0.83,5.2136,3591394.899999999906867,5968607.760999999940395
601899.SH,2025.04.11,17.149999999999998,17.309999999999998,16.98,17.149999999999998,16.75,0.4,2.3881,2718367.549999999813735,4652651.213000000454485
601899.SH,2025.04.14,17.39,18,17.109999999999999,17.629999999999999,17.149999999999998,0.48,2.7988,3336006.339999999850988,5893332.635999999940395
601899.SH,2025.04.15,17.64,17.699999999999999,17.280000000000001,17.649999999999998,17.629999999999999,0.02,0.1134,1905537.68999999994412,3344171.353000000119209
601899.SH,2025.04.16,17.899999999999998,17.98,17.420000000000001,17.739999999999998,17.649999999999998,0.09,0.5099,2074564.820000000065192,3650843.291000000201165
601899.SH,2025.04.17,18.129999999999998,18.3,17.66,17.82,17.739999999999998,0.08,0.451,3105316.839999999850988,5565604.082000000402331
601899.SH,2025.04.18,17.649999999999998,17.769999999999999,17.350000000000001,17.62,17.82,-0.2,-1.1223,1399176.520000000018626,2455099.399000000208616
601899.SH,2025.04.21,17.769999999999999,18.629999999999999,17.760000000000001,18.600000000000001,17.62,0.98,5.5619,3174611.270000000018626,5795921.287999999709427
601899.SH,2025.04.22,18.71,18.760000000000001,18.41,18.5,18.600000000000001,-0.1,-0.5376,2533603.319999999832361,4706807.752999999560415
601899.SH,2025.04.23,18.05,18.280000000000001,17.73,17.789999999999999,18.5,-0.71,-3.8378,2931500.839999999850988,5268423.260999999940395
601899.SH,2025.04.24,17.89,18.05,17.629999999999999,17.670000000000001,17.789999999999999,-0.12,-0.6745,1145852.590000000083819,2039355.685999999986961
601899.SH,2025.04.25,17.8,17.969999999999998,17.579999999999998,17.649999999999998,17.670000000000001,-0.02,-0.1132,1215259.020000000018626,2157484.304000000003725
601899.SH,2025.04.28,17.5,17.739999999999998,17.370000000000001,17.66,17.649999999999998,0.01,0.0567,968787.530000000027939,1703950.166999999899417
601899.SH,2025.04.29,17.670000000000001,17.769999999999999,17.55,17.629999999999999,17.66,-0.03,-0.1699,740562.68999999994412,1306248.213999999919906
601899.SH,2025.04.30,17.55,17.579999999999998,17.359999999999999,17.46,17.629999999999999,-0.17,-0.9643,849944.449999999953433,1485278.902000000001862
601899.SH,2025.05.06,17.75,17.839999999999999,17.600000000000001,17.760000000000001,17.46,0.3,1.7182,1413637.820000000065192,2507104.910999999847263
601899.SH,2025.05.07,18.089999999999999,18.120000000000001,17.8,18.05,17.760000000000001,0.29,1.6329,1724079.110000000102445,3099054.919000000227242
601899.SH,2025.05.08,17.899999999999998,18.059999999999998,17.760000000000001,17.760000000000001,18.05,-0.29,-1.6066,1122952.570000000065192,2009443.544999999925494
601899.SH,2025.05.09,17.679999999999999,17.780000000000001,17.579999999999998,17.649999999999998,17.760000000000001,-0.11,-0.6194,1064868.629999999888241,1879773.996999999973922
601899.SH,2025.05.12,17.5,17.769999999999999,17.41,17.71,17.649999999999998,0.06,0.3399,1222139.820000000065192,2152353.540000000037252
601899.SH,2025.05.13,17.600000000000001,17.839999999999999,17.399999999999998,17.760000000000001,17.71,0.05,0.2823,1163468.90999999991618,2052948.976999999955296
601899.SH,2025.05.14,17.760000000000001,17.91,17.739999999999998,17.899999999999998,17.760000000000001,0.14,0.7883,1043413.280000000027939,1861378.084000000031664
601899.SH,2025.05.15,17.71,17.780000000000001,17.359999999999999,17.489999999999998,17.899999999999998,-0.41,-2.2905,1393812.929999999934807,2441491
601899.SH,2025.05.16,17.589999999999999,17.64,17.359999999999999,17.420000000000001,17.489999999999998,-0.07,-0.4002,957099.75,1671055.557000000029802
601899.SH,2025.05.19,17.429999999999999,17.559999999999998,17.280000000000001,17.420000000000001,17.420000000000001,0,0,757588,1317585.529000000096857
601899.SH,2025.05.20,17.420000000000001,17.690000000000001,17.41,17.46,17.420000000000001,0.04,0.2296,1027962.43999999994412,1803452.364999999990686
601899.SH,2025.05.21,17.690000000000001,18.510000000000001,17.679999999999999,18.489999999999998,17.46,1.03,5.899200000000001,2604614.930000000167638,4740421.662999999709427
601899.SH,2025.05.22,18.379999999999998,18.679999999999999,18.359999999999999,18.579999999999998,18.489999999999998,0.09,0.4867,1335361.149999999906867,2474875.038000000175088
601899.SH,2025.05.23,18.539999999999999,18.699999999999999,18.440000000000001,18.589999999999999,18.579999999999998,0.01,0.0538,1206872.100000000093132,2242456.152999999932944
601899.SH,2025.05.26,18.5,18.87,18.48,18.559999999999998,18.589999999999999,-0.03,-0.1614,1126613.790000000037252,2101696.214000000152736
601899.SH,2025.05.27,18.530000000000001,18.649999999999998,17.679999999999999,17.879999999999999,18.559999999999998,-0.68,-3.6638,1726856.15999999991618,3109952.083999999798834
601899.SH,2025.05.28,17.8,18.100000000000001,17.699999999999999,17.98,17.879999999999999,0.1,0.5593,991961.18999999994412,1781588.53900000010617
601899.SH,2025.05.29,17.829999999999998,18.05,17.780000000000001,17.82,17.98,-0.16,-0.8899,904479.630000000004656,1620696.747999999905005
601899.SH,2025.05.30,17.940000000000001,18.07,17.66,17.73,17.82,-0.09,-0.5051,933559.369999999995343,1661300.67699999990873
601899.SH,2025.06.03,18.07,18.280000000000001,17.96,18.059999999999998,17.73,0.33,1.8613,1395223.760000000009313,2527617.871999999973922
601899.SH,2025.06.04,18.059999999999998,18.32,18.010000000000001,18.089999999999999,18.059999999999998,0.03,0.1661,831663.099999999976716,1511055.078999999910593
601899.SH,2025.06.05,18.149999999999998,18.3,17.859999999999999,17.879999999999999,18.089999999999999,-0.21,-1.1609,893386.910000000032596,1608518.639999999897554
601899.SH,2025.06.06,17.989999999999998,18.25,17.920000000000001,18.14,17.879999999999999,0.26,1.4541,1334650.46999999997206,2419433.516999999992549
601899.SH,2025.06.09,17.969999999999998,18.14,17.629999999999999,17.969999999999998,18.14,-0.17,-0.9372,1914915.550000000046566,3414969.027999999932944
601899.SH,2025.06.10,17.899999999999998,18.379999999999998,17.899999999999998,18.269999999999999,17.969999999999998,0.3,1.6694,1506083.100000000093132,2737833.239000000059604
601899.SH,2025.06.11,18.269999999999999,18.71,18.23,18.66,18.269999999999999,0.39,2.1346,1283687.949999999953433,2379279.5
601899.SH,2025.06.12,18.719999999999998,19.489999999999998,18.629999999999999,19.46,18.66,0.8,4.287200000000001,2085629.5,3996991.742000000085681
601899.SH,2025.06.13,19.260000000000001,19.370000000000001,19.039999999999999,19.149999999999998,19.179999999999999,-0.03,-0.1564,1878874.320000000065192,3600553.501000000163912
601899.SH,2025.06.16,19.14,19.16,18.690000000000001,18.82,19.149999999999998,-0.33,-1.7232,1330583.040000000037252,2515363.535999999847263
601899.SH,2025.06.17,18.789999999999999,18.969999999999998,18.699999999999999,18.87,18.82,0.05,0.2657,840916.979999999981373,1583811.95299999997951
601899.SH,2025.06.18,18.859999999999999,18.98,18.579999999999998,18.780000000000001,18.87,-0.09,-0.4769,931998.390000000013969,1745951.006000000052154
601899.SH,2025.06.19,18.75,18.780000000000001,18.370000000000001,18.370000000000001,18.780000000000001,-0.41,-2.1832,1016429.479999999981373,1886496.710999999893829
601899.SH,2025.06.20,18.429999999999999,18.609999999999999,18.339999999999999,18.41,18.370000000000001,0.04,0.2177,876537.819999999948777,1616157.435999999986961
601899.SH,2025.06.23,18.449999999999999,18.62,18.280000000000001,18.510000000000001,18.41,0.1,0.5432,985169.25,1822688.31499999994412
601899.SH,2025.06.24,18.429999999999999,18.949999999999999,18.399999999999998,18.539999999999999,18.510000000000001,0.03,0.1621,1287024.120000000111758,2406116.066999999806284
601899.SH,2025.06.25,18.579999999999998,19,18.449999999999999,18.989999999999998,18.539999999999999,0.45,2.4272,1225998.260000000009313,2307853.544999999925494
601899.SH,2025.06.26,18.899999999999998,19.219999999999998,18.719999999999998,18.98,18.989999999999998,-0.01,-0.0527,1273122.110000000102445,2417631.35800000000745
601899.SH,2025.06.27,19.199999999999999,20.059999999999998,19.199999999999999,19.780000000000001,18.98,0.8,4.215,2391481.549999999813735,4716275.891999999992549
601899.SH,2025.06.30,19.780000000000001,19.829999999999998,19.399999999999998,19.5,19.780000000000001,-0.28,-1.4156,1387270.419999999925494,2709722.688000000081956
601899.SH,2025.07.01,19.690000000000001,19.920000000000001,19.379999999999998,19.899999999999998,19.5,0.4,2.0513,1239334.15999999991618,2435566.617999999783933
601899.SH,2025.07.02,19.899999999999998,20.429999999999999,19.8,20.170000000000001,19.899999999999998,0.27,1.3568,1703696.370000000111758,3436875.925999999977648
601899.SH,2025.07.03,20.370000000000001,20.489999999999998,20.079999999999998,20.289999999999999,20.170000000000001,0.12,0.5949,1373808.879999999888241,2785493.757999999914318
601899.SH,2025.07.04,20.07,20.289999999999999,19.839999999999999,20.05,20.289999999999999,-0.24,-1.1828,1358556.260000000009313,2725507.572999999858438
601899.SH,2025.07.07,19.96,20.019999999999999,19.71,19.8,20.05,-0.25,-1.2469,834674.739999999990686,1658374.033000000054016
601899.SH,2025.07.08,19.87,20.039999999999999,19.75,19.82,19.8,0.02,0.101,970733.770000000018626,1928723.033000000054016
601899.SH,2025.07.09,19.89,19.89,18.87,18.899999999999998,19.82,-0.92,-4.6418,3338348.330000000074505,6397298.173000000417232
601899.SH,2025.07.10,18.920000000000001,19.05,18.809999999999998,18.839999999999999,18.899999999999998,-0.06,-0.3175,1893272.929999999934807,3578751.385999999940395
601899.SH,2025.07.11,18.89,19.199999999999999,18.859999999999999,18.89,18.839999999999999,0.05,0.2654,2181703.75,4142641.757000000216066
601899.SH,2025.07.14,19.269999999999999,19.339999999999999,19.010000000000001,19.079999999999998,18.89,0.19,1.0058,2305917.129999999888241,4419734.338999999687075
601899.SH,2025.07.15,19.059999999999998,19.149999999999998,18.82,19.120000000000001,19.079999999999998,0.04,0.2096,1531483.18999999994412,2913086.811999999918043
601899.SH,2025.07.16,19.14,19.179999999999999,18.98,19.14,19.120000000000001,0.02,0.1046,926884.290000000037252,1768546.654000000096857
601899.SH,2025.07.17,19.129999999999998,19.190000000000001,18.98,19.07,19.14,-0.07,-0.3657,1174558.810000000055879,2240891.162000000011175
601899.SH,2025.07.18,19.190000000000001,19.699999999999999,19.019999999999999,19.469999999999998,19.07,0.4,2.0975,2229551.910000000149011,4335117.129999999888241
601899.SH,2025.07.21,19.559999999999998,19.829999999999998,19.5,19.789999999999999,19.469999999999998,0.32,1.6436,1730229.879999999888241,3404209.888999999966472
601899.SH,2025.07.22,19.920000000000001,20.379999999999998,19.809999999999998,20.25,19.789999999999999,0.46,2.3244,2025789.810000000055879,4070444.890999999828636
601899.SH,2025.07.23,20.429999999999999,20.48,20.109999999999999,20.21,20.25,-0.04,-0.1975,1812224.739999999990686,3672351.322999999858438
601899.SH,2025.07.24,20,20.269999999999999,19.829999999999998,20.120000000000001,20.21,-0.09,-0.4453,1610268.709999999962747,3227202.049999999813735
601899.SH,2025.07.25,19.96,20.07,19.809999999999998,19.850000000000001,20.120000000000001,-0.27,-1.3419,1252964.580000000074505,2494451.751999999862164
601899.SH,2025.07.28,19.71,19.8,19.429999999999999,19.8,19.850000000000001,-0.05,-0.2519,1437051.290000000037252,2826138.226999999955296
601899.SH,2025.07.29,19.600000000000001,19.739999999999998,19.510000000000001,19.589999999999999,19.8,-0.21,-1.0606,1296870.090000000083819,2540208.532000000122934
601899.SH,2025.07.30,19.600000000000001,19.98,19.589999999999999,19.82,19.589999999999999,0.23,1.1741,1543618.479999999981373,3064213.16399999987334
601899.SH,2025.07.31,19.510000000000001,19.519999999999999,19.030000000000001,19.149999999999998,19.82,-0.67,-3.3804,2087642.560000000055879,4005043.930999999865889
601899.SH,2025.08.01,19.100000000000001,19.429999999999999,19.05,19.260000000000001,19.149999999999998,0.11,0.5744,1219990.5,2351099.356999999843537
601899.SH,2025.08.04,19.57,19.940000000000001,19.5,19.879999999999999,19.260000000000001,0.62,3.2191,1738259.879999999888241,3441252.666000000201165
601899.SH,2025.08.05,19.989999999999998,20.019999999999999,19.769999999999999,19.87,19.879999999999999,-0.01,-0.0503,1138386.889999999897554,2261663.413000000175088
601899.SH,2025.08.06,19.809999999999998,20.25,19.780000000000001,20.16,19.87,0.29,1.4595,1428031.699999999953433,2872001.336999999824911
601899.SH,2025.08.07,20.16,20.359999999999999,19.96,20.3,20.16,0.14,0.6944,1317182.25,2654382.864000000059604
601899.SH,2025.08.08,20.359999999999999,20.699999999999999,20.3,20.539999999999999,20.3,0.24,1.1823,1276510.360000000102445,2618565.637000000104308
601899.SH,2025.08.11,20.510000000000001,20.510000000000001,20.190000000000001,20.25,20.539999999999999,-0.29,-1.4119,1409920.43999999994412,2864111.115999999921768
601899.SH,2025.08.12,20.219999999999998,20.559999999999998,20.14,20.3,20.25,0.05,0.2469,1173534.199999999953433,2391313.473000000230967
601899.SH,2025.08.13,20.449999999999999,21.170000000000001,20.399999999999998,21.019999999999999,20.3,0.72,3.5468,1858340.959999999962747,3897572.686000000219792
601899.SH,2025.08.14,21.030000000000001,21.530000000000001,20.969999999999998,21.170000000000001,21.019999999999999,0.15,0.7136,1388152.169999999925494,2948194.291000000201165
601899.SH,2025.08.15,20.940000000000001,21.559999999999998,20.87,21.289999999999999,21.170000000000001,0.12,0.5668,1709804.820000000065192,3639984.796999999787658
601899.SH,2025.08.18,21.3,21.370000000000001,20.8,20.8,21.289999999999999,-0.49,-2.3016,2610952.779999999795108,5491225.049999999813735
601899.SH,2025.08.19,20.809999999999998,21.14,20.280000000000001,20.329999999999998,20.8,-0.47,-2.2596,2352501.209999999962747,4846967.843999999575316
601899.SH,2025.08.20,20.329999999999998,20.57,20.190000000000001,20.559999999999998,20.329999999999998,0.23,1.1313,1682985.780000000027939,3431781.958000000100582
601899.SH,2025.08.21,20.71,20.8,20.510000000000001,20.600000000000001,20.559999999999998,0.04,0.1946,1286485.949999999953433,2656358.870000000111758
601899.SH,2025.08.22,20.649999999999998,20.760000000000001,20.449999999999999,20.66,20.600000000000001,0.06,0.2913,1489955.310000000055879,3068477.129999999888241
601899.SH,2025.08.25,21.05,22.25,21.05,22.21,20.66,1.55,7.5024,3063299.549999999813735,6684074.080000000074505
601899.SH,2025.08.26,22.190000000000001,22.55,21.96,22.39,22.21,0.18,0.8104,1848831.070000000065192,4120538.086000000126659
601899.SH,2025.08.27,22.489999999999998,23.3,22.32,22.530000000000001,22.39,0.14,0.6253,2388910.200000000186264,5439362.667000000365078
601899.SH,2025.08.28,22.539999999999999,22.89,22.21,22.519999999999999,22.530000000000001,-0.01,-0.0444,1733704.669999999925494,3907967.186999999918043
601899.SH,2025.08.29,22.82,23.48,22.699999999999999,23.079999999999998,22.519999999999999,0.56,2.4867,2504128.18999999994412,5782016.976999999955296
601899.SH,2025.09.01,23.899999999999998,24.649999999999998,23.41,24.379999999999998,23.079999999999998,1.3,5.6326,3763217.649999999906867,9088067.64699999988079
601899.SH,2025.09.02,24.769999999999999,25.079999999999998,23.98,24.41,24.379999999999998,0.03,0.1231,3438913.580000000074505,8418441.904999999329447
601899.SH,2025.09.03,25.100000000000001,25.510000000000001,24.39,24.940000000000001,24.41,0.53,2.1712,3071908.160000000149011,7639539.377000000327825
601899.SH,2025.09.04,24.8,25.179999999999999,23.39,23.87,24.940000000000001,-1.07,-4.290300000000001,3877552.850000000093132,9324657.061000000685453
601899.SH,2025.09.05,23.789999999999999,25.41,23.789999999999999,25.269999999999999,23.87,1.4,5.8651,3452321.930000000167638,8563917.229000000283122
601899.SH,2025.09.08,25.699999999999999,25.8,24.420000000000001,24.64,25.269999999999999,-0.63,-2.4931,3172579.330000000074505,7917464.171000000089406
601899.SH,2025.09.09,24.989999999999998,25.850000000000001,24.75,25.190000000000001,24.64,0.55,2.2321,3533515.540000000037252,8945036.382999999448657
601899.SH,2025.09.10,24.55,25.260000000000001,24.510000000000001,25.179999999999999,25.190000000000001,-0.01,-0.0397,2243912.5,5601726.779000000096857
601899.SH,2025.09.11,25.25,25.739999999999998,25.079999999999998,25.71,25.179999999999999,0.53,2.1048,2504284.709999999962747,6371900.23300000000745
601899.SH,2025.09.12,26,26.350000000000001,25.429999999999999,25.649999999999998,25.71,-0.06,-0.2334,3262668.580000000074505,8437739.63800000026822
601899.SH,2025.09.15,25.539999999999999,26.100000000000001,25.3,25.5,25.649999999999998,-0.15,-0.5848,2408981.870000000111758,6197208.65500000026077
601899.SH,2025.09.16,26.100000000000001,26.149999999999998,24.89,25.32,25.5,-0.18,-0.7059,3128029.390000000130385,7930713.746000000275671
601899.SH,2025.09.17,25.120000000000001,25.289999999999999,24.75,25.07,25.32,-0.25,-0.9874,2092149.699999999953433,5229817.966000000014901
601899.SH,2025.09.18,24.679999999999999,25.039999999999999,24.109999999999999,24.420000000000001,25.07,-0.65,-2.5927,2631921.549999999813735,6485158.842000000178813
601899.SH,2025.09.19,24.420000000000001,25.149999999999998,24.420000000000001,25.019999999999999,24.420000000000001,0.6,2.457,2021762.729999999981373,5031694.020999999716877
601899.SH,2025.09.22,25.5,25.559999999999998,24.850000000000001,25.370000000000001,25.019999999999999,0.35,1.3989,1944232.510000000009313,4893950.898000000044703
601899.SH,2025.09.23,25.600000000000001,26.379999999999998,25.25,25.82,25.370000000000001,0.45,1.7737,2761082.020000000018626,7111485.400999999605119
601899.SH,2025.09.24,25.82,25.929999999999999,25.489999999999998,25.929999999999999,25.82,0.11,0.426,1680028.370000000111758,4324307.31900000013411
601899.SH,2025.09.25,26.899999999999998,27.64,26.690000000000001,27.269999999999999,25.929999999999999,1.34,5.1678,3953227.240000000223517,10746355.716000000014901
601899.SH,2025.09.26,27.100000000000001,28.359999999999999,26.91,27.399999999999998,27.269999999999999,0.13,0.4767,2820571.93999999994412,7783995.639000000432133
601899.SH,2025.09.29,27.699999999999999,28.859999999999999,27.530000000000001,28.769999999999999,27.399999999999998,1.37,5,3997939.580000000074505,11348209.387000000104308
601899.SH,2025.09.30,29.57,29.879999999999999,28.739999999999998,29.440000000000001,28.55,0.89,3.1173,3858882.979999999981373,11322434.109999999403953
601899.SH,2025.10.09,31.219999999999998,32.380000000000002,30.769999999999999,32.380000000000002,29.440000000000001,2.94,9.986399999999999,5093433.839999999850988,16065595.631999999284744
601899.SH,2025.10.10,31.5,32,30.350000000000001,30.87,32.380000000000002,-1.51,-4.663400000000001,4660206.25,14488772.296000000089406
601899.SH,2025.10.13,30.05,31.649999999999998,29.879999999999999,31.3,30.87,0.43,1.3929,4175730.18999999994412,12791497.91499999910593
601899.SH,2025.10.14,32.399999999999998,32.649999999999998,29.149999999999998,29.5,31.3,-1.8,-5.7508,5392360.5,16576942.200999999418854
601899.SH,2025.10.15,29.96,31.199999999999999,29.379999999999998,30.98,29.5,1.48,5.0169,3656411.419999999925494,11059689.469000000506639
601899.SH,2025.10.16,30.989999999999998,31.370000000000001,30.059999999999998,30.469999999999998,30.98,-0.51,-1.6462,2899009.660000000149011,8890666.662000000476837
601899.SH,2025.10.17,31.120000000000001,31.3,30.030000000000001,30.170000000000001,30.469999999999998,-0.3,-0.9846,3044437.339999999850988,9293026.129000000655651
601899.SH,2025.10.20,29.399999999999998,30.289999999999999,29,29.75,30.170000000000001,-0.42,-1.3921,2973410.060000000055879,8845608.484999999403953
601899.SH,2025.10.21,30.399999999999998,30.780000000000001,29.809999999999998,30.05,29.75,0.3,1.0084,2616485.879999999888241,7927327.603000000119209
601899.SH,2025.10.22,28.190000000000001,29.600000000000001,28.190000000000001,29.449999999999999,30.05,-0.6,-1.9967,3153554.819999999832361,9158923.058000000193715
601899.SH,2025.10.23,29.030000000000001,29.929999999999999,28.559999999999998,29.699999999999999,29.449999999999999,0.25,0.8489,2465283.060000000055879,7195142.824000000022351
601899.SH,2025.10.24,30.05,30.3,29.760000000000001,30.030000000000001,29.699999999999999,0.33,1.1111,1869697.780000000027939,5613321.506000000052154
601899.SH,2025.10.27,30.120000000000001,31.3,30.120000000000001,31,30.030000000000001,0.97,3.2301,2902466.200000000186264,8975329.654999999329447
601899.SH,2025.10.28,30.5,30.789999999999999,29.809999999999998,29.839999999999999,31,-1.16,-3.7419,2642452.450000000186264,7986327.532999999821186
601899.SH,2025.10.29,30.05,31.05,30.010000000000001,30.96,29.839999999999999,1.12,3.7534,2116509.589999999850988,6463154.654000000096857
601899.SH,2025.10.30,30.780000000000001,31.600000000000001,30.62,31.109999999999999,30.96,0.15,0.4845,2766722.919999999925494,8630460.755000000819563
601899.SH,2025.10.31,31.109999999999999,31.289999999999999,30.449999999999999,30.5,31.109999999999999,-0.61,-1.9608,1749231.100000000093132,5380173.287999999709427
601899.SH,2025.11.03,30.109999999999999,30.329999999999998,28.87,30,30.5,-0.5,-1.6393,2361912.700000000186264,6968610.609000000171363
601899.SH,2025.11.04,29.5,29.780000000000001,28.600000000000001,28.780000000000001,30,-1.22,-4.0667,2680317.470000000204891,7788693.365000000223517
601899.SH,2025.11.05,27.920000000000001,29.25,27.82,29.010000000000001,28.780000000000001,0.23,0.7992,2154613.560000000055879,6171176.199000000022351
601899.SH,2025.11.06,29.010000000000001,29.8,28.920000000000001,29.699999999999999,29.010000000000001,0.69,2.3785,1789698.429999999934807,5281857.226999999955296
601899.SH,2025.11.07,29.690000000000001,30.25,29.62,30.170000000000001,29.699999999999999,0.47,1.5825,1497566.540000000037252,4498419.19400000013411
601899.SH,2025.11.10,30.8,30.949999999999999,29.879999999999999,30.170000000000001,30.170000000000001,0,0,1885111.699999999953433,5707821.666000000201165
601899.SH,2025.11.11,30.57,30.679999999999999,29.5,29.62,30.170000000000001,-0.55,-1.823,1664377.260000000009313,4968850.126000000163912
601899.SH,2025.11.12,29.62,30.059999999999998,29.149999999999998,29.489999999999998,29.62,-0.13,-0.4389,1364288.120000000111758,4037371.771000000182539
601899.SH,2025.11.13,29.8,31.120000000000001,29.71,30.719999999999998,29.489999999999998,1.23,4.1709,2809335.93999999994412,8597741.661000000312924
601899.SH,2025.11.14,30.100000000000001,30.429999999999999,29.82,30.019999999999999,30.719999999999998,-0.7,-2.2786,1661667.699999999953433,5009890.531000000424683
601899.SH,2025.11.17,29.73,29.920000000000001,28.859999999999999,28.98,30.019999999999999,-1.04,-3.4644,2159943.740000000223517,6311373.290000000037252
601899.SH,2025.11.18,28.699999999999999,28.949999999999999,28.21,28.39,28.98,-0.59,-2.0359,1733397.540000000037252,4945509.143000000156462
601899.SH,2025.11.19,28.739999999999998,29.55,28.699999999999999,29.339999999999999,28.39,0.95,3.3462,1921844.770000000018626,5608158.690999999642372
601899.SH,2025.11.20,29.399999999999998,29.679999999999999,28.899999999999998,28.969999999999998,29.339999999999999,-0.37,-1.2611,1331418.330000000074505,3887558.725000000093132
601899.SH,2025.11.21,28.469999999999998,28.859999999999999,28,28.14,28.969999999999998,-0.83,-2.865,1887292.489999999990686,5347653.775000000372529
601899.SH,2025.11.24,28.440000000000001,28.5,27.629999999999999,28,28.14,-0.14,-0.4975,1708342.810000000055879,4782114.495000000111758
601899.SH,2025.11.25,28.469999999999998,28.879999999999999,28.41,28.510000000000001,28,0.51,1.8214,1474476.010000000009313,4217260.552000000141561
601899.SH,2025.11.26,28.66,28.769999999999999,28.350000000000001,28.429999999999999,28.510000000000001,-0.08,-0.2806,1590126.080000000074505,4530158.086000000126659
601899.SH,2025.11.27,28.8,29.199999999999999,28.5,28.600000000000001,28.429999999999999,0.17,0.598,1636296.590000000083819,4722632.921000000089406
601899.SH,2025.11.28,28.789999999999999,29.089999999999999,28.399999999999998,28.579999999999998,28.600000000000001,-0.02,-0.0699,1975434.560000000055879,5668367.754999999888241
601899.SH,2025.12.01,29.5,30.670000000000001,29.399999999999998,30.059999999999998,28.579999999999998,1.48,5.1784,3600529.729999999981373,10853439.596000000834465
601899.SH,2025.12.02,29.899999999999998,29.98,29.449999999999999,29.739999999999998,30.059999999999998,-0.32,-1.0645,1548725.149999999906867,4605561.851999999955296
601899.SH,2025.12.03,29.850000000000001,30.260000000000001,29.719999999999998,29.969999999999998,29.739999999999998,0.23,0.7734,1911286.899999999906867,5730973.207000000402331
601899.SH,2025.12.04,30.839999999999999,31.379999999999998,30.530000000000001,30.690000000000001,29.969999999999998,0.72,2.4024,2728595.680000000167638,8436844.623999999836087
601899.SH,2025.12.05,30.589999999999999,31.489999999999998,30.469999999999998,31.32,30.690000000000001,0.63,2.0528,2334710.950000000186264,7266652.269000000320374
601899.SH,2025.12.08,31.399999999999998,31.600000000000001,30.940000000000001,31.5,31.32,0.18,0.5747,2068023.860000000102445,6478217.451000000350177
601899.SH,2025.12.09,31.179999999999999,31.23,30.179999999999999,30.399999999999998,31.5,-1.1,-3.4921,1990926.489999999990686,6086281.907999999821186
601899.SH,2025.12.10,30.600000000000001,30.850000000000001,30.199999999999999,30.75,30.399999999999998,0.35,1.1513,1170209.330000000074505,3574713.138999999966472
601899.SH,2025.12.11,31.199999999999999,31.949999999999999,30.75,30.96,30.75,0.21,0.6829,2407725.140000000130385,7547700.503999999724328
601899.SH,2025.12.12,31.670000000000001,31.8,31.350000000000001,31.699999999999999,30.96,0.74,2.3902,2211742.850000000093132,6991527.058000000193715
601899.SH,2025.12.15,31.260000000000001,31.879999999999999,31.059999999999998,31.41,31.699999999999999,-0.29,-0.9148,1691351.790000000037252,5322761.826999999582767
601899.SH,2025.12.16,31.019999999999999,31.219999999999998,30.120000000000001,30.32,31.41,-1.09,-3.4702,1583903.330000000074505,4835673.793999999761581
601899.SH,2025.12.17,30.55,31.190000000000001,30.399999999999998,30.87,30.32,0.55,1.814,1769710.550000000046566,5445493.456000000238418
601899.SH,2025.12.18,30.829999999999998,31.350000000000001,30.649999999999998,30.969999999999998,30.87,0.1,0.3239,1380092.96999999997206,4284607.519999999552965
601899.SH,2025.12.19,30.839999999999999,31.379999999999998,30.41,31.120000000000001,30.969999999999998,0.15,0.4843,1656729.239999999990686,5145607.364000000059604
601899.SH,2025.12.22,31.690000000000001,32.780000000000001,31.64,32.530000000000001,31.120000000000001,1.41,4.530800000000001,2445131.899999999906867,7919680.419999999925494
601899.SH,2025.12.23,33.060000000000002,33.100000000000001,31.899999999999998,32.090000000000003,32.530000000000001,-0.44,-1.3526,2702894.43999999994412,8780138.585999999195337
601899.SH,2025.12.24,32.539999999999999,32.649999999999998,31.989999999999998,32.310000000000002,32.090000000000003,0.22,0.6856,1927107.360000000102445,6215340.06099999975413
601899.SH,2025.12.25,31.989999999999998,32.14,31.829999999999998,32.030000000000001,32.310000000000002,-0.28,-0.8666,1274567.18999999994412,4074543.520000000018626
601899.SH,2025.12.26,32.600000000000001,33.770000000000003,32.549999999999997,33.530000000000001,32.030000000000001,1.5,4.6831,2861989.120000000111758,9525910.10899999924004
601899.SH,2025.12.29,34.159999999999996,34.299999999999997,32.579999999999998,32.649999999999998,33.530000000000001,-0.88,-2.6245,3575539.870000000111758,11915266.398000000044703
601899.SH,2025.12.30,31.55,33.479999999999996,31.530000000000001,33.420000000000001,32.649999999999998,0.77,2.3583,2438023.770000000018626,7987341.211000000126659
601899.SH,2025.12.31,33.479999999999996,35.359999999999999,33.39,34.469999999999998,33.420000000000001,1.05,3.1418,3411882.180000000167638,11802518.174000000581145
601899.SH,2026.01.05,35.299999999999997,35.64,34.270000000000003,35.399999999999998,34.469999999999998,0.93,2.698,3103935.470000000204891,10870304.746999999508261
601899.SH,2026.01.06,36,37.700000000000002,35.950000000000002,37.600000000000001,35.399999999999998,2.2,6.2147,3567272.399999999906867,13191911.958000000566244
601899.SH,2026.01.07,37.600000000000001,37.700000000000002,36.380000000000002,36.719999999999998,37.600000000000001,-0.88,-2.3404,3573035.770000000018626,13193716.321000000461935
601899.SH,2026.01.08,36.200000000000002,37.009999999999998,35.789999999999999,36.299999999999997,36.719999999999998,-0.42,-1.1438,2415584.979999999981373,8780062.617000000551342
601899.SH,2026.01.09,36,37.670000000000001,35.979999999999996,37.219999999999998,36.299999999999997,0.92,2.5344,2805790.410000000149011,10408944.354000000283122
601899.SH,2026.01.12,38.219999999999998,38.380000000000002,37.030000000000001,37.259999999999997,37.219999999999998,0.04,0.1075,2964963.709999999962747,11080991.361999999731779
601899.SH,2026.01.13,37.399999999999998,38.899999999999998,37.299999999999997,38.240000000000002,37.259999999999997,0.98,2.6302,3107781.709999999962747,11880717.25
601899.SH,2026.01.14,38.609999999999999,39.850000000000001,38.359999999999999,38.5,38.240000000000002,0.26,0.6799,4256502.129999999888241,16559300.265000000596046
601899.SH,2026.01.15,38.259999999999997,39.439999999999997,37.700000000000002,38.25,38.5,-0.25,-0.6494,3860818.43999999994412,14866320.794999999925494
601899.SH,2026.01.16,38.32,39.109999999999999,37.060000000000002,37.469999999999998,38.25,-0.78,-2.0392,3947778.109999999869614,14983152.838999999687075
601899.SH,2026.01.19,37.619999999999997,37.780000000000001,36.5,37.259999999999997,37.469999999999998,-0.21,-0.5604,2532752.350000000093132,9435738.071000000461935
601899.SH,2026.01.20,37.259999999999997,37.770000000000003,36.21,37.310000000000002,37.259999999999997,0.05,0.1342,3074570.669999999925494,11371613.762000000104308
601899.SH,2026.01.21,37.759999999999997,38.479999999999996,37.359999999999999,38.130000000000002,37.310000000000002,0.82,2.1978,3891672.859999999869614,14764599.258999999612569
601899.SH,2026.01.22,37.5,37.880000000000002,37.079999999999998,37.659999999999996,38.130000000000002,-0.47,-1.2326,2739499.359999999869614,10271227.689999999478459
601899.SH,2026.01.23,38.39,38.5,37.350000000000001,37.560000000000002,37.659999999999996,-0.1,-0.2655,3862963.310000000055879,14650946.051999999210238
601899.SH,2026.01.26,38.740000000000002,40.479999999999996,38.729999999999996,39.5,37.560000000000002,1.94,5.1651,6635143.980000000447034,26266248.686999998986721
601899.SH,2026.01.27,40.229999999999996,42.679999999999999,39.679999999999999,40.609999999999999,39.5,1.11,2.8101,7284982.389999999664723,29909324.699000000953674
601899.SH,2026.01.28,41.399999999999998,42.579999999999998,40.600000000000001,42.299999999999997,40.609999999999999,1.69,4.161500000000001,6522833.03000000026077,27284833.175000000745058
601899.SH,2026.01.29,43.789999999999999,44.939999999999997,41.310000000000002,43.450000000000002,42.299999999999997,1.15,2.7187,7728672.089999999850988,33302754.09800000116229
601899.SH,2026.01.30,41.200000000000002,42.359999999999999,39.119999999999997,40.14,43.450000000000002,-3.31,-7.618000000000001,6703440.759999999776482,27139836.258999999612569
601899.SH,2026.02.02,36.869999999999997,38.729999999999996,36.270000000000003,36.609999999999999,40.14,-3.53,-8.7942,7140435.700000000186264,26686182.363000001758337
601899.SH,2026.02.03,37.840000000000003,38.950000000000002,37.079999999999998,38.810000000000002,36.609999999999999,2.2,6.0093,4766102.919999999925494,18074059.120000001043081
601899.SH,2026.02.04,39.5,39.990000000000001,38.679999999999999,39.159999999999996,38.810000000000002,0.35,0.9018,3267365.660000000149011,12844681.833000000566244
601899.SH,2026.02.05,38.130000000000002,38.5,36.57,37.450000000000002,39.159999999999996,-1.71,-4.3667,3583731.080000000074505,13407074.875
601899.SH,2026.02.06,35.549999999999997,37.82,35.5,37.189999999999997,37.450000000000002,-0.26,-0.6943,3277748.430000000167638,12107002.619000000879168
601899.SH,2026.02.09,38.490000000000002,38.880000000000002,38.030000000000001,38.630000000000002,37.189999999999997,1.44,3.872,2639476.370000000111758,10154292.816999999806284
601899.SH,2026.02.10,38.979999999999996,39.399999999999998,38.520000000000003,38.810000000000002,38.630000000000002,0.18,0.466,1996570.820000000065192,7764448.264000000432133
601899.SH,2026.02.11,38.600000000000001,39.789999999999999,38.57,39.479999999999996,38.810000000000002,0.67,1.7264,2228674.410000000149011,8776312.502000000327825
601899.SH,2026.02.12,39.57,40.429999999999999,39.490000000000002,39.75,39.479999999999996,0.27,0.6839,2355759.450000000186264,9408329.69400000013411
601899.SH,2026.02.13,38.259999999999997,39.039999999999999,37.689999999999997,37.780000000000001,39.75,-1.97,-4.956000000000001,3380333.540000000037252,12921954.036000000312924
601899.SH,2026.02.24,39.490000000000002,39.649999999999998,38.979999999999996,39.32,37.780000000000001,1.54,4.0762,2467459.850000000093132,9708527.864000000059604
601899.SH,2026.02.25,39.399999999999998,40.259999999999997,38.859999999999999,39.630000000000002,39.32,0.31,0.7884,2897095.299999999813735,11504589.064999999478459
601899.SH,2026.02.26,39.89,39.96,38.939999999999997,39.369999999999997,39.630000000000002,-0.26,-0.6561,1990663.550000000046566,7823516.137000000104308
601899.SH,2026.02.27,39.200000000000002,40.049999999999997,39.009999999999998,39.549999999999997,39.369999999999997,0.18,0.4572,2420601.890000000130385,9578332.570000000298023
