ts_code,trade_date,open,high,low,close,pre_close,change,pct_chg,vol,amount
603259.SH,2023.03.01,82.349999999999994,84.060000000000002,81.010000000000005,83.819999999999993,82.680000000000006,1.14,1.3788,252480.059999999997671,2100512.680999999865889
603259.SH,2023.03.02,83.829999999999998,84.010000000000005,82.900000000000005,83.450000000000002,83.819999999999993,-0.37,-0.4414,138772.540000000008149,1158149.152999999932944
603259.SH,2023.03.03,83.980000000000004,85.540000000000006,83.129999999999995,83.25,83.450000000000002,-0.2,-0.2397,220031.070000000006984,1852316.165999999968335
603259.SH,2023.03.06,83.010000000000005,83.620000000000004,81.5,82,83.25,-1.25,-1.5015,222872.510000000009313,1828302.49600000004284
603259.SH,2023.03.07,82,83.290000000000006,81.030000000000001,81.200000000000002,82,-0.8,-0.9756,176907.329999999987194,1450321.205000000074505
603259.SH,2023.03.08,80.5,80.89,79.5,79.950000000000002,81.200000000000002,-1.25,-1.5394,180973.5,1448645.043999999994412
603259.SH,2023.03.09,80.200000000000002,81.519999999999995,80.109999999999999,80.75,79.950000000000002,0.8,1.0006,165598.519999999989522,1339650.933999999891966
603259.SH,2023.03.10,79.799999999999997,81.170000000000001,78.829999999999998,80.219999999999998,80.75,-0.53,-0.6563,175742.10999999998603,1403970.825999999884515
603259.SH,2023.03.13,79.989999999999994,80,77.849999999999994,78.969999999999998,80.219999999999998,-1.25,-1.5582,250036.089999999996507,1968091.773999999975785
603259.SH,2023.03.14,78.629999999999995,80.219999999999998,78.269999999999996,79.019999999999996,78.969999999999998,0.05,0.0633,165996.45999999999185,1311494.070999999996274
603259.SH,2023.03.15,79.680000000000006,80.709999999999993,78.170000000000001,78.299999999999997,79.019999999999996,-0.72,-0.9112,170474.20999999999185,1352391.308999999891966
603259.SH,2023.03.16,77.700000000000002,78.349999999999994,75.89,76.269999999999996,78.299999999999997,-2.03,-2.5926,260539.260000000009313,1999258.270000000018626
603259.SH,2023.03.17,76.879999999999995,77,73.879999999999995,74.150000000000005,76.269999999999996,-2.12,-2.7796,351859.320000000006984,2642052.574000000022351
603259.SH,2023.03.20,74.579999999999998,75.209999999999993,72.790000000000006,74,74.150000000000005,-0.15,-0.2023,307927.679999999993015,2276263.373000000137835
603259.SH,2023.03.21,75.060000000000002,80.510000000000005,75.049999999999997,80.260000000000005,74,6.26,8.4595,565239.96999999997206,4421081.38800000026822
603259.SH,2023.03.22,80.480000000000004,82.469999999999998,80.099999999999994,81.299999999999997,80.260000000000005,1.04,1.2958,386694.760000000009313,3143084.848000000230967
603259.SH,2023.03.23,80.719999999999998,82.510000000000005,79.689999999999997,80.280000000000001,81.299999999999997,-1.02,-1.2546,280614.010000000009313,2267912.404000000096857
603259.SH,2023.03.24,80.010000000000005,81.900000000000005,79.879999999999995,80.14,80.280000000000001,-0.14,-0.1744,203401.429999999993015,1641199.682999999960884
603259.SH,2023.03.27,80.969999999999998,83.010000000000005,78.709999999999993,82.030000000000001,80.14,1.89,2.3584,358989.900000000023283,2928608.584999999962747
603259.SH,2023.03.28,82,82,80.579999999999998,81.219999999999998,82.030000000000001,-0.81,-0.9874,178525.450000000011641,1449589.881999999983236
603259.SH,2023.03.29,81.950000000000002,81.950000000000002,79.980000000000004,80.14,81.219999999999998,-1.08,-1.3297,169542.640000000013969,1366966.098999999929219
603259.SH,2023.03.30,80.310000000000002,81.780000000000001,79.5,81.489999999999994,80.14,1.35,1.6846,201099.989999999990686,1629756.165000000037252
603259.SH,2023.03.31,81.5,81.689999999999997,78.739999999999994,79.5,81.489999999999994,-1.99,-2.442,295479.369999999995343,2357711.583000000100582
603259.SH,2023.04.03,79.180000000000006,79.180000000000006,77.079999999999998,77.859999999999999,79.5,-1.64,-2.0629,325755.119999999995343,2541232.541999999899417
603259.SH,2023.04.04,78,78.099999999999994,75.900000000000005,77.799999999999997,77.859999999999999,-0.06,-0.0771,354267.460000000020954,2719534.137999999802559
603259.SH,2023.04.06,77.5,78.659999999999996,76.879999999999995,78.599999999999994,77.799999999999997,0.8,1.0283,214267.980000000010477,1672152.575999999884515
603259.SH,2023.04.07,78.5,83.989999999999994,77.879999999999995,83.819999999999993,78.599999999999994,5.22,6.641200000000001,477282.349999999976716,3925997.22899999981746
603259.SH,2023.04.10,84.420000000000001,85.459999999999993,83.420000000000001,84.609999999999999,83.819999999999993,0.79,0.9425,352974.570000000006984,2987450.231000000145286
603259.SH,2023.04.11,85,85.39,82.420000000000001,83.799999999999997,84.609999999999999,-0.81,-0.9573,259074.380000000004656,2168236.384000000078231
603259.SH,2023.04.12,83.730000000000004,84.269999999999996,82.280000000000001,82.930000000000006,83.799999999999997,-0.87,-1.0382,189287.85000000000582,1570040.041999999899417
603259.SH,2023.04.13,82.939999999999997,86.519999999999995,81.609999999999999,86.180000000000006,82.930000000000006,3.25,3.919,444085.380000000004656,3780646.001000000163912
603259.SH,2023.04.14,86.879999999999995,88.829999999999998,85.219999999999998,85.799999999999997,86.180000000000006,-0.38,-0.4409,407253.96999999997206,3532014.85399999981746
603259.SH,2023.04.17,85.090000000000003,86.930000000000006,84.5,85.620000000000004,85.799999999999997,-0.18,-0.2098,222422.049999999988358,1899065.40999999991618
603259.SH,2023.04.18,81.030000000000001,81.730000000000004,79.010000000000005,80.819999999999993,85.620000000000004,-4.8,-5.606200000000001,529235.010000000009313,4259710.600999999791383
603259.SH,2023.04.19,80.290000000000006,81.200000000000002,78.739999999999994,79.359999999999999,80.819999999999993,-1.46,-1.8065,329532.239999999990686,2622594.34500000020489
603259.SH,2023.04.20,79.359999999999999,80.579999999999998,77.549999999999997,78.129999999999995,79.359999999999999,-1.23,-1.5499,265043.830000000016298,2088101.601999999955296
603259.SH,2023.04.21,77.75,78.150000000000005,76.299999999999997,76.409999999999996,78.129999999999995,-1.72,-2.2015,230334.779999999998835,1778208.229999999981373
603259.SH,2023.04.24,77,77.5,74.379999999999995,75,76.409999999999996,-1.41,-1.8453,258920.489999999990686,1956188.84499999997206
603259.SH,2023.04.25,75.010000000000005,75.010000000000005,67.5,67.5,75,-7.5,-10,721629.670000000041909,4998652.428000000305473
603259.SH,2023.04.26,66.89,69.189999999999997,66.510000000000005,68.329999999999998,67.5,0.83,1.2296,380250.780000000027939,2591164.941999999806284
603259.SH,2023.04.27,68.329999999999998,68.709999999999993,66.400000000000005,67.120000000000004,68.329999999999998,-1.21,-1.7708,314548.559999999997671,2114007.68999999994412
603259.SH,2023.04.28,67.219999999999998,68.5,66.799999999999997,67.530000000000001,67.120000000000004,0.41,0.6108,242068.690000000002328,1632967.661000000080093
603259.SH,2023.05.04,67.709999999999993,68.280000000000001,67.079999999999998,67.260000000000005,67.530000000000001,-0.27,-0.3998,201997.510000000009313,1364150.325999999884516
603259.SH,2023.05.05,67.200000000000002,67.200000000000002,66,66.469999999999998,67.260000000000005,-0.79,-1.1745,155399.25,1032062.391999999992549
603259.SH,2023.05.08,66.469999999999998,68.370000000000004,65.650000000000005,67.719999999999998,66.469999999999998,1.25,1.8805,262814.96999999997206,1760805.527000000001862
603259.SH,2023.05.09,67.010000000000005,67.340000000000003,66.040000000000006,66.489999999999994,67.719999999999998,-1.23,-1.8163,182604.10000000000582,1216988.239000000059604
603259.SH,2023.05.10,66.25,67.109999999999999,65.159999999999996,66.599999999999994,66.489999999999994,0.11,0.1654,180746.220000000001164,1197960.023999999975785
603259.SH,2023.05.11,67.099999999999994,69.099999999999994,66.540000000000006,67.790000000000006,66.599999999999994,1.19,1.7868,315142.619999999995343,2142815.407999999821186
603259.SH,2023.05.12,67.549999999999997,68,66.060000000000002,66.219999999999998,67.790000000000006,-1.57,-2.316,189413.299999999988358,1265598.655999999959021
603259.SH,2023.05.15,66,69.200000000000002,65.819999999999993,69.030000000000001,66.219999999999998,2.81,4.243400000000001,253160.75,1714314.794999999925494
603259.SH,2023.05.16,68.870000000000004,69.219999999999998,68.049999999999997,68.840000000000003,69.030000000000001,-0.19,-0.2752,158136.970000000001164,1087263.378999999957159
603259.SH,2023.05.17,68.709999999999993,68.709999999999993,67.469999999999998,67.799999999999997,68.840000000000003,-1.04,-1.5107,136527.589999999996507,926066.625
603259.SH,2023.05.18,67.799999999999997,68.150000000000005,66.519999999999995,66.819999999999993,67.799999999999997,-0.98,-1.4454,143259.070000000006984,961893.319000000017695
603259.SH,2023.05.19,66.739999999999994,67.650000000000005,66,67.200000000000002,66.819999999999993,0.38,0.5687,129924.089999999996507,869780.712999999988824
603259.SH,2023.05.22,67.799999999999997,68.879999999999995,66.89,68.400000000000005,67.200000000000002,1.2,1.7857,201706.630000000004656,1375926.274999999906867
603259.SH,2023.05.23,68.349999999999994,70.450000000000002,68.299999999999997,69.180000000000006,68.400000000000005,0.78,1.1404,239688.890000000013969,1668476.200999999884516
603259.SH,2023.05.24,68.75,69.75,68.5,68.799999999999997,69.180000000000006,-0.38,-0.5493,171684.630000000004656,1185505.070000000065192
603259.SH,2023.05.25,68.5,69.019999999999996,67.269999999999996,67.819999999999993,68.799999999999997,-0.98,-1.4244,166109.299999999988358,1128415.58199999993667
603259.SH,2023.05.26,67.810000000000002,67.810000000000002,66,66.019999999999996,67.819999999999993,-1.8,-2.6541,196584.420000000012805,1310296.875999999931082
603259.SH,2023.05.29,66.560000000000002,66.879999999999995,65.659999999999996,66.790000000000006,66.019999999999996,0.77,1.1663,184190.519999999989522,1220658.868999999947845
603259.SH,2023.05.30,66.319999999999993,67.049999999999997,64.260000000000005,66.5,66.790000000000006,-0.29,-0.4342,225816.980000000010477,1483548.375999999931082
603259.SH,2023.05.31,66.299999999999997,67.099999999999994,64.120000000000004,65,66.5,-1.5,-2.2556,290613.030000000027939,1894367.756999999983236
603259.SH,2023.06.01,64.5,68.159999999999996,64.299999999999997,67.099999999999994,65,2.1,3.2308,354103.460000000020954,2368844.273000000044703
603259.SH,2023.06.02,67.599999999999994,68.469999999999998,66,67.840000000000003,67.099999999999994,0.74,1.1028,214215.640000000013969,1440243.510000000009313
603259.SH,2023.06.05,67.840000000000003,67.840000000000003,65.599999999999994,66.090000000000003,67.840000000000003,-1.75,-2.5796,195835.35999999998603,1294981.830000000074505
603259.SH,2023.06.06,66.099999999999994,66.260000000000005,64.439999999999997,64.450000000000002,66.090000000000003,-1.64,-2.4815,176577.630000000004656,1150335.621999999973922
603259.SH,2023.06.07,65.090000000000003,65.180000000000006,62.880000000000002,63.280000000000001,64.450000000000002,-1.17,-1.8154,218790.179999999993015,1394412.833000000100582
603259.SH,2023.06.08,63.179999999999999,64.709999999999993,62.420000000000001,64.109999999999999,63.280000000000001,0.83,1.3116,192727.899999999994179,1227570.644000000087544
603259.SH,2023.06.09,64.109999999999999,67.489999999999994,63.799999999999997,67.439999999999997,64.109999999999999,3.33,5.194200000000001,416579.299999999988358,2767897.839000000152736
603259.SH,2023.06.12,67.349999999999994,68.599999999999994,66.579999999999998,67.709999999999993,67.439999999999997,0.27,0.4004,230518.329999999987194,1564777.05600000009872
603259.SH,2023.06.13,67.939999999999997,69.269999999999996,67.849999999999994,68.810000000000002,67.709999999999993,1.1,1.6246,190818.089999999996507,1308490.235000000102445
603259.SH,2023.06.14,68.239999999999994,68.569999999999993,67.349999999999994,67.659999999999996,67.920000000000001,-0.26,-0.3828,162755.589999999996507,1105800.216000000014901
603259.SH,2023.06.15,68.049999999999997,71.109999999999999,68.010000000000005,70.900000000000005,67.659999999999996,3.24,4.7886,343994.049999999988358,2402141.18999999994412
603259.SH,2023.06.16,70.930000000000006,72.450000000000002,70.909999999999996,71.810000000000002,70.900000000000005,0.91,1.2835,290553.179999999993015,2088340.138999999966472
603259.SH,2023.06.19,71.489999999999994,71.790000000000006,69.590000000000003,69.799999999999997,71.810000000000002,-2.01,-2.7991,226934.779999999998835,1594282.499000000068917
603259.SH,2023.06.20,69.799999999999997,70.829999999999998,68.950000000000002,68.950000000000002,69.799999999999997,-0.85,-1.2178,268298.10999999998603,1868688.473999999929219
603259.SH,2023.06.21,68.25,68.670000000000001,62.880000000000002,63.299999999999997,68.950000000000002,-5.650000000000001,-8.1943,660267.020000000018626,4252770.516999999992549
603259.SH,2023.06.26,62.689999999999997,64.959999999999993,62.5,64.109999999999999,63.299999999999997,0.81,1.2796,249489.970000000001164,1598642.110000000102445
603259.SH,2023.06.27,64.069999999999993,64.739999999999994,63.240000000000002,63.700000000000002,64.109999999999999,-0.41,-0.6395,163189.75,1042057.300000000046566
603259.SH,2023.06.28,63.729999999999996,63.850000000000001,62.399999999999998,62.64,63.700000000000002,-1.06,-1.6641,177414.769999999989522,1115353.986000000033527
603259.SH,2023.06.29,62.700000000000002,62.979999999999996,61.240000000000002,61.82,62.64,-0.82,-1.3091,185081.829999999987194,1145255.813000000081956
603259.SH,2023.06.30,61.829999999999998,62.740000000000002,61.520000000000003,62.310000000000002,61.82,0.49,0.7926,148662.690000000002328,925591.814000000013038
603259.SH,2023.07.03,62.32,63.969999999999998,61.89,63.689999999999997,62.310000000000002,1.38,2.2147,182456.779999999998835,1156907.216999999945983
603259.SH,2023.07.04,63.579999999999998,65.310000000000002,62.259999999999997,64.849999999999994,63.689999999999997,1.16,1.8213,272890.409999999974388,1747770.977999999886378
603259.SH,2023.07.05,64.560000000000002,64.879999999999995,63.869999999999997,64.540000000000006,64.849999999999994,-0.31,-0.478,114994.130000000004656,739124.515000000013969
603259.SH,2023.07.06,64.5,64.5,63.109999999999999,63.479999999999996,64.540000000000006,-1.06,-1.6424,142568.079999999987194,905252.197999999974854
603259.SH,2023.07.07,63.179999999999999,63.679999999999999,62.799999999999997,63.009999999999998,63.479999999999996,-0.47,-0.7404,116367.259999999994761,734004.728000000002793
603259.SH,2023.07.10,63.600000000000001,64.75,63.369999999999997,63.600000000000001,63.009999999999998,0.59,0.9364,148613.690000000002328,950519.06499999994412
603259.SH,2023.07.11,63.829999999999998,64.099999999999994,62.799999999999997,63.899999999999998,63.600000000000001,0.3,0.4717,102316.970000000001164,649580.581000000005587
603259.SH,2023.07.12,63.670000000000001,64.14,63.21,63.399999999999998,63.899999999999998,-0.5,-0.7825,114687.449999999997089,729446.489999999990686
603259.SH,2023.07.13,63.950000000000002,67.400000000000005,63.950000000000002,67.129999999999995,63.399999999999998,3.73,5.883300000000001,424482.530000000027939,2812288.839000000152736
603259.SH,2023.07.14,67.14,68.290000000000006,66.920000000000001,67.659999999999996,67.129999999999995,0.53,0.7895,206724.640000000013969,1395088.047999999951571
603259.SH,2023.07.17,67.019999999999996,67.090000000000003,65,65.859999999999999,67.659999999999996,-1.8,-2.6604,162011.799999999988358,1064272.134000000078231
603259.SH,2023.07.18,66.420000000000001,68.260000000000005,65.659999999999996,68.019999999999996,65.859999999999999,2.16,3.2797,273259.150000000023283,1832154.23300000000745
603259.SH,2023.07.19,68,68.489999999999994,67.409999999999996,67.870000000000004,68.019999999999996,-0.15,-0.2205,138348.440000000002328,938133.658999999985098
603259.SH,2023.07.20,68.329999999999998,68.769999999999995,67.64,67.64,67.870000000000004,-0.23,-0.3389,137781.570000000006984,939837.596000000019557
603259.SH,2023.07.21,67.629999999999995,68.879999999999995,67.099999999999994,67.799999999999997,67.64,0.16,0.2365,166091.579999999987194,1129315.479000000050291
603259.SH,2023.07.24,67.099999999999994,69.829999999999998,67.099999999999994,67.730000000000004,67.799999999999997,-0.07,-0.1032,198813.760000000009313,1356732.567000000039115
603259.SH,2023.07.25,68.620000000000004,68.989999999999994,67.019999999999996,68.150000000000005,67.730000000000004,0.42,0.6201,191493.85999999998603,1299603.550000000046566
603259.SH,2023.07.26,68.5,70.129999999999995,68.150000000000005,69.189999999999997,68.150000000000005,1.04,1.526,206473.170000000012805,1429873.175000000046566
603259.SH,2023.07.27,69.010000000000005,70.120000000000004,68.519999999999995,69.299999999999997,69.189999999999997,0.11,0.159,171859.329999999987194,1190841.851000000024214
603259.SH,2023.07.28,68.709999999999993,69.659999999999996,67.269999999999996,69.280000000000001,69.299999999999997,-0.02,-0.0289,228021.769999999989522,1563582.212000000057741
603259.SH,2023.07.31,69.810000000000002,73.799999999999997,69.810000000000002,71.670000000000001,69.280000000000001,2.39,3.4498,452638.669999999983701,3262570.842000000178813
603259.SH,2023.08.01,74.780000000000001,75.5,73.980000000000004,74.980000000000004,71.670000000000001,3.31,4.618400000000001,543051.71999999997206,4064977.336000000126659
603259.SH,2023.08.02,75.280000000000001,75.400000000000005,73.269999999999996,73.799999999999997,74.980000000000004,-1.18,-1.5738,265333.669999999983701,1969227.753999999957159
603259.SH,2023.08.03,73.700000000000002,77.219999999999998,73.280000000000001,77.049999999999997,73.799999999999997,3.25,4.403800000000001,435759.71999999997206,3304347.009000000078231
603259.SH,2023.08.04,77.299999999999997,77.370000000000004,74.799999999999997,75.560000000000002,77.049999999999997,-1.49,-1.9338,293621.590000000025611,2224343.445999999996274
603259.SH,2023.08.07,74.980000000000004,75.230000000000003,73.260000000000005,73.969999999999998,75.560000000000002,-1.59,-2.1043,300773.760000000009313,2223992.092999999877065
603259.SH,2023.08.08,73.599999999999994,74.5,72.549999999999997,73.609999999999999,73.969999999999998,-0.36,-0.4867,185576.950000000011641,1365299.114999999990686
603259.SH,2023.08.09,71.980000000000004,77.099999999999994,71.670000000000001,76.239999999999994,73.609999999999999,2.63,3.5729,422491.21999999997206,3202728.728000000119209
603259.SH,2023.08.10,76.280000000000001,79.290000000000006,75.909999999999996,78.900000000000005,76.239999999999994,2.66,3.489,374290.530000000027939,2913902.350000000093132
603259.SH,2023.08.11,78.89,80.099999999999994,78.450000000000002,78.599999999999994,78.900000000000005,-0.3,-0.3802,254893.70999999999185,2016351
603259.SH,2023.08.14,77.489999999999994,79.019999999999996,76.799999999999997,78.489999999999994,78.599999999999994,-0.11,-0.1399,211301.630000000004656,1645128.727999999886378
603259.SH,2023.08.15,78.409999999999996,78.810000000000002,76.920000000000001,78.010000000000005,78.489999999999994,-0.48,-0.6115,145445.730000000010477,1130073.03499999991618
603259.SH,2023.08.16,77.700000000000002,79.359999999999999,77.379999999999995,77.909999999999996,78.010000000000005,-0.1,-0.1282,148670.619999999995343,1162356.483999999938532
603259.SH,2023.08.17,77.189999999999997,80.170000000000001,77.010000000000005,79.730000000000004,77.909999999999996,1.82,2.336,217651.390000000013969,1719198.074999999953433
603259.SH,2023.08.18,79.75,79.849999999999994,77.760000000000005,77.769999999999995,79.730000000000004,-1.96,-2.4583,180035.809999999997671,1412889.017999999923631
603259.SH,2023.08.21,77.409999999999996,79.219999999999998,77.239999999999994,77.799999999999997,77.769999999999995,0.03,0.0386,185530.10999999998603,1453380.287999999942257
603259.SH,2023.08.22,77.799999999999997,78.810000000000002,75.909999999999996,77.590000000000003,77.799999999999997,-0.21,-0.2699,214790.040000000008149,1666127.531999999890103
603259.SH,2023.08.23,78.370000000000004,78.579999999999998,76.349999999999994,76.430000000000006,77.590000000000003,-1.16,-1.495,164616.140000000013969,1268540.777999999932944
603259.SH,2023.08.24,77,79.799999999999997,76.799999999999997,78.700000000000002,76.430000000000006,2.27,2.97,237534.95999999999185,1858221.399999999906867
603259.SH,2023.08.25,78.670000000000001,81.5,78.180000000000006,79.060000000000002,78.700000000000002,0.36,0.4574,206406.10000000000582,1639481.628000000026077
603259.SH,2023.08.28,83.129999999999995,83.450000000000002,78.900000000000005,79.219999999999998,79.060000000000002,0.16,0.2024,320767.299999999988358,2574254.830000000074505
603259.SH,2023.08.29,79.269999999999996,82,79,81.260000000000005,79.219999999999998,2.04,2.5751,228568.339999999996507,1851583.010000000009313
603259.SH,2023.08.30,82.420000000000001,82.819999999999993,80.799999999999997,82.14,81.260000000000005,0.88,1.0829,178747.769999999989522,1463596.392999999923631
603259.SH,2023.08.31,82.480000000000004,82.599999999999994,81.400000000000005,81.5,82.14,-0.64,-0.7792,121397.089999999996507,993380.535000000032596
603259.SH,2023.09.01,81.5,81.829999999999998,79.290000000000006,80.159999999999996,81.5,-1.34,-1.6442,133291.95999999999185,1065928.92699999990873
603259.SH,2023.09.04,80.900000000000005,82.189999999999997,80,81.379999999999995,80.159999999999996,1.22,1.522,140667.510000000009313,1145062.685000000055879
603259.SH,2023.09.05,80.900000000000005,82.159999999999996,80.5,81.409999999999996,81.379999999999995,0.03,0.0369,127060.649999999994179,1035153.023999999975785
603259.SH,2023.09.06,80.989999999999994,80.989999999999994,76.599999999999994,77,81.409999999999996,-4.410000000000001,-5.417,321445.179999999993015,2498068.075999999884516
603259.SH,2023.09.07,77,77.269999999999996,75.840000000000003,76.299999999999997,77,-0.7,-0.9091,142812.260000000009313,1092480.671000000089406
603259.SH,2023.09.08,75.859999999999999,77,75.540000000000006,76.200000000000002,76.299999999999997,-0.1,-0.1311,93126.449999999997089,712270.087000000057741
603259.SH,2023.09.11,76.299999999999997,78.799999999999997,75.650000000000005,77.5,76.200000000000002,1.3,1.706,136974.339999999996507,1061444.857000000076368
603259.SH,2023.09.12,77.5,78.5,76.920000000000001,77.450000000000002,77.5,-0.05,-0.0645,126311.259999999994761,981448.125
603259.SH,2023.09.13,77.049999999999997,78.25,76.629999999999995,77.329999999999998,77.450000000000002,-0.12,-0.1549,105464.669999999998253,816090.322999999974854
603259.SH,2023.09.14,77.370000000000004,78.299999999999997,77.200000000000002,77.959999999999993,77.329999999999998,0.63,0.8147,84859.970000000001164,659942.172000000020489
603259.SH,2023.09.15,78.230000000000003,81.129999999999995,77.730000000000004,79.799999999999997,77.959999999999993,1.84,2.3602,195268.20999999999185,1557614.888999999966472
603259.SH,2023.09.18,79.799999999999997,81.620000000000004,79.680000000000006,81,79.799999999999997,1.2,1.5038,167991.019999999989522,1359497.047000000020489
603259.SH,2023.09.19,81,81.099999999999994,79.780000000000001,80.400000000000005,81,-0.6,-0.7407,91432.830000000001746,734564.337999999988824
603259.SH,2023.09.20,80.299999999999997,81.109999999999999,79.5,80.189999999999997,80.400000000000005,-0.21,-0.2612,91487.410000000003492,735351.010000000009313
603259.SH,2023.09.21,79.650000000000005,80.079999999999998,78.280000000000001,78.549999999999997,80.189999999999997,-1.64,-2.0451,132033.510000000009313,1040088.709000000031664
603259.SH,2023.09.22,79.489999999999994,79.549999999999997,77.719999999999998,79.549999999999997,78.549999999999997,1,1.2731,136983.35999999998603,1081391.665000000037252
603259.SH,2023.09.25,79.849999999999994,81.879999999999995,79.060000000000002,81.5,79.549999999999997,1.95,2.4513,235476.649999999994179,1909082.169999999925494
603259.SH,2023.09.26,82.069999999999993,82.599999999999994,81.299999999999997,81.549999999999997,81.5,0.05,0.0613,163093.549999999988358,1332970.179000000003725
603259.SH,2023.09.27,83,88,82.870000000000004,87.670000000000001,81.549999999999997,6.120000000000001,7.5046,434114.570000000006984,3749939.438000000081956
603259.SH,2023.09.28,88.019999999999996,89.090000000000003,85.739999999999994,86.180000000000006,87.670000000000001,-1.49,-1.6996,297129.380000000004656,2577774.833999999798834
603259.SH,2023.10.09,86.489999999999994,87.200000000000002,84.599999999999994,86.489999999999994,86.180000000000006,0.31,0.3597,189808.339999999996507,1634300.911000000080093
603259.SH,2023.10.10,86.700000000000002,86.989999999999994,84.400000000000005,84.450000000000002,86.489999999999994,-2.04,-2.3587,174464.950000000011641,1482970.665999999968335
603259.SH,2023.10.11,85.060000000000002,89.359999999999999,85,88.150000000000005,84.450000000000002,3.7,4.381300000000001,294155.75,2589875.433999999891966
603259.SH,2023.10.12,90,90.5,87.810000000000002,89.299999999999997,88.150000000000005,1.15,1.3046,241551.809999999997671,2146584.90100000007078
603259.SH,2023.10.13,88.599999999999994,91.049999999999997,88.359999999999999,90.180000000000006,89.299999999999997,0.88,0.9854,228061.529999999998835,2057158.347000000067055
603259.SH,2023.10.16,90.400000000000005,91.109999999999999,87.700000000000002,87.900000000000005,90.180000000000006,-2.28,-2.5283,205117.170000000012805,1821062.531999999890103
603259.SH,2023.10.17,88.799999999999997,88.969999999999998,87.299999999999997,88.25,87.900000000000005,0.35,0.3982,129757.309999999997671,1141326.504999999888241
603259.SH,2023.10.18,88.079999999999998,88.329999999999998,86.859999999999999,87.510000000000005,88.25,-0.74,-0.8385,131261.809999999997671,1147430.193999999901279
603259.SH,2023.10.19,86.900000000000005,87.670000000000001,86.099999999999994,86.180000000000006,87.510000000000005,-1.33,-1.5198,134370.35000000000582,1164803.769000000087544
603259.SH,2023.10.20,85.939999999999997,85.959999999999993,84.109999999999999,84.620000000000004,86.180000000000006,-1.56,-1.8102,153510.85000000000582,1299927.510000000009313
603259.SH,2023.10.23,83.950000000000002,85.290000000000006,82.920000000000001,84.349999999999994,84.620000000000004,-0.27,-0.3191,128650.449999999997089,1082692.476999999955296
603259.SH,2023.10.24,85,85.189999999999997,83.400000000000005,84.069999999999993,84.349999999999994,-0.28,-0.332,168590.019999999989522,1420727.148999999975785
603259.SH,2023.10.25,85.299999999999997,86.879999999999995,83.379999999999995,83.469999999999998,84.069999999999993,-0.6,-0.7137,211870.130000000004656,1789311.073000000091269
603259.SH,2023.10.26,83,84.780000000000001,82.609999999999999,84.370000000000004,83.469999999999998,0.9,1.0782,153991.369999999995343,1291954.540999999968335
603259.SH,2023.10.27,84,89.5,83.5,88.719999999999998,84.370000000000004,4.35,5.1559,252906.739999999990686,2205356.950000000186264
603259.SH,2023.10.30,88.230000000000003,93.560000000000002,88.230000000000003,90.459999999999993,88.719999999999998,1.74,1.9612,336781.890000000013969,3067658.395000000018626
603259.SH,2023.10.31,85.799999999999997,88.700000000000002,83.359999999999999,86.510000000000005,90.459999999999993,-3.95,-4.3666,426364.549999999988358,3681583.041999999899417
603259.SH,2023.11.01,86.489999999999994,86.700000000000002,83.049999999999997,84.950000000000002,86.510000000000005,-1.56,-1.8033,239190.940000000002328,2022734.125999999931082
603259.SH,2023.11.02,84.930000000000006,87.180000000000006,84.870000000000004,85.379999999999995,84.950000000000002,0.43,0.5062,174064.670000000012805,1498705.547000000020489
603259.SH,2023.11.03,85.599999999999994,87.89,85,86.920000000000001,85.379999999999995,1.54,1.8037,183849.369999999995343,1595929.162999999942258
603259.SH,2023.11.06,88.299999999999997,91,88.010000000000005,90.879999999999995,86.920000000000001,3.96,4.555900000000001,265927.570000000006984,2404194.330999999772757
603259.SH,2023.11.07,90.379999999999995,91.39,89.590000000000003,89.75,90.879999999999995,-1.13,-1.2434,156334.70999999999185,1412869.665999999968335
603259.SH,2023.11.08,89.400000000000005,92.599999999999994,89.230000000000003,90.730000000000004,89.75,0.98,1.0919,201577.519999999989522,1838815.594000000040978
603259.SH,2023.11.09,90.819999999999993,91.170000000000001,88.560000000000002,88.930000000000006,90.730000000000004,-1.8,-1.9839,178855.890000000013969,1600369.266000000061467
603259.SH,2023.11.10,88.180000000000006,88.959999999999993,87.780000000000001,88.189999999999997,88.930000000000006,-0.74,-0.8321,93888.029999999998835,829002.824000000022351
603259.SH,2023.11.13,88.189999999999997,88.5,86.030000000000001,86.519999999999995,88.189999999999997,-1.67,-1.8936,139693.399999999994179,1211290.135000000009313
603259.SH,2023.11.14,87.299999999999997,87.75,84.930000000000006,85.560000000000002,86.519999999999995,-0.96,-1.1096,169003.730000000010477,1448892.144000000087544
603259.SH,2023.11.15,87.719999999999998,89.230000000000003,86.900000000000005,87.700000000000002,85.560000000000002,2.14,2.5012,164559.980000000010477,1445936.162000000011175
603259.SH,2023.11.16,87.379999999999995,88.109999999999999,85.019999999999996,85.420000000000001,87.700000000000002,-2.28,-2.5998,124725.220000000001164,1072264.398000000044703
603259.SH,2023.11.17,85.420000000000001,85.700000000000002,84.579999999999998,85.359999999999999,85.420000000000001,-0.06,-0.0702,108713.10000000000582,924250.38800000003539
603259.SH,2023.11.20,85.780000000000001,87.790000000000006,85.209999999999993,86.859999999999999,85.359999999999999,1.5,1.7573,151440.410000000003492,1312920.23300000000745
603259.SH,2023.11.21,86.989999999999994,88.099999999999994,86.620000000000004,86.859999999999999,86.859999999999999,0,0,114493.25,1000081.800999999977648
603259.SH,2023.11.22,86.400000000000005,86.400000000000005,84.170000000000001,84.230000000000003,86.859999999999999,-2.63,-3.0279,147293.059999999997671,1249138.343000000109896
603259.SH,2023.11.23,84.219999999999998,84.969999999999998,83.900000000000005,84.680000000000006,84.230000000000003,0.45,0.5343,102595.029999999998835,865363.21799999999348
603259.SH,2023.11.24,84.799999999999997,85.069999999999993,83.659999999999996,83.760000000000005,84.680000000000006,-0.92,-1.0864,96552.240000000005238,811125.804000000003725
603259.SH,2023.11.27,83.5,83.629999999999995,82.219999999999998,83.129999999999995,83.760000000000005,-0.63,-0.7521,156550.820000000006984,1297648.743999999947845
603259.SH,2023.11.28,83.150000000000005,85.120000000000004,83.010000000000005,84.239999999999994,83.129999999999995,1.11,1.3353,144560.700000000011641,1215763.395999999949708
603259.SH,2023.11.29,84.39,84.599999999999994,83.5,83.810000000000002,84.239999999999994,-0.43,-0.5104,92487.399999999994179,776671.971999999950639
603259.SH,2023.11.30,83.409999999999996,83.829999999999998,82.299999999999997,82.599999999999994,83.810000000000002,-1.21,-1.4437,136881.670000000012805,1134099.593000000109896
603259.SH,2023.12.01,82.599999999999994,83.299999999999997,81.299999999999997,83,82.599999999999994,0.4,0.4843,160315.809999999997671,1318209.874000000068917
603259.SH,2023.12.04,81.349999999999994,81.349999999999994,76,77.260000000000005,83,-5.740000000000001,-6.915700000000001,402332,3141149.759999999776482
603259.SH,2023.12.05,76,77.189999999999997,74,74.700000000000002,77.260000000000005,-2.56,-3.3135,324911.119999999995343,2459771.615999999921768
603259.SH,2023.12.06,75.079999999999998,77.260000000000005,75.079999999999998,76.159999999999996,74.700000000000002,1.46,1.9545,231000.019999999989522,1759124.881999999983236
603259.SH,2023.12.07,76.099999999999994,76.099999999999994,73.829999999999998,75.5,76.159999999999996,-0.66,-0.8666,194972.239999999990686,1458383.570999999996274
603259.SH,2023.12.08,75.359999999999999,76.25,74.299999999999997,76,75.5,0.5,0.6623,258710.630000000004656,1953812.458000000100582
603259.SH,2023.12.11,75.349999999999994,77,74.700000000000002,76.709999999999993,76,0.71,0.9342,166815.929999999993015,1263860.057000000029802
603259.SH,2023.12.12,76.5,76.5,74.920000000000001,75.299999999999997,76.709999999999993,-1.41,-1.8381,148699.220000000001164,1122178.622999999905005
603259.SH,2023.12.13,75,75.280000000000001,73.599999999999994,74.030000000000001,75.299999999999997,-1.27,-1.6866,196559.929999999993015,1455870.141999999992549
603259.SH,2023.12.14,75.5,76.849999999999994,74.519999999999995,74.609999999999999,74.030000000000001,0.58,0.7835,177988.390000000013969,1343496.078999999910593
603259.SH,2023.12.15,75.379999999999995,75.769999999999995,73.200000000000002,73.379999999999995,74.609999999999999,-1.23,-1.6486,156558.190000000002328,1160336.807000000029802
603259.SH,2023.12.18,73.349999999999994,74.200000000000002,72.689999999999997,73.519999999999995,73.379999999999995,0.14,0.1908,125443.460000000006402,920884.783000000054016
603259.SH,2023.12.19,72.799999999999997,73.560000000000002,72.310000000000002,72.909999999999996,73.519999999999995,-0.61,-0.8297,121861.190000000002328,885994.393999999971128
603259.SH,2023.12.20,73.099999999999994,73.900000000000005,72.400000000000005,72.409999999999996,72.909999999999996,-0.5,-0.6858,93846.179999999993015,683538.18999999994412
603259.SH,2023.12.21,71.959999999999993,74.700000000000002,71.650000000000005,73.25,72.409999999999996,0.84,1.1601,155781.239999999990686,1142235.973999999929219
603259.SH,2023.12.22,73.120000000000004,73.519999999999995,71.599999999999994,72.530000000000001,73.25,-0.72,-0.9829,144222.480000000010477,1043048.777000000001862
603259.SH,2023.12.25,72,74.280000000000001,71.950000000000002,73.569999999999993,72.530000000000001,1.04,1.4339,103812.389999999999417,761731.981999999959953
603259.SH,2023.12.26,73.560000000000002,73.560000000000002,71.489999999999994,72.159999999999996,73.569999999999993,-1.41,-1.9165,104867.539999999993597,755318.035000000032596
603259.SH,2023.12.27,72.180000000000006,72.560000000000002,71.099999999999994,71.25,72.159999999999996,-0.91,-1.2611,149565.369999999995343,1067896.256999999983236
603259.SH,2023.12.28,71.599999999999994,73.739999999999994,71.049999999999997,73.450000000000002,71.25,2.2,3.0877,210950.290000000008149,1537004.449999999953433
603259.SH,2023.12.29,73.450000000000002,73.760000000000005,72.310000000000002,72.760000000000005,73.450000000000002,-0.69,-0.9394,167549.399999999994179,1220720.304000000003725
603259.SH,2024.01.02,72.950000000000002,73.010000000000005,68.900000000000005,70.5,72.760000000000005,-2.26,-3.1061,280681.960000000020954,1977572.424000000115483
603259.SH,2024.01.03,70.049999999999997,71.170000000000001,69.879999999999995,70.099999999999994,70.5,-0.4,-0.5674,142196.910000000003492,1000918.547999999951571
603259.SH,2024.01.04,69.980000000000004,69.980000000000004,68.64,69.159999999999996,70.099999999999994,-0.94,-1.3409,210134.380000000004656,1451571.350000000093132
603259.SH,2024.01.05,69.400000000000005,69.549999999999997,67.5,68.109999999999999,69.159999999999996,-1.05,-1.5182,177232.890000000013969,1214808.634000000078231
603259.SH,2024.01.08,67.829999999999998,68.180000000000006,67.099999999999994,67.459999999999993,68.109999999999999,-0.65,-0.9543,148078.399999999994179,999943.010000000009313
603259.SH,2024.01.09,67.799999999999997,68.900000000000005,66.900000000000005,67.400000000000005,67.459999999999993,-0.06,-0.0889,161648.5,1095307.100000000093132
603259.SH,2024.01.10,67.099999999999994,68.379999999999995,66.329999999999998,67.620000000000004,67.400000000000005,0.22,0.3264,169719.679999999993015,1147314.821999999927356
603259.SH,2024.01.11,72,72.719999999999998,69.799999999999997,71.75,67.620000000000004,4.13,6.107700000000001,401024.400000000023283,2862835.101999999955296
603259.SH,2024.01.12,71.010000000000005,73.879999999999995,70.920000000000001,71.819999999999993,71.75,0.07,0.0976,232131.029999999998835,1686680.290999999968335
603259.SH,2024.01.15,71.099999999999994,73.950000000000002,71.099999999999994,72.650000000000005,71.819999999999993,0.83,1.1557,176931.589999999996507,1291610.175999999977648
603259.SH,2024.01.16,72.109999999999999,73.400000000000005,71.810000000000002,73.349999999999994,72.650000000000005,0.7,0.9635,141079.890000000013969,1023819.903999999980442
603259.SH,2024.01.17,72.930000000000006,73.159999999999996,71.5,71.5,73.349999999999994,-1.85,-2.5222,144415.540000000008149,1040249.530000000027939
603259.SH,2024.01.18,71,73.930000000000006,70.810000000000002,73.819999999999993,71.5,2.32,3.2448,259359.290000000008149,1879199.42699999990873
603259.SH,2024.01.19,73.409999999999996,75.299999999999997,73,74.89,73.819999999999993,1.07,1.4495,317310.739999999990686,2370047.294999999925494
603259.SH,2024.01.22,74.790000000000006,75.379999999999995,73.200000000000002,74.459999999999993,74.89,-0.43,-0.5742,260220.970000000001164,1942922.280999999959021
603259.SH,2024.01.23,73.900000000000005,75.079999999999998,73.090000000000003,74.069999999999993,74.459999999999993,-0.39,-0.5238,198385.470000000001164,1467834.688000000081956
603259.SH,2024.01.24,74.579999999999998,74.689999999999997,72.200000000000002,74,74.069999999999993,-0.07,-0.0945,174389.089999999996507,1279223.229000000050291
603259.SH,2024.01.25,73.959999999999993,74.060000000000002,72.109999999999999,73.290000000000006,74,-0.71,-0.9595,192356.790000000008149,1406196.889999999897554
603259.SH,2024.01.26,72.5,74.689999999999997,65.959999999999993,65.959999999999993,73.290000000000006,-7.33,-10.0014,445270.460000000020954,3118145.742999999783933
603259.SH,2024.01.29,63,63.979999999999996,59.359999999999999,59.359999999999999,65.959999999999993,-6.6,-10.006099999999999,1060979.21999999997206,6476342.509999999776482
603259.SH,2024.01.30,56.399999999999998,58.600000000000001,56.179999999999999,56.850000000000001,59.359999999999999,-2.51,-4.2284,873964.910000000032596,4998049.421000000089406
603259.SH,2024.01.31,56,56.549999999999997,53.899999999999998,54.200000000000002,56.850000000000001,-2.65,-4.661400000000001,656971.93999999994412,3609475.981999999843537
603259.SH,2024.02.01,54.560000000000002,56.939999999999997,53.729999999999996,55.799999999999997,54.200000000000002,1.6,2.952,583372.979999999981373,3237860.09500000020489
603259.SH,2024.02.02,56.909999999999996,57.429999999999999,50.219999999999998,50.219999999999998,55.799999999999997,-5.58,-10,657074.849999999976716,3540411.458999999798834
603259.SH,2024.02.05,46.280000000000001,51.729999999999996,45.200000000000002,48.229999999999996,50.219999999999998,-1.99,-3.9626,1593025.080000000074505,7621601.786999999545514
603259.SH,2024.02.06,46.859999999999999,52.810000000000002,45.369999999999997,52.25,48.229999999999996,4.02,8.3351,1132591.419999999925494,5611611.769000000320374
603259.SH,2024.02.07,53.609999999999999,56.380000000000002,53.609999999999999,55.25,52.25,3,5.7416,1112956.43999999994412,6106646.696999999694526
603259.SH,2024.02.08,53.649999999999998,54.5,52,53.119999999999997,55.25,-2.13,-3.8552,990074.319999999948777,5242898.091000000014901
603259.SH,2024.02.19,50.5,51.280000000000001,48.619999999999997,50.049999999999997,53.119999999999997,-3.07,-5.7794,1328064.020000000018626,6616821.305999999865889
603259.SH,2024.02.20,49.850000000000001,51.64,49.329999999999998,51.57,50.049999999999997,1.52,3.037,1003198.729999999981373,5098828.723000000230967
603259.SH,2024.02.21,51,55.5,50.82,53.740000000000002,51.57,2.17,4.207900000000001,1088745.729999999981373,5806896.515999999828636
603259.SH,2024.02.22,53.090000000000003,54.359999999999999,52.880000000000002,54.109999999999999,53.740000000000002,0.37,0.6885,628862.040000000037252,3380940.433000000193715
603259.SH,2024.02.23,54.039999999999999,54.179999999999999,52.549999999999997,53.579999999999998,54.109999999999999,-0.53,-0.9795,694106.589999999967403,3692128.685000000055879
603259.SH,2024.02.26,53.840000000000003,55.469999999999998,53.75,54.649999999999998,53.579999999999998,1.07,1.997,750275.760000000009313,4100568.544000000227242
603259.SH,2024.02.27,54.289999999999999,54.979999999999996,53.609999999999999,54.979999999999996,54.649999999999998,0.33,0.6038,646236.729999999981373,3506569.641999999992549
603259.SH,2024.02.28,55.429999999999999,56.549999999999997,53,53.009999999999998,54.979999999999996,-1.97,-3.5831,907268.130000000004656,4984475.219999999739229
603259.SH,2024.02.29,52.530000000000001,54.649999999999998,52.5,54.479999999999996,53.009999999999998,1.47,2.7731,638708.560000000055879,3435187.041000000201165
603259.SH,2024.03.28,46.340000000000003,47.560000000000002,46.119999999999997,47.030000000000001,46.579999999999998,0.45,0.9661,821088.57999999995809,3851427.574000000022351
603259.SH,2024.03.29,46.549999999999997,46.920000000000001,45.880000000000002,46.179999999999999,47.030000000000001,-0.85,-1.8074,745450.599999999976716,3445841.853000000119209
603259.SH,2024.03.01,54.299999999999997,55.39,54.009999999999998,55.020000000000003,54.479999999999996,0.54,0.9912,553751.810000000055879,3033267.94400000013411
603259.SH,2024.03.04,55.57,60.520000000000003,55.560000000000002,60,55.020000000000003,4.980000000000001,9.051299999999999,1241226.739999999990686,7317986.39699999988079
603259.SH,2024.03.05,58.32,59.270000000000003,57.109999999999999,58.229999999999996,60,-1.77,-2.95,822375.010000000009313,4790498.199000000022351
603259.SH,2024.03.06,59.009999999999998,59.479999999999996,57.799999999999997,58.729999999999996,58.229999999999996,0.5,0.8587,562813.849999999976716,3306705.225000000093132
603259.SH,2024.03.07,52.859999999999999,54.969999999999998,52.859999999999999,52.859999999999999,58.729999999999996,-5.87,-9.994899999999999,1131703.75,6039655.188000000081956
603259.SH,2024.03.08,51.079999999999998,52.189999999999997,50.810000000000002,51.840000000000003,52.859999999999999,-1.02,-1.9296,973105.599999999976716,5019004.51300000026822
603259.SH,2024.03.11,52.630000000000002,55.280000000000001,51.520000000000003,54.770000000000003,51.840000000000003,2.93,5.652000000000001,1085102.229999999981373,5791702.436999999918043
603259.SH,2024.03.12,56,58.369999999999997,56,57.200000000000002,54.770000000000003,2.43,4.4367,1238662.699999999953433,7092675.644999999552965
603259.SH,2024.03.13,57,57.670000000000001,55.950000000000002,56.75,57.200000000000002,-0.45,-0.7867,746320.349999999976716,4224695.582999999634921
603259.SH,2024.03.14,58.479999999999996,58.880000000000002,51.880000000000002,53.509999999999997,56.75,-3.24,-5.7093,1943570.129999999888241,10624602.68500000052154
603259.SH,2024.03.15,52.340000000000003,53.340000000000003,51.149999999999998,51.310000000000002,53.509999999999997,-2.2,-4.1114,1456329.320000000065192,7550239.351999999955296
603259.SH,2024.03.18,51.200000000000002,53.439999999999997,48.799999999999997,53.409999999999996,51.310000000000002,2.1,4.092800000000001,1913966.800000000046566,9731015.422000000253319
603259.SH,2024.03.19,51.939999999999997,51.939999999999997,50.799999999999997,50.810000000000002,53.409999999999996,-2.6,-4.868000000000001,1681927.350000000093132,8613057.038000000640749
603259.SH,2024.03.20,50.850000000000001,51.109999999999999,50.009999999999998,50.329999999999998,50.810000000000002,-0.48,-0.9447,1102140.810000000055879,5557042.588999999687075
603259.SH,2024.03.21,50.380000000000002,50.729999999999996,49.909999999999996,50.020000000000003,50.329999999999998,-0.31,-0.6159,966805.96999999997206,4852801.308000000193715
603259.SH,2024.03.22,49,49.429999999999999,47.899999999999998,47.909999999999996,50.020000000000003,-2.11,-4.218300000000001,1276319.610000000102445,6167920.207999999634921
603259.SH,2024.03.25,49.299999999999997,49.96,48.810000000000002,48.899999999999998,47.909999999999996,0.99,2.0664,1220113.179999999934807,6034221.406999999657273
603259.SH,2024.03.26,48.649999999999998,48.700000000000002,46.979999999999996,47.46,48.899999999999998,-1.44,-2.9448,1031548.010000000009313,4909658.757000000216066
603259.SH,2024.03.27,47,48.170000000000001,46.280000000000001,46.579999999999998,47.46,-0.88,-1.8542,895205.319999999948777,4219171.316999999806284
603259.SH,2024.04.01,46.179999999999999,47.840000000000003,46.149999999999998,47.840000000000003,46.179999999999999,1.66,3.5946,969523.760000000009313,4572249.970999999903142
603259.SH,2024.04.02,47.840000000000003,47.850000000000001,46.520000000000003,47.060000000000002,47.840000000000003,-0.78,-1.6304,756142.880000000004656,3553274.202000000048428
603259.SH,2024.04.03,47.079999999999998,47.89,46.82,47.310000000000002,47.060000000000002,0.25,0.5312,745815.880000000004656,3534345.945999999996274
603259.SH,2024.04.08,46.009999999999998,46.649999999999998,45.770000000000003,46.109999999999999,47.310000000000002,-1.2,-2.5365,836100.430000000051222,3855443.342999999877065
603259.SH,2024.04.09,46.119999999999997,47.07,44.899999999999998,46.920000000000001,46.109999999999999,0.81,1.7567,1055583.18999999994412,4856872.31900000013411
603259.SH,2024.04.10,46.5,47.049999999999997,45.530000000000001,45.579999999999998,46.920000000000001,-1.34,-2.8559,696944.160000000032596,3216785.453000000212341
603259.SH,2024.04.11,45,45.299999999999997,43.700000000000002,43.799999999999997,45.579999999999998,-1.78,-3.9052,1165953.040000000037252,5168843.980000000447034
603259.SH,2024.04.12,43.509999999999997,44.380000000000002,42.89,42.89,43.799999999999997,-0.91,-2.0776,790011.020000000018626,3425451.953000000212341
603259.SH,2024.04.15,42.799999999999997,43.119999999999997,41.670000000000001,42.380000000000002,42.89,-0.51,-1.1891,819553.449999999953433,3467313.001000000163912
603259.SH,2024.04.16,42.179999999999999,42.5,41.170000000000001,41.189999999999997,42.380000000000002,-1.19,-2.8079,703952.030000000027939,2936420.066999999806284
603259.SH,2024.04.17,41.350000000000001,43.549999999999997,41.280000000000001,43.149999999999998,41.189999999999997,1.96,4.7584,1122330.71999999997206,4753777.270999999716877
603259.SH,2024.04.18,43.100000000000001,44.350000000000001,42.39,43.429999999999999,43.149999999999998,0.28,0.6489,1091478.510000000009313,4754699.825000000186264
603259.SH,2024.04.19,42.799999999999997,42.990000000000001,41.859999999999999,42.200000000000002,43.429999999999999,-1.23,-2.8321,746107.050000000046566,3159860.419000000227242
603259.SH,2024.04.22,41.899999999999998,42.689999999999997,41.630000000000002,42.100000000000001,42.200000000000002,-0.1,-0.237,508547.85999999998603,2145092.830999999772757
603259.SH,2024.04.23,42.25,43.299999999999997,41.479999999999996,42.630000000000002,42.100000000000001,0.53,1.2589,921190.199999999953433,3901172.942999999970197
603259.SH,2024.04.24,42.310000000000002,42.5,41.75,41.96,42.630000000000002,-0.67,-1.5717,700785.369999999995343,2948163.455999999772757
603259.SH,2024.04.25,41.75,42.399999999999998,41.590000000000003,41.600000000000001,41.96,-0.36,-0.858,716876.449999999953433,2999783.555999999865889
603259.SH,2024.04.26,41.380000000000002,43.130000000000002,41.299999999999997,42.920000000000001,41.600000000000001,1.32,3.1731,1197094.270000000018626,5093622.381000000052154
603259.SH,2024.04.29,43.090000000000003,45.020000000000003,42.929999999999999,44.57,42.920000000000001,1.65,3.8444,1149394.270000000018626,5079727.02199999988079
603259.SH,2024.04.30,44.659999999999996,44.780000000000001,43.520000000000003,43.670000000000001,44.57,-0.9,-2.0193,806985.96999999997206,3539648.188000000081956
603259.SH,2024.05.06,44.439999999999997,46.39,44.340000000000003,45.780000000000001,43.670000000000001,2.11,4.8317,1267890.65999999991618,5771655.184000000357627
603259.SH,2024.05.07,45.600000000000001,45.859999999999999,45.179999999999999,45.649999999999998,45.780000000000001,-0.13,-0.284,643176.699999999953433,2927941.342000000178813
603259.SH,2024.05.08,45.399999999999998,45.579999999999998,44.659999999999996,44.71,45.649999999999998,-0.94,-2.0591,626057.260000000009313,2812362.148000000044703
603259.SH,2024.05.09,44.71,45.990000000000001,44.689999999999997,45.369999999999997,44.71,0.66,1.4762,750409.82999999995809,3413417.589000000152736
603259.SH,2024.05.10,45.649999999999998,45.799999999999997,44.530000000000001,44.850000000000001,45.369999999999997,-0.52,-1.1461,609054.560000000055879,2733958.623000000137835
603259.SH,2024.05.13,48.509999999999997,48.679999999999999,45.789999999999999,46.189999999999997,44.850000000000001,1.34,2.9877,1853031.139999999897554,8704586.464999999850988
603259.SH,2024.05.14,45.899999999999998,47.899999999999998,45.770000000000003,47.14,46.189999999999997,0.95,2.0567,1459675.320000000065192,6898602.509999999776482
603259.SH,2024.05.15,46.600000000000001,46.659999999999996,45.009999999999998,45.219999999999998,47.14,-1.92,-4.073000000000001,1059937.209999999962747,4822609.805999999865889
603259.SH,2024.05.16,45.399999999999998,46.329999999999998,43.679999999999999,45.579999999999998,45.219999999999998,0.36,0.7961,967508.020000000018626,4368688.16399999987334
603259.SH,2024.05.17,45.229999999999996,45.75,44.579999999999998,44.899999999999998,45.579999999999998,-0.68,-1.4919,694695.849999999976716,3123744.631000000052154
603259.SH,2024.05.20,44.600000000000001,45.159999999999996,44.5,44.700000000000002,44.899999999999998,-0.2,-0.4454,562431.420000000041909,2517336.65100000007078
603259.SH,2024.05.21,44.5,44.579999999999998,43.5,43.71,44.700000000000002,-0.99,-2.2148,669217.459999999962747,2941047.029999999795109
603259.SH,2024.05.22,43.700000000000002,44.280000000000001,43.600000000000001,44.119999999999997,43.71,0.41,0.938,482077.010000000009313,2118227.026999999769032
603259.SH,2024.05.23,43.859999999999999,44.049999999999997,43.229999999999996,43.289999999999999,44.119999999999997,-0.83,-1.8812,427281.71999999997206,1861930.243999999947845
603259.SH,2024.05.24,43.149999999999998,43.600000000000001,42.75,42.75,43.289999999999999,-0.54,-1.2474,381302.10999999998603,1639374.260999999940395
603259.SH,2024.05.27,42.990000000000001,43.039999999999999,41.520000000000003,42.420000000000001,42.75,-0.33,-0.7719,551580.199999999953433,2322296.969000000040978
603259.SH,2024.05.28,42.229999999999996,42.920000000000001,41.979999999999996,42.259999999999997,42.420000000000001,-0.16,-0.3772,367068.059999999997671,1556773.266999999992549
603259.SH,2024.05.29,42.109999999999999,42.5,42.07,42.270000000000003,42.259999999999997,0.01,0.0237,308288.440000000002328,1303868.122999999905005
603259.SH,2024.05.30,42.109999999999999,42.299999999999997,41.850000000000001,41.939999999999997,42.270000000000003,-0.33,-0.7807,285871.330000000016298,1200119.584000000031664
603259.SH,2024.05.31,42.280000000000001,42.759999999999997,42.07,42.109999999999999,41.939999999999997,0.17,0.4053,375925.929999999993015,1592288.166999999899417
603259.SH,2024.06.03,42.170000000000001,42.259999999999997,41.71,42,42.109999999999999,-0.11,-0.2612,371090.890000000013969,1554478.357000000076368
603259.SH,2024.06.04,42,43.299999999999997,41.899999999999998,43.280000000000001,42,1.28,3.0476,600163.160000000032596,2564758.279999999795109
603259.SH,2024.06.05,43,43.350000000000001,42.810000000000002,42.899999999999998,43.280000000000001,-0.38,-0.878,365378.75,1574016.546000000089406
603259.SH,2024.06.06,43.189999999999997,43.450000000000002,42.479999999999996,42.579999999999998,42.899999999999998,-0.32,-0.7459,403321.179999999993015,1728189.348999999929219
603259.SH,2024.06.07,42.600000000000001,42.899999999999998,42.109999999999999,42.39,42.579999999999998,-0.19,-0.4462,306699.450000000011641,1301035.080000000074505
603259.SH,2024.06.11,42.240000000000002,42.5,41.549999999999997,42.46,42.39,0.07,0.1651,335806.539999999979045,1411828.696999999927356
603259.SH,2024.06.12,42.600000000000001,46.119999999999997,42.520000000000003,45.380000000000002,42.46,2.92,6.877100000000001,1512348.229999999981373,6748757.520999999716877
603259.SH,2024.06.13,45.299999999999997,45.719999999999998,44.679999999999999,45,45.380000000000002,-0.38,-0.8374,974218.150000000023283,4394654.963999999687075
603259.SH,2024.06.14,44.700000000000002,44.740000000000002,43.700000000000002,43.700000000000002,45,-1.3,-2.8889,1094695.419999999925494,4829241.479000000283122
603259.SH,2024.06.17,43.560000000000002,44.439999999999997,43.520000000000003,43.969999999999998,43.700000000000002,0.27,0.6178,485206.919999999983701,2130869.529999999795108
603259.SH,2024.06.18,43.89,43.990000000000001,41.799999999999997,42.530000000000001,43.969999999999998,-1.44,-3.275,772227.150000000023283,3306786.337999999988824
603259.SH,2024.06.19,42.450000000000002,42.590000000000003,41.899999999999998,41.939999999999997,42.530000000000001,-0.59,-1.3873,469523.309999999997671,1978708.415000000037252
603259.SH,2024.06.20,41.979999999999996,42.350000000000001,41.079999999999998,41.090000000000003,41.939999999999997,-0.85,-2.0267,597775.479999999981373,2486685.473000000230967
603259.SH,2024.06.21,40.880000000000002,40.880000000000002,40.149999999999998,40.490000000000002,41.090000000000003,-0.6,-1.4602,426641.289999999979045,1723777.262000000104308
603259.SH,2024.06.24,40.229999999999996,40.859999999999999,39.880000000000002,40.420000000000001,40.490000000000002,-0.07,-0.1729,370790.539999999979045,1496466.495000000111758
603259.SH,2024.06.25,40.429999999999999,40.840000000000003,40.170000000000001,40.490000000000002,40.420000000000001,0.07,0.1732,309645.369999999995343,1254720.899999999906867
603259.SH,2024.06.26,39.679999999999999,40.350000000000001,39.149999999999998,40.21,39.5,0.71,1.7975,321573.739999999990686,1277263.351000000024214
603259.SH,2024.06.27,40,40.039999999999999,39.329999999999998,39.329999999999998,40.21,-0.88,-2.1885,261424.019999999989522,1036366.868999999947845
603259.SH,2024.06.28,39.240000000000002,39.670000000000001,39.090000000000003,39.189999999999997,39.329999999999998,-0.14,-0.356,258802.35000000000582,1019798.332000000053085
603259.SH,2024.07.01,39.200000000000002,39.299999999999997,38.21,38.659999999999996,39.189999999999997,-0.53,-1.3524,328047.919999999983701,1263327.65999999991618
603259.SH,2024.07.02,38.560000000000002,38.840000000000003,38.229999999999996,38.289999999999999,38.659999999999996,-0.37,-0.9571,259265.35000000000582,997672.037999999942258
603259.SH,2024.07.03,38.229999999999996,39.280000000000001,37.880000000000002,38.700000000000002,38.289999999999999,0.41,1.0708,376655.729999999981373,1449894.445999999996274
603259.SH,2024.07.04,38.5,38.590000000000003,37.590000000000003,37.600000000000001,38.700000000000002,-1.1,-2.8424,324685.869999999995343,1233854.314000000013038
603259.SH,2024.07.05,37.530000000000001,38.450000000000002,37.189999999999997,38.020000000000003,37.600000000000001,0.42,1.117,337834.320000000006984,1278050.02600000007078
603259.SH,2024.07.08,38,38.009999999999998,36.780000000000001,36.869999999999997,38.020000000000003,-1.15,-3.0247,341117.049999999988358,1268769.462999999988824
603259.SH,2024.07.09,36.799999999999997,37.439999999999997,36.359999999999999,37.259999999999997,36.869999999999997,0.39,1.0578,384347.549999999988358,1419450.102999999886378
603259.SH,2024.07.10,37.090000000000003,38.270000000000003,36.96,37.539999999999999,37.259999999999997,0.28,0.7515,354026.869999999995343,1335349.611999999964609
603259.SH,2024.07.11,38.200000000000002,39.07,38.049999999999997,38.82,37.539999999999999,1.28,3.4097,492814.549999999988358,1906504.419999999925494
603259.SH,2024.07.12,38.740000000000002,39.490000000000002,38.700000000000002,38.799999999999997,38.82,-0.02,-0.0515,359474.320000000006984,1401162.702000000048428
603259.SH,2024.07.15,38.530000000000001,38.799999999999997,37.950000000000002,38.049999999999997,38.799999999999997,-0.75,-1.933,283786.340000000025611,1084438.588999999919906
603259.SH,2024.07.16,37.939999999999997,38.679999999999999,37.920000000000001,38.490000000000002,38.049999999999997,0.44,1.1564,243138.95999999999185,933555.854999999981373
603259.SH,2024.07.17,38.479999999999996,39.530000000000001,38.310000000000002,39.219999999999998,38.490000000000002,0.73,1.8966,441771.35999999998603,1729967.719000000040978
603259.SH,2024.07.18,39.100000000000001,39.450000000000002,38.759999999999997,39.329999999999998,39.219999999999998,0.11,0.2805,344850.239999999990686,1349031.233999999938532
603259.SH,2024.07.19,39.119999999999997,39.729999999999996,38.869999999999997,39.600000000000001,39.329999999999998,0.27,0.6865,342695.25,1350998.93999999994412
603259.SH,2024.07.22,39.57,40.340000000000003,39.399999999999998,40.07,39.600000000000001,0.47,1.1869,400006.210000000020954,1600068.989999999990686
603259.SH,2024.07.23,39.850000000000001,39.950000000000002,39.14,39.200000000000002,40.07,-0.87,-2.1712,319138.390000000013969,1262131.460999999893829
603259.SH,2024.07.24,39.189999999999997,39.880000000000002,38.5,38.649999999999998,39.200000000000002,-0.55,-1.4031,291816.380000000004656,1140711.767999999923631
603259.SH,2024.07.25,38.409999999999996,39.57,38.329999999999998,39.259999999999997,38.649999999999998,0.61,1.5783,316448.380000000004656,1239391.445000000065192
603259.SH,2024.07.26,39.359999999999999,39.829999999999998,39.149999999999998,39.539999999999999,39.259999999999997,0.28,0.7132,252936.670000000012805,999133.256999999983236
603259.SH,2024.07.29,39.530000000000001,39.649999999999998,38.600000000000001,39,39.539999999999999,-0.54,-1.3657,294568.770000000018626,1151269.786000000080093
603259.SH,2024.07.30,40,41.5,40,40.689999999999997,39,1.69,4.333300000000001,1004849.300000000046566,4120504.061999999918043
603259.SH,2024.07.31,40.659999999999996,42.679999999999999,40.590000000000003,42.539999999999999,40.689999999999997,1.85,4.5466,823554.790000000037252,3462557.348999999929219
603259.SH,2024.08.01,42.579999999999998,42.659999999999996,41.859999999999999,42.299999999999997,42.539999999999999,-0.24,-0.5642,544727.709999999962747,2301879.158999999985098
603259.SH,2024.08.02,42.179999999999999,43.810000000000002,42.060000000000002,42.909999999999996,42.299999999999997,0.61,1.4421,759364.040000000037252,3280926.464999999850988
603259.SH,2024.08.05,42.659999999999996,43.789999999999999,42.420000000000001,42.490000000000002,42.909999999999996,-0.42,-0.9788,635802.5,2735739.554000000003725
603259.SH,2024.08.06,42.950000000000002,43.700000000000002,42.5,43.399999999999998,42.490000000000002,0.91,2.1417,573473.46999999997206,2478751.674999999813735
603259.SH,2024.08.07,43.310000000000002,43.399999999999998,42.729999999999996,42.899999999999998,43.399999999999998,-0.5,-1.1521,343860.710000000020954,1479313.959999999962747
603259.SH,2024.08.08,42.700000000000002,43.259999999999997,42.469999999999998,42.5,42.899999999999998,-0.4,-0.9324,348530.440000000002328,1493009.713999999919906
603259.SH,2024.08.09,42.630000000000002,42.780000000000001,41.5,41.5,42.5,-1,-2.3529,434524.489999999990686,1823230.347999999998137
603259.SH,2024.08.12,41.490000000000002,41.719999999999998,41.079999999999998,41.380000000000002,41.5,-0.12,-0.2892,239242.25,990116.643000000040046
603259.SH,2024.08.13,41.450000000000002,41.5,40.799999999999997,41.200000000000002,41.380000000000002,-0.18,-0.435,231841.559999999997671,950931.185000000055879
603259.SH,2024.08.14,41.170000000000001,41.189999999999997,39.840000000000003,39.869999999999997,41.200000000000002,-1.33,-3.2282,357287.440000000002328,1436528.406999999890103
603259.SH,2024.08.15,39.810000000000002,40.579999999999998,39.64,40.130000000000002,39.869999999999997,0.26,0.6521,281153.760000000009313,1127298.567999999970197
603259.SH,2024.08.16,40.14,40.490000000000002,39.649999999999998,40.219999999999998,40.130000000000002,0.09,0.2243,245008.070000000006984,982068.619999999995343
603259.SH,2024.08.19,40.109999999999999,40.450000000000002,39.670000000000001,39.770000000000003,40.219999999999998,-0.45,-1.1188,225551.420000000012805,901102.175000000046566
603259.SH,2024.08.20,39.899999999999998,39.979999999999996,39.21,39.299999999999997,39.770000000000003,-0.47,-1.1818,191109.279999999998835,754063.920000000041909
603259.SH,2024.08.21,39.409999999999996,39.420000000000001,38.600000000000001,38.740000000000002,39.299999999999997,-0.56,-1.4249,244058.769999999989522,950732.631000000052154
603259.SH,2024.08.22,38.679999999999999,38.990000000000001,37.399999999999998,37.5,38.740000000000002,-1.24,-3.2008,386469.229999999981373,1460726.679000000003725
603259.SH,2024.08.23,37.490000000000002,37.759999999999997,37.340000000000003,37.490000000000002,37.5,-0.01,-0.0267,189633.20999999999185,711611.126999999978579
603259.SH,2024.08.26,37.520000000000003,38.200000000000002,37.310000000000002,38.14,37.490000000000002,0.65,1.7338,309183.580000000016298,1170090.685999999986961
603259.SH,2024.08.27,38,38.429999999999999,37.700000000000002,38.07,38.14,-0.07,-0.1835,216779.170000000012805,823738.503000000026077
603259.SH,2024.08.28,37.990000000000001,38.479999999999996,37.71,38.299999999999997,38.07,0.23,0.6042,235963.390000000013969,900729.672999999951571
603259.SH,2024.08.29,38.100000000000001,38.969999999999998,37.840000000000003,38.71,38.299999999999997,0.41,1.0705,313054.770000000018626,1204345.838999999919906
603259.SH,2024.08.30,38.880000000000002,39.619999999999997,38.429999999999999,39.179999999999999,38.71,0.47,1.2142,410640.739999999990686,1613146.647000000113621
603259.SH,2024.09.02,39.049999999999997,39.179999999999999,37.719999999999998,37.740000000000002,39.179999999999999,-1.44,-3.6753,362110.409999999974388,1384767.601999999955296
603259.SH,2024.09.03,37.740000000000002,38.530000000000001,37.619999999999997,38.39,37.740000000000002,0.65,1.7223,270427.979999999981373,1034533.310999999986961
603259.SH,2024.09.04,38.229999999999996,39.71,38.21,39.399999999999998,38.39,1.01,2.6309,431538.700000000011641,1689993.953999999910593
603259.SH,2024.09.05,39.350000000000001,40.359999999999999,39.350000000000001,39.659999999999996,39.399999999999998,0.26,0.6599,304817.010000000009313,1215768.283000000054016
603259.SH,2024.09.06,39.659999999999996,39.719999999999998,38.780000000000001,38.799999999999997,39.659999999999996,-0.86,-2.1684,199393.769999999989522,779750.312999999965541
603259.SH,2024.09.09,38.759999999999997,40.579999999999998,38.679999999999999,39.409999999999996,38.799999999999997,0.61,1.5722,517414.140000000013969,2058814.41400000010617
603259.SH,2024.09.10,39,39,36.859999999999999,37.289999999999999,39.409999999999996,-2.12,-5.3793,727966.130000000004656,2727650.007000000216066
603259.SH,2024.09.11,37.549999999999997,38.679999999999999,37.340000000000003,38.539999999999999,37.289999999999999,1.25,3.3521,490957.669999999983701,1874760.460999999893829
603259.SH,2024.09.12,38.560000000000002,40.229999999999996,38.5,39.759999999999997,38.539999999999999,1.22,3.1655,565023.290000000037252,2242229.879000000189989
603259.SH,2024.09.13,39.979999999999996,40.679999999999999,39.759999999999997,39.82,39.759999999999997,0.06,0.1509,452094.380000000004656,1816493.671000000089406
603259.SH,2024.09.18,39.759999999999997,40.100000000000001,39.409999999999996,40.020000000000003,39.82,0.2,0.5023,222068.829999999987194,884367.452000000048428
603259.SH,2024.09.19,40.149999999999998,41.100000000000001,39.869999999999997,40.679999999999999,40.020000000000003,0.66,1.6492,433100.090000000025611,1760479.644000000087544
603259.SH,2024.09.20,40.679999999999999,40.920000000000001,40.359999999999999,40.579999999999998,40.679999999999999,-0.1,-0.2458,286986.460000000020954,1164320.632999999914318
603259.SH,2024.09.23,43,43.789999999999999,41.439999999999997,41.75,40.579999999999998,1.17,2.8832,1036035.890000000013969,4411876.03899999987334
603259.SH,2024.09.24,42,42.520000000000003,40.89,42.5,41.75,0.75,1.7964,830103.739999999990686,3473674.441000000108033
603259.SH,2024.09.25,42.950000000000002,44.439999999999997,42.5,42.71,42.5,0.21,0.4941,1242644.080000000074505,5375991.47499999962747
603259.SH,2024.09.26,41.840000000000003,43.329999999999998,41.5,43.270000000000003,42.71,0.56,1.3112,961582.959999999962747,4066549.106999999843537
603259.SH,2024.09.27,44,47.600000000000001,44,47.600000000000001,43.270000000000003,4.33,10.006899999999999,1160146.739999999990686,5336319.868999999947845
603259.SH,2024.09.30,52.359999999999999,52.359999999999999,50.899999999999998,52.359999999999999,47.600000000000001,4.76,10,1509337.919999999925494,7855382.540000000037252
603259.SH,2024.10.08,57.600000000000001,57.600000000000001,54.520000000000003,57.600000000000001,52.359999999999999,5.240000000000001,10.0076,2107490.029999999795109,12062006.710000000894069
603259.SH,2024.10.09,57.530000000000001,59.5,54.880000000000002,55.789999999999999,57.600000000000001,-1.81,-3.1424,1827695.679999999934807,10454018.583000000566244
603259.SH,2024.10.10,56.079999999999998,57.609999999999999,54.46,54.929999999999999,55.789999999999999,-0.86,-1.5415,1171174.5,6548238.859000000171363
603259.SH,2024.10.11,53.979999999999996,53.979999999999996,50.679999999999999,51.450000000000002,54.929999999999999,-3.48,-6.335300000000001,1066526.419999999925494,5543660.139999999664723
603259.SH,2024.10.14,51.950000000000002,52.179999999999999,50.399999999999998,51.899999999999998,51.450000000000002,0.45,0.8746,780223.420000000041909,4005778.200000000186264
603259.SH,2024.10.15,51.920000000000001,52.299999999999997,50.049999999999997,50.079999999999998,51.899999999999998,-1.82,-3.5067,645826.199999999953433,3305678.001000000163912
603259.SH,2024.10.16,49,49.759999999999997,48.5,48.96,50.079999999999998,-1.12,-2.2364,594906.089999999967403,2916187.021000000182539
603259.SH,2024.10.17,49.299999999999997,49.539999999999999,48.159999999999996,48.179999999999999,48.96,-0.78,-1.5931,487387.5,2382667.322999999858438
603259.SH,2024.10.18,47.799999999999997,51.469999999999998,47.780000000000001,50.219999999999998,48.179999999999999,2.04,4.2341,982913.910000000032596,4878139.593000000342726
603259.SH,2024.10.21,50.520000000000003,50.920000000000001,49.619999999999997,50.359999999999999,50.219999999999998,0.14,0.2788,718422.060000000055879,3609709.041999999899417
603259.SH,2024.10.22,50.21,51.439999999999997,49.899999999999998,50.799999999999997,50.359999999999999,0.44,0.8737,574351.099999999976716,2912834.790000000037252
603259.SH,2024.10.23,50.82,52.5,50.299999999999997,51.490000000000002,50.799999999999997,0.69,1.3583,860325.32999999995809,4409326.559000000357627
603259.SH,2024.10.24,51.490000000000002,51.859999999999999,49.909999999999996,50.14,51.490000000000002,-1.35,-2.6219,696845.369999999995343,3542588.393000000156462
603259.SH,2024.10.25,49.880000000000002,53.159999999999996,49.799999999999997,53,50.14,2.86,5.704,1147011.179999999934807,5984087.371000000275671
603259.SH,2024.10.28,52.969999999999998,53.659999999999996,52.200000000000002,53.439999999999997,53,0.44,0.8302,692597.619999999995343,3667950.844000000040978
603259.SH,2024.10.29,55.950000000000002,56.149999999999998,53.420000000000001,53.490000000000002,53.439999999999997,0.05,0.0936,1088119.25,5953071.640999999828636
603259.SH,2024.10.30,53.009999999999998,53.679999999999999,51.719999999999998,52.14,53.490000000000002,-1.35,-2.5238,652796.239999999990686,3432977.342999999877065
603259.SH,2024.10.31,51.759999999999997,52.96,51.5,52,52.14,-0.14,-0.2685,534554.32999999995809,2783223.313999999780207
603259.SH,2024.11.01,51.700000000000002,52.450000000000002,51,51.149999999999998,52,-0.85,-1.6346,511573,2641044.245000000111758
603259.SH,2024.11.04,51.149999999999998,52.479999999999996,51.079999999999998,51.96,51.149999999999998,0.81,1.5836,407713.960000000020954,2115881.961999999824911
603259.SH,2024.11.05,52,54.46,51.289999999999999,53.789999999999999,51.96,1.83,3.5219,800430.229999999981373,4249966.524000000208616
603259.SH,2024.11.06,53.799999999999997,56.5,53.530000000000001,54.899999999999998,53.789999999999999,1.11,2.0636,1029204.699999999953433,5666729.753999999724328
603259.SH,2024.11.07,53.670000000000001,56.719999999999998,53.450000000000002,56.719999999999998,54.899999999999998,1.82,3.3151,909111.069999999948777,5047690.620000000111758
603259.SH,2024.11.08,57.859999999999999,58.049999999999997,55.920000000000001,56.119999999999997,56.719999999999998,-0.6,-1.0578,815247.040000000037252,4640791.037999999709427
603259.SH,2024.11.11,55.5,57.850000000000001,55.380000000000002,57.429999999999999,56.119999999999997,1.31,2.3343,652272.32999999995809,3692920.572000000160187
603259.SH,2024.11.12,57.520000000000003,61,57.159999999999996,58.299999999999997,57.429999999999999,0.87,1.5149,1127148.050000000046566,6665577.345999999903142
603259.SH,2024.11.13,57.57,58.200000000000002,55.600000000000001,56.560000000000002,58.299999999999997,-1.74,-2.9846,758129.68999999994412,4284794.270999999716877
603259.SH,2024.11.14,56.189999999999997,56.770000000000003,54.25,54.399999999999998,56.560000000000002,-2.16,-3.819,567267.569999999948777,3140925.61200000019744
603259.SH,2024.11.15,53.979999999999996,54.450000000000002,52.869999999999997,52.869999999999997,54.399999999999998,-1.53,-2.8125,533735.839999999967403,2858876.964000000152736
603259.SH,2024.11.18,52.469999999999998,53.100000000000001,51.359999999999999,51.619999999999997,52.869999999999997,-1.25,-2.3643,482398.190000000002328,2514439.796000000089406
603259.SH,2024.11.19,51.929999999999999,52.579999999999998,50.689999999999997,52.079999999999998,51.619999999999997,0.46,0.8911,422373.169999999983701,2180513.266999999992549
603259.SH,2024.11.20,51.799999999999997,53.079999999999998,51.679999999999999,52.57,52.079999999999998,0.49,0.9409,451492.619999999995343,2371766.515000000130385
603259.SH,2024.11.21,52.450000000000002,52.46,51.740000000000002,52.170000000000001,52.57,-0.4,-0.7609,289348.429999999993015,1506554.239000000059604
603259.SH,2024.11.22,52.009999999999998,52.009999999999998,49.560000000000002,49.630000000000002,52.170000000000001,-2.54,-4.8687,539043.979999999981373,2732774.875
603259.SH,2024.11.25,49.630000000000002,50.14,48.549999999999997,49.100000000000001,49.630000000000002,-0.53,-1.0679,348252.440000000002328,1716881.200999999884516
603259.SH,2024.11.26,49.289999999999999,49.850000000000001,48.939999999999997,49,49.100000000000001,-0.1,-0.2037,252699.049999999988358,1246059.208000000100582
603259.SH,2024.11.27,49.009999999999998,50.079999999999998,48.979999999999996,49.920000000000001,49,0.92,1.8776,354914.690000000002328,1759305.996999999973922
603259.SH,2024.11.28,50.07,50.350000000000001,49.240000000000002,49.399999999999998,49.920000000000001,-0.52,-1.0417,264741.890000000013969,1315000.840000000083819
603259.SH,2024.11.29,49.399999999999998,50.679999999999999,49.289999999999999,50.14,49.399999999999998,0.74,1.498,353789.890000000013969,1768300.584999999962747
603259.SH,2024.12.02,50.009999999999998,51.369999999999997,49.700000000000002,51.219999999999998,50.14,1.08,2.154,383674.869999999995343,1950961.604000000050291
603259.SH,2024.12.03,51.100000000000001,52.770000000000003,50.929999999999999,52.32,51.219999999999998,1.1,2.1476,520359.280000000027939,2704560.598000000230967
603259.SH,2024.12.04,52.200000000000002,52.299999999999997,51.200000000000002,51.479999999999996,52.32,-0.84,-1.6055,323949.140000000013969,1676907.31499999994412
603259.SH,2024.12.05,51.399999999999998,51.939999999999997,51,51.409999999999996,51.479999999999996,-0.07,-0.136,256191.60000000000582,1317249.678000000072643
603259.SH,2024.12.06,51.200000000000002,56.380000000000002,51.100000000000001,55.219999999999998,51.409999999999996,3.81,7.411,1055038.649999999906867,5727683.911999999545514
603259.SH,2024.12.09,59.600000000000001,60.200000000000002,57.82,58.979999999999996,55.219999999999998,3.76,6.8091,1562911.060000000055879,9227770.822000000625848
603259.SH,2024.12.10,60.509999999999997,60.740000000000002,57.75,57.969999999999998,58.979999999999996,-1.01,-1.7124,909352.349999999976716,5346316.469999999739229
603259.SH,2024.12.11,57.490000000000002,58.579999999999998,57.149999999999998,57.689999999999997,57.969999999999998,-0.28,-0.483,462223.640000000013969,2672315.535000000149011
603259.SH,2024.12.12,57.299999999999997,57.549999999999997,56.350000000000001,57.090000000000003,57.689999999999997,-0.6,-1.04,482255.96999999997206,2746039.311999999918043
603259.SH,2024.12.13,56.600000000000001,57.100000000000001,56.189999999999997,56.5,57.090000000000003,-0.59,-1.0335,582368.430000000051222,3296971.933000000193715
603259.SH,2024.12.16,56.21,57.100000000000001,55.869999999999997,56.21,56.5,-0.29,-0.5133,361683.570000000006984,2043598.980999999912455
603259.SH,2024.12.17,56,56.799999999999997,55.420000000000001,55.5,56.21,-0.71,-1.2631,309572.890000000013969,1731569.860000000102445
603259.SH,2024.12.18,55.799999999999997,56.399999999999998,55.46,56.100000000000001,55.5,0.6,1.0811,255412.779999999998835,1431697.459000000031664
603259.SH,2024.12.19,55.520000000000003,56.829999999999998,55.350000000000001,55.909999999999996,56.100000000000001,-0.19,-0.3387,309136.890000000013969,1737818.037999999942258
603259.SH,2024.12.20,55.880000000000002,56.530000000000001,55.609999999999999,55.789999999999999,55.909999999999996,-0.12,-0.2146,234714.35999999998603,1315679.40999999991618
603259.SH,2024.12.23,55.679999999999999,57.049999999999997,55.600000000000001,56.259999999999997,55.789999999999999,0.47,0.8424,340255,1918340.352999999886378
603259.SH,2024.12.24,56.07,56.600000000000001,56.07,56.450000000000002,56.259999999999997,0.19,0.3377,236492.329999999987194,1331703.139999999897554
603259.SH,2024.12.25,57.5,58,55.5,55.64,56.450000000000002,-0.81,-1.4349,382329.539999999979045,2161036.320999999996274
603259.SH,2024.12.26,55.270000000000003,56.07,55,55.509999999999997,55.64,-0.13,-0.2336,204622.95999999999185,1137236.272000000113621
603259.SH,2024.12.27,55.399999999999998,55.479999999999996,54.32,54.789999999999999,55.509999999999997,-0.72,-1.2971,320379.049999999988358,1756650.115999999921768
603259.SH,2024.12.30,54.549999999999997,56.399999999999998,54.520000000000003,56.100000000000001,54.789999999999999,1.31,2.3909,335452.080000000016298,1873917.729999999981373
603259.SH,2024.12.31,56.079999999999998,56.079999999999998,55.020000000000003,55.039999999999999,56.100000000000001,-1.06,-1.8895,272688.150000000023283,1509924.465000000083819
603259.SH,2025.01.02,55.030000000000001,55.289999999999999,52.700000000000002,53.060000000000002,55.039999999999999,-1.98,-3.5974,350818.130000000004656,1886594.129999999888241
603259.SH,2025.01.03,53.049999999999997,53.579999999999998,52.21,52.369999999999997,53.060000000000002,-0.69,-1.3004,257327.35999999998603,1362899.260000000009313
603259.SH,2025.01.06,52.689999999999997,53.5,51.810000000000002,52.899999999999998,52.369999999999997,0.53,1.012,306605.590000000025611,1618876.875999999931082
603259.SH,2025.01.07,52.600000000000001,52.649999999999998,51.450000000000002,52.380000000000002,52.899999999999998,-0.52,-0.983,283194.260000000009313,1471841.338999999919906
603259.SH,2025.01.08,52.159999999999996,52.539999999999999,51.130000000000002,51.909999999999996,52.380000000000002,-0.47,-0.8973,226503.579999999987194,1175324.84499999997206
603259.SH,2025.01.09,51.990000000000001,53.649999999999998,51.990000000000001,52.609999999999999,51.909999999999996,0.7,1.3485,216652.690000000002328,1147627.682999999960884
603259.SH,2025.01.10,53.469999999999998,54.299999999999997,52.939999999999997,53.359999999999999,52.609999999999999,0.75,1.4256,334536.60999999998603,1798150.094000000040978
603259.SH,2025.01.13,52.630000000000002,53.630000000000002,52.439999999999997,53.170000000000001,53.359999999999999,-0.19,-0.3561,200884.519999999989522,1067634.27600000007078
603259.SH,2025.01.14,53.810000000000002,55.350000000000001,53.520000000000003,55,53.170000000000001,1.83,3.4418,326686.630000000004656,1790246.506000000052154
603259.SH,2025.01.15,54.899999999999998,54.899999999999998,52.530000000000001,53.280000000000001,55,-1.72,-3.1273,387270.5,2065578.446999999927356
603259.SH,2025.01.16,53.82,54.759999999999997,53.21,53.530000000000001,53.280000000000001,0.25,0.4692,220881.160000000003492,1190559.739000000059604
603259.SH,2025.01.17,53.219999999999998,53.57,52.880000000000002,53,53.530000000000001,-0.53,-0.9901,209879.410000000003492,1114921.399999999906867
603259.SH,2025.01.20,53.619999999999997,56.689999999999997,53.619999999999997,56.030000000000001,53,3.03,5.717,578832.900000000023283,3231516.811999999918043
603259.SH,2025.01.21,56.030000000000001,56.299999999999997,54.509999999999997,55.490000000000002,56.030000000000001,-0.54,-0.9638,379054,2094589.727999999886378
603259.SH,2025.01.22,55.280000000000001,55.630000000000002,54.369999999999997,54.57,55.490000000000002,-0.92,-1.658,223447.450000000011641,1223763.972999999998137
603259.SH,2025.01.23,55.100000000000001,55.549999999999997,54.369999999999997,54.380000000000002,54.57,-0.19,-0.3482,233256.640000000013969,1281175.320999999996274
603259.SH,2025.01.24,54.350000000000001,57,54.179999999999999,55.859999999999999,54.380000000000002,1.48,2.7216,480683.809999999997671,2684705.686000000219792
603259.SH,2025.01.27,55.869999999999997,56.280000000000001,55.329999999999998,55.359999999999999,55.859999999999999,-0.5,-0.8951,219336.540000000008149,1221098.269000000087544
603259.SH,2025.02.05,55.899999999999998,56.25,55.280000000000001,55.990000000000001,55.359999999999999,0.63,1.138,269885.190000000002328,1510235.645999999949708
603259.SH,2025.02.06,56,58.359999999999999,55.689999999999997,58.049999999999997,55.990000000000001,2.06,3.6792,470490.820000000006984,2701326.518000000156462
603259.SH,2025.02.07,58.409999999999996,59,57.399999999999998,58.170000000000001,58.049999999999997,0.12,0.2067,436210.780000000027939,2540693.578999999910593
603259.SH,2025.02.10,57.979999999999996,59.179999999999999,57.950000000000002,58.600000000000001,58.170000000000001,0.43,0.7392,301618.140000000013969,1767213.337999999988824
603259.SH,2025.02.11,58.799999999999997,58.859999999999999,57.5,57.509999999999997,58.600000000000001,-1.09,-1.8601,242114.910000000003492,1400739.814000000013038
603259.SH,2025.02.12,57.530000000000001,57.780000000000001,56.96,57.630000000000002,57.509999999999997,0.12,0.2087,272208.460000000020954,1563450.645000000018626
603259.SH,2025.02.13,57.600000000000001,58.07,56.75,56.859999999999999,57.630000000000002,-0.77,-1.3361,247497.720000000001164,1414849.794999999925494
603259.SH,2025.02.14,57.049999999999997,60.159999999999996,57.049999999999997,59.479999999999996,56.859999999999999,2.62,4.607800000000001,723355.699999999953433,4277011.220999999903142
603259.SH,2025.02.17,60.840000000000003,62.560000000000002,60.100000000000001,62.32,59.479999999999996,2.84,4.774700000000001,766882.569999999948777,4728948.101999999955296
603259.SH,2025.02.18,62,62.920000000000001,61.179999999999999,61.479999999999996,62.32,-0.84,-1.3479,478963.919999999983701,2969134.654999999795108
603259.SH,2025.02.19,61.179999999999999,63.979999999999996,60.799999999999997,62.5,61.479999999999996,1.02,1.6591,493715.330000000016298,3083743.487999999895691
603259.SH,2025.02.20,62.479999999999996,64.879999999999995,62.21,64.359999999999999,62.5,1.86,2.976,531286.699999999953433,3403685.652999999932944
603259.SH,2025.02.21,64.5,69.25,64.5,68.409999999999996,64.359999999999999,4.05,6.2927,753722.540000000037252,5036733.303999999538064
603259.SH,2025.02.24,67.200000000000002,67.200000000000002,63.399999999999998,63.609999999999999,68.409999999999996,-4.8,-7.0165,965106.209999999962747,6289004.446000000461935
603259.SH,2025.02.25,61.700000000000002,63.299999999999997,61.700000000000002,62.479999999999996,63.609999999999999,-1.13,-1.7765,525983.630000000004656,3288243.06499999994412
603259.SH,2025.02.26,63,64.629999999999995,62.82,64.430000000000006,62.479999999999996,1.95,3.121,430341.890000000013969,2745377.078000000212341
603259.SH,2025.02.27,63.75,64.439999999999997,61.859999999999999,62.450000000000002,64.430000000000006,-1.98,-3.0731,511396.630000000004656,3217392.433999999891966
603259.SH,2025.02.28,61.89,62.600000000000001,60.649999999999998,61.130000000000002,62.450000000000002,-1.32,-2.1137,426529.049999999988358,2616702.063000000081956
603259.SH,2025.03.03,61.439999999999997,62,60.039999999999999,60.670000000000001,61.130000000000002,-0.46,-0.7525,403761.440000000002328,2466406.373000000137835
603259.SH,2025.03.04,60.100000000000001,60.659999999999996,59.649999999999998,60.380000000000002,60.670000000000001,-0.29,-0.478,316722.789999999979045,1906980.81499999994412
603259.SH,2025.03.05,60.859999999999999,60.929999999999999,59.520000000000003,59.899999999999998,60.380000000000002,-0.48,-0.795,258607.480000000010477,1552816.877000000094994
603259.SH,2025.03.06,60.5,62.740000000000002,60.5,62.380000000000002,59.899999999999998,2.48,4.140200000000001,438066.809999999997671,2720136.680000000167638
603259.SH,2025.03.07,62,63.149999999999998,61.850000000000001,62.509999999999997,62.380000000000002,0.13,0.2084,349128.150000000023283,2186480.023000000044703
603259.SH,2025.03.10,63.340000000000003,63.490000000000002,61.359999999999999,62,62.509999999999997,-0.51,-0.8159,288093.169999999983701,1789752.476999999955296
603259.SH,2025.03.11,60.89,61.810000000000002,60.71,61.630000000000002,62,-0.37,-0.5968,225145.279999999998835,1379240.871999999973922
603259.SH,2025.03.12,61.75,62.719999999999998,61.399999999999998,61.590000000000003,61.630000000000002,-0.04,-0.0649,200123.910000000003492,1237020.006000000052154
603259.SH,2025.03.13,61.57,61.969999999999998,60.780000000000001,61.100000000000001,61.590000000000003,-0.49,-0.7956,170318.450000000011641,1042461.037999999942258
603259.SH,2025.03.14,61.350000000000001,64.409999999999996,61.109999999999999,63.909999999999996,61.100000000000001,2.81,4.599000000000001,559670.150000000023283,3547247.555000000167638
603259.SH,2025.03.17,64.200000000000002,64.5,63.420000000000001,64.030000000000001,63.909999999999996,0.12,0.1878,259844.059999999997671,1663436.486999999964609
603259.SH,2025.03.18,67.799999999999997,70.430000000000006,67.200000000000002,69.680000000000006,64.030000000000001,5.650000000000001,8.823999999999999,978983.729999999981373,6809954.747999999672174
603259.SH,2025.03.19,69.689999999999997,70.680000000000006,69.230000000000003,70,69.680000000000006,0.32,0.4592,549034.540000000037252,3841716.052000000141561
603259.SH,2025.03.20,70.010000000000005,70.530000000000001,68.319999999999993,69.569999999999993,70,-0.43,-0.6143,391344.590000000025611,2721708.476999999955296
603259.SH,2025.03.21,69.159999999999996,69.569999999999993,66.719999999999998,66.980000000000004,69.569999999999993,-2.59,-3.7229,470392.640000000013969,3177821.203999999910593
603259.SH,2025.03.24,67.019999999999996,67.799999999999997,66.799999999999997,67.359999999999999,66.980000000000004,0.38,0.5673,278489.369999999995343,1872267.726999999955296
603259.SH,2025.03.25,67.329999999999998,67.89,66.430000000000006,66.590000000000003,67.359999999999999,-0.77,-1.1431,211481.410000000003492,1415929.879999999888241
603259.SH,2025.03.26,66.590000000000003,67.14,65.620000000000004,65.739999999999994,66.590000000000003,-0.85,-1.2765,215776.899999999994179,1427213.299000000115483
603259.SH,2025.03.27,65.5,68.120000000000004,65.39,68,65.739999999999994,2.26,3.4378,365477.070000000006984,2450658.941999999806284
603259.SH,2025.03.28,67.969999999999998,69.469999999999998,67.579999999999998,67.790000000000006,68,-0.21,-0.3088,291556.679999999993015,1989813.283999999985098
603259.SH,2025.03.31,67.099999999999994,68.480000000000004,66.879999999999995,67.319999999999993,67.790000000000006,-0.47,-0.6933,226715.890000000013969,1530323.031999999890103
603259.SH,2025.04.01,67.700000000000002,70,67.469999999999998,68.230000000000003,67.319999999999993,0.91,1.3518,478781.409999999974388,3304120.34500000020489
603259.SH,2025.04.02,68.230000000000003,68.230000000000003,65.769999999999995,66.049999999999997,68.230000000000003,-2.18,-3.1951,383466.099999999976716,2555881.700999999884515
603259.SH,2025.04.03,65.5,66.39,63.420000000000001,63.520000000000003,66.049999999999997,-2.53,-3.8304,502840.489999999990686,3241373.898000000044703
603259.SH,2025.04.07,57.810000000000002,58.380000000000002,57.170000000000001,57.170000000000001,63.520000000000003,-6.35,-9.9969,421010.880000000004656,2413603.013999999966472
603259.SH,2025.04.08,58.079999999999998,58.14,51.450000000000002,51.609999999999999,57.170000000000001,-5.56,-9.7254,1272884.979999999981373,6716310.43599999975413
603259.SH,2025.04.09,49.799999999999997,51.25,48.479999999999996,51.25,51.609999999999999,-0.36,-0.6975,1207096.899999999906867,6003069.736999999731779
603259.SH,2025.04.10,53.799999999999997,53.810000000000002,52,52.299999999999997,51.25,1.05,2.0488,838259.630000000004656,4418071.957999999634921
603259.SH,2025.04.11,52.100000000000001,52.850000000000001,51.450000000000002,52.100000000000001,52.299999999999997,-0.2,-0.3824,631198.520000000018626,3290773.192999999970197
603259.SH,2025.04.14,53,54.259999999999997,52.75,53.109999999999999,52.100000000000001,1.01,1.9386,625625.089999999967403,3348254.490000000223517
603259.SH,2025.04.15,53.060000000000002,53.060000000000002,51.899999999999998,52.579999999999998,53.109999999999999,-0.53,-0.9979,388328.570000000006984,2031938.715000000083819
603259.SH,2025.04.16,52.399999999999998,52.399999999999998,51.100000000000001,52.359999999999999,52.579999999999998,-0.22,-0.4184,409870.530000000027939,2116845.802000000141561
603259.SH,2025.04.17,51.979999999999996,52.590000000000003,51.82,52.509999999999997,52.359999999999999,0.15,0.2865,266994.96999999997206,1398377.480999999912455
603259.SH,2025.04.18,52.560000000000002,53.450000000000002,52.350000000000001,52.850000000000001,52.509999999999997,0.34,0.6475,240255.179999999993015,1270566.975000000093132
603259.SH,2025.04.21,52.859999999999999,53.979999999999996,52.600000000000001,53.89,52.850000000000001,1.04,1.9678,258898.679999999993015,1384506.141999999992549
603259.SH,2025.04.22,53.679999999999999,54.950000000000002,53.369999999999997,54.549999999999997,53.89,0.66,1.2247,370346.539999999979045,2011581.531999999890103
603259.SH,2025.04.23,55.810000000000002,56.840000000000003,55.649999999999998,56.219999999999998,54.549999999999997,1.67,3.0614,487976.299999999988358,2743525.708999999798834
603259.SH,2025.04.24,56.219999999999998,57.71,56,56.420000000000001,56.219999999999998,0.2,0.3557,372755.330000000016298,2118516.759999999776482
603259.SH,2025.04.25,57.119999999999997,57.920000000000001,56.780000000000001,57.359999999999999,56.420000000000001,0.94,1.6661,326328.460000000020954,1870180.215000000083819
603259.SH,2025.04.28,57.350000000000001,58.57,56.700000000000002,58.090000000000003,57.359999999999999,0.73,1.2727,351135.900000000023283,2025328.949000000022351
603259.SH,2025.04.29,59.5,61.579999999999998,59.229999999999996,60.450000000000002,58.090000000000003,2.36,4.062700000000001,677220.43999999994412,4098113.643000000156462
603259.SH,2025.04.30,60.789999999999999,60.799999999999997,59.090000000000003,59.170000000000001,60.450000000000002,-1.28,-2.1175,430395.309999999997671,2561246.234999999869614
603259.SH,2025.05.06,60.990000000000001,61.14,59.880000000000002,60.340000000000003,59.170000000000001,1.17,1.9774,409107.400000000023283,2468829.830000000074505
603259.SH,2025.05.07,61.399999999999998,61.399999999999998,57.920000000000001,58.25,60.340000000000003,-2.09,-3.4637,643097.520000000018626,3775180.609000000171363
603259.SH,2025.05.08,58.259999999999997,59.39,58.090000000000003,58.979999999999996,58.25,0.73,1.2532,344884.820000000006984,2027102.486000000033527
603259.SH,2025.05.09,58.799999999999997,59.39,58.479999999999996,59.060000000000002,58.979999999999996,0.08,0.1356,240899.890000000013969,1421238.277000000001862
603259.SH,2025.05.12,58,59.979999999999996,58,59.409999999999996,59.060000000000002,0.35,0.5926,373049.299999999988358,2205959.520000000018626
603259.SH,2025.05.13,60.600000000000001,60.609999999999999,59.700000000000002,59.859999999999999,59.409999999999996,0.45,0.7574,303866.929999999993015,1825329.067000000039115
603259.SH,2025.05.14,60.189999999999997,61.280000000000001,59.619999999999997,61.030000000000001,59.859999999999999,1.17,1.9546,341428.46999999997206,2066253.520999999949708
603259.SH,2025.05.15,61.100000000000001,62.340000000000003,60.799999999999997,61.39,61.030000000000001,0.36,0.5899,343115.700000000011641,2113666.549999999813735
603259.SH,2025.05.16,61,61.399999999999998,60.399999999999998,61.359999999999999,61.39,-0.03,-0.0489,210076.5,1282031.355999999912455
603259.SH,2025.05.19,61.100000000000001,61.179999999999999,60.149999999999998,61.049999999999997,61.359999999999999,-0.31,-0.5052,179316.670000000012805,1089334.022000000113621
603259.SH,2025.05.20,61.299999999999997,62.979999999999996,61.299999999999997,62.659999999999996,61.049999999999997,1.61,2.6372,318648.020000000018626,1988034.097999999998137
603259.SH,2025.05.21,61.280000000000001,62.75,60.899999999999998,62.049999999999997,61.329999999999998,0.72,1.174,297692.580000000016298,1849899.022000000113621
603259.SH,2025.05.22,61.5,63.119999999999997,60.899999999999998,62.789999999999999,62.049999999999997,0.74,1.1926,353599.150000000023283,2196532.043000000063329
603259.SH,2025.05.23,62.770000000000003,64.209999999999993,61.969999999999998,62.049999999999997,62.789999999999999,-0.74,-1.1785,457972.60999999998603,2888668.362999999895691
603259.SH,2025.05.26,62.049999999999997,63.020000000000003,61.420000000000001,61.670000000000001,62.049999999999997,-0.38,-0.6124,295211.479999999981373,1831081.340000000083819
603259.SH,2025.05.27,61.990000000000001,62.659999999999996,61.539999999999999,62.200000000000002,61.670000000000001,0.53,0.8594,219149.769999999989522,1362849.033999999985098
603259.SH,2025.05.28,62.200000000000002,62.39,61.560000000000002,61.649999999999998,62.200000000000002,-0.55,-0.8842,158647.410000000003492,980667.405999999959021
603259.SH,2025.05.29,61.850000000000001,64.730000000000004,61.82,64.700000000000002,61.649999999999998,3.05,4.947300000000001,425271.150000000023283,2719044.552999999839812
603259.SH,2025.05.30,64,64.629999999999995,63.509999999999997,63.509999999999997,64.700000000000002,-1.19,-1.8393,281715.650000000023283,1803769.575999999884515
603259.SH,2025.06.03,63.829999999999998,64.579999999999998,63.5,64.469999999999998,63.509999999999997,0.96,1.5116,240327.220000000001164,1540895.772000000113621
603259.SH,2025.06.04,64.450000000000002,65.430000000000006,64.030000000000001,65.120000000000004,64.469999999999998,0.65,1.0082,288113.390000000013969,1868210.618999999947845
603259.SH,2025.06.05,65.129999999999995,65.209999999999993,63.719999999999998,64.480000000000004,65.120000000000004,-0.64,-0.9828,244178.309999999997671,1572693.307000000029802
603259.SH,2025.06.06,64.480000000000004,64.579999999999998,63.700000000000002,64,64.480000000000004,-0.48,-0.7444,207563.940000000002328,1327950.256000000052154
603259.SH,2025.06.09,64.39,65.879999999999995,63.96,64.799999999999997,64,0.8,1.25,332328.369999999995343,2162575.984000000171363
603259.SH,2025.06.10,64.810000000000002,66.319999999999993,64.599999999999994,64.900000000000005,64.799999999999997,0.1,0.1543,353142.60999999998603,2308557.595999999903142
603259.SH,2025.06.11,65.299999999999997,65.549999999999997,64.719999999999998,65.049999999999997,64.900000000000005,0.15,0.2311,253724.230000000010477,1653442.730999999912455
603259.SH,2025.06.12,65.060000000000002,67.799999999999997,64.75,67.709999999999993,65.049999999999997,2.66,4.0892,477555.25,3194078.453999999910593
603259.SH,2025.06.13,67.709999999999993,69.939999999999997,67.310000000000002,68.269999999999996,67.709999999999993,0.56,0.8271,561615.459999999962747,3834962.055999999865889
603259.SH,2025.06.16,67.849999999999994,69.39,66.599999999999994,68.459999999999993,68.269999999999996,0.19,0.2783,324358.869999999995343,2211286.825999999884515
603259.SH,2025.06.17,69,69.370000000000004,66.359999999999999,66.5,68.459999999999993,-1.96,-2.863,365808.400000000023283,2470413.663000000175088
603259.SH,2025.06.18,66.299999999999997,66.989999999999994,65.5,65.700000000000002,66.5,-0.8,-1.203,340242.580000000016298,2240627.36200000019744
603259.SH,2025.06.19,65.709999999999993,66.239999999999994,64.5,64.930000000000006,65.700000000000002,-0.77,-1.172,253258.730000000010477,1653303.30199999990873
603259.SH,2025.06.20,64.980000000000004,65.5,64.799999999999997,65.269999999999996,64.930000000000006,0.34,0.5236,210990.730000000010477,1376564.162999999942258
603259.SH,2025.06.23,64.659999999999996,65.430000000000006,63.909999999999996,65.269999999999996,65.269999999999996,0,0,258502.519999999989522,1671689.483999999938532
603259.SH,2025.06.24,65.599999999999994,66.840000000000003,65.599999999999994,66.840000000000003,65.269999999999996,1.57,2.4054,290531.349999999976716,1928100.906999999890103
603259.SH,2025.06.25,67.200000000000002,67.939999999999997,66.329999999999998,67.810000000000002,66.840000000000003,0.97,1.4512,248627.640000000013969,1670588.395999999949708
603259.SH,2025.06.26,67.5,67.5,65.519999999999995,65.680000000000006,67.810000000000002,-2.13,-3.1411,315677.299999999988358,2090934.200999999884516
603259.SH,2025.06.27,65.680000000000006,66.420000000000001,65.319999999999993,65.829999999999998,65.680000000000006,0.15,0.2284,196913.829999999987194,1298425.976000000024214
603259.SH,2025.06.30,65.719999999999998,69.650000000000005,65.599999999999994,69.549999999999997,65.829999999999998,3.72,5.6509,468343.369999999995343,3197226.438000000081956
603259.SH,2025.07.01,69.109999999999999,71.39,69.109999999999999,70.700000000000002,69.549999999999997,1.15,1.6535,343608.849999999976716,2427370.172999999951571
603259.SH,2025.07.02,70.980000000000004,71.379999999999995,69.959999999999993,70.200000000000002,70.700000000000002,-0.5,-0.7072,218891.380000000004656,1541968.347000000067055
603259.SH,2025.07.03,70.200000000000002,71.069999999999993,69.900000000000005,70.719999999999998,70.200000000000002,0.52,0.7407,227080.989999999990686,1602986.685000000055879
603259.SH,2025.07.04,70.719999999999998,71.650000000000005,70.040000000000006,70.819999999999993,70.719999999999998,0.1,0.1414,231365.910000000003492,1637993.62100000004284
603259.SH,2025.07.07,70.75,70.75,69.219999999999998,69.840000000000003,70.819999999999993,-0.98,-1.3838,210368.660000000003492,1467087.581000000005587
603259.SH,2025.07.08,69.629999999999995,70.879999999999995,69.549999999999997,70.400000000000005,69.840000000000003,0.56,0.8018,198884.480000000010477,1397239.18999999994412
603259.SH,2025.07.09,69.39,70.980000000000004,68.900000000000005,69.700000000000002,70.400000000000005,-0.7,-0.9943,230898.540000000008149,1614224.838999999919906
603259.SH,2025.07.10,69.810000000000002,71.39,69.810000000000002,70.14,69.700000000000002,0.44,0.6313,298621.530000000027939,2110353.015000000130385
603259.SH,2025.07.11,73.5,77.150000000000005,73.299999999999997,77.150000000000005,70.14,7.01,9.9943,811132.160000000032596,6187525.900000000372529
603259.SH,2025.07.14,77.5,79.519999999999995,77.209999999999993,78.599999999999994,77.150000000000005,1.45,1.8795,780300.800000000046566,6108719.156999999657273
603259.SH,2025.07.15,78.939999999999997,80.859999999999999,78.939999999999997,80.079999999999998,78.599999999999994,1.48,1.883,452164.799999999988358,3611405.899999999906867
603259.SH,2025.07.16,79.659999999999996,80.469999999999998,78.379999999999995,78.810000000000002,80.079999999999998,-1.27,-1.5859,316247.679999999993015,2500287.020000000018626
603259.SH,2025.07.17,78.909999999999996,81.489999999999994,78.530000000000001,81.019999999999996,78.810000000000002,2.21,2.8042,415837,3334038.702000000048428
603259.SH,2025.07.18,81.209999999999993,83.14,81.209999999999993,82.599999999999994,81.019999999999996,1.58,1.9501,415795.520000000018626,3423582.419000000227242
603259.SH,2025.07.21,82.609999999999999,83.489999999999994,80.840000000000003,82.760000000000005,82.599999999999994,0.16,0.1937,496752.780000000027939,4090911.569999999832361
603259.SH,2025.07.22,82.120000000000004,85.930000000000006,82,82.780000000000001,82.760000000000005,0.02,0.0242,452813.690000000002328,3790521.203999999910593
603259.SH,2025.07.23,83.799999999999997,85.590000000000003,83.299999999999997,84.060000000000002,82.780000000000001,1.28,1.5463,489928.059999999997671,4130062.192999999970197
603259.SH,2025.07.24,83.659999999999996,87,83.510000000000005,87,84.060000000000002,2.94,3.4975,479777.650000000023283,4117033.257000000216066
603259.SH,2025.07.25,87,91.200000000000002,86.39,88.879999999999995,87,1.88,2.1609,610941.069999999948777,5449205.071000000461935
603259.SH,2025.07.28,89.5,91.620000000000004,88.810000000000002,91.620000000000004,88.879999999999995,2.74,3.0828,532680.260000000009313,4810498.762000000104308
603259.SH,2025.07.29,93.450000000000002,99.760000000000005,90.700000000000002,98.689999999999997,91.620000000000004,7.070000000000001,7.716700000000001,940147.089999999967403,9014449.995999999344348
603259.SH,2025.07.30,98.599999999999994,102.489999999999994,97.25,98.849999999999994,98.689999999999997,0.16,0.1621,929139.93999999994412,9295907.432000000029802
603259.SH,2025.07.31,96,98.849999999999994,94.920000000000001,96.269999999999996,98.849999999999994,-2.58,-2.61,983540.699999999953433,9498644.788000000640749
603259.SH,2025.08.01,95.590000000000003,96.39,92.359999999999999,93,96.269999999999996,-3.27,-3.3967,893263.369999999995343,8397691.199999999254941
603259.SH,2025.08.04,93,93,89.609999999999999,91.849999999999994,93,-1.15,-1.2366,639168.069999999948777,5820856.353000000119209
603259.SH,2025.08.05,92.900000000000005,94.150000000000005,92.519999999999995,93.290000000000006,91.849999999999994,1.44,1.5678,484983.039999999979045,4524512.867999999783933
603259.SH,2025.08.06,93.290000000000006,95.75,92.980000000000004,93.579999999999998,93.290000000000006,0.29,0.3109,525255.010000000009313,4949859.578999999910593
603259.SH,2025.08.07,92.459999999999993,93.920000000000001,90.060000000000002,91.209999999999993,93.579999999999998,-2.37,-2.5326,583678.729999999981373,5338845.803999999538064
603259.SH,2025.08.08,90.299999999999997,91.650000000000005,89,90.659999999999996,91.209999999999993,-0.55,-0.603,422063.289999999979045,3821372.279000000096857
603259.SH,2025.08.11,90.799999999999997,92.5,90.599999999999994,91.230000000000003,90.659999999999996,0.57,0.6287,404318.739999999990686,3691080.441999999806284
603259.SH,2025.08.12,91.549999999999997,91.75,90.099999999999994,91.5,91.230000000000003,0.27,0.296,371731.260000000009313,3381474.976999999955296
603259.SH,2025.08.13,92.099999999999994,99.5,91.64,98.120000000000004,91.5,6.62,7.235000000000001,1031051.770000000018626,9861040.63800000026822
603259.SH,2025.08.14,99,102.359999999999999,97.299999999999997,98.680000000000006,98.120000000000004,0.56,0.5707,807631.5,8010471.656999999657273
603259.SH,2025.08.15,97.549999999999997,99.299999999999997,96.659999999999996,97.799999999999997,98.680000000000006,-0.88,-0.8918,547929.510000000009313,5361910.475999999791383
603259.SH,2025.08.18,97.799999999999997,99.299999999999997,96.5,96.980000000000004,97.799999999999997,-0.82,-0.8384,627114.560000000055879,6114490.531999999657273
603259.SH,2025.08.19,97.150000000000005,99,90.010000000000005,90.260000000000005,96.980000000000004,-6.72,-6.9293,1311654.25,12319742.559000000357627
603259.SH,2025.08.20,89.370000000000004,91.980000000000004,89.079999999999998,91.810000000000002,90.260000000000005,1.55,1.7173,821138.310000000055879,7441572.792999999597668
603259.SH,2025.08.21,92.299999999999997,93.329999999999998,91.200000000000002,91.700000000000002,91.810000000000002,-0.11,-0.1198,397170.150000000023283,3657657.476999999955296
603259.SH,2025.08.22,92,94.019999999999996,91.25,94,91.700000000000002,2.3,2.5082,580163.800000000046566,5386515.514000000432133
603259.SH,2025.08.25,95.439999999999997,100,94.689999999999997,99.980000000000004,94,5.980000000000001,6.3617,933117.619999999995343,9115287.356000000610947
603259.SH,2025.08.26,99.400000000000005,99.400000000000005,96.409999999999996,96.799999999999997,99.980000000000004,-3.18,-3.1806,670046.93999999994412,6517467.60800000000745
603259.SH,2025.08.27,97.400000000000005,98.989999999999994,95.400000000000005,95.400000000000005,96.799999999999997,-1.4,-1.4463,620200.930000000051222,6036968.428000000305473
603259.SH,2025.08.28,94.930000000000006,95.849999999999994,92.5,95.689999999999997,95.400000000000005,0.29,0.304,583060.729999999981373,5497000.805999999865889
603259.SH,2025.08.29,95.780000000000001,103.959999999999993,95.620000000000004,103.299999999999997,95.689999999999997,7.610000000000001,7.9528,1016595.530000000027939,10179550.324999999254941
603259.SH,2025.09.01,104.200000000000002,112.010000000000005,101.510000000000005,111.579999999999998,103.299999999999997,8.279999999999999,8.015499999999999,1012453.800000000046566,10930113.473999999463558
603259.SH,2025.09.02,111,115.790000000000006,109.549999999999997,112,111.579999999999998,0.42,0.3764,1061257.68999999994412,11920451.242000000551342
603259.SH,2025.09.03,111.719999999999998,112.950000000000002,108.689999999999997,110.879999999999995,112,-1.12,-1,719371.920000000041909,7947526.855999999679625
603259.SH,2025.09.04,112.269999999999996,112.700000000000002,99.980000000000004,101.939999999999997,110.879999999999995,-8.939999999999999,-8.062799999999999,1028634.349999999976716,10721558.807000000029802
603259.SH,2025.09.05,101.930000000000006,108.319999999999993,100.200000000000002,107.400000000000005,101.939999999999997,5.46,5.3561,802292.449999999953433,8389785.591000000014901
603259.SH,2025.09.08,108.379999999999995,111.879999999999995,106.769999999999995,110.599999999999994,107.400000000000005,3.2,2.9795,710975.319999999948777,7767481.384999999776482
603259.SH,2025.09.09,108.939999999999997,112.650000000000005,105.319999999999993,106.370000000000004,110.599999999999994,-4.230000000000001,-3.8246,642184.46999999997206,6945057.887000000104308
603259.SH,2025.09.10,106.099999999999994,109.370000000000004,105.799999999999997,107.230000000000003,106.370000000000004,0.86,0.8085,478517.650000000023283,5144666.469999999739229
603259.SH,2025.09.11,99,105.200000000000002,97.549999999999997,104.650000000000005,107.230000000000003,-2.58,-2.406,1003401.900000000023283,10267266.15599999949336
603259.SH,2025.09.12,105.599999999999994,107.280000000000001,103.310000000000002,105.469999999999998,104.650000000000005,0.82,0.7836,566621.170000000041909,5955282.692999999970197
603259.SH,2025.09.15,105,108.989999999999994,105,107,105.469999999999998,1.53,1.4506,513921.96999999997206,5509643.218000000342726
603259.SH,2025.09.16,106.5,107.5,105.530000000000001,107.049999999999997,107,0.05,0.0467,350009.280000000027939,3726544.830000000074505
603259.SH,2025.09.17,106.89,110.719999999999998,105.379999999999995,109.290000000000006,107.049999999999997,2.24,2.0925,497652.070000000006984,5381554.264999999664723
603259.SH,2025.09.18,109.469999999999998,110.900000000000005,106.060000000000002,107.430000000000006,109.290000000000006,-1.86,-1.7019,543068.959999999962747,5895425.334999999962747
603259.SH,2025.09.19,107.700000000000002,109.969999999999998,105,108.75,107.430000000000006,1.32,1.2287,501637.140000000013969,5395330.165000000037252
603259.SH,2025.09.22,108.010000000000005,110.530000000000001,106.760000000000005,109.030000000000001,108.75,0.28,0.2575,439835.820000000006984,4779804.628999999724328
603259.SH,2025.09.23,108.5,109.730000000000004,102.689999999999997,104.780000000000001,109.030000000000001,-4.25,-3.898,643314.209999999962747,6771720.868999999947845
603259.SH,2025.09.24,104.019999999999996,106.170000000000001,104.019999999999996,105.030000000000001,104.780000000000001,0.25,0.2386,393491.929999999993015,4135949.756000000052154
603259.SH,2025.09.25,104.879999999999995,108.5,104.879999999999995,107.379999999999995,105.030000000000001,2.35,2.2375,527096.910000000032596,5663189.313000000081956
603259.SH,2025.09.26,104.700000000000002,104.939999999999997,101.659999999999996,102.920000000000001,107.030000000000001,-4.110000000000001,-3.84,485285.21999999997206,5017475.182000000029802
603259.SH,2025.09.29,102.900000000000005,105.599999999999994,101.5,105.269999999999996,102.920000000000001,2.35,2.2833,469354.010000000009313,4865689.507000000216066
603259.SH,2025.09.30,105.269999999999996,112.260000000000005,105.219999999999998,112.030000000000001,105.269999999999996,6.76,6.4216,707395.43999999994412,7791722.622000000439584
603259.SH,2025.10.09,112.030000000000001,113.969999999999998,109.849999999999994,112.849999999999994,112.030000000000001,0.82,0.7319,554708.290000000037252,6219178.956000000238418
603259.SH,2025.10.10,111.780000000000001,111.799999999999997,104.5,104.719999999999998,112.849999999999994,-8.13,-7.2043,689308.650000000023283,7356582.326000000350177
603259.SH,2025.10.13,98,101.040000000000006,97.799999999999997,99.730000000000004,104.719999999999998,-4.990000000000001,-4.765100000000001,700935.900000000023283,6957583.502999999560415
603259.SH,2025.10.14,101.049999999999997,101.900000000000005,95.340000000000003,95.920000000000001,99.730000000000004,-3.81,-3.8203,561890.839999999967403,5506647.133999999612569
603259.SH,2025.10.15,96.099999999999994,99.650000000000005,94.849999999999994,99.459999999999993,95.920000000000001,3.54,3.6906,421800.75,4123404.368999999947845
603259.SH,2025.10.16,99.459999999999993,102.430000000000006,98.659999999999996,101.060000000000002,99.459999999999993,1.6,1.6087,391604.450000000011641,3949543.56499999994412
603259.SH,2025.10.17,100.799999999999997,101.260000000000005,96.459999999999993,96.599999999999994,101.060000000000002,-4.46,-4.4132,396418.539999999979045,3886666.751000000163912
603259.SH,2025.10.20,98.099999999999994,100.549999999999997,97.5,98.89,96.599999999999994,2.29,2.3706,298477.099999999976716,2957685.476999999955296
603259.SH,2025.10.21,99.859999999999999,102.109999999999999,99.019999999999996,102.040000000000006,98.89,3.15,3.1854,335446.869999999995343,3395246.200000000186264
603259.SH,2025.10.22,101.290000000000006,102.879999999999995,100.709999999999993,100.900000000000005,102.040000000000006,-1.14,-1.1172,211321.559999999997671,2140772.253000000026077
603259.SH,2025.10.23,100.950000000000002,102,99.810000000000002,101.900000000000005,100.900000000000005,1,0.9911,224875.480000000010477,2268178.657999999821186
603259.SH,2025.10.24,102.5,105.349999999999994,101.959999999999993,103.810000000000002,101.900000000000005,1.91,1.8744,379004,3925070.77600000007078
603259.SH,2025.10.27,110.599999999999994,111,105.299999999999997,106.64,103.810000000000002,2.83,2.7261,719764.959999999962747,7772066
603259.SH,2025.10.28,106.790000000000006,108.280000000000001,103.900000000000005,103.959999999999993,106.64,-2.68,-2.5131,462309.590000000025611,4875566
603259.SH,2025.10.29,103.25,106.930000000000006,102.840000000000003,106.040000000000006,103.959999999999993,2.08,2.0008,453234.030000000027939,4751312.633999999612569
603259.SH,2025.10.30,100.5,100.5,96.459999999999993,97.060000000000002,106.040000000000006,-8.98,-8.4685,1231185.770000000018626,12060746.723999999463558
603259.SH,2025.10.31,97.409999999999996,100.5,96.549999999999997,99.400000000000005,97.060000000000002,2.34,2.4109,656940.790000000037252,6514330.555999999865889
603259.SH,2025.11.03,99.430000000000006,99.870000000000004,95.799999999999997,96.409999999999996,99.400000000000005,-2.99,-3.008,558467.099999999976716,5419149.16399999987334
603259.SH,2025.11.04,96,96.019999999999996,93.239999999999994,93.810000000000002,96.409999999999996,-2.6,-2.6968,546860.650000000023283,5140895.808000000193715
603259.SH,2025.11.05,92.129999999999995,95.700000000000002,92.129999999999995,94.310000000000002,93.810000000000002,0.5,0.533,391006.919999999983701,3695270.936999999918043
603259.SH,2025.11.06,94.400000000000005,95.870000000000004,93.560000000000002,95.689999999999997,94.310000000000002,1.38,1.4633,298148.25,2832701.171000000089406
603259.SH,2025.11.07,95,95.810000000000002,94,94.840000000000003,95.689999999999997,-0.85,-0.8883,234022.940000000002328,2222382.263999999966472
603259.SH,2025.11.10,94.680000000000006,94.840000000000003,92.239999999999994,93.450000000000002,94.840000000000003,-1.39,-1.4656,408649.059999999997671,3809049.768000000156462
603259.SH,2025.11.11,94.400000000000005,94.400000000000005,92.25,92.5,93.450000000000002,-0.95,-1.0166,230679.730000000010477,2141520.839000000152736
603259.SH,2025.11.12,92.900000000000005,94.469999999999998,92.280000000000001,92.349999999999994,92.5,-0.15,-0.1622,349596.690000000002328,3261497.867000000085681
603259.SH,2025.11.13,93.200000000000002,96.900000000000005,92.5,96.459999999999993,92.349999999999994,4.110000000000001,4.4505,563458.130000000004656,5356491.218999999575316
603259.SH,2025.11.14,95.579999999999998,96.650000000000005,94.739999999999994,95.019999999999996,96.459999999999993,-1.44,-1.4928,318674.559999999997671,3045864.063999999780207
603259.SH,2025.11.17,95,95,92.700000000000002,93.760000000000005,95.019999999999996,-1.26,-1.326,274932.320000000006984,2566670.336000000126659
603259.SH,2025.11.18,93.75,94.409999999999996,92.010000000000005,92.319999999999993,93.760000000000005,-1.44,-1.5358,289230.409999999974388,2685865.084999999962747
603259.SH,2025.11.19,92.319999999999993,94.299999999999997,91.769999999999995,93.200000000000002,92.319999999999993,0.88,0.9532,246981.380000000004656,2298933.291000000201165
603259.SH,2025.11.20,94.39,95.629999999999995,93.420000000000001,93.670000000000001,93.200000000000002,0.47,0.5043,245150.829999999987194,2312346.970999999903142
603259.SH,2025.11.21,93.049999999999997,94.329999999999998,90.5,91.799999999999997,93.670000000000001,-1.87,-1.9964,346840.75,3196614.356999999843537
603259.SH,2025.11.24,93,94.069999999999993,92.019999999999996,93.969999999999998,91.799999999999997,2.17,2.3638,328366.729999999981373,3064662.429000000003725
603259.SH,2025.11.25,95.299999999999997,95.599999999999994,94.030000000000001,94.310000000000002,93.969999999999998,0.34,0.3618,321832.229999999981373,3049686.379999999888241
603259.SH,2025.11.26,94.650000000000005,96.5,93.870000000000004,95.280000000000001,94.310000000000002,0.97,1.0285,331289.140000000013969,3164032.106000000145286
603259.SH,2025.11.27,93.5,93.5,91.219999999999998,92.200000000000002,95.280000000000001,-3.08,-3.2326,506124.96999999997206,4668477.06900000013411
603259.SH,2025.11.28,92.200000000000002,92.489999999999994,90.799999999999997,91.189999999999997,92.200000000000002,-1.01,-1.0954,318703.979999999981373,2910199.046999999787658
603259.SH,2025.12.01,91.39,92.299999999999997,91,92.299999999999997,91.189999999999997,1.11,1.2172,275995.070000000006984,2530956.609000000171363
603259.SH,2025.12.02,92.030000000000001,92.180000000000006,89.189999999999997,89.420000000000001,92.299999999999997,-2.88,-3.1203,433339.059999999997671,3903610.447000000160187
603259.SH,2025.12.03,89.099999999999994,89.5,87.180000000000006,87.620000000000004,89.420000000000001,-1.8,-2.013,466476.700000000011641,4105128.02600000007078
603259.SH,2025.12.04,88.079999999999998,89.620000000000004,87.609999999999999,89.590000000000003,87.620000000000004,1.97,2.2483,303974.729999999981373,2690705.594000000040978
603259.SH,2025.12.05,90.25,91.480000000000004,89.519999999999995,90.400000000000005,89.590000000000003,0.81,0.9041,384581.309999999997671,3477451.163000000175088
603259.SH,2025.12.08,90.829999999999998,91.909999999999996,90.409999999999996,91.549999999999997,90.400000000000005,1.15,1.2721,364691.330000000016298,3328835.853000000119209
603259.SH,2025.12.09,91.400000000000005,94.329999999999998,91.049999999999997,92.170000000000001,91.549999999999997,0.62,0.6772,390102.10999999998603,3622415.927999999839812
603259.SH,2025.12.10,91.480000000000004,92.950000000000002,89.670000000000001,92.75,92.170000000000001,0.58,0.6293,295731.119999999995343,2701885.873000000137835
603259.SH,2025.12.11,92.989999999999994,95.659999999999996,92.760000000000005,93.400000000000005,92.75,0.65,0.7008,457596.049999999988358,4318081.883000000379979
603259.SH,2025.12.12,93.680000000000006,94.150000000000005,92.420000000000001,94.049999999999997,93.400000000000005,0.65,0.6959,473404.900000000023283,4424061.212000000290572
603259.SH,2025.12.15,92.799999999999997,93.400000000000005,91,91.209999999999993,94.049999999999997,-2.84,-3.0197,341657.150000000023283,3139061.024999999906867
603259.SH,2025.12.16,91,91.989999999999994,88.5,89.120000000000004,91.209999999999993,-2.09,-2.2914,280709.349999999976716,2517653.654000000096857
603259.SH,2025.12.17,89.370000000000004,91.099999999999994,88.730000000000004,90.590000000000003,89.120000000000004,1.47,1.6495,301576.760000000009313,2706502.932000000029802
603259.SH,2025.12.18,90.049999999999997,92.200000000000002,89.590000000000003,90.590000000000003,90.590000000000003,0,0,286539.369999999995343,2608663.453000000212341
603259.SH,2025.12.19,91,94.689999999999997,90.5,92.469999999999998,90.590000000000003,1.88,2.0753,463761.619999999995343,4316390.162999999709427
603259.SH,2025.12.22,92.39,93.510000000000005,90.829999999999998,91.209999999999993,92.469999999999998,-1.26,-1.3626,357154.309999999997671,3279419.407000000122934
603259.SH,2025.12.23,91.599999999999994,91.790000000000006,90.340000000000003,90.620000000000004,91.209999999999993,-0.59,-0.6469,251255.269999999989522,2285873.836999999824911
603259.SH,2025.12.24,90.620000000000004,92.099999999999994,90.239999999999994,90.819999999999993,90.620000000000004,0.2,0.2207,250669.410000000003492,2279968.166999999899417
603259.SH,2025.12.25,90.879999999999995,92,90.280000000000001,91.939999999999997,90.819999999999993,1.12,1.2332,221819.700000000011641,2025605.166999999899417
603259.SH,2025.12.26,91.799999999999997,93.599999999999994,91.569999999999993,92.700000000000002,91.939999999999997,0.76,0.8266,257040.339999999996507,2383614.853000000119209
603259.SH,2025.12.29,92.629999999999995,93.5,91.650000000000005,92.5,92.700000000000002,-0.2,-0.2157,284169.070000000006984,2627438.479999999981373
603259.SH,2025.12.30,92.099999999999994,92.579999999999998,90.519999999999995,91.900000000000005,92.5,-0.6,-0.6486,307347.85999999998603,2814902.558000000193715
603259.SH,2025.12.31,91.900000000000005,93.790000000000006,90.64,90.64,91.900000000000005,-1.26,-1.3711,419165.890000000013969,3863086.989000000059604
603259.SH,2026.01.05,90.849999999999994,96.200000000000002,90.849999999999994,94.569999999999993,90.64,3.93,4.3358,728619.82999999995809,6879798.758999999612569
603259.SH,2026.01.06,95.129999999999995,96.5,94.109999999999999,96.25,94.569999999999993,1.68,1.7765,463757.059999999997671,4429732.126000000163912
603259.SH,2026.01.07,96.280000000000001,98.900000000000005,95.989999999999994,98.040000000000006,96.25,1.79,1.8597,530854.420000000041909,5197977.34999999962747
603259.SH,2026.01.08,98.810000000000002,99.900000000000005,97,98.170000000000001,98.040000000000006,0.13,0.1326,420669.450000000011641,4138387.94400000013411
603259.SH,2026.01.09,98.680000000000006,101,97.019999999999996,99.079999999999998,98.170000000000001,0.91,0.927,507614.039999999979045,5038668.554999999701976
603259.SH,2026.01.12,100,101,97.599999999999994,98.680000000000006,99.079999999999998,-0.4,-0.4037,443951.549999999988358,4385655.731999999843537
603259.SH,2026.01.13,101.799999999999997,106.5,101.659999999999996,104.599999999999994,98.680000000000006,5.92,5.9992,924547.630000000004656,9653875.03999999910593
603259.SH,2026.01.14,104.549999999999997,106.989999999999994,102,103.400000000000005,104.599999999999994,-1.2,-1.1472,632239.21999999997206,6593727.956000000238418
603259.SH,2026.01.15,103.010000000000005,105.879999999999995,102.519999999999995,103.560000000000002,103.400000000000005,0.16,0.1547,367229.099999999976716,3824134.612999999895691
603259.SH,2026.01.16,103.579999999999998,106.299999999999997,102.89,104.299999999999997,103.560000000000002,0.74,0.7146,447752.030000000027939,4680154.298999999649822
603259.SH,2026.01.19,104.400000000000005,105.730000000000004,100.5,102.39,104.299999999999997,-1.91,-1.8313,479082.909999999974388,4898469.299999999813735
603259.SH,2026.01.20,101.879999999999995,102.299999999999997,97.870000000000004,99.459999999999993,102.39,-2.93,-2.8616,481130.849999999976716,4787947.714999999850988
603259.SH,2026.01.21,99,100.760000000000005,98.200000000000002,98.549999999999997,99.459999999999993,-0.91,-0.9149,386898.309999999997671,3845257.915000000037252
603259.SH,2026.01.22,99,99.659999999999996,96.560000000000002,97.599999999999994,98.549999999999997,-0.95,-0.964,415187.85999999998603,4051345.62099999981001
603259.SH,2026.01.23,98.010000000000005,99.379999999999995,96.939999999999997,97.599999999999994,97.599999999999994,0,0,386841.130000000004656,3787596.851999999955296
603259.SH,2026.01.26,97.849999999999994,97.980000000000004,95.810000000000002,96.719999999999998,97.599999999999994,-0.88,-0.9016,402338.85999999998603,3892617.049000000115483
603259.SH,2026.01.27,96.870000000000004,97.75,95.329999999999998,95.790000000000006,96.719999999999998,-0.93,-0.9615,381809.380000000004656,3682066.802999999839812
603259.SH,2026.01.28,96,96.299999999999997,94.629999999999995,95.700000000000002,95.790000000000006,-0.09,-0.094,457468.140000000013969,4361090.365000000223517
603259.SH,2026.01.29,95.620000000000004,98.549999999999997,94.650000000000005,98.019999999999996,95.700000000000002,2.32,2.4242,535590.5,5206929.975999999791383
603259.SH,2026.01.30,97.849999999999994,98.780000000000001,95.200000000000002,95.200000000000002,98.019999999999996,-2.82,-2.877,402505.929999999993015,3880794.473999999929219
603259.SH,2026.02.02,95.209999999999993,96.180000000000006,92.909999999999996,93.200000000000002,95.200000000000002,-2,-2.1008,362992.929999999993015,3424640.282000000122934
603259.SH,2026.02.03,93.400000000000005,94.849999999999994,92.430000000000006,94.599999999999994,93.200000000000002,1.4,1.5021,291675.580000000016298,2737181.512999999802559
603259.SH,2026.02.04,94,95.989999999999994,92.819999999999993,95.609999999999999,94.599999999999994,1.01,1.0677,332631.979999999981373,3139502.353000000119209
603259.SH,2026.02.05,96.099999999999994,98.469999999999998,96,97.109999999999999,95.609999999999999,1.5,1.5689,393998.200000000011641,3831110.679000000003725
603259.SH,2026.02.06,96.379999999999995,98.879999999999995,95.659999999999996,97.829999999999998,97.109999999999999,0.72,0.7414,351942.080000000016298,3438191.09500000020489
603259.SH,2026.02.09,98.400000000000005,98.769999999999995,97.069999999999993,98.700000000000002,97.829999999999998,0.87,0.8893,257073.329999999987194,2520440.887000000104308
603259.SH,2026.02.10,98.689999999999997,102.209999999999993,98.25,101.349999999999994,98.700000000000002,2.65,2.6849,421588.940000000002328,4247758.758000000379979
603259.SH,2026.02.11,101.859999999999999,102.799999999999997,101,102.14,101.349999999999994,0.79,0.7795,291920.479999999981373,2971878.544999999925494
603259.SH,2026.02.12,102.75,106.579999999999998,102.409999999999996,104.900000000000005,102.14,2.76,2.7022,526403.880000000004656,5552394.24199999962002
603259.SH,2026.02.13,104.89,104.89,101.780000000000001,101.909999999999996,104.900000000000005,-2.99,-2.8503,329875.190000000002328,3387576.146000000182539
603259.SH,2026.02.24,103.659999999999996,103.879999999999995,100,100.170000000000001,101.909999999999996,-1.74,-1.7074,327750.75,3322851.966000000014901
603259.SH,2026.02.25,100.099999999999994,100.549999999999997,98.219999999999998,99.849999999999994,100.170000000000001,-0.32,-0.3195,277229.799999999988358,2755559.222000000067055
603259.SH,2026.02.26,99.530000000000001,99.780000000000001,97.799999999999997,98.010000000000005,99.849999999999994,-1.84,-1.8428,244308.799999999988358,2406339.129000000189989
603259.SH,2026.02.27,97.879999999999995,99.079999999999998,97.180000000000006,98.010000000000005,98.010000000000005,0,0,235058.829999999987194,2312395.367000000085681
