ts_code,trade_date,open,high,low,close,pre_close,change,pct_chg,vol,amount
688041.SH,2023.03.01,51.399999999999998,54.399999999999998,51.399999999999998,53.5,51.880000000000002,1.62,3.1226,192427.369999999995343,1020834.096000000019557
688041.SH,2023.03.02,52.979999999999996,54.350000000000001,52.509999999999997,53.030000000000001,53.5,-0.47,-0.8785,147567.570000000006984,787166.648999999975785
688041.SH,2023.03.03,54.090000000000003,56.659999999999996,50.880000000000002,55.310000000000002,53.030000000000001,2.28,4.299500000000001,354904.479999999981373,1920405.993000000016763
688041.SH,2023.03.06,54.899999999999998,56.990000000000001,54.219999999999998,55.39,55.310000000000002,0.08,0.1446,258293.20999999999185,1436859.898000000044703
688041.SH,2023.03.07,54.75,55.280000000000001,52.179999999999999,52.259999999999997,55.39,-3.13,-5.650800000000001,175923.049999999988358,937887.724999999976716
688041.SH,2023.03.08,52.310000000000002,53.789999999999999,52.25,53.159999999999996,52.259999999999997,0.9,1.7222,116410.589999999996507,616719.758999999961815
688041.SH,2023.03.09,52.880000000000002,53.939999999999997,51.729999999999996,52.89,53.159999999999996,-0.27,-0.5079,127566.809999999997671,676259.881000000052154
688041.SH,2023.03.10,52.5,53.82,52.350000000000001,52.350000000000001,52.89,-0.54,-1.021,123750.610000000000582,657116.016999999992549
688041.SH,2023.03.13,51.990000000000001,53.799999999999997,51.799999999999997,53.549999999999997,52.350000000000001,1.2,2.2923,115402.509999999994761,612110.006000000052154
688041.SH,2023.03.14,52.969999999999998,56,52.829999999999998,55,53.549999999999997,1.45,2.7077,189359.35000000000582,1034213.160000000032596
688041.SH,2023.03.15,55.409999999999996,55.780000000000001,53.5,53.630000000000002,55,-1.37,-2.4909,122142.80000000000291,666505.060999999986961
688041.SH,2023.03.16,52.869999999999997,54.170000000000001,52.5,53.030000000000001,53.630000000000002,-0.6,-1.1188,88668.949999999997089,472129.963999999978113
688041.SH,2023.03.17,53.899999999999998,59.579999999999998,53.719999999999998,57.5,53.030000000000001,4.47,8.429199999999999,288102.85999999998603,1631353.524999999906867
688041.SH,2023.03.20,57.780000000000001,62.399999999999998,56.920000000000001,60.420000000000001,57.5,2.92,5.0783,262599.280000000027939,1571529.729999999981373
688041.SH,2023.03.21,60.109999999999999,63.380000000000002,58.990000000000001,61.600000000000001,60.420000000000001,1.18,1.953,225306.730000000010477,1374975.908999999985098
688041.SH,2023.03.22,61.179999999999999,66.900000000000005,60,65.930000000000006,61.600000000000001,4.33,7.029200000000001,260101.85999999998603,1671458.283999999985098
688041.SH,2023.03.23,64.599999999999994,70.439999999999997,63.799999999999997,66.200000000000002,65.930000000000006,0.27,0.4095,300189.75,1995807.882999999914318
688041.SH,2023.03.24,66.870000000000004,68.180000000000006,63.799999999999997,66.25,66.200000000000002,0.05,0.0755,255660.619999999995343,1685270.179999999934807
688041.SH,2023.03.27,65.200000000000002,67.5,60.600000000000001,63.259999999999997,66.25,-2.99,-4.513200000000001,356218.35999999998603,2273438.259999999776482
688041.SH,2023.03.28,64.150000000000005,66.549999999999997,62.5,64.900000000000005,63.259999999999997,1.64,2.5925,294204.580000000016298,1900111.823000000091269
688041.SH,2023.03.29,64.030000000000001,77.879999999999995,64,74.5,64.900000000000005,9.599999999999999,14.791999999999999,571759.489999999990686,4082687.604999999981373
688041.SH,2023.03.30,75.159999999999996,81.5,74.129999999999995,76.5,74.5,2,2.6846,531661.119999999995343,4080936.27199999988079
688041.SH,2023.03.31,75,77.769999999999995,71.799999999999997,77.170000000000001,76.5,0.67,0.8758,408052.919999999983701,3052062.313999999780207
688041.SH,2023.04.03,77.400000000000005,87.269999999999996,76.299999999999997,84.799999999999997,77.170000000000001,7.63,9.887299999999999,435630.119999999995343,3543190.871999999973922
688041.SH,2023.04.04,82.200000000000002,90.900000000000005,80.799999999999997,85.879999999999995,84.799999999999997,1.08,1.2736,365989.840000000025611,3127354.049999999813735
688041.SH,2023.04.06,83.379999999999995,87.579999999999998,80.989999999999994,81.230000000000003,85.879999999999995,-4.650000000000001,-5.414500000000001,337335.049999999988358,2835303.091000000014901
688041.SH,2023.04.07,82.069999999999993,83.469999999999998,79.700000000000002,81.650000000000005,81.230000000000003,0.42,0.5171,241526.45999999999185,1974814.997999999905005
688041.SH,2023.04.10,80.5,81.629999999999995,73.620000000000004,74.799999999999997,81.650000000000005,-6.85,-8.389499999999999,368195.890000000013969,2849644.674000000115484
688041.SH,2023.04.11,75.609999999999999,77.019999999999996,71.950000000000002,76,74.799999999999997,1.2,1.6043,284575.039999999979045,2138543.412000000011175
688041.SH,2023.04.12,75.39,84.5,73.780000000000001,82.689999999999997,76,6.690000000000001,8.8026,394225.299999999988358,3141038.543000000063329
688041.SH,2023.04.13,81,83.950000000000002,75.180000000000006,76.219999999999998,82.689999999999997,-6.47,-7.8244,306011.580000000016298,2421505.705999999772757
688041.SH,2023.04.14,78.120000000000004,78.450000000000002,73.099999999999994,77.040000000000006,76.219999999999998,0.82,1.0758,256923.579999999987194,1958140.560000000055879
688041.SH,2023.04.17,76.5,81.5,75.200000000000002,80.129999999999995,77.040000000000006,3.09,4.010900000000001,239287.10000000000582,1883998.037999999942258
688041.SH,2023.04.18,79,84.5,76.150000000000005,82.599999999999994,80.129999999999995,2.47,3.0825,305984.419999999983701,2491393.152999999932944
688041.SH,2023.04.19,82,99,82,90.549999999999997,82.599999999999994,7.950000000000001,9.6247,476874.169999999983701,4295783.186999999918043
688041.SH,2023.04.20,93.799999999999997,98.5,91.480000000000004,97.299999999999997,90.549999999999997,6.75,7.4544,382320.900000000023283,3637961.447999999858438
688041.SH,2023.04.21,95.150000000000005,95.150000000000005,88.180000000000006,91.39,97.299999999999997,-5.91,-6.074,303961.020000000018626,2793013.279999999795109
688041.SH,2023.04.24,91.39,91.739999999999994,84.569999999999993,89.269999999999996,91.39,-2.12,-2.3197,261434.390000000013969,2309277.254999999888241
688041.SH,2023.04.25,89,102,86.709999999999993,98.75,89.269999999999996,9.48,10.6195,386696.369999999995343,3722020.981999999843537
688041.SH,2023.04.26,97,101.290000000000006,88.700000000000002,92.489999999999994,98.75,-6.26,-6.3392,344127.080000000016298,3237544.595000000204891
688041.SH,2023.04.27,90.079999999999998,95,84.349999999999994,87.299999999999997,92.489999999999994,-5.190000000000001,-5.6114,305436.729999999981373,2699243.788000000175088
688041.SH,2023.04.28,87.010000000000005,95,86.5,94.150000000000005,87.299999999999997,6.85,7.8465,271018.820000000006984,2487725.12099999981001
688041.SH,2023.05.04,92.659999999999996,94.969999999999998,88.909999999999996,92.150000000000005,94.150000000000005,-2,-2.1243,173550.769999999989522,1588386.780000000027939
688041.SH,2023.05.05,92.079999999999998,98.989999999999994,89.299999999999997,92.239999999999994,92.150000000000005,0.09,0.0977,233364.940000000002328,2199261.279999999795109
688041.SH,2023.05.08,91.799999999999997,94.200000000000002,85.840000000000003,88.659999999999996,92.239999999999994,-3.58,-3.8812,179655.489999999990686,1611961.199999999953433
688041.SH,2023.05.09,88.670000000000001,93,85.879999999999995,88.900000000000005,88.659999999999996,0.24,0.2707,173795.480000000010477,1560431.220999999903142
688041.SH,2023.05.10,87.280000000000001,89.859999999999999,76.799999999999997,77.489999999999994,88.900000000000005,-11.41,-12.8346,332031.659999999974388,2692848.160000000149011
688041.SH,2023.05.11,77.769999999999995,78.950000000000002,75.5,75.950000000000002,77.489999999999994,-1.54,-1.9874,175264.880000000004656,1347356.317000000039115
688041.SH,2023.05.12,75.950000000000002,78.180000000000006,74.420000000000001,74.420000000000001,75.950000000000002,-1.53,-2.0145,131219.970000000001164,1000634.744999999995343
688041.SH,2023.05.15,75,76.980000000000004,72.5,76.5,74.420000000000001,2.08,2.7949,154714.579999999987194,1159290.500999999931082
688041.SH,2023.05.16,76,77.39,74.079999999999998,74.170000000000001,76.5,-2.33,-3.0458,141433.549999999988358,1065248.198000000091269
688041.SH,2023.05.17,73.879999999999995,78.39,73.680000000000006,76.829999999999998,74.170000000000001,2.66,3.5864,154846.820000000006984,1187395.277999999932944
688041.SH,2023.05.18,78,83.409999999999996,77.829999999999998,81.329999999999998,76.829999999999998,4.5,5.8571,213775.880000000004656,1729219.272000000113621
688041.SH,2023.05.19,82.189999999999997,87.680000000000006,80.900000000000005,80.900000000000005,81.329999999999998,-0.43,-0.5287,193240.60000000000582,1632959.303000000072643
688041.SH,2023.05.22,79.819999999999993,83.260000000000005,76.64,78.010000000000005,80.900000000000005,-2.89,-3.5723,146977.070000000006984,1160538.110000000102445
688041.SH,2023.05.23,77.489999999999994,78.349999999999994,76.310000000000002,77.269999999999996,78.010000000000005,-0.74,-0.9486,76751.009999999994761,592970.913999999989755
688041.SH,2023.05.24,76.480000000000004,79.659999999999996,74.680000000000006,76.829999999999998,77.269999999999996,-0.44,-0.5694,139345.60999999998603,1077687.090000000083819
688041.SH,2023.05.25,81.200000000000002,83.450000000000002,76.799999999999997,81,76.829999999999998,4.17,5.4276,190369.630000000004656,1524164.317000000039115
688041.SH,2023.05.26,80.379999999999995,87.900000000000005,79.900000000000005,86.510000000000005,81,5.51,6.802500000000001,250163.890000000013969,2130863.973000000230968
688041.SH,2023.05.29,88.810000000000002,89.39,84.700000000000002,86.370000000000004,86.510000000000005,-0.14,-0.1618,171466.35999999998603,1492227.52600000007078
688041.SH,2023.05.30,85.010000000000005,92,84.64,90.920000000000001,86.370000000000004,4.55,5.268,187536.85000000000582,1665698.601999999955296
688041.SH,2023.05.31,89.950000000000002,93.519999999999995,89.299999999999997,92.730000000000004,90.920000000000001,1.81,1.9908,146773.559999999997671,1346237.817000000039115
688041.SH,2023.06.01,90.879999999999995,94.879999999999995,86.120000000000004,87.299999999999997,92.730000000000004,-5.43,-5.8557,227506.059999999997671,2045455.742000000085681
688041.SH,2023.06.02,88,88.879999999999995,82.209999999999993,83.200000000000002,87.299999999999997,-4.1,-4.6964,263922.669999999983701,2225381.759000000078231
688041.SH,2023.06.05,83.109999999999999,84.450000000000002,82.280000000000001,83.5,83.200000000000002,0.3,0.3606,141310.720000000001164,1175834.141999999992549
688041.SH,2023.06.06,82.620000000000004,83.579999999999998,78.060000000000002,79.39,83.5,-4.110000000000001,-4.9222,164927.079999999987194,1333447.693999999901279
688041.SH,2023.06.07,79.319999999999993,81.010000000000005,77.170000000000001,79.879999999999995,79.39,0.49,0.6172,123554.070000000006984,981934.030000000027939
688041.SH,2023.06.08,78.5,78.650000000000005,75.599999999999994,77.25,79.879999999999995,-2.63,-3.2924,148334.339999999996507,1145108.06499999994412
688041.SH,2023.06.09,77.469999999999998,78.430000000000006,73.060000000000002,77.810000000000002,77.25,0.56,0.7249,212915.399999999994179,1612836.716999999945983
688041.SH,2023.06.12,77.790000000000006,81.099999999999994,77.75,78.39,77.810000000000002,0.58,0.7454,185232.190000000002328,1472847.161000000080093
688041.SH,2023.06.13,78.819999999999993,82.319999999999993,73.89,80.780000000000001,78.39,2.39,3.0489,272893.25,2139524.402999999932944
688041.SH,2023.06.14,79.709999999999993,82.64,78.010000000000005,81.480000000000004,80.780000000000001,0.7,0.8666,220665.440000000002328,1769091.881000000052154
688041.SH,2023.06.15,81.379999999999995,81.989999999999994,75.579999999999998,75.780000000000001,81.439999999999997,-5.660000000000001,-6.949900000000001,213407.75,1672718.317999999970197
688041.SH,2023.06.16,74.980000000000004,77.519999999999995,72.010000000000005,77.079999999999998,75.780000000000001,1.3,1.7155,214962.20999999999185,1620970.499000000068917
688041.SH,2023.06.19,76.950000000000002,80.840000000000003,75.280000000000001,80.010000000000005,77.079999999999998,2.93,3.8012,241796.510000000009313,1916087.807999999960884
688041.SH,2023.06.20,81.680000000000006,84.489999999999994,77.400000000000005,83.969999999999998,80.010000000000005,3.96,4.9494,331393.409999999974388,2706173.197000000160187
688041.SH,2023.06.21,82.120000000000004,82.299999999999997,76.400000000000005,76.400000000000005,83.969999999999998,-7.570000000000001,-9.0151,212872.040000000008149,1689258.182999999960884
688041.SH,2023.06.26,74,75.980000000000004,69,69.439999999999997,76.400000000000005,-6.96,-9.109899999999999,221069.5,1596289.024999999906867
688041.SH,2023.06.27,69.39,70.5,68.599999999999994,68.719999999999998,69.439999999999997,-0.72,-1.0369,105260.610000000000582,731051.27800000004936
688041.SH,2023.06.28,73,74,68.920000000000001,70,68.719999999999998,1.28,1.8626,196349.989999999990686,1394122.617000000085681
688041.SH,2023.06.29,70,70.469999999999998,66.700000000000002,68.010000000000005,70,-1.99,-2.8429,162624.799999999988358,1106648.462000000057742
688041.SH,2023.06.30,67.010000000000005,69.780000000000001,66.879999999999995,68.269999999999996,68.010000000000005,0.26,0.3823,125248.380000000004656,854641
688041.SH,2023.07.03,68.109999999999999,70.450000000000002,66.010000000000005,69.599999999999994,68.269999999999996,1.33,1.9481,138116.130000000004656,947291.050000000046566
688041.SH,2023.07.04,69.170000000000001,71.989999999999994,68.560000000000002,71.150000000000005,69.599999999999994,1.55,2.227,135017.220000000001164,954630.971999999950639
688041.SH,2023.07.05,71.170000000000001,71.5,69.209999999999993,69.290000000000006,71.150000000000005,-1.86,-2.6142,85040.149999999994179,596132.462999999988824
688041.SH,2023.07.06,68.799999999999997,71.180000000000006,68.700000000000002,69.5,69.290000000000006,0.21,0.3031,80313.110000000000582,563850.21999999997206
688041.SH,2023.07.07,68.900000000000005,69.459999999999993,66.810000000000002,67.049999999999997,69.5,-2.45,-3.5252,77719.179999999993015,525634.474000000045634
688041.SH,2023.07.10,68.200000000000002,71.349999999999994,67.790000000000006,70.349999999999994,67.049999999999997,3.3,4.921700000000001,151905.779999999998835,1065375.40999999991618
688041.SH,2023.07.11,71.170000000000001,79.829999999999998,71.170000000000001,77.799999999999997,70.349999999999994,7.450000000000001,10.5899,331975.080000000016298,2548934.623000000137835
688041.SH,2023.07.12,78.299999999999997,79,74.5,74.939999999999997,77.799999999999997,-2.86,-3.6761,169900.480000000010477,1298320.852999999886378
688041.SH,2023.07.13,76.5,77.409999999999996,74,76.939999999999997,74.939999999999997,2,2.6688,175701.70999999999185,1330724.777000000001862
688041.SH,2023.07.14,76.989999999999994,81.879999999999995,76.989999999999994,78.400000000000005,76.939999999999997,1.46,1.8976,239559.60999999998603,1902695.158999999985098
688041.SH,2023.07.17,77.150000000000005,79.409999999999996,74,76.099999999999994,78.400000000000005,-2.3,-2.9337,159840.399999999994179,1216901.797000000020489
688041.SH,2023.07.18,75.930000000000006,76.239999999999994,73.030000000000001,73.159999999999996,76.099999999999994,-2.94,-3.8633,118006.740000000005238,875384.021999999997206
688041.SH,2023.07.19,73.239999999999994,74.219999999999998,71.689999999999997,71.950000000000002,73.159999999999996,-1.21,-1.6539,76673.559999999997671,556797.119999999995343
688041.SH,2023.07.20,72,72.269999999999996,68.379999999999995,68.530000000000001,71.950000000000002,-3.42,-4.753300000000001,94990.10000000000582,664159.604000000050291
688041.SH,2023.07.21,67.939999999999997,67.939999999999997,61.020000000000003,61.399999999999998,68.530000000000001,-7.13,-10.404199999999999,238177.070000000006984,1514900.098999999929219
688041.SH,2023.07.24,61,63.090000000000003,60.289999999999999,61.200000000000002,61.399999999999998,-0.2,-0.3257,106604.639999999999417,656575.846000000019557
688041.SH,2023.07.25,61.969999999999998,62.450000000000002,59.619999999999997,60.399999999999998,61.200000000000002,-0.8,-1.3072,140437.339999999996507,852544.746999999973922
688041.SH,2023.07.26,60.57,61,58.799999999999997,59.149999999999998,60.399999999999998,-1.25,-2.0695,94012.669999999998253,562052.871999999973922
688041.SH,2023.07.27,58.740000000000002,59.280000000000001,57.229999999999996,57.280000000000001,59.149999999999998,-1.87,-3.1615,105075.60000000000582,609313.464000000036321
688041.SH,2023.07.28,57.100000000000001,58,56.71,56.859999999999999,57.280000000000001,-0.42,-0.7332,88720.940000000002328,508435.532999999995809
688041.SH,2023.07.31,57.049999999999997,57.909999999999996,56.100000000000001,57.090000000000003,56.859999999999999,0.23,0.4045,84675.55000000000291,484713.200000000011641
688041.SH,2023.08.01,57.119999999999997,58.950000000000002,55.700000000000002,58.939999999999997,57.090000000000003,1.85,3.2405,153727.339999999996507,886031.116999999969266
688041.SH,2023.08.02,58.119999999999997,61.799999999999997,57.799999999999997,60.719999999999998,58.939999999999997,1.78,3.02,149662.010000000009313,899763.611999999964609
688041.SH,2023.08.03,60.100000000000001,64.310000000000002,60.090000000000003,63.289999999999999,60.719999999999998,2.57,4.2325,155646.95999999999185,978554.114999999990686
688041.SH,2023.08.04,63,63.979999999999996,62.659999999999996,63.520000000000003,63.289999999999999,0.23,0.3634,93438.539999999993597,591661.493999999947845
688041.SH,2023.08.07,63.299999999999997,64.980000000000004,63,64.400000000000005,63.520000000000003,0.88,1.3854,82211.610000000000582,526204.516999999992549
688041.SH,2023.08.08,64.400000000000005,64.989999999999994,63.189999999999997,64.340000000000003,64.400000000000005,-0.06,-0.0932,71026.029999999998835,455870.050999999977648
688041.SH,2023.08.09,64.299999999999997,64.560000000000002,61,61,64.340000000000003,-3.34,-5.191200000000001,104315.570000000006984,649052.613999999943189
688041.SH,2023.08.10,60.049999999999997,61.950000000000002,58.5,58.869999999999997,61,-2.13,-3.4918,122085.490000000005238,728952.456000000005587
688041.SH,2023.08.11,59.179999999999999,59.57,55.200000000000002,55.270000000000003,58.869999999999997,-3.6,-6.1152,173934.230000000010477,985642.212999999988824
688041.SH,2023.08.14,54,54.5,51.549999999999997,53.799999999999997,55.270000000000003,-1.47,-2.6597,361896.099999999976716,1926425.958000000100582
688041.SH,2023.08.15,54.719999999999998,54.920000000000001,52.159999999999996,52.600000000000001,53.799999999999997,-1.2,-2.2305,234839.950000000011641,1242905.361999999964609
688041.SH,2023.08.16,52.880000000000002,52.880000000000002,50.799999999999997,51,52.600000000000001,-1.6,-3.0418,152339.95999999999185,783462.614999999990686
688041.SH,2023.08.17,51,51.600000000000001,50,50.679999999999999,51,-0.32,-0.6275,175946.910000000003492,899287.682000000029802
688041.SH,2023.08.18,51,51.679999999999999,50.130000000000002,50.130000000000002,50.679999999999999,-0.55,-1.0852,122533.490000000005238,623992.351000000024214
688041.SH,2023.08.21,50.119999999999997,51.869999999999997,49.409999999999996,50.340000000000003,50.130000000000002,0.21,0.4189,159659.089999999996507,813694.589000000036321
688041.SH,2023.08.22,51.350000000000001,52.159999999999996,49.880000000000002,51.799999999999997,50.340000000000003,1.46,2.9003,177671.579999999987194,909621.395000000018626
688041.SH,2023.08.23,51.520000000000003,51.520000000000003,49.679999999999999,49.899999999999998,51.799999999999997,-1.9,-3.668,130714.910000000003492,656538.917999999946914
688041.SH,2023.08.24,51,51.780000000000001,50.5,50.689999999999997,49.899999999999998,0.79,1.5832,151574.269999999989522,775031.366000000038184
688041.SH,2023.08.25,50.810000000000002,51.729999999999996,49.310000000000002,49.659999999999996,50.689999999999997,-1.03,-2.032,141300.970000000001164,710519.263999999966472
688041.SH,2023.08.28,54.899999999999998,54.909999999999996,50.420000000000001,50.770000000000003,49.659999999999996,1.11,2.2352,221876.690000000002328,1144876.002000000094994
688041.SH,2023.08.29,50.5,53.490000000000002,49.979999999999996,53.020000000000003,50.770000000000003,2.25,4.4318,250224.5,1304798.05199999990873
688041.SH,2023.08.30,53.780000000000001,57.259999999999997,53.21,56.539999999999999,53.020000000000003,3.52,6.639000000000001,335652.989999999990686,1869644.696999999927356
688041.SH,2023.08.31,55.920000000000001,62.299999999999997,55.189999999999997,59.189999999999997,56.539999999999999,2.65,4.6869,390763.830000000016298,2303283.807000000029802
688041.SH,2023.09.01,59.189999999999997,61.39,58.429999999999999,59.310000000000002,59.189999999999997,0.12,0.2027,273776.46999999997206,1632379.642999999923631
688041.SH,2023.09.04,59.96,61.229999999999996,58.579999999999998,61.100000000000001,59.310000000000002,1.79,3.018,226947.649999999994179,1359654.808999999891966
688041.SH,2023.09.05,62.399999999999998,62.439999999999997,58.130000000000002,58.130000000000002,61.100000000000001,-2.97,-4.8609,261121.649999999994179,1564447.898999999975785
688041.SH,2023.09.06,57.899999999999998,60.479999999999996,57.600000000000001,60,58.130000000000002,1.87,3.2169,223471.290000000008149,1327644.968000000109896
688041.SH,2023.09.07,59.530000000000001,60.100000000000001,57.929999999999999,58.079999999999998,60,-1.92,-3.2,178645.640000000013969,1048733.810000000055879
688041.SH,2023.09.08,57.509999999999997,59.399999999999998,57.200000000000002,57.240000000000002,58.079999999999998,-0.84,-1.4463,153873.869999999995343,894313.738999999943189
688041.SH,2023.09.11,57,60.119999999999997,56.189999999999997,58.299999999999997,57.240000000000002,1.06,1.8519,209743.640000000013969,1215462.736000000033527
688041.SH,2023.09.12,57.979999999999996,58.57,56.719999999999998,56.759999999999997,58.299999999999997,-1.54,-2.6415,141017.60999999998603,808793.974999999976716
688041.SH,2023.09.13,56.399999999999998,56.799999999999997,54.869999999999997,55.329999999999998,56.759999999999997,-1.43,-2.5194,126810.509999999994761,705047.062000000034458
688041.SH,2023.09.14,55.490000000000002,55.600000000000001,53.25,53.689999999999997,55.329999999999998,-1.64,-2.964,128240.059999999997671,691618.73100000002887
688041.SH,2023.09.15,54,54.869999999999997,52.600000000000001,52.850000000000001,53.689999999999997,-0.84,-1.5645,130640.990000000005238,698712.050999999977648
688041.SH,2023.09.18,52.090000000000003,53.560000000000002,51.950000000000002,52.950000000000002,52.850000000000001,0.1,0.1892,106029.539999999993597,560388.662999999942257
688041.SH,2023.09.19,53,53.5,51.780000000000001,52.07,52.950000000000002,-0.88,-1.6619,92496.419999999998253,485551.619999999995343
688041.SH,2023.09.20,52,53.479999999999996,51.280000000000001,51.39,52.07,-0.68,-1.3059,97983.169999999998253,513720.456999999994877
688041.SH,2023.09.21,51.009999999999998,52.079999999999998,51.009999999999998,51.299999999999997,51.39,-0.09,-0.1751,95511.889999999999417,491244.775000000023283
688041.SH,2023.09.22,51.200000000000002,54.46,51.100000000000001,54.259999999999997,51.299999999999997,2.96,5.77,244318.579999999987194,1299522.648999999975785
688041.SH,2023.09.25,53.899999999999998,54.109999999999999,52.350000000000001,52.57,54.259999999999997,-1.69,-3.1146,148402.179999999993015,784746.304000000003725
688041.SH,2023.09.26,52.659999999999996,55.109999999999999,52.429999999999999,53.46,52.57,0.89,1.693,183875.649999999994179,988263.293999999994412
688041.SH,2023.09.27,53.880000000000002,54.5,53.189999999999997,54,53.46,0.54,1.0101,140605.799999999988358,758220.241999999969266
688041.SH,2023.09.28,54.270000000000003,54.590000000000003,53.109999999999999,53.979999999999996,54,-0.02,-0.037,144473.410000000003492,779568.456000000005587
688041.SH,2023.10.09,53.14,53.5,51.700000000000002,53.060000000000002,53.979999999999996,-0.92,-1.7043,115346.580000000001746,609064.530000000027939
688041.SH,2023.10.10,53.579999999999998,54.600000000000001,53.21,53.939999999999997,53.060000000000002,0.88,1.6585,135037.570000000006984,727609.38800000003539
688041.SH,2023.10.11,54.119999999999997,55.549999999999997,52.880000000000002,55.020000000000003,53.939999999999997,1.08,2.0022,196309.369999999995343,1069933.781999999890103
688041.SH,2023.10.12,55.219999999999998,55.5,53.869999999999997,55,55.020000000000003,-0.02,-0.0364,154598.790000000008149,845739.422000000020489
688041.SH,2023.10.13,54.429999999999999,55.049999999999997,52.82,53.509999999999997,55,-1.49,-2.7091,137100.440000000002328,739588.523999999975785
688041.SH,2023.10.16,53.100000000000001,53.469999999999998,50.880000000000002,51.89,53.509999999999997,-1.62,-3.0275,144646.899999999994179,748741.962999999988824
688041.SH,2023.10.17,52.200000000000002,53.100000000000001,51.630000000000002,52.539999999999999,51.89,0.65,1.2526,107680.399999999994179,563662.498999999952502
688041.SH,2023.10.18,55.299999999999997,57.46,54.549999999999997,55.509999999999997,52.539999999999999,2.97,5.6528,491304.380000000004656,2751036.143999999854713
688041.SH,2023.10.19,54.869999999999997,60.909999999999996,54.869999999999997,59.060000000000002,55.509999999999997,3.55,6.3952,602198.170000000041909,3554828.504999999888241
688041.SH,2023.10.20,59.060000000000002,60.700000000000002,57.579999999999998,59.219999999999998,59.060000000000002,0.16,0.2709,406446.099999999976716,2408901.479999999981373
688041.SH,2023.10.23,58.619999999999997,61.149999999999998,56.880000000000002,59.149999999999998,59.219999999999998,-0.07,-0.1182,363852.60999999998603,2143923.578000000212341
688041.SH,2023.10.24,59.299999999999997,59.549999999999997,55,57.159999999999996,59.149999999999998,-1.99,-3.3643,321806.260000000009313,1834154.735000000102445
688041.SH,2023.10.25,59,61.679999999999999,58.350000000000001,60.979999999999996,57.159999999999996,3.82,6.683,440951.059999999997671,2643217.751999999862164
688041.SH,2023.10.26,59.950000000000002,60.600000000000001,58.670000000000001,60.100000000000001,60.979999999999996,-0.88,-1.4431,319418.75,1906662.852999999886378
688041.SH,2023.10.27,59.619999999999997,60.159999999999996,57.57,59.439999999999997,60.100000000000001,-0.66,-1.0982,293340.380000000004656,1729996.377000000094994
688041.SH,2023.10.30,59.100000000000001,62.979999999999996,58.229999999999996,62.799999999999997,59.439999999999997,3.36,5.6528,374092.320000000006984,2280668.861000000033527
688041.SH,2023.10.31,61.700000000000002,62.590000000000003,60.859999999999999,61.969999999999998,62.799999999999997,-0.83,-1.3217,223538.820000000006984,1380012.848999999929219
688041.SH,2023.11.01,61.729999999999996,67.5,61.439999999999997,64.799999999999997,61.969999999999998,2.83,4.5667,393175.559999999997671,2539504.34500000020489
688041.SH,2023.11.02,65.700000000000002,67.780000000000001,63.609999999999999,64.379999999999995,64.799999999999997,-0.42,-0.6481,344305.809999999997671,2262608.36200000019744
688041.SH,2023.11.03,63.649999999999998,66.769999999999995,63.380000000000002,66.650000000000005,64.379999999999995,2.27,3.5259,325011.650000000023283,2125578.154000000096857
688041.SH,2023.11.06,67.39,68.010000000000005,65.659999999999996,65.900000000000005,66.650000000000005,-0.75,-1.1253,378860.989999999990686,2528372.120000000111758
688041.SH,2023.11.07,65.900000000000005,68.760000000000005,64.900000000000005,67.969999999999998,65.900000000000005,2.07,3.1411,373868.260000000009313,2498096.507000000216066
688041.SH,2023.11.08,69.799999999999997,71.260000000000005,67.069999999999993,68.799999999999997,67.969999999999998,0.83,1.2211,405713.390000000013969,2808844.495000000111758
688041.SH,2023.11.09,68.010000000000005,69.5,64.799999999999997,65,68.799999999999997,-3.8,-5.5233,390719.140000000013969,2607236.73300000000745
688041.SH,2023.11.10,63.700000000000002,66.230000000000003,63.579999999999998,65.019999999999996,65,0.02,0.0308,296127.890000000013969,1919972.325999999884516
688041.SH,2023.11.13,64.840000000000003,66.400000000000005,64.109999999999999,65.400000000000005,65.019999999999996,0.38,0.5844,214857.35999999998603,1403277.753999999957159
688041.SH,2023.11.14,65.400000000000005,69,64.909999999999996,68.540000000000006,65.400000000000005,3.14,4.8012,338872.909999999974388,2282900.893999999854713
688041.SH,2023.11.15,69.230000000000003,69.829999999999998,66.819999999999993,67.420000000000001,68.540000000000006,-1.12,-1.6341,237431.320000000006984,1615582.030000000027939
688041.SH,2023.11.16,67.200000000000002,68.239999999999994,66.219999999999998,66.219999999999998,67.420000000000001,-1.2,-1.7799,164051.60000000000582,1103171.969000000040978
688041.SH,2023.11.17,65.849999999999994,67.219999999999998,64.829999999999998,66.120000000000004,66.219999999999998,-0.1,-0.151,157284.190000000002328,1036339.935999999986961
688041.SH,2023.11.20,65.819999999999993,68.650000000000005,65.280000000000001,68.189999999999997,66.120000000000004,2.07,3.1307,247749.35999999998603,1662805.520000000018626
688041.SH,2023.11.21,67.849999999999994,68.579999999999998,66.799999999999997,67.099999999999994,68.189999999999997,-1.09,-1.5985,150132.980000000010477,1014206.48100000002887
688041.SH,2023.11.22,67.120000000000004,68.980000000000004,66.400000000000005,67.329999999999998,67.099999999999994,0.23,0.3428,192638.670000000012805,1302478.595999999903142
688041.SH,2023.11.23,67.150000000000005,67.670000000000001,64.109999999999999,67.310000000000002,67.329999999999998,-0.02,-0.0297,198728.690000000002328,1313221.412999999942257
688041.SH,2023.11.24,66.799999999999997,67.359999999999999,62.789999999999999,63.429999999999999,67.310000000000002,-3.88,-5.764400000000001,222852.290000000008149,1438381.245000000111758
688041.SH,2023.11.27,64,67.349999999999994,63.71,67.310000000000002,63.429999999999999,3.88,6.117,310793.510000000009313,2049612.533999999985098
688041.SH,2023.11.28,67.400000000000005,71.209999999999993,67.299999999999997,70.739999999999994,67.310000000000002,3.43,5.0958,378978.320000000006984,2651735.450000000186264
688041.SH,2023.11.29,70.060000000000002,73.180000000000006,70.060000000000002,70.599999999999994,70.739999999999994,-0.14,-0.1979,365592.799999999988358,2639881.325999999884516
688041.SH,2023.11.30,71.790000000000006,71.799999999999997,69.900000000000005,71.769999999999995,70.599999999999994,1.17,1.6572,339997.119999999995343,2416644.680999999865889
688041.SH,2023.12.01,71.200000000000002,73.459999999999993,70.89,71.900000000000005,71.769999999999995,0.13,0.1811,250202.410000000003492,1803988.195999999996274
688041.SH,2023.12.04,71.909999999999996,74.5,71.909999999999996,72.709999999999993,71.900000000000005,0.81,1.1266,262403.789999999979045,1919797.912999999942258
688041.SH,2023.12.05,71.549999999999997,74.280000000000001,70.370000000000004,72.849999999999994,72.709999999999993,0.14,0.1925,334051.940000000002328,2425347.797999999951571
688041.SH,2023.12.06,72.849999999999994,75.780000000000001,72.400000000000005,75.590000000000003,72.849999999999994,2.74,3.7612,422804.890000000013969,3165862.223000000230967
688041.SH,2023.12.07,74.989999999999994,75.379999999999995,71.959999999999993,73.159999999999996,75.590000000000003,-2.43,-3.2147,492648.75,3651335.217000000178813
688041.SH,2023.12.08,73.989999999999994,82,73.900000000000005,80.340000000000003,73.159999999999996,7.18,9.814099999999999,987023.869999999995343,7764774.981999999843537
688041.SH,2023.12.11,78.010000000000005,83.5,77.5,82.219999999999998,80.340000000000003,1.88,2.3401,477018.979999999981373,3872866.570999999996274
688041.SH,2023.12.12,81.129999999999995,83.609999999999999,79.700000000000002,80.670000000000001,82.219999999999998,-1.55,-1.8852,322400.349999999976716,2619859.188000000081956
688041.SH,2023.12.13,80.989999999999994,81.439999999999997,76.810000000000002,77.650000000000005,80.670000000000001,-3.02,-3.7436,342390.71999999997206,2682237.73700000019744
688041.SH,2023.12.14,78.129999999999995,78.540000000000006,75.079999999999998,75.599999999999994,77.650000000000005,-2.05,-2.6401,247977.20999999999185,1902930.908000000054016
688041.SH,2023.12.15,75.909999999999996,76.310000000000002,73.650000000000005,73.840000000000003,75.599999999999994,-1.76,-2.328,207832.369999999995343,1548883.736999999964609
688041.SH,2023.12.18,73.340000000000003,76.379999999999995,73.329999999999998,75.230000000000003,73.840000000000003,1.39,1.8824,212589.089999999996507,1596251.318999999901279
688041.SH,2023.12.19,74.870000000000004,76.670000000000001,74.109999999999999,76.099999999999994,75.230000000000003,0.87,1.1565,192241.730000000010477,1453616.536000000080093
688041.SH,2023.12.20,76.069999999999993,76.5,74.299999999999997,74.519999999999995,76.099999999999994,-1.58,-2.0762,164958.089999999996507,1238490.902999999932944
688041.SH,2023.12.21,73.709999999999993,78.650000000000005,73.420000000000001,77.170000000000001,74.519999999999995,2.65,3.5561,233812.579999999987194,1784396.689000000013038
688041.SH,2023.12.22,76.799999999999997,77.599999999999994,74.329999999999998,75.310000000000002,77.170000000000001,-1.86,-2.4103,191685.35000000000582,1454708.270999999949708
688041.SH,2023.12.25,74.209999999999993,74.939999999999997,67.670000000000001,72.609999999999999,75.310000000000002,-2.7,-3.5852,254577.179999999993015,1824651.225000000093132
688041.SH,2023.12.26,72.849999999999994,73.129999999999995,70.359999999999999,71,72.609999999999999,-1.61,-2.2173,172329.35000000000582,1229348.250999999931082
688041.SH,2023.12.27,71.25,72.579999999999998,70.400000000000005,70.480000000000004,71,-0.52,-0.7324,148751.369999999995343,1065244.585999999893829
688041.SH,2023.12.28,70.049999999999997,71.930000000000006,69.810000000000002,70.310000000000002,70.480000000000004,-0.17,-0.2412,204729.85000000000582,1450645.925999999977648
688041.SH,2023.12.29,70.5,71.739999999999994,69.359999999999999,70.980000000000004,70.310000000000002,0.67,0.9529,219039.029999999998835,1541728.335999999893829
688041.SH,2024.01.02,70.769999999999995,73.39,70.129999999999995,72.359999999999999,70.980000000000004,1.38,1.9442,181748.079999999987194,1313318.658999999985098
688041.SH,2024.01.03,73.5,74.170000000000001,71.769999999999995,72.670000000000001,72.359999999999999,0.31,0.4284,165338.160000000003492,1204854.49600000004284
688041.SH,2024.01.04,71.75,75.150000000000005,69.299999999999997,74.900000000000005,72.670000000000001,2.23,3.0687,204563.809999999997671,1468248.932000000029802
688041.SH,2024.01.05,74.109999999999999,74.969999999999998,70.579999999999998,71.730000000000004,74.900000000000005,-3.17,-4.232300000000001,167217.880000000004656,1216569.639999999897554
688041.SH,2024.01.08,70.989999999999994,71.540000000000006,68.39,68.409999999999996,71.730000000000004,-3.32,-4.6285,151712.220000000001164,1052610.699999999953433
688041.SH,2024.01.09,69.5,70.799999999999997,68.299999999999997,69.170000000000001,68.409999999999996,0.76,1.1109,127673.029999999998835,886795.989999999990686
688041.SH,2024.01.10,68.609999999999999,70.379999999999995,67.030000000000001,67.989999999999994,69.170000000000001,-1.18,-1.7059,107890.889999999999417,740741.168999999994412
688041.SH,2024.01.11,67.129999999999995,69.769999999999995,67.060000000000002,68.799999999999997,67.989999999999994,0.81,1.1914,137062.529999999998835,936648.074000000022351
688041.SH,2024.01.12,68.159999999999996,68.439999999999997,65.409999999999996,65.409999999999996,68.799999999999997,-3.39,-4.9273,173561.579999999987194,1151765.767999999923631
688041.SH,2024.01.15,64.799999999999997,67.450000000000002,64.609999999999999,66,65.409999999999996,0.59,0.902,135874.059999999997671,900021.974999999976716
688041.SH,2024.01.16,65.359999999999999,66.430000000000006,64.430000000000006,66.219999999999998,66,0.22,0.3333,127972.30000000000291,836506.351999999955296
688041.SH,2024.01.17,66.599999999999994,67.549999999999997,65.560000000000002,65.769999999999995,66.219999999999998,-0.45,-0.6796,122307.740000000005238,815949.88800000003539
688041.SH,2024.01.18,65,69.959999999999993,64.859999999999999,69.89,65.769999999999995,4.120000000000001,6.264300000000001,240219.60999999998603,1621680.655000000027939
688041.SH,2024.01.19,69.859999999999999,70.200000000000002,67.980000000000004,69.829999999999998,69.89,-0.06,-0.0858,157074.829999999987194,1089238.45299999997951
688041.SH,2024.01.22,70.530000000000001,71.689999999999997,68.280000000000001,70.39,69.829999999999998,0.56,0.8019,206110.130000000004656,1453610.135000000009313
688041.SH,2024.01.23,69.510000000000005,73.510000000000005,67.5,73.099999999999994,70.39,2.71,3.85,220122.200000000011641,1559993.93999999994412
688041.SH,2024.01.24,72.109999999999999,73.590000000000003,69.879999999999995,72.900000000000005,73.099999999999994,-0.2,-0.2736,181148.190000000002328,1302639.45699999993667
688041.SH,2024.01.25,72.900000000000005,74.010000000000005,70.900000000000005,73.200000000000002,72.900000000000005,0.3,0.4115,180306.140000000013969,1309896.316000000108033
688041.SH,2024.01.26,72.510000000000005,73.159999999999996,70.359999999999999,70.629999999999995,73.200000000000002,-2.57,-3.5109,148267.649999999994179,1059911.80199999990873
688041.SH,2024.01.29,72.150000000000005,74.670000000000001,69.829999999999998,70,70.629999999999995,-0.63,-0.892,208447.950000000011641,1510959.91400000010617
688041.SH,2024.01.30,68.659999999999996,68.930000000000006,65,65.349999999999994,70,-4.650000000000001,-6.6429,194771.529999999998835,1301376.915999999968334
688041.SH,2024.01.31,64.700000000000002,68.200000000000002,64.590000000000003,66.269999999999996,65.349999999999994,0.92,1.4078,182195.269999999989522,1214352.925000000046566
688041.SH,2024.02.01,65.5,71.129999999999995,65,68.900000000000005,66.269999999999996,2.63,3.9686,198579.140000000013969,1367573.338999999919906
688041.SH,2024.02.02,68.900000000000005,69.430000000000006,65.290000000000006,68.319999999999993,68.900000000000005,-0.58,-0.8418,188553.60000000000582,1279554.318999999901279
688041.SH,2024.02.05,68.519999999999995,71.030000000000001,65.609999999999999,69.700000000000002,68.319999999999993,1.38,2.0199,228998.309999999997671,1567191.945000000065192
688041.SH,2024.02.06,69.540000000000006,76.370000000000004,68.079999999999998,76.299999999999997,69.700000000000002,6.6,9.4692,260864.480000000010477,1894171.127000000094994
688041.SH,2024.02.07,76.599999999999994,77.060000000000002,74.700000000000002,75.75,76.299999999999997,-0.55,-0.7208,218299.85999999998603,1658235.928000000072643
688041.SH,2024.02.08,77,79.560000000000002,75.189999999999997,76.719999999999998,75.75,0.97,1.2805,218635.269999999989522,1690034.262000000104308
688041.SH,2024.02.19,80.599999999999994,88.319999999999993,79.019999999999996,86,76.719999999999998,9.279999999999999,12.0959,357711.659999999974388,2944211.39699999988079
688041.SH,2024.02.20,84.209999999999993,84.900000000000005,81.439999999999997,82.39,86,-3.61,-4.197700000000001,246961.970000000001164,2049873.330000000074505
688041.SH,2024.02.21,80.219999999999998,81.760000000000005,78.420000000000001,79.760000000000005,82.39,-2.63,-3.1921,244413.60000000000582,1958774.495000000111758
688041.SH,2024.02.22,82.5,86.269999999999996,81.769999999999995,82.829999999999998,79.760000000000005,3.07,3.849,287396.099999999976716,2399914.626999999862164
688041.SH,2024.02.23,86.239999999999994,86.950000000000002,80.700000000000002,81.400000000000005,82.829999999999998,-1.43,-1.7264,264035.039999999979045,2192990.259000000078231
688041.SH,2024.02.26,80.180000000000006,84.609999999999999,79.780000000000001,82.150000000000005,81.400000000000005,0.75,0.9214,256124.760000000009313,2126130.271000000182539
688041.SH,2024.02.27,81.299999999999997,88.620000000000004,80.730000000000004,88,82.150000000000005,5.85,7.121100000000001,378336.739999999990686,3243611.524999999906867
688041.SH,2024.02.28,87.099999999999994,89.319999999999993,83.280000000000001,83.280000000000001,88,-4.72,-5.3636,348089.260000000009313,2999120.563999999780207
688041.SH,2024.02.29,82.5,86.980000000000004,82.5,85.120000000000004,83.280000000000001,1.84,2.2094,339722.530000000027939,2883976.27600000007078
688041.SH,2024.03.28,75.530000000000001,78.5,75.209999999999993,76.790000000000006,75.230000000000003,1.56,2.0736,180420.790000000008149,1389229.682999999960884
688041.SH,2024.03.29,76.39,77.569999999999993,75.379999999999995,77.260000000000005,76.790000000000006,0.47,0.6121,107268.669999999998253,817886.040999999968335
688041.SH,2024.03.01,86.329999999999998,88.329999999999998,85.079999999999998,87.489999999999994,85.120000000000004,2.37,2.7843,317467.869999999995343,2754471.320999999996274
688041.SH,2024.03.04,89.099999999999994,89.760000000000005,83.849999999999994,86.280000000000001,87.489999999999994,-1.21,-1.383,330294.820000000006984,2845580.074000000022351
688041.SH,2024.03.05,84.819999999999993,90.260000000000005,84.129999999999995,86.299999999999997,86.280000000000001,0.02,0.0232,396057.830000000016298,3460218.799999999813735
688041.SH,2024.03.06,85,85.810000000000002,82.980000000000004,84.420000000000001,86.299999999999997,-1.88,-2.1784,271997.880000000004656,2293979.458999999798834
688041.SH,2024.03.07,84.599999999999994,85.269999999999996,80.75,80.900000000000005,84.420000000000001,-3.52,-4.1696,297081.960000000020954,2445734.165000000037252
688041.SH,2024.03.08,81.409999999999996,82.590000000000003,79.769999999999995,82.299999999999997,80.900000000000005,1.4,1.7305,280097.510000000009313,2278499.265999999828636
688041.SH,2024.03.11,82.200000000000002,84.799999999999997,81.109999999999999,83.810000000000002,82.299999999999997,1.51,1.8348,274533.119999999995343,2284218.06900000013411
688041.SH,2024.03.12,83,83.5,79.569999999999993,80,83.810000000000002,-3.81,-4.546000000000001,296023.489999999990686,2398647.731000000145286
688041.SH,2024.03.13,81.379999999999995,82.549999999999997,79.659999999999996,79.700000000000002,80,-0.3,-0.375,235027.089999999996507,1904133.808999999891966
688041.SH,2024.03.14,78.700000000000002,81.299999999999997,78.400000000000005,80.75,79.700000000000002,1.05,1.3174,210811.829999999987194,1687129.196999999927356
688041.SH,2024.03.15,80.060000000000002,80.700000000000002,78.5,80.700000000000002,80.75,-0.05,-0.0619,217061.809999999997671,1729629.527000000001862
688041.SH,2024.03.18,80.680000000000006,84.290000000000006,80.370000000000004,83.189999999999997,80.700000000000002,2.49,3.0855,326225.919999999983701,2700434.365999999921768
688041.SH,2024.03.19,82.5,82.5,80.5,80.650000000000005,83.189999999999997,-2.54,-3.0533,215841.269999999989522,1754165.141000000061467
688041.SH,2024.03.20,80.650000000000005,81.700000000000002,79.799999999999997,80.189999999999997,80.650000000000005,-0.46,-0.5704,154361.920000000012805,1244508.729999999981373
688041.SH,2024.03.21,80.299999999999997,81.5,78.879999999999995,79.219999999999998,80.189999999999997,-0.97,-1.2096,166736.679999999993015,1334364.700999999884515
688041.SH,2024.03.22,78.900000000000005,81.400000000000005,78.900000000000005,80.120000000000004,79.219999999999998,0.9,1.1361,197840.910000000003492,1582876.560999999986961
688041.SH,2024.03.25,80.099999999999994,83.099999999999994,79.450000000000002,80.5,80.120000000000004,0.38,0.4743,248612.920000000012805,2030109.300999999977648
688041.SH,2024.03.26,80.099999999999994,80.709999999999993,76.079999999999998,76.290000000000006,80.5,-4.21,-5.2298,258506.35999999998603,2007755.102999999886378
688041.SH,2024.03.27,76.310000000000002,78.170000000000001,74.5,75.230000000000003,76.290000000000006,-1.06,-1.3894,167179.679999999993015,1275544.760000000009313
688041.SH,2024.04.01,78.39,79.819999999999993,77.599999999999994,78.480000000000004,77.260000000000005,1.22,1.5791,132288.35999999998603,1042146.631000000052154
688041.SH,2024.04.02,78,79.120000000000004,76.5,77.260000000000005,78.480000000000004,-1.22,-1.5545,127375.419999999998253,988344.511999999987892
688041.SH,2024.04.03,76.310000000000002,77.209999999999993,74.329999999999998,74.5,77.260000000000005,-2.76,-3.5724,169568.660000000003492,1275600.41400000010617
688041.SH,2024.04.08,74.5,75.549999999999997,74,74.010000000000005,74.5,-0.49,-0.6577,105907.639999999999417,791323.435000000055879
688041.SH,2024.04.09,74.260000000000005,75.859999999999999,72.709999999999993,75.790000000000006,74.010000000000005,1.78,2.4051,123242.399999999994179,916139.101999999955296
688041.SH,2024.04.10,75.299999999999997,75.590000000000003,73.180000000000006,73.549999999999997,75.790000000000006,-2.24,-2.9555,106467.289999999993597,788311.244999999995343
688041.SH,2024.04.11,73.549999999999997,74.900000000000005,72.549999999999997,74.010000000000005,73.549999999999997,0.46,0.6254,132246.179999999993015,977372.212000000057741
688041.SH,2024.04.12,77.609999999999999,79.75,76.659999999999996,77.989999999999994,74.010000000000005,3.98,5.3777,321588.820000000006984,2517739.978000000119209
688041.SH,2024.04.15,77.599999999999994,79.5,76.989999999999994,78.659999999999996,77.989999999999994,0.67,0.8591,196783.140000000013969,1542971.195000000065192
688041.SH,2024.04.16,78,78.799999999999997,76.379999999999995,77.849999999999994,78.659999999999996,-0.81,-1.0297,145686.5,1130819.666999999899417
688041.SH,2024.04.17,78.299999999999997,80.670000000000001,77.200000000000002,80.040000000000006,77.849999999999994,2.19,2.8131,196438.220000000001164,1561786.178000000072643
688041.SH,2024.04.18,79.230000000000003,81.280000000000001,78.480000000000004,79.299999999999997,80.040000000000006,-0.74,-0.9245,168550.149999999994179,1345737.023000000044703
688041.SH,2024.04.19,79,79.129999999999995,75.5,75.5,79.299999999999997,-3.8,-4.7919,173370.440000000002328,1332471.287999999942257
688041.SH,2024.04.22,72.260000000000005,74.329999999999998,70.299999999999997,73.349999999999994,75.5,-2.15,-2.8477,158146.339999999996507,1150006.090000000083819
688041.SH,2024.04.23,74.019999999999996,74.480000000000004,71.450000000000002,71.620000000000004,73.349999999999994,-1.73,-2.3586,130591.740000000005238,943766.113000000012107
688041.SH,2024.04.24,72.599999999999994,75.629999999999995,72.469999999999998,75.290000000000006,71.620000000000004,3.67,5.1243,183057.690000000002328,1356329.266000000061467
688041.SH,2024.04.25,74.579999999999998,75.480000000000004,74.180000000000006,74.700000000000002,75.290000000000006,-0.59,-0.7836,89281.770000000004074,667327.935000000055879
688041.SH,2024.04.26,76.030000000000001,79.659999999999996,76.030000000000001,79.159999999999996,74.700000000000002,4.46,5.970500000000001,235701.399999999994179,1853724.361999999964609
688041.SH,2024.04.29,79.840000000000003,81.280000000000001,79.170000000000001,79.920000000000001,79.159999999999996,0.76,0.9601,203639.700000000011641,1634066.411000000080093
688041.SH,2024.04.30,80.090000000000003,80.579999999999998,78.579999999999998,79.25,79.920000000000001,-0.67,-0.8383,120800.60000000000582,960052.13600000005681
688041.SH,2024.05.06,80.5,80.959999999999993,78.799999999999997,79.239999999999994,79.25,-0.01,-0.0126,113491.440000000002328,902467.775999999954365
688041.SH,2024.05.07,79.510000000000005,80.680000000000006,76.5,76.579999999999998,79.239999999999994,-2.66,-3.3569,194866.130000000004656,1522555.442000000039115
688041.SH,2024.05.08,76.200000000000002,77.25,75.510000000000005,76.359999999999999,76.579999999999998,-0.22,-0.2873,114604.610000000000582,875889.90300000004936
688041.SH,2024.05.09,76.010000000000005,77.079999999999998,75.5,76.560000000000002,76.359999999999999,0.2,0.2619,160222.910000000003492,1224724.227999999886378
688041.SH,2024.05.10,76.010000000000005,76.109999999999999,72.700000000000002,72.900000000000005,76.560000000000002,-3.66,-4.7806,192429.559999999997671,1417481.16400000010617
688041.SH,2024.05.13,71.5,73.269999999999996,71.379999999999995,72.019999999999996,72.900000000000005,-0.88,-1.2071,155427.380000000004656,1119601.351000000024214
688041.SH,2024.05.14,72.420000000000001,72.989999999999994,71,71.700000000000002,72.019999999999996,-0.32,-0.4443,137633.929999999993015,990712.128999999957159
688041.SH,2024.05.15,71.700000000000002,72.120000000000004,71.030000000000001,71.180000000000006,71.700000000000002,-0.52,-0.7252,97411.330000000001746,695527.037999999942258
688041.SH,2024.05.16,71.980000000000004,73.730000000000004,71.099999999999994,72.540000000000006,71.180000000000006,1.36,1.9106,193433,1403303.67699999990873
688041.SH,2024.05.17,72.189999999999997,74.370000000000004,71.439999999999997,73.870000000000004,72.540000000000006,1.33,1.8335,174433.179999999993015,1278904.908000000054016
688041.SH,2024.05.20,73.430000000000006,75.269999999999996,72.609999999999999,73.870000000000004,73.870000000000004,0,0,139248.549999999988358,1029144.550000000046566
688041.SH,2024.05.21,74.099999999999994,74.790000000000006,71.879999999999995,72.019999999999996,73.870000000000004,-1.85,-2.5044,126299.220000000001164,924331.114999999990686
688041.SH,2024.05.22,71.900000000000005,72.790000000000006,70.799999999999997,72.510000000000005,72.019999999999996,0.49,0.6804,125169.929999999993015,898364.211000000010244
688041.SH,2024.05.23,72.739999999999994,72.879999999999995,71.049999999999997,71.319999999999993,72.510000000000005,-1.19,-1.6412,103623.830000000001746,742426.677999999956227
688041.SH,2024.05.24,71.319999999999993,72.079999999999998,67.620000000000004,67.680000000000006,71.319999999999993,-3.64,-5.1038,200136.989999999990686,1391700.489999999990686
688041.SH,2024.05.27,68,70.75,67.900000000000005,70.659999999999996,67.680000000000006,2.98,4.403100000000001,179737.260000000009313,1247075.280000000027939
688041.SH,2024.05.28,70.900000000000005,73.299999999999997,70.379999999999995,70.379999999999995,70.659999999999996,-0.28,-0.3963,166417.869999999995343,1193879.996999999973922
688041.SH,2024.05.29,70.930000000000006,70.989999999999994,68.879999999999995,69.540000000000006,70.379999999999995,-0.84,-1.1935,107864.10000000000582,753231.704000000027008
688041.SH,2024.05.30,69.209999999999993,70.579999999999998,68.629999999999995,69.510000000000005,69.540000000000006,-0.03,-0.0431,109962.169999999998253,765472.087999999988824
688041.SH,2024.05.31,70,71.510000000000005,69.209999999999993,71.299999999999997,69.510000000000005,1.79,2.5752,123476.119999999995343,870882.761999999987892
688041.SH,2024.06.03,70.510000000000005,71.480000000000004,69.849999999999994,71.109999999999999,71.299999999999997,-0.19,-0.2665,128385.089999999996507,908579.010000000009313
688041.SH,2024.06.04,71.099999999999994,71.89,70.75,71.540000000000006,71.109999999999999,0.43,0.6047,97349.919999999998253,694799.119999999995343
688041.SH,2024.06.05,71.540000000000006,72.790000000000006,70.870000000000004,70.870000000000004,71.540000000000006,-0.67,-0.9365,98931.320000000006984,710794.018999999971129
688041.SH,2024.06.06,71.689999999999997,72.109999999999999,68.299999999999997,69.299999999999997,70.870000000000004,-1.57,-2.2153,146414.470000000001164,1034666.113000000012107
688041.SH,2024.06.07,69.579999999999998,70.150000000000005,67.299999999999997,68.14,69.299999999999997,-1.16,-1.6739,139389.970000000001164,955227.351999999955296
688041.SH,2024.06.11,68.040000000000006,71.469999999999998,67.5,71.420000000000001,68.14,3.28,4.8136,176392.269999999989522,1228446.787000000011175
688041.SH,2024.06.12,71.010000000000005,71.959999999999993,70.5,70.939999999999997,71.420000000000001,-0.48,-0.6721,115517.889999999999417,822480.241000000038184
688041.SH,2024.06.13,71.489999999999994,72.930000000000006,70.700000000000002,71.939999999999997,70.939999999999997,1,1.4096,177967.149999999994179,1285763.632999999914318
688041.SH,2024.06.14,71.709999999999993,73.14,70.980000000000004,73.14,71.939999999999997,1.2,1.6681,188002.010000000009313,1362123.973999999929219
688041.SH,2024.06.17,72.799999999999997,74.670000000000001,72.370000000000004,73.560000000000002,73.14,0.42,0.5742,167036.989999999990686,1233868.861999999964609
688041.SH,2024.06.18,73.5,76.75,73.120000000000004,74.629999999999995,73.450000000000002,1.18,1.6065,182900.829999999987194,1375843.691000000108033
688041.SH,2024.06.19,74.700000000000002,76.159999999999996,74.159999999999996,75.319999999999993,74.629999999999995,0.69,0.9246,141972.429999999993015,1066250.297999999951571
688041.SH,2024.06.20,75.319999999999993,76.060000000000002,74.170000000000001,74.900000000000005,75.319999999999993,-0.42,-0.5576,154014.399999999994179,1157915.510999999940395
688041.SH,2024.06.21,74.670000000000001,76.739999999999994,73,76.739999999999994,74.900000000000005,1.84,2.4566,237825.899999999994179,1786831.212000000057741
688041.SH,2024.06.24,75.989999999999994,77,73.359999999999999,73.620000000000004,76.739999999999994,-3.12,-4.0657,169830.059999999997671,1278723.726999999955296
688041.SH,2024.06.25,73.629999999999995,73.989999999999994,70.540000000000006,71.159999999999996,73.620000000000004,-2.46,-3.3415,167826.130000000004656,1203261.628000000026077
688041.SH,2024.06.26,71.159999999999996,73.099999999999994,69.920000000000001,72.650000000000005,71.159999999999996,1.49,2.0939,139498.95999999999185,997601.371999999973922
688041.SH,2024.06.27,71.700000000000002,72.180000000000006,70.510000000000005,71.049999999999997,72.650000000000005,-1.6,-2.2023,99620.660000000003492,708657.418999999994412
688041.SH,2024.06.28,70.519999999999995,71.900000000000005,70.230000000000003,70.319999999999993,71.049999999999997,-0.73,-1.0274,99405.130000000004656,706441.684000000008381
688041.SH,2024.07.01,70.200000000000002,71.299999999999997,69.090000000000003,70.469999999999998,70.319999999999993,0.15,0.2133,87961.440000000002328,617804.118999999947845
688041.SH,2024.07.02,70.099999999999994,71.25,69.519999999999995,71.040000000000006,70.469999999999998,0.57,0.8089,88612.270000000004074,624386.005000000004656
688041.SH,2024.07.03,70.599999999999994,71.980000000000004,69.709999999999993,71.200000000000002,71.040000000000006,0.16,0.2252,92464.309999999997671,656039.587999999988824
688041.SH,2024.07.04,71.579999999999998,71.700000000000002,68.909999999999996,68.920000000000001,71.200000000000002,-2.28,-3.2022,109672.220000000001164,764551.069999999948777
688041.SH,2024.07.05,68.900000000000005,72.400000000000005,67.719999999999998,71.5,68.920000000000001,2.58,3.7435,174180.589999999996507,1222035.297999999951571
688041.SH,2024.07.08,71.469999999999998,71.719999999999998,70.519999999999995,70.980000000000004,71.5,-0.52,-0.7273,87963.490000000005238,625175.797000000020489
688041.SH,2024.07.09,70.599999999999994,73.670000000000001,70.049999999999997,73.109999999999999,70.980000000000004,2.13,3.0008,159530.519999999989522,1151723.780000000027939
688041.SH,2024.07.10,72.959999999999993,73.290000000000006,72.280000000000001,72.819999999999993,73.109999999999999,-0.29,-0.3967,98055.529999999998835,713310.285999999963678
688041.SH,2024.07.11,74.450000000000002,74.599999999999994,72.019999999999996,72.989999999999994,72.819999999999993,0.17,0.2335,145925.279999999998835,1068572.219000000040978
688041.SH,2024.07.12,72.079999999999998,72.299999999999997,69.760000000000005,70.590000000000003,72.989999999999994,-2.4,-3.2881,143735.899999999994179,1014855.334000000031664
688041.SH,2024.07.15,70.680000000000006,72.950000000000002,70.680000000000006,72,70.590000000000003,1.41,1.9975,144289.60000000000582,1041696.173999999999068
688041.SH,2024.07.16,71.519999999999995,78.549999999999997,71.519999999999995,77.840000000000003,72,5.84,8.1111,337559.979999999981373,2555250.945999999996274
688041.SH,2024.07.17,77.329999999999998,78.659999999999996,76.060000000000002,76.620000000000004,77.840000000000003,-1.22,-1.5673,198115.85000000000582,1528245.002000000094994
688041.SH,2024.07.18,75.349999999999994,76.489999999999994,73.099999999999994,75.359999999999999,76.620000000000004,-1.26,-1.6445,211911.950000000011641,1584205.793999999994412
688041.SH,2024.07.19,75.010000000000005,79.159999999999996,74.930000000000006,78.219999999999998,75.359999999999999,2.86,3.7951,279541.820000000006984,2179008.992000000085681
688041.SH,2024.07.22,78.219999999999998,80.180000000000006,77.879999999999995,78.659999999999996,78.219999999999998,0.44,0.5625,210274.239999999990686,1659704.837000000057742
688041.SH,2024.07.23,78.469999999999998,78.579999999999998,75.129999999999995,75.299999999999997,78.659999999999996,-3.36,-4.2715,166724.369999999995343,1281047.585999999893829
688041.SH,2024.07.24,75.200000000000002,77.609999999999999,75.010000000000005,75.439999999999997,75.299999999999997,0.14,0.1859,147343.339999999996507,1122365.142999999923631
688041.SH,2024.07.25,74.299999999999997,76.489999999999994,74.299999999999997,74.799999999999997,75.439999999999997,-0.64,-0.8484,125217.429999999993015,943190.256000000052154
688041.SH,2024.07.26,75.120000000000004,75.89,73.730000000000004,74.310000000000002,74.799999999999997,-0.49,-0.6551,107201.589999999996507,800180.307000000029802
688041.SH,2024.07.29,74.510000000000005,74.659999999999996,73.079999999999998,73.849999999999994,74.310000000000002,-0.46,-0.619,82205.940000000002328,607072.547999999951571
688041.SH,2024.07.30,73.730000000000004,75.060000000000002,72.489999999999994,75,73.849999999999994,1.15,1.5572,109025.380000000004656,806518.603000000002793
688041.SH,2024.07.31,74.549999999999997,79.870000000000004,74.400000000000005,79.5,75,4.5,6,214188.910000000003492,1670244.436999999918043
688041.SH,2024.08.01,81.010000000000005,81.299999999999997,79.109999999999999,79.659999999999996,79.5,0.16,0.2013,168352.420000000012805,1344851.666999999899417
688041.SH,2024.08.02,78.200000000000002,79.420000000000001,77.569999999999993,77.969999999999998,79.659999999999996,-1.69,-2.1215,131090.149999999994179,1029558.555000000051222
688041.SH,2024.08.05,77.5,77.5,73.450000000000002,73.810000000000002,77.969999999999998,-4.160000000000001,-5.3354,183512.320000000006984,1373632.864999999990686
688041.SH,2024.08.06,75.180000000000006,75.400000000000005,72.810000000000002,74.870000000000004,73.810000000000002,1.06,1.4361,108730.470000000001164,804589.60999999998603
688041.SH,2024.08.07,74.870000000000004,74.879999999999995,71.180000000000006,71.64,74.870000000000004,-3.23,-4.3141,123435.759999999994761,900251.62100000004284
688041.SH,2024.08.08,70.700000000000002,73.430000000000006,70.510000000000005,72.379999999999995,71.64,0.74,1.0329,93052.990000000005238,671568.692999999970197
688041.SH,2024.08.09,73.400000000000005,73.769999999999995,72.010000000000005,72.010000000000005,72.379999999999995,-0.37,-0.5112,78698.449999999997089,573237.820999999996274
688041.SH,2024.08.12,71.959999999999993,74.14,71.700000000000002,73.700000000000002,72.010000000000005,1.69,2.3469,95286.960000000006402,698342.339999999967403
688041.SH,2024.08.13,73.790000000000006,74.980000000000004,72.900000000000005,73.510000000000005,73.700000000000002,-0.19,-0.2578,75860.309999999997671,559439.74800000002142
688041.SH,2024.08.14,74.090000000000003,74.650000000000005,73.260000000000005,73.569999999999993,73.510000000000005,0.06,0.0816,74669.309999999997671,552642.160000000032596
688041.SH,2024.08.15,73.480000000000004,78,73.049999999999997,76.599999999999994,73.569999999999993,3.03,4.1185,190433.049999999988358,1454000.59499999997206
688041.SH,2024.08.16,76.590000000000003,77.659999999999996,76.370000000000004,76.840000000000003,76.599999999999994,0.24,0.3133,93718.779999999998835,721759.991000000038184
688041.SH,2024.08.19,76.980000000000004,78.230000000000003,76.510000000000005,76.840000000000003,76.840000000000003,0,0,79379.110000000000582,613971.104000000050291
688041.SH,2024.08.20,77.299999999999997,77.379999999999995,75.299999999999997,75.650000000000005,76.840000000000003,-1.19,-1.5487,74906.020000000004074,569501.802999999956227
688041.SH,2024.08.21,75.099999999999994,78.099999999999994,75.099999999999994,76.980000000000004,75.650000000000005,1.33,1.7581,93962.660000000003492,721863.167000000015832
688041.SH,2024.08.22,76.799999999999997,78.200000000000002,76.549999999999997,77.299999999999997,76.980000000000004,0.32,0.4157,103492.740000000005238,801791.547999999951571
688041.SH,2024.08.23,76.849999999999994,77.689999999999997,75.5,76.25,77.299999999999997,-1.05,-1.3583,96135.520000000004074,733067.449999999953433
688041.SH,2024.08.26,76.25,77,74.659999999999996,74.879999999999995,76.25,-1.37,-1.7967,73785.770000000004074,556857.410999999963678
688041.SH,2024.08.27,74.430000000000006,76.049999999999997,74.200000000000002,75.299999999999997,74.879999999999995,0.42,0.5609,62227.489999999997962,468393.833999999973457
688041.SH,2024.08.28,75.590000000000003,75.89,74.469999999999998,74.709999999999993,75.299999999999997,-0.59,-0.7835,55231.330000000001746,413817.829000000027008
688041.SH,2024.08.29,74.400000000000005,75.829999999999998,73.409999999999996,75,74.709999999999993,0.29,0.3882,68633.270000000004074,513332.814000000013038
688041.SH,2024.08.30,75.189999999999997,80,74.799999999999997,79.39,75,4.39,5.8533,210509.95999999999185,1651689.395999999949708
688041.SH,2024.09.02,78.909999999999996,80.329999999999998,77.780000000000001,77.870000000000004,79.39,-1.52,-1.9146,117766.520000000004074,930756.326000000000931
688041.SH,2024.09.03,77.870000000000004,78.870000000000004,77.099999999999994,77.319999999999993,77.870000000000004,-0.55,-0.7063,74772.789999999993597,582441.255000000004656
688041.SH,2024.09.04,76.329999999999998,77.280000000000001,76.099999999999994,76.469999999999998,77.319999999999993,-0.85,-1.0993,52525.239999999997962,402902.677000000025145
688041.SH,2024.09.05,76.569999999999993,78.180000000000006,73.799999999999997,74.700000000000002,76.469999999999998,-1.77,-2.3146,113125.440000000002328,857154.560000000055879
688041.SH,2024.09.06,75.200000000000002,78.269999999999996,74,76.180000000000006,74.700000000000002,1.48,1.9813,112578.179999999993015,865599.165999999968335
688041.SH,2024.09.09,76,78.019999999999996,75.719999999999998,76.400000000000005,76.180000000000006,0.22,0.2888,80203.410000000003492,617417.368999999947845
688041.SH,2024.09.10,76.400000000000005,79.879999999999995,76.030000000000001,78.900000000000005,76.400000000000005,2.5,3.2723,123113.929999999993015,965438.312000000034458
688041.SH,2024.09.11,78.5,79.569999999999993,78.349999999999994,79.200000000000002,78.900000000000005,0.3,0.3802,81207.85000000000582,641640.268999999971128
688041.SH,2024.09.12,79.599999999999994,80.090000000000003,76.019999999999996,76.099999999999994,79.200000000000002,-3.1,-3.9141,106552.35000000000582,828398.601000000024214
688041.SH,2024.09.13,76.079999999999998,78.719999999999998,76.079999999999998,77.980000000000004,76.099999999999994,1.88,2.4704,123867.179999999993015,959933.047000000020489
688041.SH,2024.09.18,77.099999999999994,77.359999999999999,74.280000000000001,74.730000000000004,77.980000000000004,-3.25,-4.1677,105737.570000000006984,795802.288999999989755
688041.SH,2024.09.19,75.650000000000005,76.269999999999996,73.900000000000005,75.920000000000001,74.730000000000004,1.19,1.5924,93656.559999999997671,705214.74800000002142
688041.SH,2024.09.20,76,76.189999999999997,74.400000000000005,75.920000000000001,75.920000000000001,0,0,87770.169999999998253,661563.02800000004936
688041.SH,2024.09.23,75.109999999999999,76.349999999999994,74.629999999999995,75.510000000000005,75.920000000000001,-0.41,-0.54,71436.289999999993597,539367.219000000040978
688041.SH,2024.09.24,76.670000000000001,79.049999999999997,75.609999999999999,78.120000000000004,75.510000000000005,2.61,3.4565,167292.059999999997671,1297123.361999999964609
688041.SH,2024.09.25,79.430000000000006,80,78.5,78.75,78.120000000000004,0.63,0.8065,156928.980000000010477,1244426.783999999985098
688041.SH,2024.09.26,78.799999999999997,81.180000000000006,77.75,80.989999999999994,78.75,2.24,2.8444,176564.700000000011641,1403529.574000000022351
688041.SH,2024.09.27,82,86.790000000000006,81.200000000000002,86.090000000000003,80.989999999999994,5.1,6.297100000000001,125666.669999999998253,1055011.429999999934807
688041.SH,2024.09.30,90.090000000000003,103.280000000000001,90.079999999999998,103.280000000000001,86.090000000000003,17.190000000000001,19.967500000000001,441844.210000000020954,4307718.811999999918043
688041.SH,2024.10.08,123.939999999999997,123.939999999999997,118,123.939999999999997,103.280000000000001,20.66,20.003900000000001,472488.989999999990686,5827866.050999999977648
688041.SH,2024.10.09,120.189999999999997,148.699999999999988,118,131,123.939999999999997,7.06,5.6963,780965.140000000013969,10386989.32799999974668
688041.SH,2024.10.10,133.979999999999989,144,119.319999999999993,131.030000000000001,131,0.03,0.0229,579162.040000000037252,7622190.354000000283122
688041.SH,2024.10.11,125.019999999999996,130.789999999999992,121.209999999999993,123.700000000000002,131.030000000000001,-7.33,-5.5941,388576.369999999995343,4864269.342000000178813
688041.SH,2024.10.14,124.989999999999994,125.5,116.450000000000002,124.200000000000002,123.700000000000002,0.5,0.4042,427109.570000000006984,5213762.423000000417232
688041.SH,2024.10.15,124,124.299999999999997,116.989999999999994,117,124.200000000000002,-7.200000000000001,-5.797100000000001,357803.229999999981373,4309667.575000000186264
688041.SH,2024.10.16,115,117.989999999999994,113,113.569999999999993,117,-3.43,-2.9316,251678.290000000008149,2892499.503000000026077
688041.SH,2024.10.17,121.939999999999997,122,116.180000000000006,116.180000000000006,113.569999999999993,2.61,2.2981,331505.929999999993015,3946806.166999999899417
688041.SH,2024.10.18,117,138.889999999999986,115.150000000000005,132.990000000000009,116.180000000000006,16.809999999999998,14.468899999999999,599977.60999999998603,7608761.533999999985098
688041.SH,2024.10.21,136,146.879999999999995,129.060000000000002,131.300000000000011,132.990000000000009,-1.69,-1.2708,674367.760000000009313,9145134.07799999974668
688041.SH,2024.10.22,128,132,125,128.110000000000013,131.300000000000011,-3.19,-2.4296,371905.349999999976716,4780590.502000000327825
688041.SH,2024.10.23,127,129.5,124.659999999999996,125.019999999999996,128.110000000000013,-3.09,-2.412,301782.489999999990686,3840140.97899999981746
688041.SH,2024.10.24,122.519999999999995,126.349999999999994,122.010000000000005,123.799999999999997,125.019999999999996,-1.22,-0.9758,213963.570000000006984,2665221.788000000175088
688041.SH,2024.10.25,125.879999999999995,125.959999999999993,120.650000000000005,122,123.799999999999997,-1.8,-1.454,249737.410000000003492,3064962.782999999821186
688041.SH,2024.10.28,121,124.209999999999993,120.480000000000004,122.569999999999993,122,0.57,0.4672,195496.559999999997671,2388163.762999999802559
688041.SH,2024.10.29,123.329999999999998,132.169999999999987,121.599999999999994,126.530000000000001,122.569999999999993,3.96,3.2308,385735.190000000002328,4901726.637000000104308
688041.SH,2024.10.30,124.799999999999997,128.560000000000002,124.010000000000005,125.189999999999997,126.530000000000001,-1.34,-1.059,269485.979999999981373,3395250.061999999918043
688041.SH,2024.10.31,125.650000000000005,129.780000000000001,124.379999999999995,128.419999999999987,125.189999999999997,3.23,2.5801,345717.85999999998603,4418374.093999999575316
688041.SH,2024.11.01,127,129.699999999999988,123.810000000000002,123.879999999999995,128.419999999999987,-4.54,-3.5353,265038.450000000011641,3347434.257999999914318
688041.SH,2024.11.04,121.989999999999994,124.840000000000003,121.5,124.450000000000002,123.879999999999995,0.57,0.4601,201417.489999999990686,2479943.694999999832361
688041.SH,2024.11.05,124,131.5,123.349999999999994,129.280000000000001,124.450000000000002,4.83,3.8811,330889.700000000011641,4266204.172000000253319
688041.SH,2024.11.06,131.240000000000009,136.949999999999988,127.400000000000005,133.189999999999997,129.280000000000001,3.91,3.0244,354282.679999999993015,4684275.605999999679625
688041.SH,2024.11.07,132,143.990000000000009,131,141.75,133.189999999999997,8.56,6.4269,381192.46999999997206,5273647.359000000171363
688041.SH,2024.11.08,145.879999999999995,149.800000000000011,135.689999999999997,136.990000000000009,141.75,-4.76,-3.358,496635.5,7130097.684999999590218
688041.SH,2024.11.11,133.5,142.969999999999998,131.099999999999994,139.050000000000011,136.990000000000009,2.06,1.5038,577104.119999999995343,7782626.091000000014901
688041.SH,2024.11.12,136,137.389999999999986,129.319999999999993,129.409999999999996,139.050000000000011,-9.64,-6.932800000000001,447249.080000000016298,5922228.425999999977648
688041.SH,2024.11.13,127.439999999999997,132.900000000000005,127.099999999999994,131.50999999999999,129.409999999999996,2.1,1.6227,285141.840000000025611,3719590.399000000208616
688041.SH,2024.11.14,129.800000000000011,132.900000000000005,126.379999999999995,126.700000000000002,131.50999999999999,-4.81,-3.6575,295969.010000000009313,3833863.240000000223517
688041.SH,2024.11.15,126.209999999999993,128.610000000000013,121.900000000000005,121.900000000000005,126.700000000000002,-4.8,-3.7885,231038.049999999988358,2891839.473999999929219
688041.SH,2024.11.18,122.900000000000005,126.790000000000006,121.349999999999994,123.109999999999999,121.900000000000005,1.21,0.9926,252104.010000000009313,3119928.327000000048428
688041.SH,2024.11.19,123.219999999999998,127.780000000000001,122.370000000000004,127.200000000000002,123.109999999999999,4.09,3.3222,216128.35999999998603,2702243.035999999847263
688041.SH,2024.11.20,127.209999999999993,129.75,125.099999999999994,126.540000000000006,127.200000000000002,-0.66,-0.5189,197065.989999999990686,2500334.60399999981746
688041.SH,2024.11.21,125.599999999999994,131.439999999999997,125.510000000000005,128.5,126.540000000000006,1.96,1.5489,260849.75,3367446.919999999925494
688041.SH,2024.11.22,128.699999999999988,132.219999999999998,123.170000000000001,123.900000000000005,128.5,-4.6,-3.5798,257154.579999999987194,3291711.791000000201165
688041.SH,2024.11.25,124.049999999999997,125.200000000000002,116.170000000000001,118.260000000000005,123.900000000000005,-5.64,-4.552100000000001,280936.479999999981373,3338292.520000000018626
688041.SH,2024.11.26,117.969999999999998,119.450000000000002,117.109999999999999,118.099999999999994,118.260000000000005,-0.16,-0.1353,124717.610000000000582,1477502.870000000111758
688041.SH,2024.11.27,116.900000000000005,123.799999999999997,116.299999999999997,123.200000000000002,118.099999999999994,5.1,4.3184,208359.929999999993015,2525283.702000000048428
688041.SH,2024.11.28,123.950000000000002,128.800000000000011,122.439999999999997,126,123.200000000000002,2.8,2.2727,213448.839999999996507,2697715.246999999973922
688041.SH,2024.11.29,125.609999999999999,129,123.099999999999994,125.810000000000002,126,-0.19,-0.1508,213074.529999999998835,2691220.262000000104308
688041.SH,2024.12.02,126.450000000000002,130.330000000000012,126.040000000000006,126.89,125.810000000000002,1.08,0.8584,183856.399999999994179,2352106.58199999993667
688041.SH,2024.12.03,127.650000000000005,127.870000000000004,123.790000000000006,125.370000000000004,126.89,-1.52,-1.1979,159044.010000000009313,2004001.476000000024214
688041.SH,2024.12.04,128.50999999999999,133.699999999999988,127,128.889999999999986,125.370000000000004,3.52,2.8077,302521.229999999981373,3927942.876999999862164
688041.SH,2024.12.05,127.599999999999994,129.800000000000011,126.760000000000005,128.02000000000001,128.889999999999986,-0.87,-0.675,152784.649999999994179,1952056.237999999895691
688041.SH,2024.12.06,128.599999999999994,132.400000000000005,126.299999999999997,129.810000000000002,128.02000000000001,1.79,1.3982,183892.730000000010477,2379502.66399999987334
688041.SH,2024.12.09,129.990000000000009,130.75999999999999,127.269999999999996,128.990000000000009,129.810000000000002,-0.82,-0.6317,140262.470000000001164,1807958.203999999910593
688041.SH,2024.12.10,137,137.879999999999995,130.00999999999999,130.300000000000011,128.990000000000009,1.31,1.0156,246687.769999999989522,3284302.074000000022351
688041.SH,2024.12.11,129.389999999999986,130.419999999999987,123.879999999999995,124.379999999999995,130.300000000000011,-5.92,-4.5434,252691.140000000013969,3178328.580999999772757
688041.SH,2024.12.12,123.879999999999995,127.680000000000006,123.799999999999997,126.799999999999997,124.379999999999995,2.42,1.9457,158256.410000000003492,1992953.428000000072643
688041.SH,2024.12.13,125.290000000000006,127.859999999999999,123.400000000000005,123.810000000000002,126.799999999999997,-2.99,-2.358,200891.170000000012805,2512476.342999999877065
688041.SH,2024.12.16,122.010000000000005,124.900000000000005,119.5,123.420000000000001,123.810000000000002,-0.39,-0.315,161535.040000000008149,1983537.600000000093132
688041.SH,2024.12.17,123.5,123.89,121.420000000000001,121.810000000000002,123.420000000000001,-1.61,-1.3045,114271.360000000000582,1400080.158999999985098
688041.SH,2024.12.18,121.5,122.859999999999999,120.709999999999993,121.200000000000002,121.810000000000002,-0.61,-0.5008,143084.660000000003492,1739968.743999999947845
688041.SH,2024.12.19,120.549999999999997,130.889999999999986,119.519999999999995,128.780000000000001,121.200000000000002,7.58,6.254100000000001,335197.169999999983701,4248731.813000000081956
688041.SH,2024.12.20,128,133.280000000000001,127.780000000000001,131.060000000000002,128.780000000000001,2.28,1.7705,331843.630000000004656,4349429.40500000026077
688041.SH,2024.12.23,132.090000000000003,141.5,131.060000000000002,136.699999999999988,131.060000000000002,5.64,4.3034,497680.400000000023283,6872295.632000000216066
688041.SH,2024.12.24,138.490000000000009,141.210000000000007,134.5,140.75,136.699999999999988,4.05,2.9627,325398.140000000013969,4488752.10800000000745
688041.SH,2024.12.25,147.5,161.219999999999998,147.5,156.599999999999994,140.75,15.849999999999999,11.2611,486734.330000000016298,7606391.117999999783933
688041.SH,2024.12.26,155,160.599999999999994,154.5,159.180000000000006,156.599999999999994,2.58,1.6475,361541.650000000023283,5704294.979000000283122
688041.SH,2024.12.27,159.180000000000006,160.669999999999987,154.789999999999992,155.050000000000011,159.180000000000006,-4.13,-2.5945,310318.590000000025611,4904550.634999999776482
688041.SH,2024.12.30,155,159.180000000000006,151.330000000000012,154,155.050000000000011,-1.05,-0.6772,275322.130000000004656,4270340.686999999918043
688041.SH,2024.12.31,153.479999999999989,154.870000000000004,149.580000000000012,149.789999999999992,154,-4.21,-2.7338,224460.779999999998835,3396781.825000000186264
688041.SH,2025.01.02,148.300000000000011,149.469999999999998,137.409999999999996,139.080000000000012,149.789999999999992,-10.71,-7.150000000000001,386445.940000000002328,5449063.429999999701976
688041.SH,2025.01.03,139.389999999999986,139.800000000000011,135.580000000000012,135.610000000000013,139.080000000000012,-3.47,-2.495,199195.390000000013969,2741766.651999999769032
688041.SH,2025.01.06,137.740000000000009,141.800000000000011,133.330000000000012,134.569999999999993,135.610000000000013,-1.04,-0.7669,199114.630000000004656,2719449.703000000212341
688041.SH,2025.01.07,135.569999999999993,148.620000000000004,134.030000000000001,147.599999999999994,134.569999999999993,13.029999999999999,9.6827,358284.729999999981373,5096022.843999999575316
688041.SH,2025.01.08,145.25,151.300000000000011,144.800000000000011,149.889999999999986,147.599999999999994,2.29,1.5515,328913.75,4877719.725999999791383
688041.SH,2025.01.09,149.889999999999986,150.879999999999995,145.780000000000001,148.199999999999988,149.889999999999986,-1.69,-1.1275,209431.10000000000582,3106013.725000000093132
688041.SH,2025.01.10,149.120000000000004,153.659999999999996,146.629999999999995,146.699999999999988,148.199999999999988,-1.5,-1.0121,326955.119999999995343,4892245.269000000320374
688041.SH,2025.01.13,146.699999999999988,146.699999999999988,141.25999999999999,143.400000000000005,146.699999999999988,-3.3,-2.2495,217896.589999999996507,3121265.214000000152736
688041.SH,2025.01.14,145.5,146.550000000000011,138.280000000000001,144.050000000000011,143.400000000000005,0.65,0.4533,328297.929999999993015,4699483.490000000223517
688041.SH,2025.01.15,144.00999999999999,151.27000000000001,140.870000000000004,147.199999999999988,144.050000000000011,3.15,2.1867,321410.979999999981373,4708994.718000000342726
688041.SH,2025.01.16,147.189999999999997,147.990000000000009,132.789999999999992,132.810000000000002,147.199999999999988,-14.39,-9.7758,515850.60999999998603,7111707.015999999828636
688041.SH,2025.01.17,130,134.819999999999993,129.129999999999995,131.780000000000001,132.810000000000002,-1.03,-0.7755,295167.159999999974388,3889296.126999999862164
688041.SH,2025.01.20,133,136.159999999999996,131.400000000000005,133.900000000000005,131.780000000000001,2.12,1.6087,229018.989999999990686,3072481.175999999977648
688041.SH,2025.01.21,134.599999999999994,134.990000000000009,131.419999999999987,133.030000000000001,133.900000000000005,-0.87,-0.6497,223175.880000000004656,2968710.570999999996274
688041.SH,2025.01.22,132.699999999999988,134.879999999999995,131.050000000000011,132.469999999999998,133.030000000000001,-0.56,-0.421,223486.149999999994179,2972590.592999999877065
688041.SH,2025.01.23,133.830000000000012,135.909999999999996,130.150000000000005,130.539999999999992,132.469999999999998,-1.93,-1.4569,254931.309999999997671,3371067.304000000003725
688041.SH,2025.01.24,130.569999999999993,133.539999999999992,130.00999999999999,131,130.539999999999992,0.46,0.3524,205500.570000000006984,2710711.734000000171363
688041.SH,2025.01.27,128.099999999999994,130.719999999999998,126.010000000000005,128,131,-3,-2.2901,175857.049999999988358,2263675.771000000182539
688041.SH,2025.02.05,136,140.879999999999995,132.659999999999996,139.189999999999997,128,11.189999999999999,8.7422,500169.679999999993015,6830831.678999999538064
688041.SH,2025.02.06,139,141.860000000000013,136.879999999999995,140.810000000000002,139.189999999999997,1.62,1.1639,358856.299999999988358,5018503.370000000111758
688041.SH,2025.02.07,141,144.280000000000001,137.300000000000011,139.699999999999988,140.810000000000002,-1.11,-0.7883,394420.729999999981373,5544944.264999999664723
688041.SH,2025.02.10,140.789999999999992,143.699999999999988,140,142.300000000000011,139.699999999999988,2.6,1.8611,310232.349999999976716,4404750.550999999977648
688041.SH,2025.02.11,142.479999999999989,143.669999999999987,137.530000000000001,140,142.300000000000011,-2.3,-1.6163,266015.030000000027939,3719734.379999999888241
688041.SH,2025.02.12,143,146.550000000000011,139.780000000000001,141.080000000000012,140,1.08,0.7714,284616.229999999981373,4038758.765000000130385
688041.SH,2025.02.13,140.5,140.5,135,135.050000000000011,141.080000000000012,-6.030000000000001,-4.274200000000001,284332.200000000011641,3890415.549999999813735
688041.SH,2025.02.14,135.050000000000011,137.400000000000005,134.210000000000007,135.889999999999986,135.050000000000011,0.84,0.622,190713.10999999998603,2587908.53899999987334
688041.SH,2025.02.17,137.300000000000011,144.50999999999999,137.300000000000011,141.610000000000013,135.889999999999986,5.72,4.2093,378890.710000000020954,5359928.275000000372529
688041.SH,2025.02.18,141,141.900000000000005,136.379999999999995,137.469999999999998,141.610000000000013,-4.14,-2.9235,204517.470000000001164,2846087.146000000182539
688041.SH,2025.02.19,137.5,139.439999999999997,136.050000000000011,137.370000000000004,137.469999999999998,-0.1,-0.0727,251330.339999999996507,3454393.504999999888241
688041.SH,2025.02.20,138.169999999999987,140.52000000000001,135.310000000000002,136.150000000000005,137.370000000000004,-1.22,-0.8881,213137.579999999987194,2918970.391999999992549
688041.SH,2025.02.21,139.069999999999993,160.00999999999999,139.069999999999993,156.960000000000008,136.150000000000005,20.809999999999998,15.284599999999999,782441.420000000041909,11800501.912000000476837
688041.SH,2025.02.24,155.870000000000004,157.419999999999987,151.52000000000001,154.060000000000002,156.960000000000008,-2.9,-1.8476,374964.510000000009313,5784547.208999999798834
688041.SH,2025.02.25,151,161.289999999999992,149.210000000000007,155.900000000000005,154.060000000000002,1.84,1.1943,394849.599999999976716,6095226.350999999791383
688041.SH,2025.02.26,158.289999999999992,168.5,152.780000000000001,165,155.900000000000005,9.099999999999999,5.837100000000001,518137.070000000006984,8350170.495000000111758
688041.SH,2025.02.27,165.050000000000011,171.900000000000005,162.599999999999994,169.990000000000009,165,4.990000000000001,3.0242,490230.760000000009313,8200020.910000000149011
688041.SH,2025.02.28,169.5,169.5,157.830000000000012,160,169.990000000000009,-9.99,-5.876800000000001,423431.270000000018626,6871976.441999999806284
688041.SH,2025.03.03,160.050000000000011,162.090000000000003,149.50999999999999,150.930000000000006,160,-9.07,-5.6688,396221.030000000027939,6082397.394000000320374
688041.SH,2025.03.04,147.5,156,147,151.5,150.930000000000006,0.57,0.3777,300387.849999999976716,4549771.067999999970197
688041.SH,2025.03.05,150.960000000000008,154.789999999999992,150.129999999999995,153.949999999999988,151.5,2.45,1.6172,230757.730000000010477,3515640.782000000122934
688041.SH,2025.03.06,159,166.659999999999996,155.710000000000007,163.030000000000001,153.949999999999988,9.08,5.898,398241.979999999981373,6474314.876000000163912
688041.SH,2025.03.07,161.5,164.240000000000009,158.699999999999988,159.800000000000011,163.030000000000001,-3.23,-1.9812,214629.200000000011641,3469333.054000000003725
688041.SH,2025.03.10,159.789999999999992,164.819999999999993,158,163,159.800000000000011,3.2,2.0025,222797.799999999988358,3594917.067999999970197
688041.SH,2025.03.11,158.900000000000005,160.599999999999994,155,158.00999999999999,163,-4.990000000000001,-3.0613,248571.970000000001164,3910331.001999999862164
688041.SH,2025.03.12,162.879999999999995,169.280000000000001,160.5,162.419999999999987,158.00999999999999,4.410000000000001,2.791,364044.60999999998603,6009882.144000000320374
688041.SH,2025.03.13,164.729999999999989,164.729999999999989,154.169999999999987,155.490000000000009,162.419999999999987,-6.93,-4.266700000000001,249185.890000000013969,3939397.186000000219792
688041.SH,2025.03.14,155.990000000000009,159.300000000000011,154.300000000000011,156.879999999999995,155.490000000000009,1.39,0.8939,255525.910000000003492,4015842.407000000122934
688041.SH,2025.03.17,158.659999999999996,158.800000000000011,154.280000000000001,154.789999999999992,156.879999999999995,-2.09,-1.3322,166641.549999999988358,2593589.291000000201165
688041.SH,2025.03.18,155.080000000000012,157.219999999999998,153.030000000000001,153.400000000000005,154.789999999999992,-1.39,-0.898,151523.079999999987194,2346101.805000000167638
688041.SH,2025.03.19,152.800000000000011,154.539999999999992,151.800000000000011,152.840000000000003,153.400000000000005,-0.56,-0.3651,120263.5,1838231.195999999996274
688041.SH,2025.03.20,151.00999999999999,153.689999999999997,149.02000000000001,151.659999999999996,152.840000000000003,-1.18,-0.772,136594.440000000002328,2075479.48300000000745
688041.SH,2025.03.21,151.5,152.629999999999995,144,145.800000000000011,151.659999999999996,-5.860000000000001,-3.8639,213896.420000000012805,3156244.39699999988079
688041.SH,2025.03.24,145.800000000000011,149.340000000000003,144.5,149,145.800000000000011,3.2,2.1948,160191.809999999997671,2351207.291000000201165
688041.SH,2025.03.25,148.900000000000005,150.280000000000001,141,142.02000000000001,149,-6.980000000000001,-4.6846,208015.649999999994179,3009241.924999999813735
688041.SH,2025.03.26,142.300000000000011,143.409999999999996,140.800000000000011,141.050000000000011,142.02000000000001,-0.97,-0.683,122822.649999999994179,1742009.99600000004284
688041.SH,2025.03.27,141.789999999999992,144.879999999999995,141.400000000000005,142.159999999999996,141.050000000000011,1.11,0.787,151995.739999999990686,2174122.876000000163912
688041.SH,2025.03.28,141.719999999999998,142.800000000000011,140.00999999999999,140.990000000000009,142.159999999999996,-1.17,-0.823,105508.949999999997089,1489494.101999999955296
688041.SH,2025.03.31,139.819999999999993,142.319999999999993,138.990000000000009,141.300000000000011,140.990000000000009,0.31,0.2199,116827.10000000000582,1640783.30199999990873
688041.SH,2025.04.01,142.389999999999986,144.110000000000013,141.689999999999997,141.909999999999996,141.300000000000011,0.61,0.4317,140023.429999999993015,1998597.253000000026077
688041.SH,2025.04.02,141.199999999999988,142.620000000000004,140.680000000000006,141.830000000000012,141.909999999999996,-0.08,-0.0564,76108.289999999993597,1078637.131999999983236
688041.SH,2025.04.03,140.00999999999999,145.379999999999995,140.00999999999999,142.02000000000001,141.830000000000012,0.19,0.134,140926.630000000004656,2017350.132999999914318
688041.SH,2025.04.07,135.550000000000011,140.219999999999998,128.069999999999993,136.460000000000007,142.02000000000001,-5.56,-3.9149,377565.489999999990686,5125057.018000000156462
688041.SH,2025.04.08,138,138.960000000000008,130.550000000000011,134.229999999999989,136.460000000000007,-2.23,-1.6342,285596.690000000002328,3809132.62099999981001
688041.SH,2025.04.09,132,142.740000000000009,131.659999999999996,141.479999999999989,134.229999999999989,7.25,5.401200000000001,336544.700000000011641,4678045.506000000052154
688041.SH,2025.04.10,143.77000000000001,144.5,140.120000000000004,141.27000000000001,141.479999999999989,-0.21,-0.1484,216481.200000000011641,3073650.387000000104308
688041.SH,2025.04.11,142.5,152.879999999999995,141.02000000000001,146.919999999999987,141.27000000000001,5.650000000000001,3.9994,316773.049999999988358,4642397.826000000350177
688041.SH,2025.04.14,148,151.25999999999999,145.199999999999988,150.150000000000005,146.919999999999987,3.23,2.1985,215683.5,3207569.484999999869614
688041.SH,2025.04.15,149.680000000000006,151.430000000000006,147.479999999999989,150.400000000000005,150.150000000000005,0.25,0.1665,132901.690000000002328,1984973.804000000003725
688041.SH,2025.04.16,155,155.699999999999988,149.02000000000001,154.5,150.400000000000005,4.1,2.7261,220774.190000000002328,3356369.612999999895691
688041.SH,2025.04.17,152.490000000000009,157.77000000000001,152,154,154.5,-0.5,-0.3236,163595.470000000001164,2523530.427000000141561
688041.SH,2025.04.18,152.75,152.800000000000011,147.800000000000011,149.639999999999986,154,-4.360000000000001,-2.8312,129587.449999999997089,1939699.702000000048428
688041.SH,2025.04.21,150.680000000000006,154.870000000000004,149.789999999999992,153.719999999999998,149.639999999999986,4.08,2.7265,131589.950000000011641,2017079.668999999994412
688041.SH,2025.04.22,154.680000000000006,157.27000000000001,152.080000000000012,152.099999999999994,153.719999999999998,-1.62,-1.0539,176601.029999999998835,2732403.145000000018626
688041.SH,2025.04.23,152.099999999999994,153.530000000000001,148.449999999999988,149,152.099999999999994,-3.1,-2.0381,146649.339999999996507,2192327.186999999918043
688041.SH,2025.04.24,149,151.349999999999994,148.060000000000002,148.300000000000011,149,-0.7,-0.4698,87824.669999999998253,1311540.472999999998137
688041.SH,2025.04.25,149.069999999999993,149.680000000000006,146.659999999999996,147.210000000000007,148.300000000000011,-1.09,-0.735,90156.080000000001746,1334717.422999999951571
688041.SH,2025.04.28,147.969999999999998,149.75,147.150000000000005,148.599999999999994,147.210000000000007,1.39,0.9442,86063.60000000000582,1276793.402000000001862
688041.SH,2025.04.29,148.060000000000002,150.719999999999998,145.659999999999996,150.099999999999994,148.599999999999994,1.5,1.0094,91265.610000000000582,1356820.472000000067055
688041.SH,2025.04.30,149.5,152.280000000000001,148.400000000000005,148.599999999999994,150.099999999999994,-1.5,-0.9993,114902.899999999994179,1723056.252000000094994
688041.SH,2025.05.06,151.099999999999994,151.099999999999994,147.550000000000011,150.00999999999999,148.599999999999994,1.41,0.9489,125352.820000000006984,1870456.685999999986961
688041.SH,2025.05.07,153.409999999999996,153.409999999999996,149.400000000000005,150.800000000000011,150.00999999999999,0.79,0.5266,126742.449999999997089,1910156.347000000067055
688041.SH,2025.05.08,149.5,149.979999999999989,145.909999999999996,146,150.800000000000011,-4.8,-3.183,164947.390000000013969,2427864.592000000178813
688041.SH,2025.05.09,145.610000000000013,146.27000000000001,143.879999999999995,143.879999999999995,146,-2.12,-1.4521,95020.539999999993597,1375398.296000000089406
688041.SH,2025.05.12,143.599999999999994,145.680000000000006,142.800000000000011,143.699999999999988,143.879999999999995,-0.18,-0.1251,114020.35000000000582,1642442.800000000046566
688041.SH,2025.05.13,144.539999999999992,144.699999999999988,142,142.169999999999987,143.699999999999988,-1.53,-1.0647,100434.970000000001164,1436862.793999999994412
688041.SH,2025.05.14,143.400000000000005,145.5,142.699999999999988,144.219999999999998,142.169999999999987,2.05,1.4419,118534.35000000000582,1708402.76300000003539
688041.SH,2025.05.15,144.210000000000007,144.979999999999989,141.699999999999988,142.110000000000013,144.219999999999998,-2.11,-1.463,85999.899999999994179,1227878.124000000068917
688041.SH,2025.05.16,142.00999999999999,142.669999999999987,137.060000000000002,138.490000000000009,141.939999999999997,-3.45,-2.4306,135722.170000000012805,1885082.865999999921768
688041.SH,2025.05.19,138.800000000000011,140.659999999999996,138.080000000000012,139.900000000000005,138.490000000000009,1.41,1.0181,79967.080000000001746,1114671.081000000005587
688041.SH,2025.05.20,139.840000000000003,140.75,138.800000000000011,138.960000000000008,139.900000000000005,-0.94,-0.6719,78640.399999999994179,1098006.993000000016763
688041.SH,2025.05.21,138.5,139.810000000000002,138.02000000000001,138.849999999999994,138.960000000000008,-0.11,-0.0792,61520.540000000000873,855266.332000000053085
688041.SH,2025.05.22,138.50999999999999,139.560000000000002,136,136.659999999999996,138.849999999999994,-2.19,-1.5772,86075.360000000000582,1184784.350000000093132
688041.SH,2025.05.23,136.669999999999987,139.780000000000001,135.379999999999995,136.129999999999995,136.659999999999996,-0.53,-0.3878,99657.389999999999417,1368973.473999999929219
688041.SH,2025.06.10,148,148,140,141.979999999999989,136.129999999999995,5.85,4.2974,609077.339999999967403,8730159.986999999731779
688041.SH,2025.06.11,140.099999999999994,141,135.409999999999996,135.5,141.979999999999989,-6.480000000000001,-4.564,319709.690000000002328,4367176.605999999679625
688041.SH,2025.06.12,135.5,136.560000000000002,132.00999999999999,136.090000000000003,135.5,0.59,0.4354,187557.829999999987194,2532497.845999999903142
688041.SH,2025.06.13,135.00999999999999,137.960000000000008,134.430000000000006,137.060000000000002,136.090000000000003,0.97,0.7128,194930.230000000010477,2656599.455000000074505
688041.SH,2025.06.16,136.689999999999997,138.979999999999989,135.740000000000009,138.349999999999994,137.060000000000002,1.29,0.9412,148708.059999999997671,2048039.604999999981373
688041.SH,2025.06.17,138.199999999999988,138.199999999999988,135.379999999999995,135.699999999999988,138.349999999999994,-2.65,-1.9154,131544.45999999999185,1789374.772000000113621
688041.SH,2025.06.18,136.129999999999995,136.400000000000005,134.210000000000007,134.680000000000006,135.699999999999988,-1.02,-0.7517,119177.809999999997671,1608698.270999999949708
688041.SH,2025.06.19,134.240000000000009,136.360000000000013,133.580000000000012,134.150000000000005,134.680000000000006,-0.53,-0.3935,106469.160000000003492,1435641.243000000016763
688041.SH,2025.06.20,134.5,135.479999999999989,133.5,133.5,134.150000000000005,-0.65,-0.4845,90186.919999999998253,1209991.161000000080093
688041.SH,2025.06.23,133.00999999999999,134.360000000000013,132.900000000000005,133.580000000000012,133.5,0.08,0.0599,90571.940000000002328,1209231.345999999903142
688041.SH,2025.06.24,134,138.120000000000004,133.599999999999994,137.139999999999986,133.580000000000012,3.56,2.6651,196080.529999999998835,2674750.708999999798834
688041.SH,2025.06.25,136.539999999999992,138.25,135.740000000000009,137.990000000000009,137.139999999999986,0.85,0.6198,169955.899999999994179,2332328.873999999836087
688041.SH,2025.06.26,138.800000000000011,146.680000000000006,138.110000000000013,141.75,137.990000000000009,3.76,2.7248,299167.330000000016298,4273947.68599999975413
688041.SH,2025.06.27,142.849999999999994,143.289999999999992,138.879999999999995,139,141.75,-2.75,-1.94,170610.970000000001164,2388931.717999999877065
688041.SH,2025.06.30,139.159999999999996,142.77000000000001,138.689999999999997,141.289999999999992,139,2.29,1.6475,154044.649999999994179,2173041.987999999895691
688041.SH,2025.07.01,141.069999999999993,141.090000000000003,136.210000000000007,136.5,141.289999999999992,-4.79,-3.3902,195411.390000000013969,2683905.185000000055879
688041.SH,2025.07.02,136.310000000000002,136.780000000000001,135.5,135.560000000000002,136.5,-0.94,-0.6886,102669.330000000001746,1395235.280999999959021
688041.SH,2025.07.03,135.800000000000011,136.430000000000006,135.099999999999994,135.360000000000013,135.560000000000002,-0.2,-0.1475,91407.419999999998253,1238216.53499999991618
688041.SH,2025.07.04,135.360000000000013,137.300000000000011,134.900000000000005,135.560000000000002,135.360000000000013,0.2,0.1478,111513.270000000004074,1514571.790999999968335
688041.SH,2025.07.07,135.560000000000002,136.319999999999993,134.830000000000012,136.030000000000001,135.560000000000002,0.47,0.3467,72322.369999999995343,981568.197999999974854
688041.SH,2025.07.08,136.159999999999996,137.199999999999988,135.389999999999986,136.900000000000005,136.030000000000001,0.87,0.6396,100735.860000000000582,1375161.421000000089406
688041.SH,2025.07.09,137.189999999999997,137.379999999999995,135.379999999999995,135.389999999999986,136.900000000000005,-1.51,-1.103,90619.80000000000291,1234160.610000000102445
688041.SH,2025.07.10,135.50999999999999,136.099999999999994,135.00999999999999,135.110000000000013,135.389999999999986,-0.28,-0.2068,109404.660000000003492,1480661.391999999992549
688041.SH,2025.07.11,135.460000000000007,138.949999999999988,135.00999999999999,137.430000000000006,135.110000000000013,2.32,1.7171,209639.410000000003492,2880699.145000000018626
688041.SH,2025.07.14,137,137.680000000000006,136,136.099999999999994,137.430000000000006,-1.33,-0.9678,96210.699999999997089,1313903.137000000104308
688041.SH,2025.07.15,136.099999999999994,137.639999999999986,135.860000000000013,136.699999999999988,136.099999999999994,0.6,0.4409,133083.440000000002328,1816701.017999999923631
688041.SH,2025.07.16,136.699999999999988,139.150000000000005,136.5,137.560000000000002,136.699999999999988,0.86,0.6291,157453.730000000010477,2169023.138999999966472
688041.SH,2025.07.17,137.560000000000002,138,135.819999999999993,138,137.560000000000002,0.44,0.3199,171590.589999999996507,2347195.046999999787658
688041.SH,2025.07.18,137.5,138.159999999999996,136.310000000000002,136.969999999999998,138,-1.03,-0.7464,120687.449999999997089,1654756.450999999884515
688041.SH,2025.07.21,137.219999999999998,138.340000000000003,136.180000000000006,136.669999999999987,136.969999999999998,-0.3,-0.219,131695.010000000009313,1804042.300000000046566
688041.SH,2025.07.22,136.5,137.639999999999986,135.199999999999988,135.340000000000003,136.669999999999987,-1.33,-0.9731,220066.049999999988358,2995090.612999999895691
688041.SH,2025.07.23,135.400000000000005,136.27000000000001,134.849999999999994,135.169999999999987,135.340000000000003,-0.17,-0.1256,203824.720000000001164,2760903.353000000119209
688041.SH,2025.07.24,135.449999999999988,137.780000000000001,135.439999999999997,136.699999999999988,135.169999999999987,1.53,1.1319,198306.320000000006984,2706856.453999999910593
688041.SH,2025.07.25,136.860000000000013,142.990000000000009,136.120000000000004,141.490000000000009,136.699999999999988,4.79,3.504,358895.25,5000457.425999999977648
688041.SH,2025.07.28,141.00999999999999,141.300000000000011,138.699999999999988,139.930000000000006,141.490000000000009,-1.56,-1.1026,186479.339999999996507,2607009.430999999865889
688041.SH,2025.07.29,139.099999999999994,145,138.50999999999999,143,139.930000000000006,3.07,2.194,281625.179999999993015,3998417.032000000122934
688041.SH,2025.07.30,142.099999999999994,143.189999999999997,139.610000000000013,140.449999999999988,143,-2.55,-1.7832,169458.329999999987194,2393448.555999999865889
688041.SH,2025.07.31,140.300000000000011,144.960000000000008,138.800000000000011,139.199999999999988,140.449999999999988,-1.25,-0.89,310673.820000000006984,4390459.188000000081956
688041.SH,2025.08.01,139.699999999999988,143.669999999999987,137.02000000000001,137.75,139.199999999999988,-1.45,-1.0417,225490.529999999998835,3151509.515000000130385
688041.SH,2025.08.04,137,145.030000000000001,137,142.580000000000012,137.75,4.83,3.5064,319196.020000000018626,4550834.998999999836087
688041.SH,2025.08.05,141.5,142.800000000000011,139.349999999999994,142.460000000000007,142.580000000000012,-0.12,-0.0842,176127.630000000004656,2489166.223000000230967
688041.SH,2025.08.06,139.349999999999994,139.620000000000004,136.379999999999995,137.340000000000003,142.460000000000007,-5.120000000000001,-3.594,408682.599999999976716,5613457.353000000119209
688041.SH,2025.08.07,137.889999999999986,138.849999999999994,136.409999999999996,136.610000000000013,137.340000000000003,-0.73,-0.5315,242396.980000000010477,3328624.756000000052154
688041.SH,2025.08.08,136.599999999999994,137.169999999999987,135.699999999999988,136.120000000000004,136.610000000000013,-0.49,-0.3587,165157.269999999989522,2249937.37099999981001
688041.SH,2025.08.11,136.150000000000005,136.889999999999986,135.699999999999988,135.909999999999996,136.120000000000004,-0.21,-0.1543,160455.339999999996507,2184254.280999999959021
688041.SH,2025.08.12,136,143.680000000000006,135.050000000000011,138.800000000000011,135.909999999999996,2.89,2.1264,495999.289999999979045,6896303.131000000052154
688041.SH,2025.08.13,140,142.330000000000012,138.580000000000012,140.120000000000004,138.800000000000011,1.32,0.951,368883.710000000020954,5177697.114000000059604
688041.SH,2025.08.14,140.900000000000005,159.990000000000009,140.560000000000002,152.490000000000009,140.120000000000004,12.369999999999999,8.828099999999999,789014.780000000027939,12019911.088999999687075
688041.SH,2025.08.15,150.030000000000001,155,150,153.860000000000013,152.490000000000009,1.37,0.8984,442455.400000000023283,6770492.666000000201165
688041.SH,2025.08.18,155,155.580000000000012,151.400000000000005,152.610000000000013,153.860000000000013,-1.25,-0.8124,430598.349999999976716,6592989.485999999567866
688041.SH,2025.08.19,152.099999999999994,153.659999999999996,148.699999999999988,148.729999999999989,152.610000000000013,-3.88,-2.5424,363116.409999999974388,5472754.781000000424683
688041.SH,2025.08.20,148.879999999999995,155.960000000000008,146.77000000000001,155.789999999999992,148.729999999999989,7.06,4.746900000000001,482361.729999999981373,7339021.047000000253319
688041.SH,2025.08.21,156.909999999999996,160.300000000000011,154.139999999999986,155.050000000000011,155.789999999999992,-0.74,-0.475,417575.409999999974388,6561110.984000000171363
688041.SH,2025.08.22,159.180000000000006,186.060000000000002,159.180000000000006,186.060000000000002,155.050000000000011,31.010000000000001,20,751546.319999999948777,13309982.03099999949336
688041.SH,2025.08.25,196,217.659999999999996,195.360000000000013,210.099999999999994,186.060000000000002,24.039999999999999,12.9206,1022044.239999999990686,21035996.934000000357627
688041.SH,2025.08.26,203.180000000000006,203.900000000000005,196.800000000000011,197.229999999999989,210.099999999999994,-12.869999999999999,-6.125700000000001,579201.790000000037252,11572471.615000000223517
688041.SH,2025.08.27,200.169999999999987,202.610000000000013,191.370000000000004,191.949999999999988,197.229999999999989,-5.280000000000001,-2.6771,645846.890000000013969,12778391.678999999538064
688041.SH,2025.08.28,191,205.689999999999997,190.879999999999995,205,191.949999999999988,13.05,6.798600000000001,697395.150000000023283,13774649.778000000864267
688041.SH,2025.08.29,199.710000000000007,199.819999999999993,192.599999999999994,194.52000000000001,205,-10.48,-5.1122,498827.640000000013969,9790166.234999999403953
688041.SH,2025.09.01,199,217.330000000000012,194.900000000000005,208.960000000000008,194.52000000000001,14.439999999999999,7.4234,657334.130000000004656,13449100.18500000052154
688041.SH,2025.09.02,206,211.789999999999992,196.800000000000011,201.889999999999986,208.960000000000008,-7.070000000000001,-3.3834,550626.229999999981373,11252789.619000000879168
688041.SH,2025.09.03,198,199.389999999999986,192,194.979999999999989,201.889999999999986,-6.91,-3.4227,390034.010000000009313,7617745.955000000074505
688041.SH,2025.09.04,195.5,195.599999999999994,170.409999999999996,173.280000000000001,194.979999999999989,-21.699999999999999,-11.1293,670917.050000000046566,12044217.642999999225139
688041.SH,2025.09.05,173.879999999999995,181.240000000000009,169.330000000000012,179.400000000000005,173.280000000000001,6.120000000000001,3.5319,460465.549999999988358,8044531.092000000178813
688041.SH,2025.09.08,179.990000000000009,182.5,175.120000000000004,179.349999999999994,179.400000000000005,-0.05,-0.0279,323919.460000000020954,5780920.118999999947845
688041.SH,2025.09.09,177.430000000000006,179.300000000000011,173.5,174.50999999999999,179.349999999999994,-4.84,-2.6986,243369.119999999995343,4280954.90500000026077
688041.SH,2025.09.10,178.27000000000001,189.409999999999996,178.27000000000001,184.030000000000001,174.50999999999999,9.519999999999999,5.455300000000001,469813.650000000023283,8656282.354000000283122
688041.SH,2025.09.11,185.139999999999986,220.840000000000003,184.800000000000011,220.840000000000003,184.030000000000001,36.810000000000002,20.002199999999998,775787.35999999998603,15996969.869999999180436
688041.SH,2025.09.12,216,233.330000000000012,215.680000000000006,220.02000000000001,220.840000000000003,-0.82,-0.3713,815048.60999999998603,18219965.133000001311302
688041.SH,2025.09.15,232.240000000000009,241.879999999999995,225.00999999999999,231.5,220.02000000000001,11.48,5.2177,662508.589999999967403,15421766.407999999821186
688041.SH,2025.09.16,234.069999999999993,255.960000000000008,234,246,231.5,14.5,6.2635,640810.010000000009313,15794796.504000000655651
688041.SH,2025.09.17,241.569999999999993,244.969999999999998,234.550000000000011,242.689999999999997,246,-3.31,-1.3455,491193.799999999988358,11780855.548000000417232
688041.SH,2025.09.18,250.060000000000002,265,237.00999999999999,243.810000000000002,242.689999999999997,1.12,0.4615,760285.71999999997206,19119557.824000000953674
688041.SH,2025.09.19,247.990000000000009,249.990000000000009,235.199999999999988,235.960000000000008,243.810000000000002,-7.85,-3.2197,497654.179999999993015,11972547.56900000013411
688041.SH,2025.09.22,232,274.779999999999972,230,261.209999999999979,235.960000000000008,25.25,10.701,718828.180000000051222,18179081.182999998331069
688041.SH,2025.09.23,258.879999999999995,264.879999999999995,249.530000000000001,254.659999999999996,261.209999999999979,-6.55,-2.5076,537573.050000000046566,13752965.639000000432133
688041.SH,2025.09.24,255.990000000000009,267,252.159999999999996,259.889999999999986,254.659999999999996,5.230000000000001,2.0537,546061.680000000051222,14120154.981000000610947
688041.SH,2025.09.25,259.879999999999995,277.980000000000018,258.050000000000011,267.920000000000015,259.889999999999986,8.029999999999999,3.0898,481051.780000000027939,12965479.640000000596046
688041.SH,2025.09.26,263.029999999999972,268.680000000000006,259,259.100000000000022,267.920000000000015,-8.82,-3.292,343307.909999999974388,9049612.442999999970197
688041.SH,2025.09.29,259,259.879999999999995,246,255.840000000000003,259.100000000000022,-3.26,-1.2582,463718.830000000016298,11751260.139000000432133
688041.SH,2025.09.30,260.5,262.5,251.5,252.599999999999994,255.840000000000003,-3.24,-1.2664,389907.979999999981373,9959058.583000000566244
688041.SH,2025.10.09,262,273.329999999999984,261.389999999999986,263.050000000000011,252.599999999999994,10.449999999999999,4.137,463207.239999999990686,12377111.523000000044703
688041.SH,2025.10.10,257,257,238.580000000000012,241.490000000000009,263.050000000000011,-21.559999999999998,-8.196199999999999,479821.489999999990686,11797045.890000000596046
688041.SH,2025.10.13,241,249.879999999999995,237.00999999999999,244,241.490000000000009,2.51,1.0394,383086.710000000020954,9317151.796000000089406
688041.SH,2025.10.14,248.800000000000011,248.979999999999989,224.379999999999995,227.599999999999994,244,-16.399999999999998,-6.721300000000001,461919.679999999993015,10823030.703999999910593
688041.SH,2025.10.15,228.180000000000006,243.210000000000007,228.060000000000002,241.050000000000011,227.599999999999994,13.449999999999999,5.909500000000001,359011.049999999988358,8451373.359999999403953
688041.SH,2025.10.16,230,238.580000000000012,227.840000000000003,233.00999999999999,241.050000000000011,-8.039999999999999,-3.3354,297676.460000000020954,6961368.398000000044703
688041.SH,2025.10.17,233.289999999999992,234.889999999999986,223,228.25,233.00999999999999,-4.76,-2.0428,293853.590000000025611,6748460.641999999992549
688041.SH,2025.10.20,235,236.699999999999988,227.199999999999988,228.740000000000009,228.25,0.49,0.2147,281949.440000000002328,6531221.915000000037252
688041.SH,2025.10.21,229.199999999999988,240.389999999999986,225.599999999999994,236.900000000000005,228.740000000000009,8.16,3.5674,338303.679999999993015,7930160.764000000432133
688041.SH,2025.10.22,233.75999999999999,247.199999999999988,232.879999999999995,241.789999999999992,236.900000000000005,4.89,2.0642,359162.849999999976716,8641224.245999999344348
688041.SH,2025.10.23,238.120000000000004,239,231.639999999999986,236.150000000000005,241.789999999999992,-5.64,-2.3326,223491.10999999998603,5242779.421000000089406
688041.SH,2025.10.24,240.00999999999999,251.810000000000002,237.310000000000002,249.00999999999999,236.150000000000005,12.859999999999999,5.445700000000001,404470.099999999976716,9917363.698000000789761
688041.SH,2025.10.27,253,254.840000000000003,245.550000000000011,251.030000000000001,249.00999999999999,2.02,0.8112,347732.150000000023283,8674534.244999999180436
688041.SH,2025.10.28,248,252.580000000000012,245.080000000000012,245.740000000000009,251.030000000000001,-5.29,-2.1073,245426.690000000002328,6086608.06099999975413
688041.SH,2025.10.29,245.069999999999993,252.75999999999999,242.240000000000009,246.840000000000003,245.740000000000009,1.1,0.4476,259788.029999999998835,6414161.137000000104308
688041.SH,2025.10.30,245,248.879999999999995,236.379999999999995,238.199999999999988,246.840000000000003,-8.64,-3.5002,321113.919999999983701,7755256.370000000111758
688041.SH,2025.10.31,238,239.800000000000011,229.060000000000002,229.330000000000012,238.199999999999988,-8.869999999999999,-3.7238,261900.559999999997671,6064774.45299999974668
688041.SH,2025.11.03,225.990000000000009,227.129999999999995,220.860000000000013,226.169999999999987,229.330000000000012,-3.16,-1.3779,223770.809999999997671,5017786.407999999821186
688041.SH,2025.11.04,226.129999999999995,230.650000000000005,221.860000000000013,223.699999999999988,226.169999999999987,-2.47,-1.0921,178258.140000000013969,4029342.524999999906867
688041.SH,2025.11.05,218.00999999999999,224.409999999999996,217.5,222,223.699999999999988,-1.7,-0.7599,182133.329999999987194,4011416.294999999925494
688041.SH,2025.11.06,227,246.379999999999995,226.00999999999999,239.680000000000006,222,17.679999999999999,7.964000000000001,419992.650000000023283,9941121.597999999299645
688041.SH,2025.11.07,233.969999999999998,237.25,230.710000000000007,232.669999999999987,239.680000000000006,-7.01,-2.9247,214155.059999999997671,5010511.85800000000745
688041.SH,2025.11.10,232,233.210000000000007,220.680000000000006,224.870000000000004,232.669999999999987,-7.8,-3.3524,240905.690000000002328,5400051.941999999806284
688041.SH,2025.11.11,226,230.900000000000005,220.5,221.400000000000005,224.870000000000004,-3.47,-1.5431,185701.420000000012805,4174707.762000000104308
688041.SH,2025.11.12,221,221.949999999999988,216,219.979999999999989,221.400000000000005,-1.42,-0.6414,172378.029999999998835,3774076.205999999772757
688041.SH,2025.11.13,219.900000000000005,224.340000000000003,216.199999999999988,222.75,219.979999999999989,2.77,1.2592,190946.10999999998603,4207202.615000000223517
688041.SH,2025.11.14,218,218,212.210000000000007,212.210000000000007,222.75,-10.539999999999999,-4.7318,198641.589999999996507,4278790.415000000037252
688041.SH,2025.11.17,213.800000000000011,217.879999999999995,211.180000000000006,213.530000000000001,212.210000000000007,1.32,0.622,152653.070000000006984,3270462.27600000007078
688041.SH,2025.11.18,212.780000000000001,218.199999999999988,212.00999999999999,215,213.530000000000001,1.47,0.6884,155605.989999999990686,3357818.629999999888241
688041.SH,2025.11.19,215,218.900000000000005,212.840000000000003,213.030000000000001,215,-1.97,-0.9163,118761.539999999993597,2559043.967000000178813
688041.SH,2025.11.20,218.289999999999992,219.789999999999992,213.50999999999999,214.830000000000012,213.030000000000001,1.8,0.845,132723.119999999995343,2867827.330000000074505
688041.SH,2025.11.21,210,211.879999999999995,205.360000000000013,206.300000000000011,214.830000000000012,-8.529999999999999,-3.9706,175645.980000000010477,3655836.02199999988079
688041.SH,2025.11.24,208.969999999999998,210.819999999999993,203.27000000000001,208.25999999999999,206.300000000000011,1.96,0.9501,178328.950000000011641,3706437.989000000059604
688041.SH,2025.11.25,210,211.780000000000001,204.360000000000013,206.699999999999988,208.25999999999999,-1.56,-0.7491,212856.079999999987194,4416982.745000000111758
688041.SH,2025.11.26,206,217.620000000000004,204,213.650000000000005,206.699999999999988,6.950000000000001,3.3624,298220.60999999998603,6371850.334999999962747
688041.SH,2025.11.27,217,232.889999999999986,215.659999999999996,215.949999999999988,213.650000000000005,2.3,1.0765,383810.919999999983701,8583298.058000000193715
688041.SH,2025.11.28,214,219.580000000000012,210.680000000000006,217.300000000000011,215.949999999999988,1.35,0.6251,203894.85000000000582,4393752.815000000409781
688041.SH,2025.12.01,219.900000000000005,219.900000000000005,211.5,216.030000000000001,217.300000000000011,-1.27,-0.5844,255561.35000000000582,5490350.753999999724328
688041.SH,2025.12.02,215,215.75999999999999,211.599999999999994,212.580000000000012,216.030000000000001,-3.45,-1.597,121352.270000000004074,2585425.044000000227242
688041.SH,2025.12.03,211.430000000000006,215,209.099999999999994,210.139999999999986,212.580000000000012,-2.44,-1.1478,134034.649999999994179,2837107.737999999895691
688041.SH,2025.12.04,209.00999999999999,216.280000000000001,208.379999999999995,216,210.139999999999986,5.860000000000001,2.7886,176864.140000000013969,3769120.319999999832361
688041.SH,2025.12.05,213,215.680000000000006,208.330000000000012,214.25999999999999,216,-1.74,-0.8056,200014.399999999994179,4251604.436999999918043
688041.SH,2025.12.08,214,224.659999999999996,213.50999999999999,220.879999999999995,214.25999999999999,6.62,3.0897,242298.910000000003492,5359487.70299999974668
688041.SH,2025.12.09,217.939999999999997,223.729999999999989,215.990000000000009,219.300000000000011,220.879999999999995,-1.58,-0.7153,219657.200000000011641,4828485.337000000290572
688041.SH,2025.12.10,212.00999999999999,221,207.180000000000006,218.5,219.300000000000011,-0.8,-0.3648,451352.070000000006984,9641695.201999999582767
688041.SH,2025.12.11,218.52000000000001,218.979999999999989,210.699999999999988,212.599999999999994,218.5,-5.900000000000001,-2.7002,256360.989999999990686,5456722.576000000350177
688041.SH,2025.12.12,212,212,205,210,212.599999999999994,-2.6,-1.223,321856.789999999979045,6717705.485000000335276
688041.SH,2025.12.15,207.800000000000011,208.900000000000005,202.680000000000006,203,210,-7,-3.3333,185859.390000000013969,3818389.970999999903142
688041.SH,2025.12.16,201.990000000000009,203.379999999999995,196.210000000000007,197.75,203,-5.25,-2.5862,171874.290000000008149,3416522.660999999847263
688041.SH,2025.12.17,199,208.689999999999997,197.409999999999996,207.099999999999994,197.75,9.349999999999999,4.728200000000001,210427.029999999998835,4273910.571999999694526
688041.SH,2025.12.18,205.050000000000011,206.780000000000001,201.5,202.699999999999988,207.099999999999994,-4.400000000000001,-2.1246,119348.399999999994179,2430261.185000000055879
688041.SH,2025.12.19,205.099999999999994,210,204.080000000000012,204.080000000000012,202.699999999999988,1.38,0.6808,183210.220000000001164,3787265.802999999839812
688041.SH,2025.12.22,205.550000000000011,216.159999999999996,205.550000000000011,215.180000000000006,204.080000000000012,11.099999999999999,5.439,308688.270000000018626,6547458.855999999679625
688041.SH,2025.12.23,213.990000000000009,222.370000000000004,213.990000000000009,219.52000000000001,215.180000000000006,4.34,2.0169,239053.429999999993015,5246323.343000000342726
688041.SH,2025.12.24,218.990000000000009,221.120000000000004,215.650000000000005,219.900000000000005,219.52000000000001,0.38,0.1731,167253.230000000010477,3658175.56499999994412
688041.SH,2025.12.25,219.949999999999988,224.379999999999995,218.590000000000003,220.449999999999988,219.900000000000005,0.55,0.2501,157015.579999999987194,3478519.271000000182539
688041.SH,2025.12.26,219.620000000000004,221.280000000000001,216.039999999999992,217.599999999999994,220.449999999999988,-2.85,-1.2928,143911.070000000006984,3145610.188999999780207
688041.SH,2025.12.29,216.879999999999995,222.590000000000003,216.789999999999992,219.229999999999989,217.599999999999994,1.63,0.7491,159581.20999999999185,3507635.867999999783933
688041.SH,2025.12.30,219,230,218.740000000000009,225.00999999999999,219.229999999999989,5.780000000000001,2.6365,248837.019999999989522,5615433.31099999975413
688041.SH,2025.12.31,225.150000000000005,231.199999999999988,222,224.409999999999996,225.00999999999999,-0.6,-0.2667,188375.160000000003492,4259577.230999999679625
688041.SH,2026.01.05,227.5,228.150000000000005,221.699999999999988,226,224.409999999999996,1.59,0.7085,211158.619999999995343,4753487.81900000013411
688041.SH,2026.01.06,224.199999999999988,232.129999999999995,223.5,225.819999999999993,226,-0.18,-0.0796,224197.690000000002328,5081891.924999999813735
688041.SH,2026.01.07,225.830000000000012,226.889999999999986,219.349999999999994,222.75,225.819999999999993,-3.07,-1.3595,241500.279999999998835,5354517.593999999575316
688041.SH,2026.01.08,226,252,226,241.680000000000006,222.75,18.929999999999999,8.4983,519060.799999999988358,12659259.218000000342726
688041.SH,2026.01.09,238.00999999999999,250.77000000000001,232,246.550000000000011,241.680000000000006,4.87,2.0151,346525.020000000018626,8400560.822000000625848
688041.SH,2026.01.12,246.550000000000011,249.990000000000009,239.699999999999988,246.050000000000011,246.550000000000011,-0.5,-0.2028,270025.080000000016298,6633944.156999999657273
688041.SH,2026.01.13,246.039999999999992,246.889999999999986,233.330000000000012,235.569999999999993,246.050000000000011,-10.48,-4.2593,259705.170000000012805,6210860.037999999709427
688041.SH,2026.01.14,239.810000000000002,255.969999999999998,239.800000000000011,251.5,235.569999999999993,15.929999999999999,6.7623,456353.809999999997671,11428040.798000000417232
688041.SH,2026.01.15,254,258,245.460000000000007,250,251.5,-1.5,-0.5964,264146.340000000025611,6603664.050999999977648
688041.SH,2026.01.16,252.699999999999988,256.600000000000022,242,244.330000000000012,250,-5.67,-2.268,301105.710000000020954,7404735.639000000432133
688041.SH,2026.01.19,246,262.089999999999974,245.240000000000009,255.949999999999988,244.330000000000012,11.619999999999999,4.7559,409005.450000000011641,10421154.437999999150633
688041.SH,2026.01.20,261,273.800000000000011,253.5,254.210000000000007,255.949999999999988,-1.74,-0.6798,377613.869999999995343,9883346.581000000238418
688041.SH,2026.01.21,263.490000000000009,298,263.490000000000009,288.110000000000013,254.210000000000007,33.899999999999998,13.335399999999999,623665.699999999953433,17745949.208999998867511
688041.SH,2026.01.22,302,308.560000000000002,285,288.5,288.110000000000013,0.39,0.1354,516984.5,15202145.906999999657273
688041.SH,2026.01.23,276,284.949999999999988,270.199999999999988,276,288.5,-12.5,-4.3328,412512.210000000020954,11382464.119999999180436
688041.SH,2026.01.26,275.490000000000009,285,269.959999999999979,273,276,-3,-1.087,313657.190000000002328,8647104.289000000804662
688041.SH,2026.01.27,274.370000000000004,279.220000000000027,268.00999999999999,270.75,273,-2.25,-0.8242,283748.260000000009313,7744438.106999999843537
688041.SH,2026.01.28,276.310000000000002,278,260.5,268.310000000000002,270.75,-2.44,-0.9012,344970.229999999981373,9199132.085000000894069
688041.SH,2026.01.29,268.300000000000011,272.800000000000011,260.50999999999999,261.29000000000002,268.220000000000027,-6.93,-2.5837,228311.040000000008149,6071189.833999999798834
688041.SH,2026.01.30,261.29000000000002,269.139999999999986,256.389999999999986,264.439999999999997,261.29000000000002,3.15,1.2056,226263.25,5968688.462000000290572
688041.SH,2026.02.02,260,268.339999999999974,251.919999999999987,252.300000000000011,264.439999999999997,-12.14,-4.5908,225797.429999999993015,5824944.331000000238418
688041.SH,2026.02.03,257.199999999999988,258,243.979999999999989,251.5,252.300000000000011,-0.8,-0.3171,261089.35999999998603,6519329.531999999657273
688041.SH,2026.02.04,248.240000000000009,248.699999999999988,240.52000000000001,244,251.5,-7.5,-2.9821,167345.75,4077204.475999999791383
688041.SH,2026.02.05,238.840000000000003,242.810000000000002,236.819999999999993,238.169999999999987,244,-5.83,-2.3893,158729.809999999997671,3797184.765000000130385
688041.SH,2026.02.06,235.800000000000011,247.539999999999992,232.580000000000012,242.680000000000006,238.169999999999987,4.51,1.8936,203627.929999999993015,4902853.72499999962747
688041.SH,2026.02.09,251,253.330000000000012,244.50999999999999,250.110000000000013,242.680000000000006,7.43,3.0616,192708.269999999989522,4798522.171000000089406
688041.SH,2026.02.10,254.870000000000004,269.5,254,259,250.110000000000013,8.89,3.5544,282034.489999999990686,7437318.552000000141561
688041.SH,2026.02.11,255,258.329999999999984,251.370000000000004,255,259,-4,-1.5444,131843.35000000000582,3361572.075999999884516
688041.SH,2026.02.12,260,264.990000000000009,257.00999999999999,262.339999999999974,255,7.34,2.8784,183947.690000000002328,4811394.570000000298023
688041.SH,2026.02.13,260,265.689999999999997,258.019999999999981,259.060000000000002,262.339999999999974,-3.28,-1.2503,153207.809999999997671,4005122.305000000167638
688041.SH,2026.02.24,266.829999999999984,268,247.77000000000001,248.139999999999986,259.060000000000002,-10.92,-4.215200000000001,213866.619999999995343,5396322.581000000238418
688041.SH,2026.02.25,250,252.330000000000012,245.180000000000006,246.479999999999989,248.139999999999986,-1.66,-0.669,159895.489999999990686,3965797.052000000141561
688041.SH,2026.02.26,251.409999999999996,257.980000000000018,244.469999999999998,252.699999999999988,246.479999999999989,6.22,2.5235,273178.520000000018626,6853226.143000000156462
688041.SH,2026.02.27,247,269.879999999999995,242.629999999999995,261.100000000000022,252.699999999999988,8.4,3.3241,392677.229999999981373,10061862.538000000640749
