ts_code,trade_date,open,high,low,close,pre_close,change,pct_chg,vol,amount
688256.SH,2023.03.01,83.590000000000003,92.549999999999997,83.099999999999994,90.599999999999994,83.969999999999998,6.63,7.8957,129394.809999999997671,1146262.543999999994412
688256.SH,2023.03.02,89.5,92.680000000000006,89.019999999999996,91.5,90.599999999999994,0.9,0.9934,89249.130000000004656,813795.623999999952502
688256.SH,2023.03.03,95.989999999999994,99.5,92.260000000000005,93.709999999999993,91.5,2.21,2.4153,100637.30000000000291,957779.033000000054016
688256.SH,2023.03.06,92.120000000000004,94.450000000000002,90.200000000000002,91.230000000000003,93.709999999999993,-2.48,-2.6465,65694.460000000006402,605177.841999999945983
688256.SH,2023.03.07,91,91.879999999999995,86.939999999999997,87.879999999999995,91.230000000000003,-3.35,-3.672,69797.070000000006984,622561.685000000055879
688256.SH,2023.03.08,89.870000000000004,91.680000000000006,87.879999999999995,90.010000000000005,87.879999999999995,2.13,2.4238,62690.25,563063.491000000038184
688256.SH,2023.03.09,90.099999999999994,93.579999999999998,89.599999999999994,90.599999999999994,90.010000000000005,0.59,0.6555,46825.980000000003201,427590.538999999989755
688256.SH,2023.03.10,90.459999999999993,95.799999999999997,89.599999999999994,91.980000000000004,90.599999999999994,1.38,1.5232,82598.669999999998253,767040.087999999988824
688256.SH,2023.03.13,90.379999999999995,96.689999999999997,90.150000000000005,95.780000000000001,91.980000000000004,3.8,4.131300000000001,71422.190000000002328,676551.635000000009313
688256.SH,2023.03.14,95.849999999999994,105,95.299999999999997,102.89,95.780000000000001,7.110000000000001,7.423300000000001,127768.110000000000582,1285581.645000000018626
688256.SH,2023.03.15,102,106.189999999999997,101.950000000000002,103.980000000000004,102.89,1.09,1.0594,93685.860000000000582,972971.13600000005681
688256.SH,2023.03.16,104.980000000000004,106.079999999999998,99.590000000000003,102.439999999999997,103.980000000000004,-1.54,-1.4811,107594.259999999994761,1113186.581000000005587
688256.SH,2023.03.17,102.650000000000005,122.930000000000006,102,122.930000000000006,102.439999999999997,20.489999999999998,20.001999999999998,222534.390000000013969,2596614.413000000175088
688256.SH,2023.03.20,124,137.689999999999997,122.150000000000005,135,122.930000000000006,12.07,9.8186,199944.220000000001164,2617703.52600000007078
688256.SH,2023.03.21,133.25,137.5,130.479999999999989,136.800000000000011,135,1.8,1.3333,123418.05000000000291,1659830.726000000024214
688256.SH,2023.03.22,134.960000000000008,164.159999999999996,133,160.150000000000005,136.800000000000011,23.350000000000001,17.068699999999999,203749.579999999987194,3053655.865000000223517
688256.SH,2023.03.23,162.620000000000004,178.879999999999995,159.849999999999994,167,160.150000000000005,6.85,4.2772,202709.480000000010477,3379541.393000000156462
688256.SH,2023.03.24,167.00999999999999,185.180000000000006,163.00999999999999,183,167,16,9.5808,198893.10999999998603,3414847.804000000003725
688256.SH,2023.03.27,178,188.879999999999995,172,186.389999999999986,183,3.39,1.8525,190971.839999999996507,3444353.294999999925494
688256.SH,2023.03.28,179.939999999999997,180.5,170.300000000000011,172,186.389999999999986,-14.39,-7.7204,156094.839999999996507,2740150.279000000096857
688256.SH,2023.03.29,174.460000000000007,184.650000000000005,168.800000000000011,172,172,0,0,216748.230000000010477,3804719.604999999981373
688256.SH,2023.03.30,172.639999999999986,181.599999999999994,170,176.099999999999994,172,4.1,2.3837,206710.369999999995343,3616571.945999999996274
688256.SH,2023.03.31,170.810000000000002,191.75999999999999,165.229999999999989,185.949999999999988,176.099999999999994,9.849999999999999,5.5934,202982.519999999989522,3597394.299000000115483
688256.SH,2023.04.03,188.879999999999995,217,184,211,185.949999999999988,25.05,13.471399999999999,211965.970000000001164,4155954.226999999955296
688256.SH,2023.04.04,206,226.530000000000001,202.300000000000011,215.50999999999999,211,4.51,2.1374,164941.059999999997671,3522533.466000000014901
688256.SH,2023.04.06,212,230.979999999999989,203.030000000000001,208,215.50999999999999,-7.51,-3.4848,156628.309999999997671,3419824.146000000182539
688256.SH,2023.04.07,209.449999999999988,225.620000000000004,207,225.5,208,17.5,8.4135,127969.320000000006984,2781244.484000000171363
688256.SH,2023.04.10,225.5,225.50999999999999,200.00999999999999,207.590000000000003,225.5,-17.91,-7.9424,185013.079999999987194,3901645.86200000019744
688256.SH,2023.04.11,205.669999999999987,213.599999999999994,187.50999999999999,201.5,207.590000000000003,-6.09,-2.9337,184134.540000000008149,3699557.296000000089406
688256.SH,2023.04.12,193,213.680000000000006,192,206,201.5,4.5,2.2333,152078.70999999999185,3095007.433999999891966
688256.SH,2023.04.13,201.02000000000001,207.550000000000011,185.900000000000005,188,206,-18,-8.737899999999999,171340.220000000001164,3324682.743999999947845
688256.SH,2023.04.14,190.00999999999999,197.710000000000007,183.889999999999986,195,188,7,3.7234,138347.70999999999185,2669359.612999999895691
688256.SH,2023.04.17,191.389999999999986,199.189999999999997,187,196.800000000000011,195,1.8,0.9231,124863.259999999994761,2421080.032999999821186
688256.SH,2023.04.18,194,201.330000000000012,185.550000000000011,195.780000000000001,196.800000000000011,-1.02,-0.5183,126960.529999999998835,2463428.566000000108033
688256.SH,2023.04.19,204.5,223.280000000000001,204.5,221.800000000000011,195.780000000000001,26.019999999999999,13.2904,215732.989999999990686,4651853.446999999694526
688256.SH,2023.04.20,230.060000000000002,266.160000000000025,230.060000000000002,266.160000000000025,221.800000000000011,44.359999999999999,20,199642.910000000003492,4944562.292000000365078
688256.SH,2023.04.21,271.399999999999977,271.470000000000027,243,248,266.160000000000025,-18.16,-6.823000000000001,189460.640000000013969,4796532.928999999538064
688256.SH,2023.04.24,246,248,228.879999999999995,243,248,-5,-2.0161,163471.029999999998835,3903562.382999999914318
688256.SH,2023.04.25,242,264.879999999999995,237.159999999999996,248,243,5,2.0576,174116.20999999999185,4366926.633000000379979
688256.SH,2023.04.26,250,255.800000000000011,225.800000000000011,238,248,-10,-4.032300000000001,144464.989999999990686,3455224.907999999821186
688256.SH,2023.04.27,235.00999999999999,246,217.780000000000001,230.75,238,-7.25,-3.0462,138135.640000000013969,3175623.217999999877065
688256.SH,2023.04.28,228.099999999999994,252.5,225.800000000000011,249.5,230.75,18.75,8.1257,146085.440000000002328,3537412.654000000096857
688256.SH,2023.05.04,244.5,245.479999999999989,224.039999999999992,232.800000000000011,249.5,-16.699999999999999,-6.6934,117485.649999999994179,2751240.504999999888241
688256.SH,2023.05.05,228.879999999999995,240.5,200.729999999999989,207.979999999999989,232.800000000000011,-24.82,-10.6615,196300.700000000011641,4256183.428999999538064
688256.SH,2023.05.08,203,215.00999999999999,199,208.389999999999986,207.979999999999989,0.41,0.1971,108366.410000000003492,2259884.012000000104308
688256.SH,2023.05.09,208.159999999999996,218.300000000000011,204.110000000000013,211.400000000000005,208.389999999999986,3.01,1.4444,112522.809999999997671,2408664.700000000186264
688256.SH,2023.05.10,206.030000000000001,212.930000000000006,191.409999999999996,199.080000000000012,211.400000000000005,-12.32,-5.8278,138080.540000000008149,2759834.583999999798834
688256.SH,2023.05.11,201.620000000000004,205.599999999999994,196,196.02000000000001,199.080000000000012,-3.06,-1.5371,82152.910000000003492,1636411.144000000087544
688256.SH,2023.05.12,195.969999999999998,204.5,192.110000000000013,196,196.02000000000001,-0.02,-0.0102,75027.85000000000582,1489746.415999999968335
688256.SH,2023.05.15,200,201.580000000000012,177,188.449999999999988,196,-7.55,-3.852,177145.700000000011641,3293823.373000000137835
688256.SH,2023.05.16,191.080000000000012,193,183.330000000000012,184.50999999999999,188.449999999999988,-3.94,-2.0907,102618.539999999993597,1929752.044999999925494
688256.SH,2023.05.17,184,192.659999999999996,183.819999999999993,187.539999999999992,184.50999999999999,3.03,1.6422,80121.929999999993015,1509135.88800000003539
688256.SH,2023.05.18,192.219999999999998,204.5,188,196.810000000000002,187.539999999999992,9.269999999999999,4.9429,163933.75,3230820.643000000156462
688256.SH,2023.05.19,205.900000000000005,213.800000000000011,193.919999999999987,195.300000000000011,196.810000000000002,-1.51,-0.7672,138467.95999999999185,2838526.23300000000745
688256.SH,2023.05.22,189.139999999999986,201.889999999999986,186,188.650000000000005,195.300000000000011,-6.650000000000001,-3.405,94895.199999999997089,1826715.861000000033527
688256.SH,2023.05.23,187.840000000000003,190.979999999999989,183.360000000000013,184.110000000000013,188.650000000000005,-4.54,-2.4066,82686.139999999999417,1541882.810000000055879
688256.SH,2023.05.24,183.919999999999987,188.550000000000011,175.050000000000011,182,184.110000000000013,-2.11,-1.1461,104854.339999999996507,1900145.756999999983236
688256.SH,2023.05.25,195,203,184.169999999999987,194.5,182,12.5,6.8681,160828.140000000013969,3099925.654999999795108
688256.SH,2023.05.26,194,233.400000000000005,193.030000000000001,224,194.5,29.5,15.167099999999999,193492.920000000012805,4155578.950999999884515
688256.SH,2023.05.29,225.990000000000009,232.580000000000012,218.400000000000005,219.599999999999994,224,-4.400000000000001,-1.9643,150876.799999999988358,3388178.677999999839812
688256.SH,2023.05.30,218.080000000000012,239.800000000000011,214.110000000000013,234.800000000000011,219.599999999999994,15.199999999999999,6.921700000000001,121654.970000000001164,2757265.138999999966472
688256.SH,2023.05.31,233.449999999999988,254.189999999999997,227,254.189999999999997,234.800000000000011,19.39,8.2581,145701.820000000006984,3460211.625
688256.SH,2023.06.01,248,259.240000000000009,237,237.00999999999999,254.189999999999997,-17.179999999999999,-6.758700000000001,121859.979999999995925,3007753.344000000040978
688256.SH,2023.06.02,241,244.580000000000012,224.840000000000003,228.699999999999988,237.00999999999999,-8.31,-3.5062,118295.55000000000291,2732752.212999999988824
688256.SH,2023.06.05,227.699999999999988,235.240000000000009,225,230.319999999999993,228.699999999999988,1.62,0.7084,89765.25,2066278.372999999905005
688256.SH,2023.06.06,227,232.180000000000006,219,223.25,230.319999999999993,-7.070000000000001,-3.0696,91595.660000000003492,2059426.42699999990873
688256.SH,2023.06.07,221.090000000000003,226.530000000000001,217.120000000000004,221.199999999999988,223.25,-2.05,-0.9183,71106.210000000006402,1572973.388999999966472
688256.SH,2023.06.08,218,223.650000000000005,213.00999999999999,221.00999999999999,221.199999999999988,-0.19,-0.0859,71395.740000000005238,1562324.27600000007078
688256.SH,2023.06.09,221.00999999999999,228.650000000000005,209,226.780000000000001,221.00999999999999,5.77,2.6107,142428.790000000008149,3102521.833000000100582
688256.SH,2023.06.12,224.560000000000002,234.560000000000002,219,220.210000000000007,226.780000000000001,-6.570000000000001,-2.8971,113730.919999999998253,2574783.632000000216066
688256.SH,2023.06.13,219.479999999999989,235.990000000000009,213.099999999999994,232.900000000000005,220.210000000000007,12.689999999999999,5.7627,127299.25,2884886.425999999977648
688256.SH,2023.06.14,229.599999999999994,231.879999999999995,218.860000000000013,224.800000000000011,232.900000000000005,-8.099999999999999,-3.4779,122667.759999999994761,2747667.052000000141561
688256.SH,2023.06.15,227.5,230.889999999999986,211,211,224.800000000000011,-13.8,-6.1388,120101.639999999999417,2626054.839000000152736
688256.SH,2023.06.16,206.900000000000005,222.879999999999995,202.629999999999995,222.849999999999994,211,11.849999999999999,5.616100000000001,136474.059999999997671,2923130.263999999966472
688256.SH,2023.06.19,227,242.680000000000006,224.00999999999999,239.099999999999994,222.849999999999994,16.25,7.2919,169707.769999999989522,3991358.350000000093132
688256.SH,2023.06.20,244,269.5,231.099999999999994,267,239.099999999999994,27.899999999999998,11.668799999999999,204306.619999999995343,5061736.66399999987334
688256.SH,2023.06.21,256.689999999999997,257,230,230.979999999999989,267,-36.020000000000003,-13.4906,152779.739999999990686,3726921.595000000204891
688256.SH,2023.06.26,221,224.539999999999992,200.240000000000009,202.5,230.979999999999989,-28.48,-12.330099999999999,151023.940000000002328,3169393.796999999787658
688256.SH,2023.06.27,198,202.650000000000005,195,196.689999999999997,202.5,-5.81,-2.8691,79540.869999999995343,1575126.112999999895691
688256.SH,2023.06.28,209.990000000000009,215,198.5,202.949999999999988,196.689999999999997,6.26,3.1827,162204.20999999999185,3352777.802000000141561
688256.SH,2023.06.29,202,204.77000000000001,183.300000000000011,193,202.949999999999988,-9.949999999999999,-4.902700000000001,144866.540000000008149,2784893.098999999929219
688256.SH,2023.06.30,189.939999999999997,193,183.02000000000001,188,193,-5,-2.5907,109527.729999999995925,2049782.239000000059604
688256.SH,2023.07.03,187.02000000000001,199,181,192.539999999999992,188,4.54,2.4149,114307.220000000001164,2160024.87099999981001
688256.SH,2023.07.04,190,205.199999999999988,187.280000000000001,202.409999999999996,192.539999999999992,9.869999999999999,5.1262,118368.75,2349023.649999999906867
688256.SH,2023.07.05,199.490000000000009,206.740000000000009,196.50999999999999,200.800000000000011,202.409999999999996,-1.61,-0.7954,74936.5,1511239.831000000005587
688256.SH,2023.07.06,198.219999999999998,217.800000000000011,198.219999999999998,206.819999999999993,200.800000000000011,6.02,2.998,109094.229999999995925,2293471.412000000011175
688256.SH,2023.07.07,206.819999999999993,209.599999999999994,187.870000000000004,195.430000000000006,206.819999999999993,-11.39,-5.5072,93416.460000000006402,1833783.007999999914318
688256.SH,2023.07.10,195.430000000000006,205,194.110000000000013,196.960000000000008,195.430000000000006,1.53,0.7829,67465.10000000000582,1343084.216999999945983
688256.SH,2023.07.11,197.620000000000004,218,195.349999999999994,210.300000000000011,196.960000000000008,13.339999999999999,6.7729,115003.979999999995925,2411368.717999999877065
688256.SH,2023.07.12,212.00999999999999,214.5,195.590000000000003,196.289999999999992,210.300000000000011,-14.009999999999999,-6.661900000000001,93959.729999999995925,1917407.637000000104308
688256.SH,2023.07.13,199.900000000000005,204.479999999999989,192.180000000000006,200.099999999999994,196.289999999999992,3.81,1.941,96861.710000000006402,1924027.82799999997951
688256.SH,2023.07.14,205.099999999999994,213.599999999999994,201.909999999999996,206.00999999999999,200.099999999999994,5.91,2.9535,98343.360000000000582,2040119.897000000113621
688256.SH,2023.07.17,199,210.550000000000011,193.860000000000013,200.199999999999988,206.00999999999999,-5.81,-2.8203,80898.770000000004074,1623913.16400000010617
688256.SH,2023.07.18,196.949999999999988,198.930000000000006,183.00999999999999,185,200.199999999999988,-15.199999999999999,-7.5924,126504.690000000002328,2388990.205999999772757
688256.SH,2023.07.19,185,189.990000000000009,182.300000000000011,182.370000000000004,185,-2.63,-1.4216,66188.169999999998253,1230412.456000000005587
688256.SH,2023.07.20,184,184,175.330000000000012,176,182.370000000000004,-6.370000000000001,-3.4929,86671.30000000000291,1552013.553000000072643
688256.SH,2023.07.21,172.75999999999999,176.129999999999995,167.25999999999999,170.900000000000005,176,-5.1,-2.8977,98576.529999999998835,1686290.388999999966472
688256.SH,2023.07.24,167.5,175,166.50999999999999,167.159999999999996,170.900000000000005,-3.74,-2.1884,87741.679999999993015,1490250.102999999886378
688256.SH,2023.07.25,169,172.25,164,167,167.159999999999996,-0.16,-0.0957,90631.929999999993015,1520900.523999999975785
688256.SH,2023.07.26,171.419999999999987,175.75,167,169.419999999999987,167,2.42,1.4491,104380.10000000000582,1787902.796000000089406
688256.SH,2023.07.27,167,168.50999999999999,163.409999999999996,165.139999999999986,169.419999999999987,-4.280000000000001,-2.5263,64579.940000000002328,1069843.585999999893829
688256.SH,2023.07.28,162,163.349999999999994,157.5,160.800000000000011,165.139999999999986,-4.34,-2.6281,93064.199999999997089,1493469.475000000093132
688256.SH,2023.07.31,159.539999999999992,166.990000000000009,156.409999999999996,164.00999999999999,160.800000000000011,3.21,1.9963,77526.679999999993015,1270279.584000000031664
688256.SH,2023.08.01,164.02000000000001,166.490000000000009,159,164.77000000000001,164.00999999999999,0.76,0.4634,67097.520000000004074,1094123.516999999992549
688256.SH,2023.08.02,164,169.580000000000012,163.00999999999999,166.900000000000005,164.77000000000001,2.13,1.2927,69177.210000000006402,1151269.912999999942258
688256.SH,2023.08.03,163.5,171.25999999999999,161.599999999999994,168.210000000000007,166.900000000000005,1.31,0.7849,67918.320000000006984,1141072.222000000067055
688256.SH,2023.08.04,168.219999999999998,173.569999999999993,166.900000000000005,172.860000000000013,168.210000000000007,4.650000000000001,2.7644,76789.55000000000291,1313793.561999999918043
688256.SH,2023.08.07,173.469999999999998,177.620000000000004,168.969999999999998,169.75,172.860000000000013,-3.11,-1.7991,67721.690000000002328,1168427.418999999994412
688256.SH,2023.08.08,169.539999999999992,172.330000000000012,168.400000000000005,169.150000000000005,169.75,-0.6,-0.3535,40972.819999999999708,697075.570999999996274
688256.SH,2023.08.09,167.389999999999986,169.800000000000011,165.120000000000004,165.120000000000004,169.150000000000005,-4.030000000000001,-2.3825,47906.510000000002037,797950.24800000002142
688256.SH,2023.08.10,164.439999999999997,166.389999999999986,163.02000000000001,164,165.120000000000004,-1.12,-0.6783,34501.55000000000291,567667.680000000051222
688256.SH,2023.08.11,164.800000000000011,166,158,158,164,-6,-3.6585,46343.230000000003201,749031.062999999965541
688256.SH,2023.08.14,156.860000000000013,159.590000000000003,154.900000000000005,159.400000000000005,158,1.4,0.8861,54589.260000000002037,858071.548999999999068
688256.SH,2023.08.15,161.52000000000001,164.740000000000009,158.25,158.569999999999993,159.400000000000005,-0.83,-0.5207,41583.720000000001164,669112.815999999991618
688256.SH,2023.08.16,157.00999999999999,158.5,152.300000000000011,152.800000000000011,158.569999999999993,-5.77,-3.6388,49949.370000000002619,771610.216999999945983
688256.SH,2023.08.17,151.949999999999988,161.300000000000011,151.550000000000011,156.939999999999997,152.800000000000011,4.14,2.7094,66839.130000000004656,1055626.952000000048428
688256.SH,2023.08.18,159.75,162,151.400000000000005,151.400000000000005,156.939999999999997,-5.54,-3.53,49650.37999999999738,768025.246999999973922
688256.SH,2023.08.21,149.219999999999998,156.360000000000013,149.219999999999998,151.400000000000005,151.400000000000005,0,0,39794.819999999999708,609719.133999999961815
688256.SH,2023.08.22,155.800000000000011,158.5,151.169999999999987,157.610000000000013,151.400000000000005,6.21,4.101700000000001,54283.650000000001455,840207.85600000002887
688256.SH,2023.08.23,155.819999999999993,156,149.00999999999999,150.139999999999986,157.610000000000013,-7.47,-4.7395,48611.669999999998253,732871.373999999952502
688256.SH,2023.08.24,153.879999999999995,156.490000000000009,150,150.300000000000011,150.139999999999986,0.16,0.1066,53143.330000000001746,813653.979999999981373
688256.SH,2023.08.25,145.77000000000001,146.300000000000011,139.229999999999989,140.52000000000001,150.300000000000011,-9.779999999999999,-6.507,76153.690000000002328,1080616.259000000078231
688256.SH,2023.08.28,154,154,142.909999999999996,145.099999999999994,140.52000000000001,4.58,3.2593,69128.25,1011498.812000000034458
688256.SH,2023.08.29,145.310000000000002,149.199999999999988,142,145.960000000000008,145.099999999999994,0.86,0.5927,79729.070000000006984,1160084.081000000005587
688256.SH,2023.08.30,148,162,147.990000000000009,159.860000000000013,145.960000000000008,13.9,9.523199999999999,138046.510000000009313,2156188.223999999929219
688256.SH,2023.08.31,154,163.189999999999997,152.699999999999988,158.800000000000011,159.860000000000013,-1.06,-0.6631,116574.809999999997671,1832641.350000000093132
688256.SH,2023.09.01,159.5,160.5,145,148.830000000000012,158.800000000000011,-9.97,-6.2783,104652.979999999995925,1581215.499000000068917
688256.SH,2023.09.04,148.729999999999989,148.879999999999995,143,148.879999999999995,148.830000000000012,0.05,0.0336,72064.639999999999417,1052482.003000000026077
688256.SH,2023.09.05,150.900000000000005,153,143.430000000000006,144.5,148.879999999999995,-4.38,-2.942,87145.190000000002328,1291178.290999999968335
688256.SH,2023.09.06,142.840000000000003,153.740000000000009,141,152.949999999999988,144.5,8.449999999999999,5.847800000000001,114442.259999999994761,1697748.036000000080093
688256.SH,2023.09.07,148.979999999999989,148.979999999999989,138.50999999999999,138.879999999999995,152.949999999999988,-14.07,-9.199099999999999,116776,1669119.811999999918043
688256.SH,2023.09.08,137.389999999999986,142.379999999999995,137.389999999999986,140.479999999999989,138.879999999999995,1.6,1.1521,79199.720000000001164,1114374.583000000100582
688256.SH,2023.09.11,140.25,144.990000000000009,137.810000000000002,141.090000000000003,140.479999999999989,0.61,0.4342,82869.759999999994761,1169730.222000000067055
688256.SH,2023.09.12,140.800000000000011,144.550000000000011,139.580000000000012,142.199999999999988,141.090000000000003,1.11,0.7867,65506.430000000000291,931325.437000000034458
688256.SH,2023.09.13,141.800000000000011,141.800000000000011,134.099999999999994,136.379999999999995,142.199999999999988,-5.820000000000001,-4.092800000000001,72490.029999999998835,991747.883000000030733
688256.SH,2023.09.14,135.789999999999992,136.900000000000005,133.330000000000012,133.580000000000012,136.379999999999995,-2.8,-2.0531,43091.029999999998835,580164.51300000003539
688256.SH,2023.09.15,134.300000000000011,134.400000000000005,130,133.969999999999998,133.580000000000012,0.39,0.292,70883.60000000000582,936754.511999999987892
688256.SH,2023.09.18,131.479999999999989,133.75,128.319999999999993,129.199999999999988,133.969999999999998,-4.77,-3.5605,63448.839999999996507,828087.972999999998137
688256.SH,2023.09.19,129,129.780000000000001,126.299999999999997,126.790000000000006,129.199999999999988,-2.41,-1.8653,52930.419999999998253,674976.729000000050291
688256.SH,2023.09.20,126.780000000000001,128.360000000000013,123,123.299999999999997,126.790000000000006,-3.49,-2.7526,63860.55000000000291,798629.971000000019557
688256.SH,2023.09.21,122.269999999999996,127.5,122,123.799999999999997,123.299999999999997,0.5,0.4055,64719.75,810500.491000000038184
688256.SH,2023.09.22,124.670000000000001,132.5,123.010000000000005,130.490000000000009,123.799999999999997,6.690000000000001,5.403900000000001,99387.369999999995343,1283800.362999999895691
688256.SH,2023.09.25,129.689999999999997,131.689999999999997,125.730000000000004,126.129999999999995,130.490000000000009,-4.360000000000001,-3.3413,66401.610000000000582,851611.542999999946914
688256.SH,2023.09.26,127.840000000000003,134.449999999999988,126.209999999999993,130.419999999999987,126.129999999999995,4.29,3.4013,94125.270000000004074,1235699.487999999895691
688256.SH,2023.09.27,128.129999999999995,130.580000000000012,126.340000000000003,126.799999999999997,130.419999999999987,-3.62,-2.7756,74434.949999999997089,952625.555000000051222
688256.SH,2023.09.28,127.049999999999997,130.409999999999996,123.189999999999997,123.950000000000002,126.799999999999997,-2.85,-2.2476,70010.070000000006984,880353.756000000052154
688256.SH,2023.10.09,123.260000000000005,132.27000000000001,121.950000000000002,126.030000000000001,123.950000000000002,2.08,1.6781,79263.839999999996507,1007613.067000000039115
688256.SH,2023.10.10,126,127.799999999999997,122.920000000000001,123.620000000000004,126.030000000000001,-2.41,-1.9122,53651.540000000000873,670751.135000000009313
688256.SH,2023.10.11,123.989999999999994,131.5,123.280000000000001,127,123.620000000000004,3.38,2.7342,92370.360000000000582,1178113.254999999888241
688256.SH,2023.10.12,126.739999999999994,129.5,122.590000000000003,123.900000000000005,127,-3.1,-2.4409,61692.87999999999738,769872.540999999968335
688256.SH,2023.10.13,122.040000000000006,124.430000000000006,119,121.040000000000006,123.900000000000005,-2.86,-2.3083,82642.770000000004074,1001244.628000000026077
688256.SH,2023.10.16,120,120.769999999999995,115.900000000000005,117.049999999999997,121.040000000000006,-3.99,-3.2964,78689.210000000006402,927443.73300000000745
688256.SH,2023.10.17,118,118.680000000000006,114.75,115.469999999999998,117.049999999999997,-1.58,-1.3499,59246.860000000000582,686742.133000000030733
688256.SH,2023.10.18,125.980000000000004,131,119.230000000000003,120.200000000000002,115.469999999999998,4.730000000000001,4.096300000000001,171374.899999999994179,2137531.493999999947845
688256.SH,2023.10.19,119,144.240000000000009,119,144.240000000000009,120.200000000000002,24.039999999999999,20,209581.10000000000582,2888313.225000000093132
688256.SH,2023.10.20,144,147,131.580000000000012,135.550000000000011,144.240000000000009,-8.689999999999999,-6.024700000000001,243677.779999999998835,3343333.515999999828636
688256.SH,2023.10.23,134.069999999999993,136.52000000000001,108.439999999999997,108.439999999999997,135.550000000000011,-27.109999999999999,-20,243066.309999999997671,2877265.078000000212341
688256.SH,2023.10.24,107.099999999999994,113,104.439999999999997,108.659999999999996,108.439999999999997,0.22,0.2029,169787.010000000009313,1844404.050000000046566
688256.SH,2023.10.25,111.019999999999996,121,111.019999999999996,112.680000000000006,108.659999999999996,4.02,3.6996,170675.920000000012805,1977777.311999999918043
688256.SH,2023.10.26,112.120000000000004,118,108.329999999999998,111.260000000000005,112.680000000000006,-1.42,-1.2602,127282.55000000000291,1428067.641000000061467
688256.SH,2023.10.27,110.069999999999993,112.959999999999993,107.909999999999996,109.159999999999996,111.260000000000005,-2.1,-1.8875,102966.729999999995925,1131982.053000000072643
688256.SH,2023.10.30,109.219999999999998,110.689999999999997,106.879999999999995,109.680000000000006,109.159999999999996,0.52,0.4764,102072.660000000003492,1111752.060999999986961
688256.SH,2023.10.31,109.409999999999996,109.760000000000005,106.099999999999994,107.230000000000003,109.680000000000006,-2.45,-2.2338,72738.809999999997671,780631.93999999994412
688256.SH,2023.11.01,106.879999999999995,112.870000000000004,105.5,108,107.230000000000003,0.77,0.7181,128417.669999999998253,1398508.720999999903142
688256.SH,2023.11.02,110,110.760000000000005,104.620000000000004,104.75,108,-3.25,-3.0093,82548.119999999995343,882502.403999999980442
688256.SH,2023.11.03,104.790000000000006,109.980000000000004,104.620000000000004,109.030000000000001,104.75,4.280000000000001,4.0859,106156.410000000003492,1146162.141000000061467
688256.SH,2023.11.06,110.900000000000005,117.760000000000005,110.840000000000003,116.769999999999995,109.030000000000001,7.740000000000001,7.099000000000001,150221.220000000001164,1733261.872999999905005
688256.SH,2023.11.07,116.39,126.489999999999994,115.5,122.819999999999993,116.769999999999995,6.05,5.1811,147472.880000000004656,1799866.504999999888241
688256.SH,2023.11.08,127.25,143.650000000000005,125.5,134.990000000000009,122.819999999999993,12.169999999999999,9.908799999999999,211197.35000000000582,2820234.211000000126659
688256.SH,2023.11.09,132.039999999999992,144.439999999999997,132.039999999999992,132.52000000000001,134.990000000000009,-2.47,-1.8298,163858.760000000009313,2250511.510999999940395
688256.SH,2023.11.10,129.789999999999992,139.210000000000007,129,136.990000000000009,132.52000000000001,4.47,3.3731,160863.890000000013969,2172587.586000000126659
688256.SH,2023.11.13,139.00999999999999,139.629999999999995,132.599999999999994,135.189999999999997,136.990000000000009,-1.8,-1.314,132062.059999999997671,1783504.843000000109896
688256.SH,2023.11.14,134.479999999999989,155.400000000000005,132.300000000000011,153.02000000000001,135.189999999999997,17.829999999999998,13.1888,209151.130000000004656,3002182.004999999888241
688256.SH,2023.11.15,150,163.5,147.620000000000004,151.5,153.02000000000001,-1.52,-0.9933,231228.869999999995343,3556855.263999999966472
688256.SH,2023.11.16,150.00999999999999,157.599999999999994,148.00999999999999,151.949999999999988,151.5,0.45,0.297,153810.190000000002328,2349840.450999999884515
688256.SH,2023.11.17,152.599999999999994,154.330000000000012,145.090000000000003,153.699999999999988,151.949999999999988,1.75,1.1517,143012.679999999993015,2145862.191000000108033
688256.SH,2023.11.20,153.699999999999988,169.800000000000011,152,165.430000000000006,153.699999999999988,11.73,7.631800000000001,189709.079999999987194,3038259.692999999970197
688256.SH,2023.11.21,163.210000000000007,167.5,155,155,165.430000000000006,-10.429999999999999,-6.304800000000001,129255.759999999994761,2069587.476999999955296
688256.SH,2023.11.22,156.00999999999999,157.889999999999986,148.599999999999994,152.780000000000001,155,-2.22,-1.4323,125801.089999999996507,1921661.449000000022351
688256.SH,2023.11.23,151.930000000000006,153.229999999999989,145.379999999999995,152.030000000000001,152.780000000000001,-0.75,-0.4909,86217.690000000002328,1291457.682000000029802
688256.SH,2023.11.24,151.00999999999999,151.050000000000011,140.699999999999988,142.080000000000012,152.030000000000001,-9.949999999999999,-6.544800000000001,122031.169999999998253,1764740.881000000052154
688256.SH,2023.11.27,139.50999999999999,146.550000000000011,139,144.00999999999999,142.080000000000012,1.93,1.3584,103941.949999999997089,1489674.333000000100582
688256.SH,2023.11.28,144,146.990000000000009,142.409999999999996,144.099999999999994,144.00999999999999,0.09,0.0625,76526.5,1105728.648999999975785
688256.SH,2023.11.29,143.030000000000001,146.969999999999998,142.400000000000005,142.800000000000011,144.099999999999994,-1.3,-0.9022,70903.830000000001746,1024742.618000000016763
688256.SH,2023.11.30,141.659999999999996,149.969999999999998,141.199999999999988,149.810000000000002,142.800000000000011,7.01,4.909,114339.570000000006984,1679681.753000000026077
688256.SH,2023.12.01,149,156.319999999999993,147,155,149.810000000000002,5.190000000000001,3.4644,123367.009999999994761,1882313.504999999888241
688256.SH,2023.12.04,160.990000000000009,166,157.699999999999988,157.819999999999993,155,2.82,1.8194,134826.649999999994179,2192673.149999999906867
688256.SH,2023.12.05,157.819999999999993,163.5,152.930000000000006,153,157.819999999999993,-4.820000000000001,-3.0541,105065.10000000000582,1655895.497999999905005
688256.SH,2023.12.06,152,160.5,148.939999999999997,157.50999999999999,153,4.51,2.9477,119643.570000000006984,1835139.831000000005587
688256.SH,2023.12.07,155.860000000000013,161.659999999999996,153.830000000000012,157.689999999999997,157.50999999999999,0.18,0.1143,117868.570000000006984,1864571.602999999886378
688256.SH,2023.12.08,159.979999999999989,172.580000000000012,159.349999999999994,169.419999999999987,157.689999999999997,11.73,7.4386,192010.019999999989522,3183505.354999999981373
688256.SH,2023.12.11,165.00999999999999,172.330000000000012,163.879999999999995,169.990000000000009,169.419999999999987,0.57,0.3364,109867.220000000001164,1849240.55199999990873
688256.SH,2023.12.12,168,168.219999999999998,153.180000000000006,154,169.990000000000009,-15.99,-9.406399999999999,160191.70999999999185,2555590.404999999795109
688256.SH,2023.12.13,153.159999999999996,156.5,147.580000000000012,148.280000000000001,154,-5.72,-3.7143,110993.089999999996507,1674220.03499999991618
688256.SH,2023.12.14,149.400000000000005,154.400000000000005,148,148.849999999999994,148.280000000000001,0.57,0.3844,93933.919999999998253,1417600.017999999923631
688256.SH,2023.12.15,149.5,150.5,142.699999999999988,144.800000000000011,148.849999999999994,-4.05,-2.7209,71478.729999999995925,1040001.93999999994412
688256.SH,2023.12.18,143.5,147.849999999999994,142.050000000000011,145.449999999999988,144.800000000000011,0.65,0.4489,58769.639999999999417,854951.163999999989755
688256.SH,2023.12.19,143.659999999999996,151.439999999999997,143.150000000000005,148.780000000000001,145.449999999999988,3.33,2.2894,66609.380000000004656,982017.758999999961815
688256.SH,2023.12.20,149.5,150.879999999999995,142.680000000000006,142.889999999999986,148.780000000000001,-5.89,-3.9589,53984.949999999997089,785704
688256.SH,2023.12.21,142,149.860000000000013,139.860000000000013,146.199999999999988,142.889999999999986,3.31,2.3165,69980.55000000000291,1011548.415000000037252
688256.SH,2023.12.22,146.199999999999988,151.199999999999988,144.00999999999999,147,146.199999999999988,0.8,0.5472,73948.80000000000291,1090205.80600000009872
688256.SH,2023.12.25,144.949999999999988,147.25,121,136.199999999999988,147,-10.8,-7.3469,111384.630000000004656,1493921.834000000031664
688256.SH,2023.12.26,134.199999999999988,136.939999999999997,130.150000000000005,132.5,136.199999999999988,-3.7,-2.7166,72438.309999999997671,962743.140000000013969
688256.SH,2023.12.27,134.439999999999997,134.960000000000008,131.490000000000009,131.50999999999999,132.5,-0.99,-0.7472,47795.660000000003492,635522.173999999999068
688256.SH,2023.12.28,133,135.669999999999987,130.949999999999988,132.110000000000013,131.50999999999999,0.6,0.4562,65802.35000000000582,875027.474000000045634
688256.SH,2023.12.29,132.110000000000013,136.5,131,134.960000000000008,132.110000000000013,2.85,2.1573,70684.830000000001746,948223.459999999962747
688256.SH,2024.01.02,136,138.5,130.5,134.900000000000005,134.960000000000008,-0.06,-0.0445,64398.199999999997089,869851.050000000046566
688256.SH,2024.01.03,134,134.599999999999994,126.920000000000001,127.959999999999993,134.900000000000005,-6.940000000000001,-5.1446,82251.669999999998253,1064202.661000000080093
688256.SH,2024.01.04,127.459999999999993,128.800000000000011,123.75,127.599999999999994,127.959999999999993,-0.36,-0.2813,57127.360000000000582,721731.24600000004284
688256.SH,2024.01.05,127.89,128.719999999999998,123.799999999999997,125.099999999999994,127.599999999999994,-2.5,-1.9592,44137.510000000002037,554913.435000000055879
688256.SH,2024.01.08,124.5,125.099999999999994,119.780000000000001,122.090000000000003,125.099999999999994,-3.01,-2.4061,57196.260000000002037,696710.743000000016763
688256.SH,2024.01.09,123.079999999999998,124,117.549999999999997,119.019999999999996,122.090000000000003,-3.07,-2.5145,73944.869999999995343,883799.959999999962747
688256.SH,2024.01.10,117.870000000000004,121.719999999999998,115.079999999999998,118.450000000000002,119.019999999999996,-0.57,-0.4789,63114.639999999999417,745686.072000000043772
688256.SH,2024.01.11,118.400000000000005,121.989999999999994,118,120.39,118.450000000000002,1.94,1.6378,54507.040000000000873,656163.797000000020489
688256.SH,2024.01.12,120,122.799999999999997,117,117.150000000000005,120.39,-3.24,-2.6913,49922.339999999996507,594204.962000000057741
688256.SH,2024.01.15,118,124.900000000000005,117.099999999999994,120.799999999999997,117.150000000000005,3.65,3.1157,86061.619999999995343,1046114.893000000040046
688256.SH,2024.01.16,119.5,124.590000000000003,119.5,122.760000000000005,120.799999999999997,1.96,1.6225,85385.25,1042660.819000000017695
688256.SH,2024.01.17,123.579999999999998,127.799999999999997,123.180000000000006,123.920000000000001,122.760000000000005,1.16,0.9449,98153.699999999997089,1228977.573000000091269
688256.SH,2024.01.18,121,131.5,118.510000000000005,131.5,123.920000000000001,7.58,6.1168,106137.130000000004656,1333899.053000000072643
688256.SH,2024.01.19,131.900000000000005,133.539999999999992,128.300000000000011,131.680000000000006,131.5,0.18,0.1369,77436.860000000000582,1014911.885000000009313
688256.SH,2024.01.22,135.629999999999995,136.289999999999992,126.569999999999993,129,131.680000000000006,-2.68,-2.0352,90472.740000000005238,1193443.216999999945983
688256.SH,2024.01.23,127,136.5,124.150000000000005,134.719999999999998,129,5.72,4.4341,93271.979999999995925,1225326.286000000080093
688256.SH,2024.01.24,133.300000000000011,134.669999999999987,126.329999999999998,131.599999999999994,134.719999999999998,-3.12,-2.3159,82017.380000000004656,1071366.12100000004284
688256.SH,2024.01.25,132.050000000000011,134.479999999999989,127.400000000000005,132.810000000000002,131.599999999999994,1.21,0.9195,72342.419999999998253,946868.538999999989755
688256.SH,2024.01.26,131,132.5,126.489999999999994,126.489999999999994,132.810000000000002,-6.320000000000001,-4.758700000000001,62572.040000000000873,810154.366000000038184
688256.SH,2024.01.29,126.329999999999998,134.979999999999989,126.329999999999998,127.200000000000002,126.489999999999994,0.71,0.5613,87421.020000000004074,1137235.96999999997206
688256.SH,2024.01.30,125,125,116.510000000000005,116.900000000000005,127.200000000000002,-10.3,-8.0975,75189.720000000001164,899504.604999999981373
688256.SH,2024.01.31,116,117.5,109.879999999999995,110,116.900000000000005,-6.900000000000001,-5.9025,70748.360000000000582,800655.006000000052154
688256.SH,2024.02.01,109.989999999999994,122.180000000000006,108.849999999999994,116.489999999999994,110,6.490000000000001,5.900000000000001,90950.059999999997671,1053767.936999999918043
688256.SH,2024.02.02,117.480000000000004,117.980000000000004,104.099999999999994,108.489999999999994,116.489999999999994,-8,-6.8675,91139.869999999995343,1007055.224999999976716
688256.SH,2024.02.05,108.819999999999993,109.879999999999995,95.849999999999994,103.030000000000001,108.489999999999994,-5.46,-5.032700000000001,110853.880000000004656,1153043.871999999973922
688256.SH,2024.02.06,103.090000000000003,111.480000000000004,101,111.200000000000002,103.030000000000001,8.169999999999999,7.929700000000001,101018.820000000006984,1084607.252000000094994
688256.SH,2024.02.07,111.530000000000001,114.680000000000006,109.180000000000006,110.879999999999995,111.200000000000002,-0.32,-0.2878,81008.440000000002328,908218.040000000037252
688256.SH,2024.02.08,113,117.799999999999997,111.209999999999993,115.400000000000005,110.879999999999995,4.52,4.076500000000001,77761.699999999997089,891878.430999999982304
688256.SH,2024.02.19,124.200000000000002,135.599999999999994,121.299999999999997,134.030000000000001,115.400000000000005,18.629999999999999,16.143799999999998,116177.490000000005238,1476583.408999999985098
688256.SH,2024.02.20,130.979999999999989,132.400000000000005,126.659999999999996,129.300000000000011,134.030000000000001,-4.730000000000001,-3.5291,96345.119999999995343,1252236.007999999914318
688256.SH,2024.02.21,125.5,130.879999999999995,124.689999999999997,127.299999999999997,129.300000000000011,-2,-1.5468,82120.699999999997089,1045794.464999999967403
688256.SH,2024.02.22,133.900000000000005,147.879999999999995,133.849999999999994,139.879999999999995,127.299999999999997,12.58,9.882199999999999,123752.910000000003492,1731367.935999999986961
688256.SH,2024.02.23,146,147.530000000000001,140,141.830000000000012,139.879999999999995,1.95,1.3941,91003.130000000004656,1303370.547000000020489
688256.SH,2024.02.26,139.400000000000005,153.659999999999996,138.969999999999998,151.25999999999999,141.830000000000012,9.429999999999999,6.6488,106168.25,1587048.530000000027939
688256.SH,2024.02.27,148.490000000000009,172.129999999999995,146.120000000000004,168.139999999999986,151.25999999999999,16.879999999999999,11.159599999999999,131924.45999999999185,2088950.350000000093132
688256.SH,2024.02.28,166.099999999999994,181.879999999999995,157,158.099999999999994,168.139999999999986,-10.039999999999999,-5.9712,143263.760000000009313,2397109.470000000204891
688256.SH,2024.02.29,158.180000000000006,170.77000000000001,158.150000000000005,168.659999999999996,158.099999999999994,10.56,6.6793,123470.25,2046549.080000000074505
688256.SH,2024.03.28,169.169999999999987,182.879999999999995,166.379999999999995,178.659999999999996,169.169999999999987,9.49,5.609700000000001,103249.490000000005238,1817653.317999999970197
688256.SH,2024.03.29,176.699999999999988,179.099999999999994,167.490000000000009,173.460000000000007,178.659999999999996,-5.200000000000001,-2.9106,84133.470000000001164,1451858.864999999990686
688256.SH,2024.03.01,168.930000000000006,172.949999999999988,165,170,168.659999999999996,1.34,0.7945,104387.559999999997671,1772559.635000000009313
688256.SH,2024.03.04,175,179.900000000000005,169.5,177.400000000000005,170,7.400000000000001,4.3529,106439.679999999993015,1866875.63800000003539
688256.SH,2024.03.05,174,189.5,171.210000000000007,175,177.400000000000005,-2.4,-1.3529,147754.119999999995343,2691588.231999999843537
688256.SH,2024.03.06,173.900000000000005,174.840000000000003,167.75999999999999,170.25,175,-4.75,-2.7143,99035,1695278.560999999986961
688256.SH,2024.03.07,173.039999999999992,175.280000000000001,163.5,164.75999999999999,170.25,-5.490000000000001,-3.2247,108656.660000000003492,1835545.246999999973922
688256.SH,2024.03.08,167.939999999999997,171.229999999999989,165,171.180000000000006,164.75999999999999,6.42,3.8966,97467.899999999994179,1640144.615999999921768
688256.SH,2024.03.11,170.319999999999993,182,169,179.710000000000007,171.180000000000006,8.529999999999999,4.983100000000001,120910,2144002.834999999962747
688256.SH,2024.03.12,177.02000000000001,179.199999999999988,167.639999999999986,169.819999999999993,179.710000000000007,-9.89,-5.503300000000001,122762.610000000000582,2116639.748000000137835
688256.SH,2024.03.13,175,178.599999999999994,171,171.5,169.819999999999993,1.68,0.9893,102891.979999999995925,1802128.658000000054016
688256.SH,2024.03.14,166.659999999999996,174.990000000000009,166.50999999999999,172.5,171.5,1,0.5831,94201.820000000006984,1610565.283000000054016
688256.SH,2024.03.15,171.229999999999989,174,165.490000000000009,171.449999999999988,172.5,-1.05,-0.6087,85655.130000000004656,1454092.149999999906867
688256.SH,2024.03.18,173.580000000000012,197.659999999999996,172.030000000000001,195.030000000000001,171.449999999999988,23.579999999999998,13.753299999999999,170813.540000000008149,3182789.72899999981746
688256.SH,2024.03.19,191,192.5,185.300000000000011,186.409999999999996,195.030000000000001,-8.619999999999999,-4.419800000000001,114945.660000000003492,2165963.802999999839812
688256.SH,2024.03.20,186,191,182.979999999999989,185.25999999999999,186.409999999999996,-1.15,-0.6169,83878.380000000004656,1561173.574999999953433
688256.SH,2024.03.21,188.00999999999999,189.659999999999996,177.629999999999995,180.210000000000007,185.25999999999999,-5.05,-2.7259,92828.649999999994179,1688572.233999999938532
688256.SH,2024.03.22,179.300000000000011,183.219999999999998,175.990000000000009,181.310000000000002,180.210000000000007,1.1,0.6104,89910.130000000004656,1618043.665999999968335
688256.SH,2024.03.25,181.479999999999989,193,178.680000000000006,182.879999999999995,181.310000000000002,1.57,0.8659,117599.899999999994179,2190853.470999999903142
688256.SH,2024.03.26,181.039999999999992,186.680000000000006,170.490000000000009,172.599999999999994,182.879999999999995,-10.279999999999999,-5.6212,97449.899999999994179,1731132.543000000063329
688256.SH,2024.03.27,170,174.599999999999994,167.300000000000011,169.169999999999987,172.599999999999994,-3.43,-1.9873,73345.570000000006984,1254064.797000000020489
688256.SH,2024.04.01,177.030000000000001,178.439999999999997,169.870000000000004,174.580000000000012,173.460000000000007,1.12,0.6457,72329.559999999997671,1261660.543999999994412
688256.SH,2024.04.02,173.5,177.5,168.439999999999997,170.879999999999995,174.580000000000012,-3.7,-2.1194,58831.889999999999417,1014626.930999999982304
688256.SH,2024.04.03,168.199999999999988,170.599999999999994,158.5,162.099999999999994,170.879999999999995,-8.779999999999999,-5.1381,96281.830000000001746,1567150.405000000027939
688256.SH,2024.04.08,161.819999999999993,163.879999999999995,157.960000000000008,158.969999999999998,162.099999999999994,-3.13,-1.9309,49610.889999999999417,797187.324000000022351
688256.SH,2024.04.09,157.580000000000012,159.490000000000009,151.060000000000002,157.560000000000002,158.969999999999998,-1.41,-0.887,58437.980000000003201,904355.246999999973922
688256.SH,2024.04.10,157,157.490000000000009,148.5,150.090000000000003,157.560000000000002,-7.47,-4.741100000000001,61618.680000000000291,934369.564000000013038
688256.SH,2024.04.11,153.5,157.849999999999994,151.5,156.180000000000006,150.090000000000003,6.09,4.0576,78710.419999999998253,1219643.759000000078231
688256.SH,2024.04.12,158.979999999999989,163.280000000000001,157.5,160.199999999999988,156.180000000000006,4.02,2.574,74682.199999999997089,1201188.013999999966472
688256.SH,2024.04.15,160,160.5,149.659999999999996,153.610000000000013,160.199999999999988,-6.59,-4.1136,74783.419999999998253,1153187.787999999942257
688256.SH,2024.04.16,151.310000000000002,152.300000000000011,144.379999999999995,144.900000000000005,153.610000000000013,-8.71,-5.670200000000001,76421.559999999997671,1127568.641999999992549
688256.SH,2024.04.17,147.5,151.569999999999993,145.539999999999992,150.099999999999994,144.900000000000005,5.200000000000001,3.5887,86210.259999999994761,1284064.611000000033527
688256.SH,2024.04.18,150,154.5,144.430000000000006,150.099999999999994,150.099999999999994,0,0,79866.289999999993597,1197859.101999999955296
688256.SH,2024.04.19,149,150.199999999999988,141.409999999999996,141.409999999999996,150.099999999999994,-8.689999999999999,-5.789500000000001,70154.289999999993597,1011215.417999999946914
688256.SH,2024.04.22,132.939999999999997,141,130.02000000000001,138.25,141.409999999999996,-3.16,-2.2346,65598.55000000000291,899832.310999999986961
688256.SH,2024.04.23,139.150000000000005,141,136.5,139.240000000000009,138.25,0.99,0.7161,43212.099999999998544,598643.780999999959021
688256.SH,2024.04.24,140,154.490000000000009,138.5,153.189999999999997,139.240000000000009,13.949999999999999,10.0187,97570.460000000006402,1442371.59499999997206
688256.SH,2024.04.25,150.75,153.75,149.379999999999995,150,153.189999999999997,-3.19,-2.0824,45272.690000000002328,683804.060999999986961
688256.SH,2024.04.26,155,163.349999999999994,153.199999999999988,161.990000000000009,150,11.99,7.9933,95826.630000000004656,1526362.08199999993667
688256.SH,2024.04.29,163,177.52000000000001,163,171.00999999999999,161.990000000000009,9.019999999999999,5.5682,112122.699999999997089,1918747.831000000005587
688256.SH,2024.04.30,169,173.5,165.469999999999998,171.389999999999986,171.00999999999999,0.38,0.2222,77287.029999999998835,1308560.037999999942258
688256.SH,2024.05.06,176,176.650000000000005,164.00999999999999,164.719999999999998,171.389999999999986,-6.67,-3.8917,85353.899999999994179,1434750.429000000003725
688256.SH,2024.05.07,166.659999999999996,169.949999999999988,158.699999999999988,160.400000000000005,164.719999999999998,-4.320000000000001,-2.6226,80909.570000000006984,1324252.443999999901279
688256.SH,2024.05.08,159,163.949999999999988,156.5,160.199999999999988,160.400000000000005,-0.2,-0.1247,54943.80000000000291,882076.057999999960884
688256.SH,2024.05.09,162.02000000000001,180.210000000000007,161,178.110000000000013,160.199999999999988,17.91,11.1798,137565.690000000002328,2360269.748999999836087
688256.SH,2024.05.10,173.990000000000009,175.169999999999987,167.159999999999996,170.360000000000013,178.110000000000013,-7.75,-4.351200000000001,86287.610000000000582,1472557.235000000102445
688256.SH,2024.05.13,167.25,172,164.780000000000001,166.25,170.360000000000013,-4.110000000000001,-2.4125,53544.040000000000873,895044.675000000046566
688256.SH,2024.05.14,169,176.25,163.620000000000004,169.960000000000008,166.25,3.71,2.2316,84306.639999999999417,1437561.351999999955296
688256.SH,2024.05.15,167.030000000000001,176.939999999999997,164.870000000000004,174.050000000000011,169.960000000000008,4.09,2.4064,86411.60000000000582,1484767.105999999912455
688256.SH,2024.05.16,179.199999999999988,187.77000000000001,176.030000000000001,181.659999999999996,174.050000000000011,7.610000000000001,4.3723,100215.440000000002328,1823625.266000000061467
688256.SH,2024.05.17,177,195.879999999999995,176.030000000000001,190.830000000000012,181.659999999999996,9.169999999999999,5.047900000000001,98884.520000000004074,1876941.132999999914318
688256.SH,2024.05.20,188.900000000000005,205.580000000000012,185.5,195.930000000000006,190.830000000000012,5.1,2.6725,113331.580000000001746,2228655.473000000230967
688256.SH,2024.05.21,194.319999999999993,201.319999999999993,186.319999999999993,187,195.930000000000006,-8.929999999999999,-4.557800000000001,93106.320000000006984,1776779.60800000000745
688256.SH,2024.05.22,187,190.5,182.189999999999997,188.990000000000009,187,1.99,1.0642,64307.55000000000291,1201753.631000000052154
688256.SH,2024.05.23,190.099999999999994,193,181.52000000000001,183.699999999999988,188.990000000000009,-5.29,-2.7991,65605.539999999993597,1212718.899999999906867
688256.SH,2024.05.24,185,186.5,169.800000000000011,171.900000000000005,183.699999999999988,-11.8,-6.4235,111361.940000000002328,1971492.337000000057742
688256.SH,2024.05.27,170,177.599999999999994,165.979999999999989,175.990000000000009,171.900000000000005,4.09,2.3793,98148.330000000001746,1687678.027999999932944
688256.SH,2024.05.28,174.50999999999999,183,172,172.25,175.990000000000009,-3.74,-2.1251,80917.649999999994179,1428303.18100000009872
688256.SH,2024.05.29,174.300000000000011,178.639999999999986,170.110000000000013,172,172.25,-0.25,-0.1451,57706.669999999998253,1005904.403999999980442
688256.SH,2024.05.30,170.330000000000012,175,168.639999999999986,172.530000000000001,172,0.53,0.3081,52393.12999999999738,903688.775000000023283
688256.SH,2024.05.31,173,180.900000000000005,170.939999999999997,174.789999999999992,172.530000000000001,2.26,1.3099,71074.860000000000582,1254837.73300000000745
688256.SH,2024.06.03,172.550000000000011,182.569999999999993,172.5,180.990000000000009,174.789999999999992,6.200000000000001,3.5471,74978.029999999998835,1342741.87100000004284
688256.SH,2024.06.04,178.849999999999994,182.550000000000011,176.080000000000012,179.569999999999993,180.990000000000009,-1.42,-0.7846,47565.790000000000873,849754.221999999950639
688256.SH,2024.06.05,179.00999999999999,186,178.5,180.099999999999994,179.569999999999993,0.53,0.2951,57908.489999999997962,1054113.402000000001862
688256.SH,2024.06.06,185,185.879999999999995,172.5,173.370000000000004,180.099999999999994,-6.730000000000001,-3.7368,86660.509999999994761,1558513.966999999945983
688256.SH,2024.06.07,174.930000000000006,182.060000000000002,171.599999999999994,181,173.370000000000004,7.63,4.401,82879.880000000004656,1461753.550999999977648
688256.SH,2024.06.11,183,190.5,181.00999999999999,190.409999999999996,181,9.41,5.1989,99547.270000000004074,1848778.858999999938532
688256.SH,2024.06.12,190.419999999999987,192.289999999999992,188.02000000000001,189.800000000000011,190.409999999999996,-0.61,-0.3204,53384.400000000001455,1014931.366999999969266
688256.SH,2024.06.13,193,202.990000000000009,191.689999999999997,195.530000000000001,189.800000000000011,5.730000000000001,3.019,94777.449999999997089,1877335.919999999925494
688256.SH,2024.06.14,194,200.5,191.25,200.00999999999999,195.530000000000001,4.480000000000001,2.2912,82143.880000000004656,1617779.422999999951571
688256.SH,2024.06.17,198,213.800000000000011,196.960000000000008,210.990000000000009,200.00999999999999,10.98,5.4897,106218.940000000002328,2211612.827000000048428
688256.SH,2024.06.18,210.960000000000008,218,205.199999999999988,209.099999999999994,210.990000000000009,-1.89,-0.8958,85658.199999999997089,1803085.226999999955296
688256.SH,2024.06.19,208.610000000000013,222,208.610000000000013,217.310000000000002,209.099999999999994,8.21,3.9264,97450.960000000006402,2099253.932000000029802
688256.SH,2024.06.20,217.349999999999994,222.199999999999988,212.550000000000011,214.740000000000009,217.310000000000002,-2.57,-1.1826,79963.419999999998253,1733521.793999999994412
688256.SH,2024.06.21,210.879999999999995,217.5,205.699999999999988,215.289999999999992,214.740000000000009,0.55,0.2561,65981.570000000006984,1396022.726000000024214
688256.SH,2024.06.24,214.800000000000011,216.659999999999996,204.02000000000001,206.310000000000002,215.289999999999992,-8.98,-4.1711,82881.389999999999417,1737535.848999999929219
688256.SH,2024.06.25,205.030000000000001,205.300000000000011,196,197.199999999999988,206.310000000000002,-9.109999999999999,-4.415700000000001,90498.899999999994179,1799750.280000000027939
688256.SH,2024.06.26,200.849999999999994,204.729999999999989,194.00999999999999,202.969999999999998,197.199999999999988,5.77,2.926,80040.710000000006402,1601299.512000000104308
688256.SH,2024.06.27,198.5,205.00999999999999,197.669999999999987,198.610000000000013,202.969999999999998,-4.360000000000001,-2.1481,52476.230000000003201,1051639.645000000018626
688256.SH,2024.06.28,198,204.25,196.099999999999994,198.669999999999987,198.610000000000013,0.06,0.0302,73577.949999999997089,1471104.172999999951571
688256.SH,2024.07.01,199.5,205.5,197,204.840000000000003,198.669999999999987,6.17,3.1057,63093.05000000000291,1271717.371999999973922
688256.SH,2024.07.02,204,204.699999999999988,195.569999999999993,197,204.840000000000003,-7.84,-3.8274,66554.559999999997671,1325374.773999999975785
688256.SH,2024.07.03,196.169999999999987,198,187.550000000000011,195.5,197,-1.5,-0.7614,69735.559999999997671,1343316.375
688256.SH,2024.07.04,196.849999999999994,198.780000000000001,193,193.460000000000007,195.5,-2.04,-1.0435,39364.610000000000582,768920.979000000050291
688256.SH,2024.07.05,192.52000000000001,197,187.5,192.800000000000011,193.460000000000007,-0.66,-0.3412,53112.5,1019879.413999999989755
688256.SH,2024.07.08,191.5,195.879999999999995,189.050000000000011,192.5,192.800000000000011,-0.3,-0.1556,42329.569999999999708,819395.547999999951571
688256.SH,2024.07.09,191.5,208.699999999999988,191.199999999999988,207.340000000000003,192.5,14.839999999999999,7.709100000000001,80163.320000000006984,1622167.756000000052154
688256.SH,2024.07.10,206,211.879999999999995,206,211.139999999999986,207.340000000000003,3.8,1.8327,57776.529999999998835,1211964.475000000093132
688256.SH,2024.07.11,213.5,215,198.900000000000005,201.650000000000005,211.139999999999986,-9.49,-4.494600000000001,81692.729999999995925,1674155.377000000094994
688256.SH,2024.07.12,197,201.599999999999994,194.110000000000013,199.400000000000005,201.650000000000005,-2.25,-1.1158,41878.430000000000291,829793.302000000025145
688256.SH,2024.07.15,199.400000000000005,211,198.75999999999999,208.199999999999988,199.400000000000005,8.8,4.4132,64815.889999999999417,1340770.891000000061467
688256.SH,2024.07.16,208,249.840000000000003,208,249.840000000000003,208.199999999999988,41.64,20,193073.989999999990686,4510843.309999999590218
688256.SH,2024.07.17,248,257.550000000000011,247.060000000000002,247.939999999999997,249.840000000000003,-1.9,-0.7605,121511.289999999993597,3062974.086000000126659
688256.SH,2024.07.18,244,257.470000000000027,228.50999999999999,254,247.939999999999997,6.06,2.4441,152522.059999999997671,3712619.339000000152736
688256.SH,2024.07.19,248.889999999999986,278.589999999999975,246.00999999999999,268.399999999999977,254,14.4,5.6693,154850.070000000006984,4094585.529000000096857
688256.SH,2024.07.22,268,272.879999999999995,260.5,265.220000000000027,268.399999999999977,-3.18,-1.1848,103570.009999999994761,2759444.109000000171363
688256.SH,2024.07.23,263,266.230000000000018,247.180000000000006,248.460000000000007,265.220000000000027,-16.760000000000001,-6.319300000000001,121888.419999999998253,3099222.546999999787658
688256.SH,2024.07.24,249,271,249,261.25,248.460000000000007,12.789999999999999,5.147700000000001,131135.70999999999185,3428381.282999999821186
688256.SH,2024.07.25,260.589999999999975,265,251.77000000000001,255.800000000000011,261.25,-5.450000000000001,-2.0861,86363.279999999998835,2219649.543000000063329
688256.SH,2024.07.26,256.300000000000011,257,247.110000000000013,250.729999999999989,255.800000000000011,-5.070000000000001,-1.982,81412.839999999996507,2048184.222000000067055
688256.SH,2024.07.29,251.02000000000001,253.400000000000005,236.689999999999997,246.52000000000001,250.729999999999989,-4.21,-1.6791,79193.759999999994761,1943887.553000000072643
688256.SH,2024.07.30,246.530000000000001,252.740000000000009,243,244.400000000000005,246.52000000000001,-2.12,-0.86,70363.119999999995343,1739502.15999999991618
688256.SH,2024.07.31,240.050000000000011,268.480000000000018,240.050000000000011,264.060000000000002,244.400000000000005,19.66,8.0442,108589,2804759.461000000126659
688256.SH,2024.08.01,268,271.990000000000009,256.75,258,264.060000000000002,-6.06,-2.2949,89383.059999999997671,2360243.183000000193715
688256.SH,2024.08.02,250.879999999999995,260.490000000000009,242.879999999999995,245.099999999999994,258,-12.9,-5,98285.380000000004656,2446560.657000000122934
688256.SH,2024.08.05,236.979999999999989,246.5,227.629999999999995,229.689999999999997,245.099999999999994,-15.41,-6.287200000000001,119363.449999999997089,2807448.368999999947845
688256.SH,2024.08.06,238.030000000000001,240,228.300000000000011,233.460000000000007,229.689999999999997,3.77,1.6413,68355.960000000006402,1592301.65999999991618
688256.SH,2024.08.07,232.979999999999989,236.990000000000009,223.800000000000011,229.5,233.460000000000007,-3.96,-1.6962,69089.839999999996507,1596991.480999999912455
688256.SH,2024.08.08,225.300000000000011,235.25,221.449999999999988,229.539999999999992,229.5,0.04,0.0174,67953.309999999997671,1557819.40100000007078
688256.SH,2024.08.09,235.02000000000001,250,231.680000000000006,246.960000000000008,229.539999999999992,17.420000000000001,7.589100000000001,111547.380000000004656,2706175.472000000067055
688256.SH,2024.08.12,243.919999999999987,248,238.110000000000013,241.050000000000011,246.960000000000008,-5.91,-2.3931,56340.150000000001455,1368129.597000000067055
688256.SH,2024.08.13,241.979999999999989,246.150000000000005,233.669999999999987,240.699999999999988,241.050000000000011,-0.35,-0.1452,54296.290000000000873,1300711.270999999949708
688256.SH,2024.08.14,242,252.400000000000005,241,241.680000000000006,240.699999999999988,0.98,0.4071,66341.970000000001164,1630482.736000000033527
688256.SH,2024.08.15,239.099999999999994,246.889999999999986,239,241.319999999999993,241.680000000000006,-0.36,-0.149,47682.980000000003201,1158491.544999999925494
688256.SH,2024.08.16,244.180000000000006,251,241,244.599999999999994,241.319999999999993,3.28,1.3592,62725.230000000003201,1548297.773000000044703
688256.SH,2024.08.19,245.400000000000005,258,245.400000000000005,255,244.599999999999994,10.4,4.251800000000001,65806.559999999997671,1667890.013999999966472
688256.SH,2024.08.20,256.110000000000013,257.579999999999984,246.580000000000012,247.979999999999989,255,-7.02,-2.7529,53224.62999999999738,1339860.946999999927356
688256.SH,2024.08.21,246.879999999999995,269.689999999999997,245,263.839999999999975,247.979999999999989,15.859999999999999,6.3957,82926.570000000006984,2146072.075999999884516
688256.SH,2024.08.22,263,267.949999999999988,258.75999999999999,260.689999999999997,263.839999999999975,-3.15,-1.1939,52000.55000000000291,1367354.35800000000745
688256.SH,2024.08.23,258.110000000000013,260.660000000000024,247.800000000000011,253.02000000000001,260.689999999999997,-7.67,-2.9422,64072.269999999996798,1619350.617000000085681
688256.SH,2024.08.26,252,254.219999999999998,243.400000000000005,247.219999999999998,253.02000000000001,-5.8,-2.2923,49504.989999999997962,1228548.627000000094994
688256.SH,2024.08.27,245.099999999999994,246,239.879999999999995,244.099999999999994,247.219999999999998,-3.12,-1.262,37044.349999999998544,901860.775000000023283
688256.SH,2024.08.28,244,248.389999999999986,236.199999999999988,240.199999999999988,244.099999999999994,-3.9,-1.5977,46409.040000000000873,1114605.924000000115484
688256.SH,2024.08.29,232,242.879999999999995,232,240.289999999999992,240.199999999999988,0.09,0.0375,45386.370000000002619,1080614.756000000052154
688256.SH,2024.08.30,240,262.75999999999999,235.289999999999992,256.689999999999997,240.289999999999992,16.399999999999998,6.8251,84683.080000000001746,2137905.933000000193715
688256.SH,2024.09.02,265.680000000000006,267.930000000000006,252.090000000000003,252.139999999999986,256.689999999999997,-4.55,-1.7726,80100.419999999998253,2079665.247999999905005
688256.SH,2024.09.03,252,256.220000000000027,240.099999999999994,240.699999999999988,252.139999999999986,-11.439999999999999,-4.537200000000001,74196.130000000004656,1817951.529000000096857
688256.SH,2024.09.04,235,241.199999999999988,232.680000000000006,239.139999999999986,240.699999999999988,-1.56,-0.6481,56391.790000000000873,1333444.699000000022351
688256.SH,2024.09.05,239.159999999999996,242.080000000000012,205.25999999999999,206.900000000000005,239.139999999999986,-32.240000000000002,-13.4816,146302.890000000013969,3212494.378000000026077
688256.SH,2024.09.06,211,219.659999999999996,210,215.180000000000006,206.900000000000005,8.279999999999999,4.0019,106176.10000000000582,2287211.711000000126659
688256.SH,2024.09.09,214.990000000000009,216.780000000000001,203.879999999999995,210.710000000000007,215.180000000000006,-4.47,-2.0773,84616.779999999998835,1777137.355999999912455
688256.SH,2024.09.10,210.710000000000007,218.120000000000004,206.969999999999998,213.680000000000006,210.710000000000007,2.97,1.4095,66279.270000000004074,1411502.924000000115484
688256.SH,2024.09.11,213,217.289999999999992,211,215.659999999999996,213.680000000000006,1.98,0.9266,43096.099999999998544,923740.035999999963678
688256.SH,2024.09.12,219.979999999999989,220.990000000000009,214,214.490000000000009,215.659999999999996,-1.17,-0.5425,41143.970000000001164,891201.831000000005587
688256.SH,2024.09.13,216.550000000000011,225.300000000000011,213.75999999999999,220.5,214.490000000000009,6.01,2.802,67555.020000000004074,1493104.037999999942258
688256.SH,2024.09.18,218,221.550000000000011,206.879999999999995,210.00999999999999,220.5,-10.49,-4.7574,61560.440000000002328,1311600.26300000003539
688256.SH,2024.09.19,210.800000000000011,212,205.050000000000011,209.5,210.00999999999999,-0.51,-0.2428,50239.959999999999126,1049604.956000000005587
688256.SH,2024.09.20,209.5,214.879999999999995,207,208.870000000000004,209.5,-0.63,-0.3007,40616.190000000002328,853971.175999999977648
688256.SH,2024.09.23,211.52000000000001,220.5,210,212.610000000000013,208.870000000000004,3.74,1.7906,61298.669999999998253,1322572.932000000029802
688256.SH,2024.09.24,213.330000000000012,227.389999999999986,210.5,221.800000000000011,212.610000000000013,9.189999999999999,4.3225,82120.509999999994761,1796282.485000000102445
688256.SH,2024.09.25,226.240000000000009,233.580000000000012,221.789999999999992,222.00999999999999,221.800000000000011,0.21,0.0947,78413.320000000006984,1783599.550000000046566
688256.SH,2024.09.26,221.879999999999995,224,215.5,224,222.00999999999999,1.99,0.8964,76306.75,1675712.887000000104308
688256.SH,2024.09.27,223,245,217.419999999999987,240.969999999999998,224,16.969999999999998,7.5759,78793.35000000000582,1796877.743999999947845
688256.SH,2024.09.30,256,289.160000000000025,243.979999999999989,289.160000000000025,240.969999999999998,48.189999999999997,19.9983,166304.130000000004656,4490414.067999999970197
688256.SH,2024.10.08,346.990000000000009,346.990000000000009,325,346.990000000000009,289.160000000000025,57.829999999999998,19.999300000000001,131335.10999999998603,4531495.059000000357627
688256.SH,2024.10.09,349,415,302.319999999999993,371.5,346.990000000000009,24.510000000000001,7.0636,296763.820000000006984,10898439.373999999836087
688256.SH,2024.10.10,372,380,310,347.199999999999988,371.5,-24.3,-6.541000000000001,176812.329999999987194,6261550.883000000379979
688256.SH,2024.10.11,336.5,362,332,333,347.199999999999988,-14.199999999999999,-4.0899,131082.160000000003492,4540002.851999999955296
688256.SH,2024.10.14,336.110000000000013,374.879999999999995,336.110000000000013,374.100000000000022,333,41.100000000000001,12.342299999999999,136936.420000000012805,4834791.189000000245869
688256.SH,2024.10.15,368,378.5,355.550000000000011,355.550000000000011,374.100000000000022,-18.55,-4.9586,111422.179999999993015,4055340.412000000011175
688256.SH,2024.10.16,342,354.50999999999999,338,342.189999999999997,355.550000000000011,-13.359999999999999,-3.7576,72914.610000000000582,2515727.754000000189989
688256.SH,2024.10.17,356.199999999999988,374.899999999999977,353.470000000000027,358.089999999999974,342.189999999999997,15.9,4.6465,102695.020000000004074,3732763.714000000152736
688256.SH,2024.10.18,360,429.709999999999979,357.019999999999981,429.709999999999979,358.089999999999974,71.620000000000004,20.000599999999998,148970.769999999989522,5904655.804999999701976
688256.SH,2024.10.21,454,503.329999999999984,419.50999999999999,444,429.709999999999979,14.289999999999999,3.3255,228873.179999999993015,10394616.174000000581145
688256.SH,2024.10.22,430.00999999999999,444.04000000000002,415.689999999999997,421,444,-23,-5.180200000000001,153579.040000000008149,6604328.973000000230968
688256.SH,2024.10.23,414,429.839999999999975,405.670000000000015,419,421,-2,-0.4751,126428.309999999997671,5277811.459999999962747
688256.SH,2024.10.24,406,433,406,425.199999999999988,419,6.200000000000001,1.4797,103688.869999999995343,4361931.717000000178813
688256.SH,2024.10.25,428,444.5,412.699999999999988,421.889999999999986,425.199999999999988,-3.31,-0.7785,102146.419999999998253,4344517.216000000014901
688256.SH,2024.10.28,425.00999999999999,437.600000000000022,417.620000000000004,434.699999999999988,421.889999999999986,12.81,3.0363,90450.710000000006402,3876068.359999999869614
688256.SH,2024.10.29,431,475.389999999999986,430.79000000000002,434.00999999999999,434.699999999999988,-0.69,-0.1587,113629.779999999998835,5078813.269000000320374
688256.SH,2024.10.30,425,452.930000000000006,421,445.25,434.00999999999999,11.24,2.5898,102107.059999999997671,4463581.506000000052154
688256.SH,2024.10.31,476,482.560000000000002,451,453.600000000000022,445.25,8.349999999999999,1.8754,130425.720000000001164,6100933.941999999806284
688256.SH,2024.11.01,446,461.800000000000011,410.990000000000009,411.00999999999999,453.600000000000022,-42.590000000000003,-9.3893,135253.640000000013969,5841907.64699999988079
688256.SH,2024.11.04,408.879999999999995,416.899999999999977,402.79000000000002,410.939999999999997,411.00999999999999,-0.07,-0.017,83833.169999999998253,3429092.453999999910593
688256.SH,2024.11.05,406.939999999999997,449,406.110000000000013,437.860000000000013,410.939999999999997,26.920000000000001,6.5508,117851.529999999998835,5121353.890999999828636
688256.SH,2024.11.06,441,470.389999999999986,439.220000000000027,456,437.860000000000013,18.14,4.1429,113296.259999999994761,5178228.326999999582767
688256.SH,2024.11.07,451.439999999999997,488,445.00999999999999,476,456,20,4.386000000000001,113919.089999999996507,5288087.730999999679625
688256.SH,2024.11.08,488.00999999999999,493.029999999999972,420,431,476,-45,-9.453799999999999,214538,9713509.938999999314546
688256.SH,2024.11.11,420.00999999999999,448,415.5,430.50999999999999,431,-0.49,-0.1137,153608.869999999995343,6635052.639000000432133
688256.SH,2024.11.12,425,444.120000000000004,411.00999999999999,422.990000000000009,430.50999999999999,-7.52,-1.7468,113930.179999999993015,4862060.424999999813735
688256.SH,2024.11.13,423.350000000000022,490.879999999999995,415,474,422.990000000000009,51.009999999999998,12.0594,165600.790000000008149,7414351.248999999836087
688256.SH,2024.11.14,469.25999999999999,494.879999999999995,465.00999999999999,469,474,-5,-1.0549,104447.130000000004656,5005409.40500000026077
688256.SH,2024.11.15,474.899999999999977,483,450,453.680000000000006,469,-15.32,-3.2665,93978.020000000004074,4391637.847000000067055
688256.SH,2024.11.18,450,476.360000000000013,440.579999999999984,448.660000000000024,453.680000000000006,-5.02,-1.1065,82476.910000000003492,3753337.083999999798834
688256.SH,2024.11.19,450,465,425,461,448.660000000000024,12.339999999999999,2.7504,97371.490000000005238,4325527.019000000320374
688256.SH,2024.11.20,456,479.649999999999977,449.00999999999999,475,461,14,3.0369,93300.80000000000291,4328962.25
688256.SH,2024.11.21,474.990000000000009,525,470.639999999999986,514.32000000000005,475,39.32,8.2779,120663.330000000001746,6058022.890999999828636
688256.SH,2024.11.22,510,521.539999999999963,490.00999999999999,492,514.32000000000005,-22.32,-4.3397,87027.580000000001746,4373599.416000000201165
688256.SH,2024.11.25,499.870000000000004,503.579999999999984,469,489,492,-3,-0.6098,90342.009999999994761,4337897.99100000038743
688256.SH,2024.11.26,484,494.899999999999977,476.800000000000011,485.899999999999977,489,-3.1,-0.6339,45453.269999999996798,2209649.265000000130385
688256.SH,2024.11.27,482,535,480,534.549999999999954,485.899999999999977,48.649999999999998,10.012299999999999,99320.910000000003492,5088377.984000000171363
688256.SH,2024.11.28,530,588.700000000000045,527.00999999999999,546.029999999999972,534.549999999999954,11.48,2.1476,109374.119999999995343,6079438.112999999895691
688256.SH,2024.11.29,542,590,540.379999999999995,561,546.029999999999972,14.97,2.7416,92890.179999999993015,5219224.251000000163912
688256.SH,2024.12.02,561,584.529999999999972,535.690000000000054,562,561,1,0.1783,89897.05000000000291,5030552.962000000290572
688256.SH,2024.12.03,556,589.960000000000036,553.33000000000004,569.990000000000009,562,7.990000000000001,1.4217,79159.559999999997671,4545547.365000000223517
688256.SH,2024.12.04,584.779999999999972,591,540,552.600000000000022,569.990000000000009,-17.39,-3.0509,89017.210000000006402,4996846.354000000283122
688256.SH,2024.12.05,550,572.860000000000013,545.5,570.120000000000004,552.600000000000022,17.519999999999999,3.1705,56747.62999999999738,3172809.907999999821186
688256.SH,2024.12.06,570.100000000000022,576,548,553.600000000000022,570.120000000000004,-16.519999999999999,-2.8976,62322.80000000000291,3482705.703999999910593
688256.SH,2024.12.09,549,556.899999999999977,515.139999999999986,539,553.600000000000022,-14.599999999999999,-2.6373,85026,4537704.076999999582767
688256.SH,2024.12.10,558,564.899999999999977,526.659999999999968,538.429999999999949,539,-0.57,-0.1058,91157.889999999999417,4950728.141999999992549
688256.SH,2024.12.11,530.940000000000054,552.789999999999963,521.279999999999972,544.799999999999954,538.429999999999949,6.370000000000001,1.1831,65464.190000000002328,3517091.257000000216066
688256.SH,2024.12.12,550,576.990000000000009,544.200000000000045,576.990000000000009,544.799999999999954,32.189999999999997,5.9086,85553.009999999994761,4823535.550999999977648
688256.SH,2024.12.13,572.440000000000054,599.990000000000009,558.200000000000045,568,576.990000000000009,-8.99,-1.5581,113672.770000000004074,6576691.09900000039488
688256.SH,2024.12.16,574,594,560,575.25,568,7.25,1.2764,74639.020000000004074,4316876.552000000141561
688256.SH,2024.12.17,566.779999999999972,590,560,570,575.25,-5.25,-0.9126,57588.959999999999126,3311232.646000000182539
688256.SH,2024.12.18,567.889999999999986,618.179999999999949,560.279999999999972,617.549999999999954,570,47.549999999999997,8.3421,87745.869999999995343,5179522.06900000013411
688256.SH,2024.12.19,606,654.990000000000009,596.200000000000045,636.019999999999981,617.549999999999954,18.469999999999998,2.9909,86171.520000000004074,5379397.222000000067055
688256.SH,2024.12.20,634.970000000000027,676.769999999999981,631,675.950000000000045,636.019999999999981,39.929999999999999,6.278100000000001,93109.190000000002328,6121082.406000000424683
688256.SH,2024.12.23,675.950000000000045,700,635,648.75,675.950000000000045,-27.199999999999999,-4.024,103804.369999999995343,6888866.058000000193715
688256.SH,2024.12.24,655.5,662,620.059999999999945,659.299999999999954,648.75,10.55,1.6262,73829.270000000004074,4784588.822999999858438
688256.SH,2024.12.25,651,666.600000000000022,634.029999999999972,662.100000000000022,659.299999999999954,2.8,0.4247,61318.739999999997962,3995053.322999999858438
688256.SH,2024.12.26,659,661,640.980000000000018,651.240000000000009,662.100000000000022,-10.859999999999999,-1.6402,64816.919999999998253,4219457.591000000014901
688256.SH,2024.12.27,649.75,668.200000000000045,648,652.100000000000022,651.240000000000009,0.86,0.1321,63010,4151232.802999999839812
688256.SH,2024.12.30,655.00999999999999,695.879999999999995,649,683.5,652.100000000000022,31.399999999999998,4.8152,77958.589999999996507,5269180.201000000350177
688256.SH,2024.12.31,684,688,658,658,683.5,-25.5,-3.7308,70210.55000000000291,4694180.548000000417232
688256.SH,2025.01.02,653.00999999999999,665,630,645.620000000000004,658,-12.38,-1.8815,79753.820000000006984,5128937.885999999940395
688256.SH,2025.01.03,639.889999999999986,644.990000000000009,616.159999999999968,621,645.620000000000004,-24.62,-3.8134,66152.369999999995343,4164652.836999999824911
688256.SH,2025.01.06,625.740000000000009,650,613.799999999999954,649.480000000000018,621,28.48,4.5862,71421.929999999993015,4525444.814000000245869
688256.SH,2025.01.07,640.490000000000009,718,637,718,649.480000000000018,68.519999999999995,10.55,87304.089999999996507,5905819.223000000230967
688256.SH,2025.01.08,701,735,698.600000000000022,726,718,8,1.1142,81694.270000000004074,5825786.932000000029802
688256.SH,2025.01.09,725,731.970000000000027,706.149999999999977,712.289999999999963,726,-13.71,-1.8884,53823.260000000002037,3868372.942999999970197
688256.SH,2025.01.10,720,777.769999999999981,720,729.970000000000027,712.289999999999963,17.679999999999999,2.4821,94380.410000000003492,7034599.855000000447034
688256.SH,2025.01.13,707,721.049999999999954,667.419999999999959,719,729.970000000000027,-10.97,-1.5028,93076.360000000000582,6466985.23300000000745
688256.SH,2025.01.14,716,717,679.190000000000054,694.00999999999999,719,-24.989999999999998,-3.4757,88292.419999999998253,6136445.40500000026077
688256.SH,2025.01.15,671,718,662.100000000000022,695.960000000000036,694.00999999999999,1.95,0.281,93774,6463773.008000000379979
688256.SH,2025.01.16,688,695,580,594,695.960000000000036,-101.959999999999993,-14.650299999999999,194292.029999999998835,12218742.01300000026822
688256.SH,2025.01.17,577,605.870000000000004,570,592,594,-2,-0.3367,123963.089999999996507,7282220.872000000439584
688256.SH,2025.01.20,591,632.83000000000004,582.200000000000045,618.220000000000027,592,26.219999999999998,4.4291,117012.860000000000582,7132068.377000000327825
688256.SH,2025.01.21,618.230000000000018,633.990000000000009,609,625,618.220000000000027,6.780000000000001,1.0967,85152.309999999997671,5291827.351999999955296
688256.SH,2025.01.22,612.00999999999999,649.970000000000027,612.00999999999999,641.120000000000004,625,16.120000000000001,2.5792,83751,5353629.839999999850988
688256.SH,2025.01.23,650,657.059999999999945,620.25,621,641.120000000000004,-20.120000000000001,-3.1383,67035.289999999993597,4271994.200000000186264
688256.SH,2025.01.24,627.58000000000004,638,607.299999999999954,612.980000000000018,621,-8.019999999999999,-1.2915,68935.639999999999417,4282386.85800000000745
688256.SH,2025.01.27,582.00999999999999,595.940000000000054,551.679999999999949,572,612.980000000000018,-40.979999999999996,-6.6854,118693.30000000000291,6809918.283999999985098
688256.SH,2025.02.05,593,605,560.029999999999972,576,572,4,0.6993,124508.119999999995343,7347175.023000000044703
688256.SH,2025.02.06,576,588.950000000000045,560,563.990000000000009,576,-12.009999999999999,-2.0851,104178.039999999993597,5951745.800999999977648
688256.SH,2025.02.07,562,610,562,598.889999999999986,563.990000000000009,34.899999999999998,6.188100000000001,126454,7504342.769000000320374
688256.SH,2025.02.10,609.990000000000009,655.889999999999986,601.990000000000009,651.960000000000036,598.889999999999986,53.07,8.861399999999999,117636.009999999994761,7416175.393000000156462
688256.SH,2025.02.11,652,696.5,641.00999999999999,667.83000000000004,651.960000000000036,15.869999999999999,2.4342,91482.119999999995343,6086293.219999999739229
688256.SH,2025.02.12,665.5,675.980000000000018,647.809999999999945,656,667.83000000000004,-11.83,-1.7714,71007.960000000006402,4674492.82799999974668
688256.SH,2025.02.13,660,672.230000000000018,631.990000000000009,638,656,-18,-2.7439,70129.880000000004656,4600340.56099999975413
688256.SH,2025.02.14,636.00999999999999,655,606,625.950000000000045,638,-12.05,-1.8887,99378.539999999993597,6194892.871000000275671
688256.SH,2025.02.17,639.899999999999977,661,630,660.82000000000005,625.950000000000045,34.869999999999997,5.570700000000001,92499.589999999996507,6011369.686999999918043
688256.SH,2025.02.18,660.82000000000005,660.879999999999995,626,628.100000000000022,660.82000000000005,-32.719999999999998,-4.9514,70365.889999999999417,4491054.703999999910593
688256.SH,2025.02.19,628.490000000000009,635.879999999999995,614,625.50999999999999,628.100000000000022,-2.59,-0.4124,62386.959999999999126,3893878.132999999914318
688256.SH,2025.02.20,630,636.899999999999977,609.990000000000009,618.50999999999999,625.50999999999999,-7,-1.1191,61104.730000000003201,3788676
688256.SH,2025.02.21,645,742.210000000000036,630,742.210000000000036,618.50999999999999,123.700000000000002,19.9997,165326.10999999998603,11299483.41499999910593
688256.SH,2025.02.24,744,795.799999999999954,738.159999999999968,780.360000000000013,742.210000000000036,38.149999999999998,5.140100000000001,127579.889999999999417,9825925.747999999672174
688256.SH,2025.02.25,780,818.870000000000004,751.5,790.379999999999995,780.360000000000013,10.019999999999999,1.284,109380.619999999995343,8579508.873999999836087
688256.SH,2025.02.26,781.129999999999995,813,762.92999999999995,795,790.379999999999995,4.62,0.5845,74064.880000000004656,5859100.446999999694526
688256.SH,2025.02.27,788.07000000000005,805.980000000000018,767,796,795,1,0.1258,80935.75,6375685.065000000409781
688256.SH,2025.02.28,780,796,725,735.440000000000054,796,-60.560000000000002,-7.608,121120.429999999993015,9101646.591000000014901
688256.SH,2025.03.03,720,735.440000000000054,685.600000000000022,693.07000000000005,735.440000000000054,-42.369999999999997,-5.7612,111983.60000000000582,7869313.11699999962002
688256.SH,2025.03.04,690,704.970000000000027,658,685.559999999999945,693.07000000000005,-7.51,-1.0836,94162.229999999995925,6425763.81099999975413
688256.SH,2025.03.05,688,718.679999999999949,688,711.399999999999977,685.559999999999945,25.839999999999999,3.7692,79818.449999999997089,5646797.900000000372529
688256.SH,2025.03.06,730,777.75999999999999,730,775,711.399999999999977,63.600000000000001,8.940099999999999,102199.25,7795445.081000000238418
688256.SH,2025.03.07,765.00999999999999,773,747,750,775,-25,-3.2258,57840.989999999997962,4387785.907999999821186
688256.SH,2025.03.10,750,789.990000000000009,735.159999999999968,779,750,29,3.8667,75949.830000000001746,5799739.509999999776482
688256.SH,2025.03.11,755.00999999999999,798.889999999999986,746,792,779,13,1.6688,66573.979999999995925,5132347.889000000432133
688256.SH,2025.03.12,791.879999999999995,817.940000000000054,774,774,792,-18,-2.2727,63515.069999999999708,5048943.53899999987334
688256.SH,2025.03.13,780.299999999999954,787.990000000000009,738.960000000000036,741.990000000000009,774,-32.009999999999998,-4.1357,62545.849999999998544,4749108.07799999974668
688256.SH,2025.03.14,746,777.990000000000009,746,758,741.990000000000009,16.010000000000001,2.1577,68132.360000000000582,5170917.503999999724328
688256.SH,2025.03.17,754.889999999999986,755.879999999999995,727.269999999999981,751.700000000000045,758,-6.3,-0.8311,47309.410000000003492,3513671.654000000096857
688256.SH,2025.03.18,749,760,738.5,750,751.700000000000045,-1.7,-0.2262,38602.110000000000582,2892885.682000000029802
688256.SH,2025.03.19,742.230000000000018,748.799999999999954,700,703.899999999999977,750,-46.100000000000001,-6.1467,85116.339999999996507,6120351.963000000454485
688256.SH,2025.03.20,700,712,693.970000000000027,703.629999999999995,703.899999999999977,-0.27,-0.0384,43170.470000000001164,3042228.070999999996274
688256.SH,2025.03.21,710.190000000000054,710.190000000000054,661.360000000000013,685.049999999999954,703.629999999999995,-18.579999999999998,-2.6406,96456.529999999998835,6546979.14699999988079
688256.SH,2025.03.24,679,695.299999999999954,671.5,684.179999999999949,685.049999999999954,-0.87,-0.127,48012.760000000002037,3279822.078000000212341
688256.SH,2025.03.25,686,686.00999999999999,635.399999999999977,642.350000000000022,684.179999999999949,-41.829999999999998,-6.113900000000001,70421.05000000000291,4590157.644999999552965
688256.SH,2025.03.26,642.350000000000022,653,640,643,642.350000000000022,0.65,0.1012,40823.709999999999126,2639326.367999999783933
688256.SH,2025.03.27,645.879999999999995,664.889999999999986,636.399999999999977,638.25,643,-4.75,-0.7387,60878.12999999999738,3950878.501000000163912
688256.SH,2025.03.28,635,641.629999999999995,624.00999999999999,627,638.25,-11.25,-1.7626,43476.589999999996507,2740476.047999999951571
688256.SH,2025.03.31,625.590000000000031,634.659999999999968,611,623,627,-4,-0.638,53185.589999999996507,3301846.503000000026077
688256.SH,2025.04.01,634.190000000000054,647.950000000000045,629.049999999999954,632.940000000000054,623,9.939999999999999,1.5955,57397.580000000001746,3655499.618999999947845
688256.SH,2025.04.02,632,645,626,629.350000000000022,632.940000000000054,-3.59,-0.5672,34049.779999999998835,2158505.450000000186264
688256.SH,2025.04.03,619,645,619,638,629.350000000000022,8.65,1.3744,60384.309999999997671,3854330.169000000227242
688256.SH,2025.04.07,599.970000000000027,615,532.289999999999963,565.159999999999968,638,-72.840000000000003,-11.4169,123786.669999999998253,7160071.802000000141561
688256.SH,2025.04.08,575,586.25,555.590000000000031,565.960000000000036,565.159999999999968,0.8,0.1416,81973.149999999994179,4692949.640999999828636
688256.SH,2025.04.09,555.039999999999963,632,550,615.690000000000054,565.960000000000036,49.729999999999996,8.786799999999999,116748.789999999993597,7042986.547000000253319
688256.SH,2025.04.10,630,630,595,602.889999999999986,615.690000000000054,-12.8,-2.079,94433.089999999996507,5718532.098000000230967
688256.SH,2025.04.11,605,632.799999999999954,593,614.980000000000018,602.889999999999986,12.089999999999999,2.0053,87724.809999999997671,5366853.257000000216066
688256.SH,2025.04.14,615.399999999999977,657.559999999999945,605,637.700000000000045,614.980000000000018,22.719999999999998,3.6944,87962.539999999993597,5542328.236999999731779
688256.SH,2025.04.15,630.5,634.840000000000031,614.5,619.879999999999995,637.700000000000045,-17.82,-2.7944,52950.790000000000873,3303581.375
688256.SH,2025.04.16,660,666.990000000000009,635.00999999999999,646,619.879999999999995,26.120000000000001,4.213700000000001,90203.699999999997089,5842501.236999999731779
688256.SH,2025.04.17,645,686.279999999999972,640.049999999999954,677,646,31,4.7988,72673.289999999993597,4865875.411999999545514
688256.SH,2025.04.18,670,677.309999999999945,663.100000000000022,669.539999999999963,677,-7.46,-1.1019,41687.279999999998835,2788430.620000000111758
688256.SH,2025.04.21,691,726.429999999999949,686.00999999999999,695,669.539999999999963,25.46,3.8026,83389.820000000006984,5874523.60800000000745
688256.SH,2025.04.22,693.850000000000022,712,683,694.980000000000018,695,-0.02,-0.0029,52172.230000000003201,3631341.478000000119209
688256.SH,2025.04.23,686.269999999999981,693.58000000000004,671.879999999999995,685.210000000000036,694.980000000000018,-9.769999999999999,-1.4058,55291.720000000001164,3776308.239000000059604
688256.SH,2025.04.24,685.210000000000036,694.879999999999995,679,691.960000000000036,685.210000000000036,6.75,0.9851,43575.849999999998544,2994192.381000000052154
688256.SH,2025.04.25,686.970000000000027,704.100000000000022,675,689.960000000000036,691.960000000000036,-2,-0.289,46061.870000000002619,3179592.575999999884515
688256.SH,2025.04.28,689.659999999999968,720,681.58000000000004,710.799999999999954,689.960000000000036,20.839999999999999,3.0205,56427.709999999999126,3990661.134000000078231
688256.SH,2025.04.29,708,710.92999999999995,698.159999999999968,705,710.799999999999954,-5.8,-0.816,29993.259999999998399,2113383.325999999884516
688256.SH,2025.04.30,703.039999999999963,720.799999999999954,701,703.600000000000022,705,-1.4,-0.1986,38794.269999999996798,2752633.89699999988079
688256.SH,2025.05.06,700,712,683,707.220000000000027,703.600000000000022,3.62,0.5145,55923.199999999997089,3906746.223999999929219
688256.SH,2025.05.07,724.139999999999986,741.919999999999958,712.990000000000009,721.029999999999972,707.220000000000027,13.81,1.9527,63510.080000000001746,4615103.907999999821186
688256.SH,2025.05.08,710,719.779999999999972,701,703.230000000000018,721.029999999999972,-17.8,-2.4687,42571.489999999997962,3009953.481999999843537
688256.SH,2025.05.09,700.169999999999959,704.980000000000018,691.600000000000022,700,703.230000000000018,-3.23,-0.4593,30069.659999999999854,2101663.219000000040978
688256.SH,2025.05.12,696.860000000000013,701.33000000000004,675,675.399999999999977,700,-24.600000000000001,-3.5143,62768.279999999998835,4291521.770999999716877
688256.SH,2025.05.13,678.33000000000004,689.440000000000054,676.309999999999945,678.289999999999963,675.399999999999977,2.89,0.4279,36023.889999999999417,2457040.046999999787658
688256.SH,2025.05.14,699,705,675.149999999999977,683.990000000000009,678.289999999999963,5.700000000000001,0.8403,46388.900000000001455,3188759.567999999970197
688256.SH,2025.05.15,681,685.879999999999995,670.08000000000004,677,683.990000000000009,-6.990000000000001,-1.0219,34786,2352332.807000000029802
688256.SH,2025.05.16,665,672.980000000000018,656.08000000000004,668,677,-9,-1.3294,36060.540000000000873,2403096.936000000219792
688256.SH,2025.05.19,668.110000000000013,673.879999999999995,658,671.940000000000054,668,3.94,0.5898,33361.739999999997962,2225971.773000000044703
688256.SH,2025.05.20,671.200000000000045,687,669.340000000000031,673,671.940000000000054,1.06,0.1578,36966.080000000001746,2508631.958999999798834
688256.SH,2025.05.21,672.879999999999995,676.980000000000018,664.120000000000004,666.490000000000009,673,-6.51,-0.9673,24882.200000000000727,1662137.115999999921768
688256.SH,2025.05.22,666.490000000000009,669.879999999999995,656.5,661.659999999999968,666.490000000000009,-4.83,-0.7247,29695.430000000000291,1968237.436999999918043
688256.SH,2025.05.23,658.299999999999954,671.909999999999968,650,658.600000000000022,661.659999999999968,-3.06,-0.4625,32777.019999999996798,2167972.382000000216066
688256.SH,2025.05.26,658.700000000000045,665.190000000000054,645,651,658.600000000000022,-7.6,-1.154,32398.639999999999417,2112861.445999999996274
688256.SH,2025.05.27,648.230000000000018,652.75,614,614,651,-37,-5.683600000000001,65115.069999999999708,4086021.049999999813735
688256.SH,2025.05.28,616.600000000000022,620,604.5,609.990000000000009,614,-4.01,-0.6531,45488.199999999997089,2778767.634999999776482
688256.SH,2025.05.29,615,619,608,612.899999999999977,609.990000000000009,2.91,0.4771,43579.910000000003492,2675026.743999999947845
688256.SH,2025.05.30,606,607.769999999999981,583,603.659999999999968,612.899999999999977,-9.24,-1.5076,58613.699999999997089,3476241.875
688256.SH,2025.06.03,599,606.649999999999977,595.00999999999999,595.860000000000013,603.659999999999968,-7.8,-1.2921,35352.489999999997962,2120590.464000000152736
688256.SH,2025.06.04,602,621.33000000000004,598.92999999999995,607.5,595.860000000000013,11.64,1.9535,48951.330000000001746,2991239.101999999955296
688256.SH,2025.06.05,608,628.990000000000009,605.07000000000005,619.860000000000013,607.5,12.359999999999999,2.0346,56877.809999999997671,3516353.405999999959021
688256.SH,2025.06.06,620,622.210000000000036,606,610,619.860000000000013,-9.859999999999999,-1.5907,41021.790000000000873,2515114.39699999988079
688256.SH,2025.06.09,608,615.83000000000004,598.00999999999999,613.279999999999972,610,3.28,0.5377,40475.319999999999708,2461805.720999999903142
688256.SH,2025.06.10,613.279999999999972,616.679999999999949,597.5,601.889999999999986,613.279999999999972,-11.39,-1.8572,42970.779999999998835,2608659.981000000145286
688256.SH,2025.06.11,602,607.899999999999977,597.480000000000018,600.200000000000045,601.889999999999986,-1.69,-0.2808,30918.700000000000727,1862825.897000000113621
688256.SH,2025.06.12,597.58000000000004,612.690000000000054,590.019999999999981,604.799999999999954,600.200000000000045,4.6,0.7664,38684.099999999998544,2337517.106999999843537
688256.SH,2025.06.13,595.50999999999999,607.879999999999995,592.659999999999968,604.899999999999977,604.799999999999954,0.1,0.0165,40457.639999999999417,2436393.742999999783933
688256.SH,2025.06.16,598,616,596.850000000000022,597.549999999999954,604.899999999999977,-7.35,-1.2151,45666.389999999999417,2756462.868999999947845
688256.SH,2025.06.17,597,599.590000000000031,568.279999999999972,573.299999999999954,597.549999999999954,-24.25,-4.058200000000001,65673.75,3789592.646000000182539
688256.SH,2025.06.18,575,587.960000000000036,572.129999999999995,583.909999999999968,573.299999999999954,10.609999999999999,1.8507,40893.599999999998544,2376488.060000000055879
688256.SH,2025.06.19,582,592.899999999999977,580.049999999999954,582.08000000000004,583.909999999999968,-1.83,-0.3134,33717.449999999997089,1975021.980999999912455
688256.SH,2025.06.20,581.490000000000009,584,567.110000000000013,573.970000000000027,582.08000000000004,-8.109999999999999,-1.3933,37192.599999999998544,2137606.873999999836087
688256.SH,2025.06.23,571.610000000000013,575.029999999999972,560.669999999999959,568,573.970000000000027,-5.97,-1.0401,45497.449999999997089,2578692.432000000029802
688256.SH,2025.06.24,574.200000000000045,616.58000000000004,574,607.25,568,39.25,6.9102,88349.660000000003492,5313919.552000000141561
688256.SH,2025.06.25,608.33000000000004,618.679999999999949,596.50999999999999,611.110000000000013,607.25,3.86,0.6357,93288.020000000004074,5655340.82799999974668
688256.SH,2025.06.26,611,636.299999999999954,607.00999999999999,610.5,611.110000000000013,-0.61,-0.0998,90138.789999999993597,5590356.36699999962002
688256.SH,2025.06.27,608,608.679999999999949,582.779999999999972,585.5,610.5,-25,-4.095,81328.580000000001746,4807503.075000000186264
688256.SH,2025.06.30,585.57000000000005,612.940000000000054,585.57000000000005,601.5,585.5,16,2.7327,72494.240000000005238,4363268.286999999545514
688256.SH,2025.07.01,598.879999999999995,598.879999999999995,560.659999999999968,563,601.5,-38.5,-6.4007,104237.899999999994179,5924880.800999999977648
688256.SH,2025.07.02,560.220000000000027,560.220000000000027,541.909999999999968,545.100000000000022,563,-17.899999999999998,-3.1794,64098.040000000000873,3509933.368999999947845
688256.SH,2025.07.03,546,553.600000000000022,544,547.299999999999954,545.100000000000022,2.2,0.4036,39722.889999999999417,2173734.825999999884515
688256.SH,2025.07.04,545,557.970000000000027,538.669999999999959,547.470000000000027,547.299999999999954,0.17,0.0311,56859.330000000001746,3111587.175999999977648
688256.SH,2025.07.07,544,553.860000000000013,541.00999999999999,541.379999999999995,547.470000000000027,-6.09,-1.1124,33310.55000000000291,1810291.915000000037252
688256.SH,2025.07.08,540,545.299999999999954,538.100000000000022,542.769999999999981,541.379999999999995,1.39,0.2568,39527.809999999997671,2143484.029000000096857
688256.SH,2025.07.09,544,544.779999999999972,533.5,535,542.769999999999981,-7.77,-1.4315,49069.589999999996507,2643083.782000000122934
688256.SH,2025.07.10,534.00999999999999,537.870000000000004,520.669999999999959,523.5,535,-11.5,-2.1495,85815.160000000003492,4522151.656999999657273
688256.SH,2025.07.11,523,559.960000000000036,523,553.980000000000018,523.5,30.48,5.822300000000001,116436.720000000001164,6359225.56099999975413
688256.SH,2025.07.14,555,570,554,565.059999999999945,553.980000000000018,11.08,2.0001,65114.930000000000291,3678055.658999999985098
688256.SH,2025.07.15,564,564,546.75999999999999,553.100000000000022,565.059999999999945,-11.96,-2.1166,59685.889999999999417,3309396.822999999858438
688256.SH,2025.07.16,548.090000000000031,593.100000000000022,548.090000000000031,580.190000000000054,553.100000000000022,27.089999999999999,4.8978,97122.720000000001164,5629778.216000000014901
688256.SH,2025.07.17,575,584.990000000000009,559.230000000000018,582.399999999999977,580.190000000000054,2.21,0.3809,79737.169999999998253,4557378.594999999739229
688256.SH,2025.07.18,580.549999999999954,589.980000000000018,578.029999999999972,582.620000000000004,582.399999999999977,0.22,0.0378,51156.449999999997089,2984533.700999999884515
688256.SH,2025.07.21,587,599.57000000000005,580.08000000000004,582,582.620000000000004,-0.62,-0.1064,59576.410000000003492,3509550.816000000108033
688256.SH,2025.07.22,581.899999999999977,601.090000000000031,580.100000000000022,593.92999999999995,582,11.929999999999999,2.0498,65632.199999999997089,3894927.711999999824911
688256.SH,2025.07.23,593.200000000000045,603,586.529999999999972,595.559999999999945,593.92999999999995,1.63,0.2744,54486.529999999998835,3236985.174999999813735
688256.SH,2025.07.24,591.5,604.950000000000045,591.5,600.230000000000018,595.559999999999945,4.67,0.7841,49166.209999999999126,2941834.94400000013411
688256.SH,2025.07.25,599.529999999999972,698.00999999999999,599.529999999999972,673.299999999999954,600.230000000000018,73.069999999999993,12.1737,127392.729999999995925,8133258.85800000000745
688256.SH,2025.07.28,673,688.700000000000045,654.019999999999981,679,673.299999999999954,5.700000000000001,0.8466,95079.830000000001746,6379660.930999999865889
688256.SH,2025.07.29,676,718,673,710.779999999999972,679,31.780000000000001,4.6804,114103.809999999997671,7988279.230000000447034
688256.SH,2025.07.30,700,708,680,684.700000000000045,710.779999999999972,-26.079999999999998,-3.6692,76531.960000000006402,5304272.236999999731779
688256.SH,2025.07.31,685,735,680.00999999999999,709.5,684.700000000000045,24.8,3.622,117690.779999999998835,8333907.584999999962747
688256.SH,2025.08.01,700,716,680,689.100000000000022,709.5,-20.399999999999998,-2.8753,71835.979999999995925,4998268.094999999739229
688256.SH,2025.08.04,687.58000000000004,699.950000000000045,675.169999999999959,689.059999999999945,689.100000000000022,-0.04,-0.0058,57761.089999999996507,3987683.050999999977648
688256.SH,2025.08.05,686,699.899999999999977,682.58000000000004,695,689.059999999999945,5.940000000000001,0.862,48788.230000000003201,3379825.557000000029802
688256.SH,2025.08.06,691.860000000000013,696.389999999999986,685,694.340000000000031,695,-0.66,-0.095,43399.779999999998835,2997970.927999999839812
688256.SH,2025.08.07,700.50999999999999,731,686.00999999999999,703,694.340000000000031,8.66,1.2472,108244.279999999998835,7687346.629999999888241
688256.SH,2025.08.08,691,702.92999999999995,670,692.799999999999954,703,-10.199999999999999,-1.4509,65253.309999999997671,4496880.600999999791383
688256.SH,2025.08.11,692.5,711.799999999999954,690.610000000000013,707.399999999999977,692.799999999999954,14.599999999999999,2.1074,55594.269999999996798,3916076.012000000104308
688256.SH,2025.08.12,702.5,848.879999999999995,696.059999999999945,848.879999999999995,707.399999999999977,141.479999999999989,20,191621.929999999993015,15126074.903000000864267
688256.SH,2025.08.13,830,868,820,860,848.879999999999995,11.119999999999999,1.31,134683.85999999998603,11355310.255999999120831
688256.SH,2025.08.14,865,985,865,949,860,89,10.3488,150710.679999999993015,14035314.029999999329447
688256.SH,2025.08.15,923,935,904.809999999999945,923.700000000000045,949,-25.3,-2.666,110398.690000000002328,10171678.359999999403953
688256.SH,2025.08.18,950.279999999999972,987.990000000000009,925.460000000000036,950,923.700000000000045,26.3,2.8472,115423.020000000004074,11085893.402000000700354
688256.SH,2025.08.19,939,1001.100000000000022,927.919999999999958,933.980000000000018,950,-16.019999999999999,-1.6863,105469.570000000006984,10074664.703999999910593
688256.SH,2025.08.20,920.110000000000013,1027,900,1013,933.980000000000018,79.019999999999996,8.460599999999999,127059.5,12383503.093000000342726
688256.SH,2025.08.21,1020,1080.180000000000063,1005.57000000000005,1036,1013,23,2.2705,114027.970000000001164,11930000.150000000372529
688256.SH,2025.08.22,1075,1243.200000000000045,1075,1243.200000000000045,1036,207.199999999999988,20,141160.820000000006984,16488719.337999999523162
688256.SH,2025.08.25,1321,1391,1266,1384.930000000000063,1243.200000000000045,141.729999999999989,11.400399999999999,187639.049999999988358,24989985.399999998509883
688256.SH,2025.08.26,1310,1348,1289.00999999999999,1329,1384.930000000000063,-55.929999999999999,-4.0385,118132.279999999998835,15643165.298000000417232
688256.SH,2025.08.27,1378.880000000000109,1464.980000000000018,1341.019999999999981,1372.099999999999909,1329,43.100000000000001,3.243,178950.899999999994179,25003097.032000001519918
688256.SH,2025.08.28,1420,1595.880000000000109,1391,1587.910000000000081,1372.099999999999909,215.810000000000002,15.7284,178270.450000000011641,26023907.975000001490116
688256.SH,2025.08.29,1480,1534.970000000000027,1420,1492.490000000000009,1587.910000000000081,-95.420000000000001,-6.0092,178637.730000000010477,26507283.49100000038743
688256.SH,2025.09.01,1460,1508.599999999999909,1358.75,1448.3900000000001,1492.490000000000009,-44.100000000000001,-2.9548,175381.160000000003492,25070934.111999999731779
688256.SH,2025.09.02,1451,1540,1431,1480,1448.3900000000001,31.609999999999999,2.1824,173376.450000000011641,25731181.436999998986721
688256.SH,2025.09.03,1419,1439,1371,1405,1480,-75,-5.0676,141492.059999999997671,19901150.239999998360872
688256.SH,2025.09.04,1375,1389,1182,1202,1405,-203,-14.448399999999999,221653.869999999995343,28013149.022999998182058
688256.SH,2025.09.05,1220,1310.15000000000009,1172,1281.460000000000036,1202,79.459999999999993,6.6106,200038.779999999998835,24705957.243999999016523
688256.SH,2025.09.08,1245,1257.990000000000009,1183,1212.779999999999972,1281.460000000000036,-68.680000000000006,-5.3595,140728.029999999998835,17136817.057999998331069
688256.SH,2025.09.09,1180.00999999999999,1267,1180.00999999999999,1228.069999999999936,1212.779999999999972,15.289999999999999,1.2607,103581.539999999993597,12767436.236999999731779
688256.SH,2025.09.10,1268,1325,1236.779999999999972,1273,1228.069999999999936,44.929999999999999,3.6586,138585.369999999995343,17662160.171000000089406
688256.SH,2025.09.11,1295,1436.470000000000027,1276,1387,1273,114,8.955199999999999,190932.429999999993015,25996861.982999999076128
688256.SH,2025.09.12,1387,1522.220000000000027,1372,1488,1387,101,7.281900000000001,197411.489999999990686,28695031.002999998629093
688256.SH,2025.09.15,1505,1529.40000000000009,1411.099999999999909,1440,1488,-48,-3.2258,114491.320000000006984,16564077.105000000447034
688256.SH,2025.09.16,1468,1528,1428.529999999999972,1440.099999999999909,1440,0.1,0.0069,136802.739999999990686,20074698.247000001370906
688256.SH,2025.09.17,1413.299999999999954,1470.019999999999981,1372.25,1442,1440.099999999999909,1.9,0.1319,98617.470000000001164,14146955.669999999925494
688256.SH,2025.09.18,1508,1518,1381.109999999999899,1420.990000000000009,1442,-21.010000000000001,-1.457,171994.85000000000582,25149758.552999999374151
688256.SH,2025.09.19,1392,1420,1342,1349.240000000000009,1420.990000000000009,-71.75,-5.0493,126552.240000000005238,17405922.5489999987185
688256.SH,2025.09.22,1327.990000000000009,1429.90000000000009,1301,1398,1349.240000000000009,48.759999999999997,3.6139,134359.679999999993015,18462164.260000001639127
688256.SH,2025.09.23,1400,1425,1313.329999999999927,1350.380000000000109,1398,-47.619999999999997,-3.4063,128180.619999999995343,17429935.879000000655651
688256.SH,2025.09.24,1330,1400,1330,1374,1350.380000000000109,23.62,1.7491,100897.179999999993015,13721388.642999999225139
688256.SH,2025.09.25,1369.3900000000001,1414.990000000000009,1350,1386.690000000000054,1374,12.689999999999999,0.9236,90301.119999999995343,12516091.788000000640749
688256.SH,2025.09.26,1365,1390,1334,1339,1386.690000000000054,-47.689999999999997,-3.4391,75520.990000000005238,10227301.335000000894069
688256.SH,2025.09.29,1320,1338.980000000000018,1271,1323.5,1339,-15.5,-1.1576,90298.05000000000291,11815948.744999999180436
688256.SH,2025.09.30,1388,1399,1318.230000000000018,1325,1323.5,1.5,0.1133,86539.809999999997671,11699849.210000000894069
688256.SH,2025.10.09,1360.5,1405.930000000000063,1332,1332.789999999999963,1325,7.79,0.5879,118338.229999999995925,16137619.92600000090897
688256.SH,2025.10.10,1302,1304.309999999999945,1240.990000000000009,1247.079999999999927,1332.789999999999963,-85.709999999999993,-6.430900000000001,108213,13767648.793999999761581
688256.SH,2025.10.13,1210,1278,1210,1262.109999999999899,1247.079999999999927,15.029999999999999,1.2052,87752.779999999998835,11019557.221999999135732
688256.SH,2025.10.14,1271.990000000000009,1271.990000000000009,1190,1196,1262.109999999999899,-66.109999999999999,-5.238100000000001,105876,12861254.894999999552965
688256.SH,2025.10.15,1208,1246.980000000000018,1190,1242,1196,46,3.8462,70806.979999999995925,8637499.884999999776482
688256.SH,2025.10.16,1260,1307.960000000000036,1260,1274,1242,32,2.5765,96667.899999999994179,12409422.158999999985098
688256.SH,2025.10.17,1254.950000000000045,1289.279999999999972,1218.230000000000018,1247.680000000000063,1274,-26.32,-2.0659,84813.740000000005238,10607162.139000000432133
688256.SH,2025.10.20,1273.109999999999899,1333.960000000000036,1241.5,1281.11999999999989,1247.680000000000063,33.439999999999997,2.6802,128071.070000000006984,16518765.341000000014901
688256.SH,2025.10.21,1281.11999999999989,1378,1245,1368.960000000000036,1281.11999999999989,87.840000000000003,6.8565,146125.630000000004656,19240518.795000001788139
688256.SH,2025.10.22,1341,1468,1339,1429.5,1368.960000000000036,60.539999999999999,4.4223,141335.619999999995343,19814513.225999999791383
688256.SH,2025.10.23,1409,1417,1365,1398.90000000000009,1429.5,-30.600000000000001,-2.1406,79242.080000000001746,11008098.775000000372529
688256.SH,2025.10.24,1425,1548,1404,1525,1398.90000000000009,126.099999999999994,9.0142,159565.60000000000582,23402505.412000000476837
688256.SH,2025.10.27,1560,1560.00999999999999,1493,1530.680000000000063,1525,5.68,0.3725,122356.059999999997671,18757215.644999999552965
688256.SH,2025.10.28,1505,1533.789999999999963,1457,1478.579999999999927,1530.680000000000063,-52.100000000000001,-3.4037,104310.899999999994179,15591302.964999999850988
688256.SH,2025.10.29,1460,1530.880000000000109,1433,1461,1478.579999999999927,-17.579999999999998,-1.189,101228.539999999993597,14915634.309000000357627
688256.SH,2025.10.30,1440,1499.960000000000036,1400.00999999999999,1422,1461,-39,-2.6694,117364.770000000004074,16889724.409000001847743
688256.SH,2025.10.31,1407.960000000000036,1414,1375,1375,1422,-47,-3.3052,85167.380000000004656,11831070.78999999910593
688256.SH,2025.11.03,1335,1360.660000000000081,1335,1346.599999999999909,1375,-28.399999999999998,-2.0655,63788.87999999999738,8590648.847999999299645
688256.SH,2025.11.04,1370,1390.849999999999909,1326,1339.599999999999909,1346.599999999999909,-7,-0.5198,71501.619999999995343,9736393.898000000044703
688256.SH,2025.11.05,1295,1365,1291.109999999999899,1348,1339.599999999999909,8.4,0.6271,67698.869999999995343,9005687.036000000312924
688256.SH,2025.11.06,1386,1480.880000000000109,1371.230000000000018,1480,1348,132,9.792299999999999,134785.950000000011641,19250016.671999998390674
688256.SH,2025.11.07,1455.549999999999954,1468.880000000000109,1430.079999999999927,1432.5,1480,-47.5,-3.2095,66444.279999999998835,9618929.56900000013411
688256.SH,2025.11.10,1430.029999999999972,1450,1337.00999999999999,1391.5,1432.5,-41,-2.8621,89348.589999999996507,12282433.932000000029802
688256.SH,2025.11.11,1398,1403,1299.109999999999899,1330,1391.5,-61.5,-4.4197,90176.809999999997671,12109374.239000000059604
688256.SH,2025.11.12,1312,1375,1308,1365.779999999999972,1330,35.780000000000001,2.6902,67212.320000000006984,9031583.734999999403953
688256.SH,2025.11.13,1352,1387,1329,1384.90000000000009,1365.779999999999972,19.120000000000001,1.3999,61507.830000000001746,8363426.246000000275671
688256.SH,2025.11.14,1350,1365.130000000000109,1324.299999999999954,1325.00999999999999,1384.90000000000009,-59.89,-4.3245,62737.919999999998253,8403397.057000000029802
688256.SH,2025.11.17,1316.950000000000045,1342.00999999999999,1283.380000000000109,1303.099999999999909,1325.00999999999999,-21.91,-1.6536,67492.789999999993597,8840817.365000000223517
688256.SH,2025.11.18,1305.950000000000045,1344.440000000000054,1290.990000000000009,1326.700000000000045,1303.099999999999909,23.600000000000001,1.8111,60034.360000000000582,7979099.417000000365078
688256.SH,2025.11.19,1320,1350,1320,1332,1326.700000000000045,5.3,0.3995,42413.040000000000873,5664290.196999999694526
688256.SH,2025.11.20,1361.00999999999999,1365.579999999999927,1320,1322.299999999999954,1332,-9.699999999999999,-0.7282,38874.849999999998544,5185546.03000000026077
688256.SH,2025.11.21,1290.299999999999954,1298,1240.00999999999999,1249,1322.299999999999954,-73.299999999999997,-5.5434,72573.059999999997671,9176505.152000000700354
688256.SH,2025.11.24,1252.880000000000109,1275.579999999999927,1218,1261.980000000000018,1249,12.98,1.0392,59214.220000000001164,7394380.933000000193715
688256.SH,2025.11.25,1268,1285.349999999999909,1244,1260,1261.980000000000018,-1.98,-0.1569,58771.029999999998835,7414400.485000000335276
688256.SH,2025.11.26,1245,1340.160000000000081,1234.00999999999999,1314.660000000000081,1260,54.659999999999996,4.3381,91472.899999999994179,11889049.609999999403953
688256.SH,2025.11.27,1360,1388.200000000000045,1313,1317.359999999999899,1314.660000000000081,2.7,0.2054,89364.169999999998253,12117075.986999999731779
688256.SH,2025.11.28,1310,1347,1291,1331,1317.359999999999899,13.64,1.0354,58546.389999999999417,7708418.731999999843537
688256.SH,2025.12.01,1327.940000000000054,1382,1292.200000000000045,1362.440000000000054,1331,31.440000000000001,2.3621,73684.029999999998835,9888480.775000000372529
688256.SH,2025.12.02,1370,1377,1322.440000000000054,1328.730000000000018,1362.440000000000054,-33.71,-2.4742,46406.309999999997671,6242939.88800000026822
688256.SH,2025.12.03,1333,1360,1320.099999999999909,1332.299999999999954,1328.730000000000018,3.57,0.2687,44919.650000000001455,6005556.709999999962747
688256.SH,2025.12.04,1321.210000000000036,1369.299999999999954,1292.5,1369,1332.299999999999954,36.700000000000002,2.7546,70527.309999999997671,9414092.024000000208616
688256.SH,2025.12.05,1339.5,1396.319999999999936,1322,1355,1369,-14,-1.0226,88022.660000000003492,11982010.11600000038743
688256.SH,2025.12.08,1335,1441.799999999999954,1333.019999999999981,1417.799999999999954,1355,62.799999999999997,4.6347,98744.309999999997671,13837959.653999999165534
688256.SH,2025.12.09,1375,1457.569999999999936,1368,1436,1417.799999999999954,18.199999999999999,1.2837,90594.169999999998253,12892588.911000000312924
688256.SH,2025.12.10,1436,1451.690000000000054,1371,1420.880000000000109,1436,-15.119999999999999,-1.0529,62966.510000000002037,8864636.275000000372529
688256.SH,2025.12.11,1410,1417,1376,1382.019999999999981,1420.880000000000109,-38.859999999999999,-2.7349,62072.589999999996507,8619204.09999999962747
688256.SH,2025.12.12,1382.019999999999981,1408,1329.799999999999954,1344,1382.019999999999981,-38.020000000000003,-2.751,91731.130000000004656,12503100.255000000819563
688256.SH,2025.12.15,1316.00999999999999,1377.789999999999963,1316.00999999999999,1331.90000000000009,1344,-12.099999999999999,-0.9003,64108.760000000002037,8667825.206000000238418
688256.SH,2025.12.16,1319.099999999999909,1332,1262.690000000000054,1273.920000000000072,1331.90000000000009,-57.979999999999996,-4.353200000000001,73946.270000000004074,9503366.28999999910593
688256.SH,2025.12.17,1270.109999999999899,1320,1263.5,1315.599999999999909,1273.920000000000072,41.679999999999999,3.2718,63136.569999999999708,8165521.985999999567866
688256.SH,2025.12.18,1300,1309.769999999999981,1280.019999999999981,1287,1315.599999999999909,-28.600000000000001,-2.1739,38865.620000000002619,5022391.298999999649822
688256.SH,2025.12.19,1300,1301,1264,1268,1287,-19,-1.4763,43265.540000000000873,5527000.531000000424683
688256.SH,2025.12.22,1275.00999999999999,1297.65000000000009,1258,1284.769999999999981,1268,16.769999999999999,1.3226,64766.940000000002328,8285582.166000000201165
688256.SH,2025.12.23,1278.200000000000045,1350,1275.099999999999909,1336.019999999999981,1284.769999999999981,51.25,3.989,91435.029999999998835,12143932.519999999552965
688256.SH,2025.12.24,1335,1345,1300.990000000000009,1326.200000000000045,1336.019999999999981,-9.82,-0.735,59286.620000000002619,7830827.375
688256.SH,2025.12.25,1315,1333.990000000000009,1310,1319.410000000000081,1326.200000000000045,-6.79,-0.512,40510.269999999996798,5343991.086000000126659
688256.SH,2025.12.26,1302,1334.15000000000009,1290.099999999999909,1303.8900000000001,1319.410000000000081,-15.519999999999999,-1.1763,47847.970000000001164,6276085.535000000149011
688256.SH,2025.12.29,1309.970000000000027,1398,1308,1358.5,1303.8900000000001,54.609999999999999,4.188200000000001,98352.619999999995343,13413872.869999999180436
688256.SH,2025.12.30,1358.880000000000109,1439,1358.880000000000109,1415.799999999999954,1358.5,57.299999999999997,4.217900000000001,91353.669999999998253,12869406.686000000685453
688256.SH,2025.12.31,1426,1432,1348.160000000000081,1355.549999999999954,1415.799999999999954,-60.25,-4.2555,70267.419999999998253,9747441.407999999821186
688256.SH,2026.01.05,1375,1403.480000000000018,1346.779999999999972,1390,1355.549999999999954,34.450000000000002,2.5414,65515.019999999996798,9038942.469000000506639
688256.SH,2026.01.06,1380,1430,1363.059999999999945,1383.099999999999909,1390,-6.900000000000001,-0.4964,69600.130000000004656,9668802.273000000044703
688256.SH,2026.01.07,1370,1399.930000000000063,1356.880000000000109,1394.880000000000109,1383.099999999999909,11.779999999999999,0.8517,68366.429999999993015,9416481.26300000026822
688256.SH,2026.01.08,1409,1486,1401,1444,1394.880000000000109,49.119999999999997,3.5214,149220.619999999995343,21582860.951000001281499
688256.SH,2026.01.09,1419.990000000000009,1512,1391,1491,1444,47,3.2548,102204.979999999995925,14899518.826999999582767
688256.SH,2026.01.12,1534.440000000000054,1550,1463,1509.990000000000009,1491,18.989999999999998,1.2736,94844.440000000002328,14379497.915999999269843
688256.SH,2026.01.13,1485,1520,1399.990000000000009,1408.089999999999918,1509.990000000000009,-101.900000000000005,-6.748400000000001,100029.880000000004656,14468557.792999999597668
688256.SH,2026.01.14,1420,1449.980000000000018,1388.089999999999918,1439.11999999999989,1408.089999999999918,31.030000000000001,2.2037,89478.25,12769174.184000000357627
688256.SH,2026.01.15,1421,1444,1392.450000000000045,1415,1439.11999999999989,-24.120000000000001,-1.676,57838.699999999997089,8160415.979000000283122
688256.SH,2026.01.16,1420,1445,1408.029999999999972,1424.049999999999954,1415,9.05,0.6396,72255.589999999996507,10308466.085999999195337
688256.SH,2026.01.19,1422,1458.579999999999927,1408,1419.660000000000081,1424.049999999999954,-4.39,-0.3083,69119.05000000000291,9918274.016000000759959
688256.SH,2026.01.20,1417,1425,1331.019999999999981,1343.039999999999963,1419.660000000000081,-76.620000000000004,-5.3971,87374.009999999994761,11952219.696000000461935
688256.SH,2026.01.21,1335.349999999999909,1388,1334.920000000000072,1353.86999999999989,1343.039999999999963,10.83,0.8064,75750.119999999995343,10345072.403000000864267
688256.SH,2026.01.22,1344,1368,1333,1353,1353.86999999999989,-0.87,-0.0643,59350.319999999999708,8030782.536999999545514
688256.SH,2026.01.23,1337,1353,1320,1334.990000000000009,1353,-18.010000000000001,-1.3311,63511.269999999996798,8480917.28999999910593
688256.SH,2026.01.26,1325,1329.920000000000072,1296,1300,1334.990000000000009,-34.990000000000001,-2.621,67870.460000000006402,8871288.504000000655651
688256.SH,2026.01.27,1300,1317.880000000000109,1276.549999999999954,1300.8900000000001,1300,0.89,0.0685,63383.80000000000291,8235075.320000000298023
688256.SH,2026.01.28,1309.880000000000109,1310,1279,1282.779999999999972,1300.8900000000001,-18.109999999999999,-1.3921,69812.860000000000582,9013149.130000000819563
688256.SH,2026.01.29,1282.11999999999989,1292.11999999999989,1250.00999999999999,1252.00999999999999,1282.779999999999972,-30.769999999999999,-2.3987,71581.570000000006984,9051850.982999999076128
688256.SH,2026.01.30,1252,1277.86999999999989,1240.099999999999909,1258.8900000000001,1252.00999999999999,6.88,0.5495,63495.430000000000291,8018391.889000000432133
688256.SH,2026.02.02,1249,1273.599999999999909,1233,1242,1258.8900000000001,-16.89,-1.3417,66690.289999999993597,8357731.143000000156462
688256.SH,2026.02.03,1255,1257.779999999999972,1063,1128,1242,-114,-9.178699999999999,226144.549999999988358,25622515.727000001817941
688256.SH,2026.02.04,1100,1108.599999999999909,1063.970000000000027,1068,1128,-60,-5.3191,117351.289999999993597,12657885.59999999962747
688256.SH,2026.02.05,1050.00999999999999,1072.980000000000018,1037.039999999999963,1058.329999999999927,1068,-9.669999999999999,-0.9054,79421.149999999994179,8357564.076000000350177
688256.SH,2026.02.06,1042.549999999999954,1062.680000000000063,1015.559999999999945,1036.990000000000009,1058.329999999999927,-21.339999999999999,-2.0164,79813.479999999995925,8272185.15500000026077
688256.SH,2026.02.09,1060,1105.940000000000054,1056,1086.799999999999954,1036.990000000000009,49.810000000000002,4.803300000000001,96536.389999999999417,10462460.031999999657273
688256.SH,2026.02.10,1105,1148,1091.579999999999927,1100.90000000000009,1086.799999999999954,14.099999999999999,1.2974,96601.199999999997089,10796371.348999999463558
688256.SH,2026.02.11,1088.880000000000109,1103,1073,1078.90000000000009,1100.90000000000009,-22,-1.9984,55273.110000000000582,5983828.10800000000745
688256.SH,2026.02.12,1079.980000000000018,1120,1061.329999999999927,1112.5,1078.90000000000009,33.600000000000001,3.1143,86857.139999999999417,9502364.158999999985098
688256.SH,2026.02.13,1100,1143,1093.109999999999899,1120.680000000000063,1112.5,8.179999999999999,0.7353,70569.449999999997089,7918250.311999999918043
688256.SH,2026.02.24,1136.25999999999999,1142,1070.200000000000045,1071.549999999999954,1120.680000000000063,-49.130000000000002,-4.3839,81877.089999999996507,8894584.850999999791383
688256.SH,2026.02.25,1079.990000000000009,1109,1074,1082.65000000000009,1071.549999999999954,11.099999999999999,1.0359,57606.230000000003201,6266293.048000000417232
688256.SH,2026.02.26,1095.15000000000009,1188.880000000000109,1068.740000000000009,1168.799999999999954,1082.65000000000009,86.150000000000005,7.9573,140838.470000000001164,16034677.282999999821186
688256.SH,2026.02.27,1145.019999999999981,1212.11999999999989,1141.329999999999927,1178,1168.799999999999954,9.199999999999999,0.7871,121511.649999999994179,14322223.946000000461935
