ts_code,trade_date,open,high,low,close,pre_close,change,pct_chg,vol,amount
688981.SH,2023.03.01,41.990000000000001,42.46,41.920000000000001,42.369999999999997,42.020000000000003,0.35,0.8329,137023.730000000010477,579830.570999999996274
688981.SH,2023.03.02,42.409999999999996,42.649999999999998,42.25,42.46,42.369999999999997,0.09,0.2124,114671.110000000000582,487040.565000000002328
688981.SH,2023.03.03,42.880000000000002,43.880000000000002,42.880000000000002,43.32,42.46,0.86,2.0254,310281.640000000013969,1344302.283000000054016
688981.SH,2023.03.06,43.119999999999997,43.840000000000003,42.899999999999998,43.399999999999998,43.32,0.08,0.1847,215695.779999999998835,935445.709999999962747
688981.SH,2023.03.07,43.32,43.659999999999996,42.679999999999999,42.729999999999996,43.399999999999998,-0.67,-1.5438,175736.040000000008149,758548.543999999994412
688981.SH,2023.03.08,42.700000000000002,42.929999999999999,42.560000000000002,42.840000000000003,42.729999999999996,0.11,0.2574,108047.960000000006402,462082.471000000019557
688981.SH,2023.03.09,42.799999999999997,43.880000000000002,42.799999999999997,43.270000000000003,42.840000000000003,0.43,1.0037,235763.880000000004656,1023553.70499999995809
688981.SH,2023.03.10,43,43.670000000000001,42.729999999999996,43,43.270000000000003,-0.27,-0.624,199760.529999999998835,863796.135000000009313
688981.SH,2023.03.13,43,43.740000000000002,42.560000000000002,43.600000000000001,43,0.6,1.3953,216498.269999999989522,935642.557000000029802
688981.SH,2023.03.14,43.649999999999998,48.880000000000002,43.380000000000002,48.009999999999998,43.600000000000001,4.410000000000001,10.114699999999999,1363549.959999999962747,6388771.484000000171363
688981.SH,2023.03.15,48.009999999999998,50.950000000000002,47.880000000000002,48.880000000000002,48.009999999999998,0.87,1.8121,1275671.449999999953433,6286627.703999999910593
688981.SH,2023.03.16,48.770000000000003,50.5,48.740000000000002,49.310000000000002,48.880000000000002,0.43,0.8797,951214.35999999998603,4724742.583999999798834
688981.SH,2023.03.17,50.100000000000001,52.979999999999996,49.100000000000001,52.57,49.310000000000002,3.26,6.611200000000001,1401297.770000000018626,7194787.633999999612569
688981.SH,2023.03.20,52.600000000000001,53.659999999999996,51.659999999999996,51.810000000000002,52.57,-0.76,-1.4457,1005251.96999999997206,5284002.495000000111758
688981.SH,2023.03.21,51.810000000000002,52.659999999999996,50.950000000000002,52.109999999999999,51.810000000000002,0.3,0.579,674449.119999999995343,3490710.416000000201165
688981.SH,2023.03.22,51.950000000000002,52.5,51.359999999999999,52.299999999999997,52.109999999999999,0.19,0.3646,588231.420000000041909,3054583.016999999992549
688981.SH,2023.03.23,52,53.380000000000002,50.600000000000001,52.32,52.299999999999997,0.02,0.0382,908342.21999999997206,4713726.595999999903142
688981.SH,2023.03.24,52,52.100000000000001,50.689999999999997,50.799999999999997,52.32,-1.52,-2.9052,676051.170000000041909,3463874.779999999795108
688981.SH,2023.03.27,50.5,50.770000000000003,48.89,49.5,50.799999999999997,-1.3,-2.5591,649112.839999999967403,3227686.407999999821186
688981.SH,2023.03.28,49.75,50.119999999999997,48.71,49.100000000000001,49.5,-0.4,-0.8081,454941.140000000013969,2249830.833999999798834
688981.SH,2023.03.29,49.189999999999997,50.32,47.979999999999996,49.359999999999999,49.100000000000001,0.26,0.5295,708926.21999999997206,3496451.833999999798834
688981.SH,2023.03.30,49.020000000000003,50.189999999999997,48.799999999999997,49.079999999999998,49.359999999999999,-0.28,-0.5673,457795.60999999998603,2264069.970000000204891
688981.SH,2023.03.31,49.100000000000001,50.649999999999998,48.909999999999996,50.109999999999999,49.079999999999998,1.03,2.0986,504834.229999999981373,2519438.89699999988079
688981.SH,2023.04.03,50.329999999999998,54.600000000000001,49.869999999999997,54.579999999999998,50.109999999999999,4.47,8.9204,1339895.879999999888241,7028142.061999999918043
688981.SH,2023.04.04,54.25,57.990000000000001,54.009999999999998,56.659999999999996,54.579999999999998,2.08,3.8109,1674923.590000000083819,9472351.940999999642372
688981.SH,2023.04.06,57.5,61.609999999999999,57.280000000000001,59.07,56.659999999999996,2.41,4.2534,1874795.899999999906867,11217395.667999999597668
688981.SH,2023.04.07,59.829999999999998,60.899999999999998,58.14,59.899999999999998,59.07,0.83,1.4051,1205414.060000000055879,7196995.175999999977648
688981.SH,2023.04.10,60.299999999999997,63.539999999999999,59.600000000000001,60,59.899999999999998,0.1,0.1669,1242694.68999999994412,7623833.531000000424683
688981.SH,2023.04.11,60,61.579999999999998,57.329999999999998,58.429999999999999,60,-1.57,-2.6167,1090664.379999999888241,6464638.063000000081956
688981.SH,2023.04.12,57.899999999999998,60.5,57.75,59.299999999999997,58.429999999999999,0.87,1.489,751776.599999999976716,4475622.570000000298023
688981.SH,2023.04.13,58.700000000000002,59.219999999999998,57.5,58,59.299999999999997,-1.3,-2.1922,609875.82999999995809,3550090.617000000085681
688981.SH,2023.04.14,58.670000000000001,62.299999999999997,57.380000000000002,62.259999999999997,58,4.26,7.344800000000001,1260910.030000000027939,7626678.711000000126659
688981.SH,2023.04.17,62.5,63.679999999999999,61.71,63,62.259999999999997,0.74,1.1886,926839.459999999962747,5814764.382000000216066
688981.SH,2023.04.18,62.219999999999998,62.25,59.609999999999999,60.899999999999998,63,-2.1,-3.3333,829262.680000000051222,5036517.706000000238418
688981.SH,2023.04.19,60.990000000000001,64.379999999999995,60.149999999999998,62.21,60.899999999999998,1.31,2.1511,1056699.290000000037252,6578214.899000000208616
688981.SH,2023.04.20,61.840000000000003,66.5,61.840000000000003,66.480000000000004,62.21,4.27,6.863800000000001,1317248.090000000083819,8572883.36600000038743
688981.SH,2023.04.21,66.129999999999995,66.329999999999998,62.109999999999999,62.799999999999997,66.480000000000004,-3.68,-5.5355,1002269.089999999967403,6444984.946000000461935
688981.SH,2023.04.24,62.5,64.5,60.109999999999999,63.049999999999997,62.799999999999997,0.25,0.3981,846989.900000000023283,5289122.673000000417232
688981.SH,2023.04.25,63.060000000000002,64.569999999999993,60.850000000000001,61.369999999999997,63.049999999999997,-1.68,-2.6646,872287.530000000027939,5434677.427000000141561
688981.SH,2023.04.26,60.700000000000002,61.060000000000002,56.700000000000002,58.159999999999996,61.369999999999997,-3.21,-5.2306,1066286.899999999906867,6263921.423000000417232
688981.SH,2023.04.27,57.299999999999997,59.450000000000002,57.009999999999998,58.289999999999999,58.159999999999996,0.13,0.2235,593021.540000000037252,3456206.783999999985098
688981.SH,2023.04.28,57.909999999999996,61.600000000000001,57.810000000000002,61.579999999999998,58.289999999999999,3.29,5.6442,672402.959999999962747,4044067.430000000167638
688981.SH,2023.05.04,60.5,60.950000000000002,58,58.759999999999997,61.579999999999998,-2.82,-4.5794,592897.930000000051222,3522978.239000000059604
688981.SH,2023.05.05,58.5,59.929999999999999,58.259999999999997,58.799999999999997,58.759999999999997,0.04,0.0681,362073.770000000018626,2139809.354999999981373
688981.SH,2023.05.08,58.990000000000001,61.189999999999997,58.89,59.429999999999999,58.799999999999997,0.63,1.0714,482317.60999999998603,2885045.618999999947845
688981.SH,2023.05.09,58.96,59.350000000000001,52.520000000000003,52.780000000000001,59.429999999999999,-6.650000000000001,-11.1896,1482704.629999999888241,8155420.423999999649822
688981.SH,2023.05.10,52.259999999999997,53.450000000000002,51.600000000000001,52.450000000000002,52.780000000000001,-0.33,-0.6252,585356.60999999998603,3078071.157999999821186
688981.SH,2023.05.11,53.049999999999997,53.700000000000002,52.609999999999999,52.96,52.450000000000002,0.51,0.9724,336976.989999999990686,1788437.531999999890103
688981.SH,2023.05.12,54.5,56.590000000000003,53.409999999999996,53.689999999999997,52.96,0.73,1.3784,738351.849999999976716,4072556.240999999921768
688981.SH,2023.05.15,53,55.299999999999997,52.420000000000001,54.869999999999997,53.689999999999997,1.18,2.1978,452111.960000000020954,2432078.652999999932944
688981.SH,2023.05.16,54.810000000000002,55.299999999999997,53.880000000000002,54.25,54.869999999999997,-0.62,-1.1299,374178.650000000023283,2040747.53499999991618
688981.SH,2023.05.17,53.929999999999999,54.950000000000002,53.71,54.200000000000002,54.25,-0.05,-0.0922,292401.770000000018626,1589833.273000000044703
688981.SH,2023.05.18,54.380000000000002,55.549999999999997,54.329999999999998,55.100000000000001,54.200000000000002,0.9,1.6605,352904.330000000016298,1940830.220999999903142
688981.SH,2023.05.19,54.82,56.359999999999999,54.82,55,55.100000000000001,-0.1,-0.1815,353944.96999999997206,1965418.864000000059604
688981.SH,2023.05.22,55,56,54.200000000000002,54.549999999999997,55,-0.45,-0.8182,257485.950000000011641,1419219.568999999901279
688981.SH,2023.05.23,54.200000000000002,54.700000000000002,52.899999999999998,52.899999999999998,54.549999999999997,-1.65,-3.0247,315326.200000000011641,1684264.054000000003725
688981.SH,2023.05.24,52.600000000000001,52.600000000000001,48.780000000000001,49.909999999999996,52.899999999999998,-2.99,-5.6522,852373.07999999995809,4260149.558000000193715
688981.SH,2023.05.25,50.289999999999999,50.579999999999998,49.030000000000001,50.359999999999999,49.909999999999996,0.45,0.9016,406263.549999999988358,2024849.404000000096857
688981.SH,2023.05.26,50.46,52.310000000000002,50.450000000000002,51.799999999999997,50.359999999999999,1.44,2.8594,414355.919999999983701,2137138.270000000018626
688981.SH,2023.05.29,52.25,53.579999999999998,51.509999999999997,52.600000000000001,51.799999999999997,0.8,1.5444,398252.039999999979045,2099428.998999999836087
688981.SH,2023.05.30,52.189999999999997,53.030000000000001,52.079999999999998,52.89,52.600000000000001,0.29,0.5513,265929.210000000020954,1397789.256000000052154
688981.SH,2023.05.31,52.700000000000002,54.799999999999997,52.509999999999997,54.399999999999998,52.89,1.51,2.855,434673.520000000018626,2354459.129999999888241
688981.SH,2023.06.01,53.850000000000001,55.170000000000001,53.479999999999996,54.420000000000001,54.399999999999998,0.02,0.0368,305226.830000000016298,1658661.987999999895691
688981.SH,2023.06.02,54.600000000000001,54.799999999999997,52.880000000000002,53.719999999999998,54.420000000000001,-0.7,-1.2863,238831.70999999999185,1284217.628000000026077
688981.SH,2023.06.05,54.789999999999999,56.030000000000001,54.5,55.039999999999999,53.719999999999998,1.32,2.4572,428499.280000000027939,2370572.337999999988824
688981.SH,2023.06.06,55.039999999999999,55.759999999999997,53.609999999999999,53.990000000000001,55.039999999999999,-1.05,-1.9077,293168.679999999993015,1607143.747999999905005
688981.SH,2023.06.07,54,55.159999999999996,53.71,54.670000000000001,53.990000000000001,0.68,1.2595,238489.420000000012805,1297489.706000000005587
688981.SH,2023.06.08,54.600000000000001,54.600000000000001,53.179999999999999,53.560000000000002,54.670000000000001,-1.11,-2.0304,262984.229999999981373,1416843.010000000009313
688981.SH,2023.06.09,53.789999999999999,54.179999999999999,52.810000000000002,53.530000000000001,53.560000000000002,-0.03,-0.056,359992.489999999990686,1924251.757999999914318
688981.SH,2023.06.12,53.490000000000002,53.829999999999998,52.380000000000002,52.869999999999997,53.530000000000001,-0.66,-1.233,301533.349999999976716,1596127.568999999901279
688981.SH,2023.06.13,53.090000000000003,55.909999999999996,52.82,55.399999999999998,52.869999999999997,2.53,4.785300000000001,545663.459999999962747,2988574.240000000223517
688981.SH,2023.06.14,55.630000000000002,56.270000000000003,55.060000000000002,56,55.399999999999998,0.6,1.083,424842.349999999976716,2368162.234999999869614
688981.SH,2023.06.15,55.719999999999998,56.299999999999997,54.450000000000002,54.780000000000001,56,-1.22,-2.1786,371454.030000000027939,2049812.578999999910593
688981.SH,2023.06.16,54.530000000000001,55.929999999999999,54.109999999999999,55.560000000000002,54.780000000000001,0.78,1.4239,350061.650000000023283,1928383.174000000115483
688981.SH,2023.06.19,55.299999999999997,56.100000000000001,54.880000000000002,55.060000000000002,55.560000000000002,-0.5,-0.8999,316519.380000000004656,1755659.182999999960884
688981.SH,2023.06.20,54.899999999999998,55.219999999999998,51.020000000000003,52.270000000000003,55.060000000000002,-2.79,-5.0672,778680.60999999998603,4109919.399999999906867
688981.SH,2023.06.21,52,52.5,50,50.799999999999997,52.270000000000003,-1.47,-2.8123,478357.669999999983701,2444510.865000000223517
688981.SH,2023.06.26,50.659999999999996,51.560000000000002,49.82,50.969999999999998,50.799999999999997,0.17,0.3346,325229.390000000013969,1645372.847999999998137
688981.SH,2023.06.27,50.899999999999998,51.71,50.899999999999998,51.39,50.969999999999998,0.42,0.824,194617.420000000012805,999282.582999999984167
688981.SH,2023.06.28,51.869999999999997,52.380000000000002,50.75,51.719999999999998,51.39,0.33,0.6421,283307.200000000011641,1466378.989000000059604
688981.SH,2023.06.29,51.229999999999996,51.969999999999998,50.859999999999999,51,51.719999999999998,-0.72,-1.3921,198619.70999999999185,1022845.21999999997206
688981.SH,2023.06.30,50.75,51.520000000000003,50.450000000000002,50.520000000000003,51,-0.48,-0.9412,245849.929999999993015,1249845.240999999921768
688981.SH,2023.07.03,50.670000000000001,51,49.600000000000001,51,50.520000000000003,0.48,0.9501,290169.059999999997671,1461511.980999999912455
688981.SH,2023.07.04,51,52,50.630000000000002,51.409999999999996,51,0.41,0.8039,295854.60999999998603,1519446.628000000026077
688981.SH,2023.07.05,51.25,51.399999999999998,50.71,50.979999999999996,51.409999999999996,-0.43,-0.8364,174457.489999999990686,889902.226000000024214
688981.SH,2023.07.06,50.89,51.049999999999997,49.89,50,50.979999999999996,-0.98,-1.9223,232102.690000000002328,1168687.010000000009313
688981.SH,2023.07.07,49.810000000000002,50.179999999999999,49.060000000000002,49.380000000000002,50,-0.62,-1.24,283361.130000000004656,1405030.601000000024214
688981.SH,2023.07.10,49.409999999999996,49.880000000000002,49.380000000000002,49.719999999999998,49.380000000000002,0.34,0.6885,119691.830000000001746,594206.741999999969266
688981.SH,2023.07.11,49.719999999999998,50.420000000000001,49.5,50.299999999999997,49.719999999999998,0.58,1.1665,196696.010000000009313,983659.361000000033527
688981.SH,2023.07.12,50.32,50.450000000000002,48.219999999999998,48.380000000000002,50.299999999999997,-1.92,-3.8171,383719.929999999993015,1881906.898999999975785
688981.SH,2023.07.13,48.600000000000001,49.369999999999997,48.600000000000001,49.200000000000002,48.380000000000002,0.82,1.6949,250772.989999999990686,1229564.59499999997206
688981.SH,2023.07.14,49.200000000000002,50.130000000000002,49.159999999999996,49.46,49.200000000000002,0.26,0.5285,183227.470000000001164,909159.937000000034458
688981.SH,2023.07.17,49.159999999999996,49.46,48.600000000000001,48.770000000000003,49.46,-0.69,-1.3951,165078.700000000011641,806855.841999999945983
688981.SH,2023.07.18,49,50.75,49,49.700000000000002,48.770000000000003,0.93,1.9069,278801.119999999995343,1394187.854999999981373
688981.SH,2023.07.19,49.5,49.579999999999998,48.880000000000002,49.149999999999998,49.700000000000002,-0.55,-1.1066,160502.929999999993015,788838.349999999976716
688981.SH,2023.07.20,49.329999999999998,49.549999999999997,49.020000000000003,49.289999999999999,49.149999999999998,0.14,0.2848,130655.889999999999417,644076.800999999977648
688981.SH,2023.07.21,49.009999999999998,49.240000000000002,48.880000000000002,49,49.289999999999999,-0.29,-0.5884,125845.179999999993015,617119.609000000054948
688981.SH,2023.07.24,48.880000000000002,49.509999999999997,48.840000000000003,49,49,0,0,113749.779999999998835,559330.692999999970197
688981.SH,2023.07.25,49.659999999999996,49.799999999999997,49.229999999999996,49.770000000000003,49,0.77,1.5714,179668.829999999987194,890948.322999999974854
688981.SH,2023.07.26,49.659999999999996,50.179999999999999,49.539999999999999,50.149999999999998,49.770000000000003,0.38,0.7635,161153.190000000002328,803412.947000000043772
688981.SH,2023.07.27,50.009999999999998,50.14,49.200000000000002,49.39,50.149999999999998,-0.76,-1.5155,163390.619999999995343,812613.123999999952502
688981.SH,2023.07.28,49.030000000000001,50.350000000000001,48.990000000000001,50.259999999999997,49.39,0.87,1.7615,186980.540000000008149,933055.645000000018626
688981.SH,2023.07.31,50.310000000000002,51.380000000000002,50.280000000000001,51.359999999999999,50.259999999999997,1.1,2.1886,259441.369999999995343,1324877.472000000067055
688981.SH,2023.08.01,51.399999999999998,51.57,50.490000000000002,50.719999999999998,51.359999999999999,-0.64,-1.2461,181103.140000000013969,921404.966000000014901
688981.SH,2023.08.02,50.869999999999997,51.119999999999997,50.659999999999996,50.829999999999998,50.719999999999998,0.11,0.2169,108139.80000000000291,549979.976000000024214
688981.SH,2023.08.03,50.700000000000002,51.179999999999999,50.179999999999999,50.909999999999996,50.829999999999998,0.08,0.1574,120481.759999999994761,613432.104000000050291
688981.SH,2023.08.04,51.369999999999997,51.609999999999999,51.009999999999998,51.100000000000001,50.909999999999996,0.19,0.3732,171008.10000000000582,875914.545000000041909
688981.SH,2023.08.07,51.119999999999997,51.179999999999999,49.060000000000002,49.259999999999997,51.100000000000001,-1.84,-3.6008,324039.419999999983701,1610428.094000000040978
688981.SH,2023.08.08,49.119999999999997,49.899999999999998,48.979999999999996,49.469999999999998,49.259999999999997,0.21,0.4263,161479.769999999989522,796863.741000000038184
688981.SH,2023.08.09,49.299999999999997,49.590000000000003,48.46,48.64,49.469999999999998,-0.83,-1.6778,179610.320000000006984,878532.354000000050291
688981.SH,2023.08.10,48.659999999999996,49,48.340000000000003,48.469999999999998,48.64,-0.17,-0.3495,141846.130000000004656,688655.013999999966472
688981.SH,2023.08.11,48.850000000000001,48.950000000000002,46.909999999999996,46.920000000000001,48.469999999999998,-1.55,-3.1979,318555.530000000027939,1514515.990999999921768
688981.SH,2023.08.14,46.579999999999998,47.359999999999999,46.299999999999997,47.340000000000003,46.920000000000001,0.42,0.8951,135852.839999999996507,638638.98499999998603
688981.SH,2023.08.15,47.469999999999998,47.75,46.909999999999996,47.520000000000003,47.340000000000003,0.18,0.3802,129261.119999999995343,612785.21799999999348
688981.SH,2023.08.16,47.5,48.090000000000003,47.299999999999997,47.549999999999997,47.520000000000003,0.03,0.0631,137536.660000000003492,656989.173999999999068
688981.SH,2023.08.17,47.299999999999997,48.25,46.71,48.149999999999998,47.549999999999997,0.6,1.2618,134232.739999999990686,642153.302000000025145
688981.SH,2023.08.18,48.780000000000001,48.859999999999999,47.869999999999997,48.009999999999998,48.149999999999998,-0.14,-0.2908,147357.920000000012805,712243.184000000008381
688981.SH,2023.08.21,47.899999999999998,48.590000000000003,47.630000000000002,47.679999999999999,48.009999999999998,-0.33,-0.6874,111878.039999999993597,539061.515999999945051
688981.SH,2023.08.22,47.869999999999997,48.969999999999998,47.600000000000001,48.82,47.679999999999999,1.14,2.3909,202560.829999999987194,980415.331000000005587
688981.SH,2023.08.23,48.539999999999999,48.990000000000001,47.759999999999997,47.89,48.82,-0.93,-1.905,157167.140000000013969,764488.486000000033527
688981.SH,2023.08.24,48.130000000000002,48.939999999999997,47.780000000000001,48.619999999999997,47.89,0.73,1.5243,128400.10000000000582,621822.143999999971128
688981.SH,2023.08.25,48.399999999999998,48.64,47.689999999999997,48.299999999999997,48.619999999999997,-0.32,-0.6582,136746.269999999989522,657417.619999999995343
688981.SH,2023.08.28,50.719999999999998,50.979999999999996,48.520000000000003,48.549999999999997,48.299999999999997,0.25,0.5176,239093.760000000009313,1184020.364999999990686
688981.SH,2023.08.29,48.609999999999999,51,48.609999999999999,51,48.549999999999997,2.45,5.0463,395939.380000000004656,1990118.388999999966472
688981.SH,2023.08.30,53.979999999999996,54.539999999999999,52.32,52.939999999999997,51,1.94,3.8039,711224.890000000013969,3804531.953000000212341
688981.SH,2023.08.31,52.600000000000001,54.789999999999999,52.299999999999997,54.240000000000002,52.939999999999997,1.3,2.4556,567917.729999999981373,3071449.763999999966472
688981.SH,2023.09.01,54.380000000000002,54.679999999999999,52.759999999999997,53.679999999999999,54.240000000000002,-0.56,-1.0324,372842.5,1997027.510000000009313
688981.SH,2023.09.04,53.899999999999998,56.899999999999998,53.270000000000003,56.899999999999998,53.679999999999999,3.22,5.9985,550280.869999999995343,3016678.635999999940395
688981.SH,2023.09.05,57.359999999999999,58.659999999999996,55.149999999999998,55.630000000000002,56.899999999999998,-1.27,-2.232,854584.339999999967403,4880846.190999999642372
688981.SH,2023.09.06,55.159999999999996,57.399999999999998,54.810000000000002,56.829999999999998,55.630000000000002,1.2,2.1571,655365.07999999995809,3677819.12099999981001
688981.SH,2023.09.07,55.880000000000002,55.880000000000002,51.96,52.119999999999997,56.829999999999998,-4.71,-8.2879,847808.819999999948777,4541997.492999999783933
688981.SH,2023.09.08,52.060000000000002,53.240000000000002,51.409999999999996,52.5,52.119999999999997,0.38,0.7291,493697.700000000011641,2586774.083000000100582
688981.SH,2023.09.11,52.579999999999998,52.920000000000001,51.659999999999996,52.060000000000002,52.5,-0.44,-0.8381,385280.760000000009313,2016487.945000000065192
688981.SH,2023.09.12,52,52.200000000000002,51.5,51.520000000000003,52.060000000000002,-0.54,-1.0373,240089.809999999997671,1242870.692000000039115
688981.SH,2023.09.13,51.399999999999998,51.880000000000002,50.32,50.759999999999997,51.520000000000003,-0.76,-1.4752,300129.059999999997671,1528682.411000000080093
688981.SH,2023.09.14,50.71,51.579999999999998,50.509999999999997,50.770000000000003,50.759999999999997,0.01,0.0197,231068.660000000003492,1177349.989999999990686
688981.SH,2023.09.15,50.929999999999999,52.630000000000002,50.609999999999999,51.700000000000002,50.770000000000003,0.93,1.8318,439800.229999999981373,2280275.725000000093132
688981.SH,2023.09.18,51.32,51.369999999999997,48.420000000000001,49.630000000000002,51.700000000000002,-2.07,-4.0039,471020.929999999993015,2349628.737999999895691
688981.SH,2023.09.19,49.530000000000001,50.130000000000002,49.179999999999999,49.350000000000001,49.630000000000002,-0.28,-0.5642,219406.769999999989522,1087749.216999999945983
688981.SH,2023.09.20,49.009999999999998,49.649999999999998,48.979999999999996,49.340000000000003,49.350000000000001,-0.01,-0.0203,123818.740000000005238,611055.535000000032596
688981.SH,2023.09.21,49.299999999999997,49.990000000000001,49.21,49.5,49.340000000000003,0.16,0.3243,150680.200000000011641,748416.743999999947845
688981.SH,2023.09.22,49.600000000000001,51.380000000000002,49.409999999999996,51.200000000000002,49.5,1.7,3.4343,282187.349999999976716,1425416.500999999931082
688981.SH,2023.09.25,51.21,51.979999999999996,50.859999999999999,51.329999999999998,51.200000000000002,0.13,0.2539,215607.070000000006984,1109448.90100000007078
688981.SH,2023.09.26,51.200000000000002,51.200000000000002,50.009999999999998,50.060000000000002,51.329999999999998,-1.27,-2.4742,186902.20999999999185,941128.211000000010244
688981.SH,2023.09.27,50.179999999999999,51,50.07,50.659999999999996,50.060000000000002,0.6,1.1986,151176.369999999995343,765522.214000000036321
688981.SH,2023.09.28,50.700000000000002,51.420000000000001,50.25,51.149999999999998,50.659999999999996,0.49,0.9672,176075.649999999994179,896776.613000000012107
688981.SH,2023.10.09,50.799999999999997,51.479999999999996,50.299999999999997,50.719999999999998,51.149999999999998,-0.43,-0.8407,159837.079999999987194,812288.922999999951571
688981.SH,2023.10.10,50.729999999999996,51.649999999999998,50.729999999999996,50.829999999999998,50.719999999999998,0.11,0.2169,167263.570000000006984,856740.390000000013969
688981.SH,2023.10.11,50.899999999999998,54.289999999999999,50.5,54.200000000000002,50.829999999999998,3.37,6.629900000000001,461001.080000000016298,2419356.854999999981373
688981.SH,2023.10.12,53.75,54.189999999999997,53.009999999999998,53.689999999999997,54.200000000000002,-0.51,-0.941,358582.789999999979045,1920432.017999999923631
688981.SH,2023.10.13,53.170000000000001,55.880000000000002,53.060000000000002,54.560000000000002,53.689999999999997,0.87,1.6204,500164.049999999988358,2741423.103000000119209
688981.SH,2023.10.16,54.299999999999997,55.100000000000001,53.049999999999997,53.100000000000001,54.560000000000002,-1.46,-2.676,236187.739999999990686,1270862.239000000059604
688981.SH,2023.10.17,53.100000000000001,56.340000000000003,52.700000000000002,54.399999999999998,53.100000000000001,1.3,2.4482,347672.479999999981373,1896488.307000000029802
688981.SH,2023.10.18,55.840000000000003,56.729999999999996,54.479999999999996,54.57,54.399999999999998,0.17,0.3125,442979,2456939.879999999888241
688981.SH,2023.10.19,54.130000000000002,57.280000000000001,54,56.030000000000001,54.57,1.46,2.6755,752741.43999999994412,4228377.192999999970197
688981.SH,2023.10.20,55.609999999999999,58.149999999999998,55.609999999999999,57.100000000000001,56.030000000000001,1.07,1.9097,707396.089999999967403,4059007.779000000096857
688981.SH,2023.10.23,56.880000000000002,57.740000000000002,55.5,56.789999999999999,57.100000000000001,-0.31,-0.5429,483074.640000000013969,2737141.609000000171363
688981.SH,2023.10.24,56.789999999999999,57.100000000000001,53.359999999999999,55.049999999999997,56.789999999999999,-1.74,-3.0639,480799.549999999988358,2653840.640999999828636
688981.SH,2023.10.25,56,56.82,54.679999999999999,54.679999999999999,55.049999999999997,-0.37,-0.6721,322059.239999999990686,1789416.70299999997951
688981.SH,2023.10.26,54.200000000000002,55.600000000000001,54.100000000000001,54.89,54.679999999999999,0.21,0.3841,280743.989999999990686,1540008.213999999919906
688981.SH,2023.10.27,54.579999999999998,57.5,54.399999999999998,56.979999999999996,54.89,2.09,3.8076,471623.299999999988358,2663837.461000000126659
688981.SH,2023.10.30,56.740000000000002,58.979999999999996,56.670000000000001,58.299999999999997,56.979999999999996,1.32,2.3166,507353.849999999976716,2959089.794999999925494
688981.SH,2023.10.31,58.380000000000002,58.380000000000002,56.880000000000002,57.25,58.299999999999997,-1.05,-1.801,280258.150000000023283,1609413.17699999990873
688981.SH,2023.11.01,57.14,59.079999999999998,56.780000000000001,58.21,57.25,0.96,1.6769,361575.650000000023283,2109091.149999999906867
688981.SH,2023.11.02,58.5,59.109999999999999,57.130000000000002,57.310000000000002,58.21,-0.9,-1.5461,290942.96999999997206,1691163.614999999990686
688981.SH,2023.11.03,57.450000000000002,57.990000000000001,56.810000000000002,57.859999999999999,57.310000000000002,0.55,0.9597,276587.320000000006984,1589991.42699999990873
688981.SH,2023.11.06,57.89,58.399999999999998,56.96,57.299999999999997,57.859999999999999,-0.56,-0.9679,337907.380000000004656,1945325.693999999901279
688981.SH,2023.11.07,57,57.549999999999997,56.009999999999998,57.549999999999997,57.299999999999997,0.25,0.4363,307593.140000000013969,1747525.203999999910593
688981.SH,2023.11.08,57.200000000000002,59.380000000000002,57.009999999999998,58.310000000000002,57.549999999999997,0.76,1.3206,466935.35999999998603,2724469.177999999839812
688981.SH,2023.11.09,58.009999999999998,58.609999999999999,56.869999999999997,57,58.310000000000002,-1.31,-2.2466,240178.410000000003492,1380902.450999999884515
688981.SH,2023.11.10,55.549999999999997,56.179999999999999,53.929999999999999,54.39,57,-2.61,-4.5789,497180.710000000020954,2731319.262000000104308
688981.SH,2023.11.13,54.560000000000002,54.880000000000002,53.630000000000002,54.240000000000002,54.39,-0.15,-0.2758,249508.45999999999185,1350562.375999999931082
688981.SH,2023.11.14,54.219999999999998,54.880000000000002,53.96,54.649999999999998,54.240000000000002,0.41,0.7559,229617.440000000002328,1248172.524999999906867
688981.SH,2023.11.15,55.020000000000003,55.189999999999997,54.32,54.32,54.649999999999998,-0.33,-0.6038,197293.290000000008149,1078282.398999999975785
688981.SH,2023.11.16,54.009999999999998,54.200000000000002,53.25,53.420000000000001,54.32,-0.9,-1.6568,198555.329999999987194,1064433.885000000009313
688981.SH,2023.11.17,54,54.07,53.380000000000002,53.700000000000002,53.420000000000001,0.28,0.5241,153105.410000000003492,821891.003999999957159
688981.SH,2023.11.20,53.57,54.310000000000002,53.219999999999998,53.920000000000001,53.700000000000002,0.22,0.4097,195936.769999999989522,1053080.949000000022351
688981.SH,2023.11.21,53.979999999999996,54.340000000000003,53.579999999999998,53.609999999999999,53.920000000000001,-0.31,-0.5749,156090.200000000011641,843669.045999999972991
688981.SH,2023.11.22,53.420000000000001,53.789999999999999,52.630000000000002,52.64,53.609999999999999,-0.97,-1.8094,167712.450000000011641,893395.082000000053085
688981.SH,2023.11.23,52.5,53.46,52.420000000000001,53.380000000000002,52.64,0.74,1.4058,142333.290000000008149,753895.793999999994412
688981.SH,2023.11.24,53.200000000000002,54.200000000000002,53.149999999999998,54.090000000000003,53.380000000000002,0.71,1.3301,182634.35000000000582,981410.035000000032596
688981.SH,2023.11.27,54.090000000000003,54.789999999999999,53.600000000000001,54.609999999999999,54.090000000000003,0.52,0.9614,229085.630000000004656,1242797.857000000076368
688981.SH,2023.11.28,54.689999999999997,54.880000000000002,54.200000000000002,54.549999999999997,54.609999999999999,-0.06,-0.1099,153920.829999999987194,840697.46999999997206
688981.SH,2023.11.29,54.609999999999999,54.789999999999999,53.600000000000001,53.700000000000002,54.549999999999997,-0.85,-1.5582,141340.760000000009313,764116.505000000004656
688981.SH,2023.11.30,53.759999999999997,54.189999999999997,53.450000000000002,53.700000000000002,53.700000000000002,0,0,107828.740000000005238,580168.88800000003539
688981.SH,2023.12.01,53.600000000000001,54.57,52.899999999999998,54.149999999999998,53.700000000000002,0.45,0.838,178654.820000000006984,960244.809000000008381
688981.SH,2023.12.04,54.149999999999998,54.530000000000001,53.030000000000001,53.179999999999999,54.149999999999998,-0.97,-1.7913,165567.60000000000582,886710.46999999997206
688981.SH,2023.12.05,53.049999999999997,53.170000000000001,52.39,52.39,53.179999999999999,-0.79,-1.4855,143970.970000000001164,758829.187999999965541
688981.SH,2023.12.06,52.159999999999996,52.780000000000001,51.740000000000002,51.969999999999998,52.39,-0.42,-0.8017,182131.730000000010477,950451.751000000047497
688981.SH,2023.12.07,51.880000000000002,52.670000000000001,51.549999999999997,52.670000000000001,51.969999999999998,0.7,1.3469,232852.35999999998603,1215586.142999999923631
688981.SH,2023.12.08,52.670000000000001,52.679999999999999,51.100000000000001,52.549999999999997,52.670000000000001,-0.12,-0.2278,381398.229999999981373,1985072.088999999919906
688981.SH,2023.12.11,52.009999999999998,53.219999999999998,51.700000000000002,53.179999999999999,52.549999999999997,0.63,1.1989,219874.35999999998603,1154536.239999999990686
688981.SH,2023.12.12,53.240000000000002,54.170000000000001,52.859999999999999,54.119999999999997,53.179999999999999,0.94,1.7676,209746.320000000006984,1124677.20299999997951
688981.SH,2023.12.13,54,54.560000000000002,53.700000000000002,53.75,54.119999999999997,-0.37,-0.6837,179162.950000000011641,970375.525000000023283
688981.SH,2023.12.14,54,54.200000000000002,53.07,53.100000000000001,53.75,-0.65,-1.2093,123584.240000000005238,664063.613000000012107
688981.SH,2023.12.15,53.289999999999999,54.14,53.030000000000001,53.600000000000001,53.100000000000001,0.5,0.9416,121309.240000000005238,651165.128999999957159
688981.SH,2023.12.18,53.490000000000002,53.990000000000001,53.200000000000002,53.740000000000002,53.600000000000001,0.14,0.2612,100651.679999999993015,540840.131999999983236
688981.SH,2023.12.19,53.649999999999998,54.939999999999997,53.609999999999999,54.759999999999997,53.740000000000002,1.02,1.898,204125.230000000010477,1112052.090000000083819
688981.SH,2023.12.20,54.89,55.240000000000002,54.46,54.509999999999997,54.759999999999997,-0.25,-0.4565,144750.049999999988358,793468.719000000040978
688981.SH,2023.12.21,54.240000000000002,54.700000000000002,53.359999999999999,54.57,54.509999999999997,0.06,0.1101,144982.779999999998835,786354.869999999995343
688981.SH,2023.12.22,54.490000000000002,55.189999999999997,54.39,54.789999999999999,54.57,0.22,0.4032,151735.059999999997671,832872.996999999973922
688981.SH,2023.12.25,54.600000000000001,55,52.850000000000001,53.009999999999998,54.789999999999999,-1.78,-3.2488,177883.679999999993015,954109.663999999989755
688981.SH,2023.12.26,53.009999999999998,53.229999999999996,51.799999999999997,51.850000000000001,53.009999999999998,-1.16,-2.1883,144016.320000000006984,754093.589999999967403
688981.SH,2023.12.27,51.829999999999998,52.289999999999999,51.179999999999999,51.909999999999996,51.850000000000001,0.06,0.1157,151734.5,786451.366999999969266
688981.SH,2023.12.28,51.700000000000002,53.450000000000002,51.679999999999999,53.130000000000002,51.909999999999996,1.22,2.3502,192118.60000000000582,1015242.626999999978579
688981.SH,2023.12.29,53,53.5,52.880000000000002,53.020000000000003,53.130000000000002,-0.11,-0.207,126486.660000000003492,671919.216999999945983
688981.SH,2024.01.02,53.020000000000003,53.270000000000003,52.719999999999998,52.96,53.020000000000003,-0.06,-0.1132,134591.470000000001164,713792.763999999966472
688981.SH,2024.01.03,52.850000000000001,53.179999999999999,52.159999999999996,52.479999999999996,52.96,-0.48,-0.9063,128475.419999999998253,675958.354999999981373
688981.SH,2024.01.04,52.5,52.700000000000002,51.420000000000001,51.880000000000002,52.479999999999996,-0.6,-1.1433,148885.029999999998835,773314.888999999966472
688981.SH,2024.01.05,51.75,52.479999999999996,50.189999999999997,50.579999999999998,51.880000000000002,-1.3,-2.5058,194368.929999999993015,998406.765000000013969
688981.SH,2024.01.08,50.590000000000003,50.810000000000002,48.600000000000001,49.5,50.579999999999998,-1.08,-2.1352,224987.640000000013969,1110310.362999999895691
688981.SH,2024.01.09,49.479999999999996,49.670000000000001,47.899999999999998,48.450000000000002,49.5,-1.05,-2.1212,204945.920000000012805,997731.837000000057742
688981.SH,2024.01.10,48.25,48.549999999999997,47.409999999999996,47.469999999999998,48.450000000000002,-0.98,-2.0227,149635.329999999987194,714549.962000000057741
688981.SH,2024.01.11,47.280000000000001,48.219999999999998,47.149999999999998,47.600000000000001,47.469999999999998,0.13,0.2739,178597.170000000012805,849780.613999999943189
688981.SH,2024.01.12,47.5,47.549999999999997,45.789999999999999,45.829999999999998,47.600000000000001,-1.77,-3.7185,229001.35000000000582,1064018.743999999947845
688981.SH,2024.01.15,45.799999999999997,46.560000000000002,45.240000000000002,45.670000000000001,45.829999999999998,-0.16,-0.3491,159438.220000000001164,732805.094000000040978
688981.SH,2024.01.16,45.590000000000003,46.079999999999998,44.899999999999998,45.990000000000001,45.670000000000001,0.32,0.7007,173025.75,787262.836000000010244
688981.SH,2024.01.17,45.950000000000002,45.950000000000002,44.689999999999997,44.689999999999997,45.990000000000001,-1.3,-2.8267,132214.179999999993015,597545.961000000010244
688981.SH,2024.01.18,44.689999999999997,45.679999999999999,43.380000000000002,45.64,44.689999999999997,0.95,2.1258,276795.780000000027939,1227658.371999999973922
688981.SH,2024.01.19,45.5,46.380000000000002,45.200000000000002,45.859999999999999,45.64,0.22,0.482,196674.25,901687.807000000029802
688981.SH,2024.01.22,45.670000000000001,46.229999999999996,44.5,44.829999999999998,45.859999999999999,-1.03,-2.246,260600.029999999998835,1187192.764999999897554
688981.SH,2024.01.23,44.829999999999998,45.689999999999997,44.530000000000001,44.719999999999998,44.829999999999998,-0.11,-0.2454,203391.559999999997671,915329.85800000000745
688981.SH,2024.01.24,44.939999999999997,45.579999999999998,43.729999999999996,45.369999999999997,44.719999999999998,0.65,1.4535,208729.35000000000582,930621.540000000037252
688981.SH,2024.01.25,45.450000000000002,47.409999999999996,45.07,47.259999999999997,45.369999999999997,1.89,4.165700000000001,255771.489999999990686,1187793.509000000078231
688981.SH,2024.01.26,46.899999999999998,47.179999999999999,46.229999999999996,46.5,47.259999999999997,-0.76,-1.6081,180095.790000000008149,842394.635000000009313
688981.SH,2024.01.29,46.5,47.179999999999999,44.969999999999998,45.350000000000001,46.5,-1.15,-2.4731,168194.540000000008149,769790.275999999954365
688981.SH,2024.01.30,44.990000000000001,45.25,43.030000000000001,43.079999999999998,45.350000000000001,-2.27,-5.0055,236310.829999999987194,1036409.5
688981.SH,2024.01.31,43,44.189999999999997,41.850000000000001,43.289999999999999,43.079999999999998,0.21,0.4875,264880.799999999988358,1138964.848999999929219
688981.SH,2024.02.01,42.799999999999997,44.100000000000001,41.770000000000003,42.679999999999999,43.289999999999999,-0.61,-1.4091,219480.190000000002328,944854.158999999985098
688981.SH,2024.02.02,42.780000000000001,43.25,40.679999999999999,42.130000000000002,42.679999999999999,-0.55,-1.2887,252096.489999999990686,1061214.848999999929219
688981.SH,2024.02.05,42.259999999999997,43.549999999999997,40.32,42.969999999999998,42.130000000000002,0.84,1.9938,285353.489999999990686,1202298.077000000048428
688981.SH,2024.02.06,42.71,45,42.060000000000002,44.969999999999998,42.969999999999998,2,4.6544,292766.669999999983701,1286311.624000000068917
688981.SH,2024.02.07,44.659999999999996,44.670000000000001,42.75,42.899999999999998,44.969999999999998,-2.07,-4.603100000000001,442121.729999999981373,1925685.260000000009313
688981.SH,2024.02.08,43.109999999999999,44.299999999999997,43.030000000000001,44,42.899999999999998,1.1,2.5641,309154.599999999976716,1353733.986999999964609
688981.SH,2024.02.19,44.600000000000001,45.07,44.109999999999999,44.82,44,0.82,1.8636,285691.190000000002328,1274866.15100000007078
688981.SH,2024.02.20,44.549999999999997,45.030000000000001,43.899999999999998,44.450000000000002,44.82,-0.37,-0.8255,186966.25,830698.817000000039115
688981.SH,2024.02.21,44.259999999999997,45.799999999999997,44.149999999999998,44.990000000000001,44.450000000000002,0.54,1.2148,249731.790000000008149,1125352.270000000018626
688981.SH,2024.02.22,44.950000000000002,45.71,44.609999999999999,45.14,44.990000000000001,0.15,0.3334,244719.269999999989522,1102980.263999999966472
688981.SH,2024.02.23,45.259999999999997,45.439999999999997,44.600000000000001,44.979999999999996,45.14,-0.16,-0.3545,229296.299999999988358,1030559.98300000000745
688981.SH,2024.02.26,44.649999999999998,45.549999999999997,44.340000000000003,44.920000000000001,44.979999999999996,-0.06,-0.1334,271582.46999999997206,1219389.458000000100582
688981.SH,2024.02.27,44.82,47.579999999999998,44.549999999999997,47.32,44.920000000000001,2.4,5.342800000000001,505759.340000000025611,2341707.695999999996274
688981.SH,2024.02.28,47,47.920000000000001,45.5,45.560000000000002,47.32,-1.76,-3.7194,451760.270000000018626,2119465.291000000201165
688981.SH,2024.02.29,45.399999999999998,49.109999999999999,45.299999999999997,48.350000000000001,45.560000000000002,2.79,6.123800000000001,569612.21999999997206,2720709.757999999914318
688981.SH,2024.03.28,43.409999999999996,44.46,43.409999999999996,44,43.409999999999996,0.59,1.3591,155078.480000000010477,682776.444000000017695
688981.SH,2024.03.29,43.929999999999999,43.979999999999996,42.899999999999998,43.659999999999996,44,-0.34,-0.7727,165388.369999999995343,717917.543999999994412
688981.SH,2024.03.01,48.049999999999997,48.75,47.700000000000002,48.509999999999997,48.350000000000001,0.16,0.3309,395754.679999999993015,1909634.95299999997951
688981.SH,2024.03.04,48.5,48.700000000000002,47.670000000000001,48,48.509999999999997,-0.51,-1.0513,270261.070000000006984,1301182.389999999897554
688981.SH,2024.03.05,47.759999999999997,48.399999999999998,47.590000000000003,48,48,0,0,285279.010000000009313,1365886.77600000007078
688981.SH,2024.03.06,48,48.049999999999997,47.009999999999998,47.590000000000003,48,-0.41,-0.8542,203828.269999999989522,969336.569999999948777
688981.SH,2024.03.07,47.649999999999998,48.450000000000002,46.799999999999997,47.090000000000003,47.590000000000003,-0.5,-1.0506,238630.630000000004656,1136078.793999999994412
688981.SH,2024.03.08,47.109999999999999,47.759999999999997,46.600000000000001,47.399999999999998,47.090000000000003,0.31,0.6583,189472.429999999993015,895629.930999999982304
688981.SH,2024.03.11,46.859999999999999,48.229999999999996,46.5,47.990000000000001,47.399999999999998,0.59,1.2447,267494.25,1266403.682000000029802
688981.SH,2024.03.12,47.859999999999999,48.5,47.679999999999999,47.880000000000002,47.990000000000001,-0.11,-0.2292,210031.829999999987194,1008523.236999999964609
688981.SH,2024.03.13,47.969999999999998,48.880000000000002,47.600000000000001,47.850000000000001,47.880000000000002,-0.03,-0.0627,243073.820000000006984,1172291.361999999964609
688981.SH,2024.03.14,47.509999999999997,47.810000000000002,46.619999999999997,46.700000000000002,47.850000000000001,-1.15,-2.4033,204171.640000000013969,961432.778999999980442
688981.SH,2024.03.15,46.600000000000001,46.840000000000003,46,46.670000000000001,46.700000000000002,-0.03,-0.0642,161959.570000000006984,751034.883000000030733
688981.SH,2024.03.18,46.869999999999997,48.439999999999997,46.700000000000002,47.969999999999998,46.670000000000001,1.3,2.7855,298342.869999999995343,1419257.65100000007078
688981.SH,2024.03.19,47.799999999999997,47.990000000000001,47.200000000000002,47.21,47.969999999999998,-0.76,-1.5843,172451.75,820456.003999999957159
688981.SH,2024.03.20,47.490000000000002,48.149999999999998,47.25,47.539999999999999,47.21,0.33,0.699,153499.730000000010477,731912.758999999961815
688981.SH,2024.03.21,47.539999999999999,48.100000000000001,47.100000000000001,47.549999999999997,47.539999999999999,0.01,0.021,195076.220000000001164,929590.45499999995809
688981.SH,2024.03.22,47.299999999999997,47.509999999999997,45.579999999999998,45.600000000000001,47.549999999999997,-1.95,-4.100900000000001,292865.130000000004656,1357453.260000000009313
688981.SH,2024.03.25,45.590000000000003,45.659999999999996,44.560000000000002,44.560000000000002,45.600000000000001,-1.04,-2.2807,214481.60999999998603,965562.413999999989755
688981.SH,2024.03.26,44.600000000000001,45.049999999999997,44.200000000000002,44.539999999999999,44.560000000000002,-0.02,-0.0449,154276.670000000012805,687234.773000000044703
688981.SH,2024.03.27,44.82,44.82,43.380000000000002,43.409999999999996,44.539999999999999,-1.13,-2.537,159330.410000000003492,700495.123999999952502
688981.SH,2024.04.01,43.659999999999996,44.630000000000002,43.579999999999998,44.299999999999997,43.659999999999996,0.64,1.4659,183511.429999999993015,811634.437000000034458
688981.SH,2024.04.02,44.280000000000001,44.299999999999997,43.649999999999998,43.950000000000002,44.299999999999997,-0.35,-0.7901,115068.679999999993015,504883.930999999982304
688981.SH,2024.04.03,44.979999999999996,45.240000000000002,44.079999999999998,44.240000000000002,43.950000000000002,0.29,0.6598,223609.529999999998835,996010.783999999985098
688981.SH,2024.04.08,43.700000000000002,43.71,42.5,42.509999999999997,44.240000000000002,-1.73,-3.9105,243290.410000000003492,1042392.025999999954365
688981.SH,2024.04.09,42.369999999999997,42.880000000000002,42.25,42.700000000000002,42.509999999999997,0.19,0.447,140938.75,600699.957999999984167
688981.SH,2024.04.10,42.700000000000002,42.979999999999996,42.100000000000001,42.179999999999999,42.700000000000002,-0.52,-1.2178,137975.410000000003492,585993.072999999974854
688981.SH,2024.04.11,42.100000000000001,42.600000000000001,40.5,41.189999999999997,42.179999999999999,-0.99,-2.3471,224263.239999999990686,931943.069000000017695
688981.SH,2024.04.12,41.020000000000003,41.450000000000002,40.310000000000002,40.329999999999998,41.189999999999997,-0.86,-2.0879,203770.149999999994179,829048.827000000048428
688981.SH,2024.04.15,40.329999999999998,41.549999999999997,40.009999999999998,41.189999999999997,40.329999999999998,0.86,2.1324,216778.220000000001164,886154.839999999967403
688981.SH,2024.04.16,41,41.869999999999997,40.780000000000001,41.179999999999999,41.189999999999997,-0.01,-0.0243,185269.910000000003492,766353.527000000001862
688981.SH,2024.04.17,41.200000000000002,41.789999999999999,40.909999999999996,41.75,41.179999999999999,0.57,1.3842,181266.85999999998603,752698.692000000039115
688981.SH,2024.04.18,41.5,41.880000000000002,41.350000000000001,41.609999999999999,41.75,-0.14,-0.3353,165833.420000000012805,690686.48300000000745
688981.SH,2024.04.19,41.359999999999999,41.740000000000002,40.850000000000001,41.380000000000002,41.609999999999999,-0.23,-0.5528,137413.170000000012805,567558.212999999988824
688981.SH,2024.04.22,41.310000000000002,41.619999999999997,40.859999999999999,41.310000000000002,41.380000000000002,-0.07,-0.1692,109905.460000000006402,453953.673000000009778
688981.SH,2024.04.23,41.32,41.679999999999999,41.020000000000003,41.109999999999999,41.310000000000002,-0.2,-0.4841,109941.449999999997089,454747.880999999993946
688981.SH,2024.04.24,41.25,41.39,40.799999999999997,41.25,41.109999999999999,0.14,0.3405,151938.779999999998835,624334.520000000018626
688981.SH,2024.04.25,41.25,41.859999999999999,40.920000000000001,41.340000000000003,41.25,0.09,0.2182,143844.390000000013969,595555.209000000031664
688981.SH,2024.04.26,41.100000000000001,42.119999999999997,41.100000000000001,42.060000000000002,41.340000000000003,0.72,1.7417,220510.220000000001164,922197.643000000040046
688981.SH,2024.04.29,42.130000000000002,43.359999999999999,42.130000000000002,43.049999999999997,42.060000000000002,0.99,2.3538,237697.019999999989522,1020182.74800000002142
688981.SH,2024.04.30,43,43,41.759999999999997,41.909999999999996,43.049999999999997,-1.14,-2.6481,233965.489999999990686,988025.344000000040978
688981.SH,2024.05.06,42.490000000000002,43.030000000000001,42.329999999999998,42.560000000000002,41.909999999999996,0.65,1.5509,220428.619999999995343,941283.488000000012107
688981.SH,2024.05.07,42.549999999999997,42.729999999999996,42.200000000000002,42.71,42.560000000000002,0.15,0.3524,129383.05000000000291,550573.775000000023283
688981.SH,2024.05.08,42.810000000000002,42.82,42.079999999999998,42.159999999999996,42.71,-0.55,-1.2878,111558.610000000000582,472673.353000000002793
688981.SH,2024.05.09,42.179999999999999,43.89,42.159999999999996,43.719999999999998,42.159999999999996,1.56,3.7002,312166.369999999995343,1351312.043000000063329
688981.SH,2024.05.10,43.700000000000002,43.979999999999996,42.740000000000002,42.990000000000001,43.719999999999998,-0.73,-1.6697,257787.630000000004656,1112390.432999999960884
688981.SH,2024.05.13,42.700000000000002,43.5,42.380000000000002,43.060000000000002,42.990000000000001,0.07,0.1628,155253.140000000013969,667418.005000000004656
688981.SH,2024.05.14,43.060000000000002,43.450000000000002,42.71,42.920000000000001,43.060000000000002,-0.14,-0.3251,135428.279999999998835,581796.402000000001862
688981.SH,2024.05.15,42.740000000000002,42.869999999999997,41.619999999999997,41.659999999999996,42.920000000000001,-1.26,-2.9357,211118.660000000003492,889591.260000000009313
688981.SH,2024.05.16,42,42.5,41.799999999999997,41.82,41.659999999999996,0.16,0.3841,149030.760000000009313,627385.976999999955296
688981.SH,2024.05.17,41.829999999999998,42.32,41.560000000000002,42.299999999999997,41.82,0.48,1.1478,126369.35000000000582,531097.295000000041909
688981.SH,2024.05.20,42.399999999999998,42.880000000000002,42.200000000000002,42.57,42.299999999999997,0.27,0.6383,148070.690000000002328,631055.043999999994412
688981.SH,2024.05.21,42.619999999999997,42.630000000000002,42.030000000000001,42.109999999999999,42.57,-0.46,-1.0806,97813.979999999995925,413394.675999999977648
688981.SH,2024.05.22,42.149999999999998,42.450000000000002,41.840000000000003,42.270000000000003,42.109999999999999,0.16,0.38,143029.20999999999185,601957.23499999998603
688981.SH,2024.05.23,42.179999999999999,42.200000000000002,41.079999999999998,41.170000000000001,42.270000000000003,-1.1,-2.6023,173715.149999999994179,722285.055000000051222
688981.SH,2024.05.24,41.130000000000002,41.350000000000001,41,41.030000000000001,41.170000000000001,-0.14,-0.3401,101365.509999999994761,417552.864000000001396
688981.SH,2024.05.27,41.359999999999999,43.170000000000001,41.359999999999999,43.130000000000002,41.030000000000001,2.1,5.1182,374929.960000000020954,1593196.321999999927356
688981.SH,2024.05.28,43.130000000000002,43.990000000000001,42.899999999999998,43.109999999999999,43.130000000000002,-0.02,-0.0464,349632.96999999997206,1516562.321999999927356
688981.SH,2024.05.29,42.869999999999997,43.399999999999998,42.590000000000003,42.939999999999997,43.109999999999999,-0.17,-0.3943,168153.290000000008149,722546.138999999966472
688981.SH,2024.05.30,43.030000000000001,45.96,42.799999999999997,45.39,42.939999999999997,2.45,5.7056,688850.040000000037252,3094280.18999999994412
688981.SH,2024.05.31,45.100000000000001,45.490000000000002,44.689999999999997,44.850000000000001,45.39,-0.54,-1.1897,314630.489999999990686,1414729.533000000054016
688981.SH,2024.06.03,44.96,46.359999999999999,44.799999999999997,45.439999999999997,44.850000000000001,0.59,1.3155,393681.710000000020954,1796427.445999999996274
688981.SH,2024.06.04,45.299999999999997,45.75,44.719999999999998,45.549999999999997,45.439999999999997,0.11,0.2421,240509.589999999996507,1087304.810000000055879
688981.SH,2024.06.05,45.420000000000001,47.14,45.299999999999997,46.119999999999997,45.549999999999997,0.57,1.2514,395896.729999999981373,1841218.737999999895691
688981.SH,2024.06.06,47.229999999999996,47.740000000000002,46.509999999999997,46.799999999999997,46.119999999999997,0.68,1.4744,530522.60999999998603,2503751.094000000040978
688981.SH,2024.06.07,46.789999999999999,47.740000000000002,46.420000000000001,47.21,46.799999999999997,0.41,0.8761,361994.090000000025611,1706416.314000000013038
688981.SH,2024.06.11,47.090000000000003,49,47.049999999999997,48.939999999999997,47.21,1.73,3.6645,543172.32999999995809,2638626.376999999862164
688981.SH,2024.06.12,48.700000000000002,48.700000000000002,47.590000000000003,47.899999999999998,48.939999999999997,-1.04,-2.1251,415576.270000000018626,1995880.529000000096857
688981.SH,2024.06.13,48.179999999999999,48.850000000000001,47.109999999999999,47.200000000000002,47.899999999999998,-0.7,-1.4614,451427.450000000011641,2167830.387000000104308
688981.SH,2024.06.14,46.899999999999998,47.090000000000003,46.079999999999998,46.490000000000002,47.200000000000002,-0.71,-1.5042,430889.380000000004656,2003901.881000000052154
688981.SH,2024.06.17,46.399999999999998,47.990000000000001,46.299999999999997,47.770000000000003,46.490000000000002,1.28,2.7533,371983.880000000004656,1763212.921000000089406
688981.SH,2024.06.18,47.880000000000002,48.799999999999997,47.759999999999997,48.130000000000002,47.770000000000003,0.36,0.7536,346620.239999999990686,1672916.507999999914318
688981.SH,2024.06.19,48.100000000000001,48.289999999999999,46.880000000000002,47.530000000000001,48.130000000000002,-0.6,-1.2466,312582.35999999998603,1486601.587000000057742
688981.SH,2024.06.20,47.450000000000002,49.909999999999996,47.369999999999997,48.799999999999997,47.530000000000001,1.27,2.672,591655.699999999953433,2896892.544000000227242
688981.SH,2024.06.21,48.340000000000003,48.780000000000001,47.469999999999998,48.75,48.799999999999997,-0.05,-0.1025,306604.830000000016298,1476110.929999999934807
688981.SH,2024.06.24,48.600000000000001,49.759999999999997,47.179999999999999,47.259999999999997,48.75,-1.49,-3.0564,410177.580000000016298,1980534.763999999966472
688981.SH,2024.06.25,47.039999999999999,47.39,45.259999999999997,45.539999999999999,47.259999999999997,-1.72,-3.6394,431295.35999999998603,1991141.725000000093132
688981.SH,2024.06.26,45.950000000000002,46.780000000000001,45.420000000000001,46.469999999999998,45.539999999999999,0.93,2.0422,254825.399999999994179,1173593.02600000007078
688981.SH,2024.06.27,46.170000000000001,46.450000000000002,45.579999999999998,45.71,46.469999999999998,-0.76,-1.6355,187443.35000000000582,861865.907000000006519
688981.SH,2024.06.28,45.520000000000003,46.420000000000001,45.509999999999997,46.100000000000001,45.71,0.39,0.8532,218019.679999999993015,1004720.177999999956227
688981.SH,2024.07.01,46.179999999999999,46.420000000000001,44.929999999999999,45.810000000000002,46.100000000000001,-0.29,-0.6291,218020.589999999996507,993307.677999999956227
688981.SH,2024.07.02,45.700000000000002,46.049999999999997,45.310000000000002,45.46,45.810000000000002,-0.35,-0.764,192229.549999999988358,878101.405000000027939
688981.SH,2024.07.03,45.549999999999997,46.740000000000002,45.009999999999998,46.259999999999997,45.46,0.8,1.7598,278849.440000000002328,1284325.192999999970197
688981.SH,2024.07.04,46.100000000000001,46.869999999999997,46.030000000000001,46.159999999999996,46.259999999999997,-0.1,-0.2162,214786.380000000004656,997203.925999999977648
688981.SH,2024.07.05,46.020000000000003,46.670000000000001,45.21,46.64,46.159999999999996,0.48,1.0399,229884.220000000001164,1057957.179000000003725
688981.SH,2024.07.08,46.549999999999997,47.299999999999997,46.350000000000001,46.700000000000002,46.64,0.06,0.1286,238544.119999999995343,1116722.764999999897554
688981.SH,2024.07.09,46.549999999999997,48.560000000000002,46.549999999999997,48.159999999999996,46.700000000000002,1.46,3.1263,360703.96999999997206,1723195.83199999993667
688981.SH,2024.07.10,47.880000000000002,48.299999999999997,47.700000000000002,47.990000000000001,48.159999999999996,-0.17,-0.353,195772.570000000006984,938670.283999999985098
688981.SH,2024.07.11,48.469999999999998,49.219999999999998,48.109999999999999,48.270000000000003,47.990000000000001,0.28,0.5835,299907.580000000016298,1457020.915000000037252
688981.SH,2024.07.12,47.899999999999998,48.829999999999998,47.420000000000001,48.64,48.270000000000003,0.37,0.7665,220728.140000000013969,1062200.327000000048428
688981.SH,2024.07.15,48.679999999999999,49.359999999999999,48.649999999999998,48.939999999999997,48.64,0.3,0.6168,200876.970000000001164,984327.141999999992549
688981.SH,2024.07.16,48.700000000000002,49.280000000000001,47.929999999999999,49.200000000000002,48.939999999999997,0.26,0.5313,305539.369999999995343,1486489.078999999910593
688981.SH,2024.07.17,49.079999999999998,49.100000000000001,48.359999999999999,48.359999999999999,49.200000000000002,-0.84,-1.7073,231865.589999999996507,1130433.688000000081956
688981.SH,2024.07.18,47.329999999999998,49.100000000000001,47.060000000000002,48.75,48.359999999999999,0.39,0.8065,291436.849999999976716,1403929.791999999899417
688981.SH,2024.07.19,48.5,51.350000000000001,48.340000000000003,51.200000000000002,48.75,2.45,5.0256,608623.709999999962747,3061367.371999999973922
688981.SH,2024.07.22,50.899999999999998,51.450000000000002,50.649999999999998,50.979999999999996,51.200000000000002,-0.22,-0.4297,305579.780000000027939,1557926.564000000013038
688981.SH,2024.07.23,51,51.350000000000001,49.179999999999999,49.280000000000001,50.979999999999996,-1.7,-3.3346,334543.650000000023283,1681684.845999999903142
688981.SH,2024.07.24,49.340000000000003,49.89,48.700000000000002,48.850000000000001,49.280000000000001,-0.43,-0.8726,245582.220000000001164,1210342.554999999934807
688981.SH,2024.07.25,48.600000000000001,49.530000000000001,48.109999999999999,48.700000000000002,48.850000000000001,-0.15,-0.3071,206799.529999999998835,1009487.464999999967403
688981.SH,2024.07.26,48.679999999999999,49.759999999999997,48.600000000000001,49.75,48.700000000000002,1.05,2.1561,180694.790000000008149,888744.37100000004284
688981.SH,2024.07.29,49.590000000000003,49.979999999999996,46.530000000000001,46.700000000000002,49.75,-3.05,-6.1307,369941.239999999990686,1775575.236000000033527
688981.SH,2024.07.30,46.679999999999999,47.880000000000002,46.600000000000001,47.600000000000001,46.700000000000002,0.9,1.9272,221183.920000000012805,1046826.682000000029802
688981.SH,2024.07.31,47.509999999999997,49.200000000000002,47.5,49.100000000000001,47.600000000000001,1.5,3.1513,207143.130000000004656,1006957.51300000003539
688981.SH,2024.08.01,48.990000000000001,49.789999999999999,48.899999999999998,49.109999999999999,49.100000000000001,0.01,0.0204,161893.399999999994179,798449.128999999957159
688981.SH,2024.08.02,48.609999999999999,49.219999999999998,48.100000000000001,48.420000000000001,49.109999999999999,-0.69,-1.405,193644.429999999993015,938769.736999999964609
688981.SH,2024.08.05,47.950000000000002,48.479999999999996,47,47.289999999999999,48.420000000000001,-1.13,-2.3337,233085.399999999994179,1111376.068999999901279
688981.SH,2024.08.06,47.700000000000002,47.96,46.299999999999997,47.270000000000003,47.289999999999999,-0.02,-0.0423,177103.369999999995343,832925.224999999976716
688981.SH,2024.08.07,47.399999999999998,47.560000000000002,47.100000000000001,47.219999999999998,47.270000000000003,-0.05,-0.1058,87377.589999999996507,413822.927000000025145
688981.SH,2024.08.08,47.009999999999998,47.899999999999998,46.759999999999997,47.479999999999996,47.219999999999998,0.26,0.5506,125731.619999999995343,595635.655000000027939
688981.SH,2024.08.09,49.5,49.810000000000002,48.469999999999998,48.490000000000002,47.479999999999996,1.01,2.1272,271805.099999999976716,1334185.239999999990686
688981.SH,2024.08.12,48.350000000000001,48.979999999999996,48,48.780000000000001,48.490000000000002,0.29,0.5981,144573.35000000000582,702854.84499999997206
688981.SH,2024.08.13,48.799999999999997,49.200000000000002,48.740000000000002,49.200000000000002,48.780000000000001,0.42,0.861,142118.85000000000582,696438.780000000027939
688981.SH,2024.08.14,49.299999999999997,49.46,48.799999999999997,48.950000000000002,49.200000000000002,-0.25,-0.5081,130242.389999999999417,640093.24600000004284
688981.SH,2024.08.15,48.609999999999999,49.75,48.560000000000002,49.679999999999999,48.950000000000002,0.73,1.4913,185119.670000000012805,914564.798999999999068
688981.SH,2024.08.16,49.630000000000002,49.729999999999996,49.07,49.46,49.679999999999999,-0.22,-0.4428,118402.55000000000291,584952.10600000002887
688981.SH,2024.08.19,49.490000000000002,49.979999999999996,49.14,49.46,49.46,0,0,106590.699999999997089,529011.501000000047497
688981.SH,2024.08.20,49.46,49.590000000000003,48.469999999999998,48.75,49.46,-0.71,-1.4355,142708.640000000013969,697840.373999999952502
688981.SH,2024.08.21,48.75,48.979999999999996,47.759999999999997,47.780000000000001,48.75,-0.97,-1.9897,142468.890000000013969,687626.381000000052154
688981.SH,2024.08.22,47.600000000000001,47.850000000000001,46.030000000000001,46.539999999999999,47.780000000000001,-1.24,-2.5952,234637.829999999987194,1094773.982000000076368
688981.SH,2024.08.23,46.5,47.200000000000002,46.119999999999997,47.130000000000002,46.539999999999999,0.59,1.2677,130266.429999999993015,609961.822000000043772
688981.SH,2024.08.26,47.119999999999997,47.450000000000002,46.880000000000002,47.350000000000001,47.130000000000002,0.22,0.4668,89835.80000000000291,424194.788000000000465
688981.SH,2024.08.27,47.299999999999997,47.350000000000001,46.539999999999999,46.719999999999998,47.350000000000001,-0.63,-1.3305,110601.110000000000582,517689.799999999988358
688981.SH,2024.08.28,46.799999999999997,47.659999999999996,46.689999999999997,47.359999999999999,46.719999999999998,0.64,1.3699,92522.75,437525.280000000027939
688981.SH,2024.08.29,47.149999999999998,47.619999999999997,46.990000000000001,47.259999999999997,47.359999999999999,-0.1,-0.2111,106165.559999999997671,502868.958999999973457
688981.SH,2024.08.30,46.850000000000001,48.479999999999996,46.71,48.240000000000002,47.259999999999997,0.98,2.0736,215167.649999999994179,1029589.930000000051222
688981.SH,2024.09.02,48.039999999999999,48.200000000000002,46.71,46.780000000000001,48.240000000000002,-1.46,-3.0265,152629.60000000000582,722833.408000000054016
688981.SH,2024.09.03,46.670000000000001,47.179999999999999,45.649999999999998,46.259999999999997,46.780000000000001,-0.52,-1.1116,170094.970000000001164,787442.423999999999068
688981.SH,2024.09.04,45.789999999999999,46.259999999999997,45.509999999999997,45.530000000000001,46.259999999999997,-0.73,-1.578,121542.059999999997671,556296.023000000044703
688981.SH,2024.09.05,45.600000000000001,46.100000000000001,45.520000000000003,45.969999999999998,45.530000000000001,0.44,0.9664,96703.919999999998253,443119.201000000000931
688981.SH,2024.09.06,46.020000000000003,46.079999999999998,45.079999999999998,45.079999999999998,45.969999999999998,-0.89,-1.936,103708.759999999994761,471332.179000000003725
688981.SH,2024.09.09,44.810000000000002,45.450000000000002,44.630000000000002,44.869999999999997,45.079999999999998,-0.21,-0.4658,91519.759999999994761,411954.270000000018626
688981.SH,2024.09.10,44.880000000000002,45.090000000000003,43.950000000000002,44.840000000000003,44.869999999999997,-0.03,-0.0669,124351.440000000002328,552841.084999999962747
688981.SH,2024.09.11,44.5,44.700000000000002,42.899999999999998,43.329999999999998,44.840000000000003,-1.51,-3.3675,211768.269999999989522,922753.569000000017695
688981.SH,2024.09.12,43.299999999999997,43.89,42.950000000000002,42.979999999999996,43.329999999999998,-0.35,-0.8078,135165.190000000002328,585769.072000000043772
688981.SH,2024.09.13,43.200000000000002,43.259999999999997,42.399999999999998,42.399999999999998,42.979999999999996,-0.58,-1.3495,141554.910000000003492,606446.383000000030733
688981.SH,2024.09.18,42.679999999999999,43.469999999999998,42.5,43.170000000000001,42.399999999999998,0.77,1.816,154173.519999999989522,663453.408000000054016
688981.SH,2024.09.19,43.280000000000001,44.14,43,43.740000000000002,43.170000000000001,0.57,1.3204,144365.320000000006984,629627.226999999955296
688981.SH,2024.09.20,43.719999999999998,43.990000000000001,43.280000000000001,43.859999999999999,43.740000000000002,0.12,0.2743,103733.820000000006984,453249.987000000022817
688981.SH,2024.09.23,43.979999999999996,44.049999999999997,43.369999999999997,43.429999999999999,43.859999999999999,-0.43,-0.9804,94436.649999999994179,411933.38900000002468
688981.SH,2024.09.24,43.729999999999996,44.789999999999999,43.369999999999997,44.770000000000003,43.429999999999999,1.34,3.0854,214159.269999999989522,947444.930000000051222
688981.SH,2024.09.25,45.049999999999997,46,44.82,44.899999999999998,44.770000000000003,0.13,0.2904,247583.45999999999185,1125901.688000000081956
688981.SH,2024.09.26,45,46.490000000000002,44.770000000000003,46.359999999999999,44.899999999999998,1.46,3.2517,260172.720000000001164,1188607.840000000083819
688981.SH,2024.09.27,47,50,47,49.990000000000001,46.359999999999999,3.63,7.83,298874.229999999981373,1447355.628999999957159
688981.SH,2024.09.30,53,59.990000000000001,53,59.990000000000001,49.990000000000001,10,20.004000000000001,1092635.709999999962747,6255248.098000000230967
688981.SH,2024.10.08,71.989999999999994,71.989999999999994,70,71.989999999999994,59.990000000000001,12,20.003299999999999,976652.020000000018626,7016236.458999999798834
688981.SH,2024.10.09,72.189999999999997,86.39,70.5,83.89,71.989999999999994,11.9,16.5301,3475315.029999999795109,28255009.861999999731779
688981.SH,2024.10.10,85.099999999999994,86.349999999999994,70.010000000000005,75.019999999999996,83.89,-8.869999999999999,-10.573399999999999,2104016.379999999888241,16322871.323999999091029
688981.SH,2024.10.11,71.030000000000001,73.700000000000002,68.799999999999997,69.480000000000004,75.019999999999996,-5.54,-7.3847,1362732.050000000046566,9649229.122999999672174
688981.SH,2024.10.14,69.480000000000004,76.5,67.769999999999995,75.599999999999994,69.480000000000004,6.120000000000001,8.808299999999999,1364156.889999999897554,9835546.719000000506639
688981.SH,2024.10.15,74.989999999999994,81.530000000000001,73.480000000000004,74.180000000000006,75.599999999999994,-1.42,-1.8783,1404021.419999999925494,10800700.115000000223517
688981.SH,2024.10.16,71.14,76.760000000000005,70.879999999999995,74.090000000000003,74.180000000000006,-0.09,-0.1213,854293.520000000018626,6339481.074000000022351
688981.SH,2024.10.17,77,77.64,74.019999999999996,75.120000000000004,74.090000000000003,1.03,1.3902,882098.780000000027939,6646213.968000000342726
688981.SH,2024.10.18,75.799999999999997,90.14,74.439999999999997,90.14,75.120000000000004,15.019999999999999,19.994700000000001,2093875.530000000027939,17572905.892000000923871
688981.SH,2024.10.21,94,107.760000000000005,91.900000000000005,97.480000000000004,90.14,7.34,8.142899999999999,2794293.140000000130385,27425436.557999998331069
688981.SH,2024.10.22,94.989999999999994,99.040000000000006,92.89,96.040000000000006,97.480000000000004,-1.44,-1.4772,1859134.850000000093132,17850570.800999999046325
688981.SH,2024.10.23,93.040000000000006,95.5,91.540000000000006,92.310000000000002,96.040000000000006,-3.73,-3.8838,1383956.270000000018626,12913292.177999999374151
688981.SH,2024.10.24,91.450000000000002,96.469999999999998,91.170000000000001,94.560000000000002,92.310000000000002,2.25,2.4374,1125060.399999999906867,10553036.503000000491738
688981.SH,2024.10.25,94.560000000000002,98.659999999999996,92.519999999999995,93.700000000000002,94.560000000000002,-0.86,-0.9095,1106463.840000000083819,10481219.254000000655651
688981.SH,2024.10.28,93,93.980000000000004,92,93.099999999999994,93.700000000000002,-0.6,-0.6403,725667.96999999997206,6738404.402999999932944
688981.SH,2024.10.29,92.780000000000001,96.549999999999997,92.290000000000006,92.299999999999997,93.099999999999994,-0.8,-0.8593,1132670.830000000074505,10670224.997999999672174
688981.SH,2024.10.30,91.790000000000006,92.780000000000001,84.849999999999994,85.819999999999993,92.299999999999997,-6.480000000000001,-7.0206,1608709.489999999990686,14096960.437999999150633
688981.SH,2024.10.31,85.480000000000004,88.939999999999997,83.700000000000002,86.930000000000006,85.819999999999993,1.11,1.2934,1166113.360000000102445,10121960.492000000551342
688981.SH,2024.11.01,85.189999999999997,88.25,84.810000000000002,84.810000000000002,86.930000000000006,-2.12,-2.4387,883510.260000000009313,7623522.110999999567866
688981.SH,2024.11.04,84.629999999999995,87.189999999999997,84.180000000000006,86.810000000000002,84.810000000000002,2,2.3582,576582.71999999997206,4954515.252999999560415
688981.SH,2024.11.05,87.480000000000004,96,87.010000000000005,95.799999999999997,86.810000000000002,8.99,10.3559,1453833.43999999994412,13510951.854000000283122
688981.SH,2024.11.06,97,99.969999999999998,93.329999999999998,96.040000000000006,95.799999999999997,0.24,0.2505,1417985.770000000018626,13644672.955000000074505
688981.SH,2024.11.07,94.200000000000002,105,94.010000000000005,101.89,96.040000000000006,5.85,6.0912,1262530.300000000046566,12339467.581000000238418
688981.SH,2024.11.08,107.299999999999997,109.5,100,100.299999999999997,101.89,-1.59,-1.5605,1609571.43999999994412,16884507.677000001072883
688981.SH,2024.11.11,104.599999999999994,108.299999999999997,100.620000000000004,104.980000000000004,100.299999999999997,4.68,4.666000000000001,1380690.179999999934807,14543774.85899999924004
688981.SH,2024.11.12,102.599999999999994,104.870000000000004,100,101.109999999999999,104.980000000000004,-3.87,-3.6864,1088667.590000000083819,11121892.127000000327825
688981.SH,2024.11.13,99.900000000000005,100.900000000000005,97.879999999999995,99.14,101.109999999999999,-1.97,-1.9484,807594.770000000018626,7999842.264999999664723
688981.SH,2024.11.14,99.129999999999995,102,96.609999999999999,96.870000000000004,99.14,-2.27,-2.2897,761941.020000000018626,7549646.076999999582767
688981.SH,2024.11.15,96.870000000000004,98.700000000000002,94.900000000000005,94.909999999999996,96.870000000000004,-1.96,-2.0233,710667.430000000051222,6874215.100999999791383
688981.SH,2024.11.18,95.700000000000002,97.5,91.370000000000004,92.299999999999997,94.909999999999996,-2.61,-2.75,828974.030000000027939,7818657.519999999552965
688981.SH,2024.11.19,92.099999999999994,95.39,90.219999999999998,94.900000000000005,92.299999999999997,2.6,2.8169,831596.839999999967403,7685226.378999999724328
688981.SH,2024.11.20,94,94.569999999999993,92.599999999999994,93.280000000000001,94.900000000000005,-1.62,-1.7071,585074.949999999953433,5461026.114000000059604
688981.SH,2024.11.21,93,94.900000000000005,92.5,93.5,93.280000000000001,0.22,0.2358,561971.060000000055879,5261662.792000000365078
688981.SH,2024.11.22,94.700000000000002,95.5,88.549999999999997,88.769999999999995,93.5,-4.730000000000001,-5.0588,792401.07999999995809,7262624.326000000350177
688981.SH,2024.11.25,88.760000000000005,88.769999999999995,84.519999999999995,86.159999999999996,88.769999999999995,-2.61,-2.9402,769059.089999999967403,6619040.918999999761581
688981.SH,2024.11.26,85.969999999999998,86.659999999999996,85.030000000000001,85.099999999999994,86.159999999999996,-1.06,-1.2303,353635.419999999983701,3031752.239000000059604
688981.SH,2024.11.27,84.650000000000005,89.040000000000006,83.129999999999995,88,85.099999999999994,2.9,3.4078,774305.319999999948777,6702107.16399999987334
688981.SH,2024.11.28,88.200000000000002,90.299999999999997,86.829999999999998,87.079999999999998,88,-0.92,-1.0455,611101.369999999995343,5379089.958999999798834
688981.SH,2024.11.29,86.829999999999998,93.450000000000002,85.64,90.099999999999994,87.079999999999998,3.02,3.4681,879403.57999999995809,7877287.510999999940395
688981.SH,2024.12.02,89.900000000000005,90.689999999999997,88.010000000000005,89.489999999999994,90.099999999999994,-0.61,-0.677,640107.839999999967403,5727497.110000000335276
688981.SH,2024.12.03,89.670000000000001,90.349999999999994,86.030000000000001,87.230000000000003,89.489999999999994,-2.26,-2.5254,586760.089999999967403,5144153.239000000059604
688981.SH,2024.12.04,90.530000000000001,91,87.25,87.670000000000001,87.230000000000003,0.44,0.5044,681067.130000000004656,6069393.14699999988079
688981.SH,2024.12.05,86.200000000000002,88.260000000000005,86.14,87,87.670000000000001,-0.67,-0.7642,395957.409999999974388,3445580.322000000160187
688981.SH,2024.12.06,86.5,89.689999999999997,86.299999999999997,88.930000000000006,87,1.93,2.2184,540441.170000000041909,4776133.052000000141561
688981.SH,2024.12.09,88.060000000000002,88.75,85.989999999999994,86.780000000000001,88.930000000000006,-2.15,-2.4176,424112.570000000006984,3699239.862999999895691
688981.SH,2024.12.10,91.489999999999994,91.989999999999994,87.790000000000006,88,86.780000000000001,1.22,1.4059,696681.209999999962747,6260001.390999999828636
688981.SH,2024.12.11,87.109999999999999,88.329999999999998,86.5,86.819999999999993,88,-1.18,-1.3409,400653.770000000018626,3497866.787000000011175
688981.SH,2024.12.12,87.159999999999996,88.200000000000002,85.689999999999997,87.170000000000001,86.819999999999993,0.35,0.4031,444897.570000000006984,3859300.466000000014901
688981.SH,2024.12.13,86.810000000000002,86.810000000000002,82.849999999999994,82.989999999999994,87.170000000000001,-4.18,-4.795200000000001,820032.310000000055879,6922583.407999999821186
688981.SH,2024.12.16,82.299999999999997,83.200000000000002,81.209999999999993,81.5,82.989999999999994,-1.49,-1.7954,476295.700000000011641,3899339.617999999783933
688981.SH,2024.12.17,81.349999999999994,83.099999999999994,81.310000000000002,82.189999999999997,81.5,0.69,0.8466,406621.919999999983701,3337273.305000000167638
688981.SH,2024.12.18,82.819999999999993,83.950000000000002,82.090000000000003,83.400000000000005,82.189999999999997,1.21,1.4722,484000.21999999997206,4019779.410999999847263
688981.SH,2024.12.19,82.299999999999997,86.530000000000001,81.879999999999995,85.439999999999997,83.400000000000005,2.04,2.446,673992.069999999948777,5699200.996000000275671
688981.SH,2024.12.20,85.069999999999993,98.799999999999997,85.069999999999993,94.280000000000001,85.439999999999997,8.839999999999999,10.346399999999999,1767702.709999999962747,16308583.665999999269843
688981.SH,2024.12.23,93.689999999999997,99.200000000000002,93.599999999999994,95.180000000000006,94.280000000000001,0.9,0.9546,1456755.669999999925494,14051252.986999999731779
688981.SH,2024.12.24,95.989999999999994,97.340000000000003,92.989999999999994,96.859999999999999,95.180000000000006,1.68,1.7651,912045.07999999995809,8713502.072000000625848
688981.SH,2024.12.25,96.480000000000004,99.799999999999997,96.379999999999995,97.989999999999994,96.859999999999999,1.13,1.1666,985329.069999999948777,9679610.219000000506639
688981.SH,2024.12.26,98,98.879999999999995,96.150000000000005,96.730000000000004,97.989999999999994,-1.26,-1.2858,711045.85999999998603,6914605.463999999687075
688981.SH,2024.12.27,96.780000000000001,102.370000000000004,96.489999999999994,97.510000000000005,96.730000000000004,0.78,0.8064,1144716.300000000046566,11378943.925000000745058
688981.SH,2024.12.30,96.599999999999994,100.530000000000001,96,99.290000000000006,97.510000000000005,1.78,1.8255,906573.040000000037252,8950494.606000000610947
688981.SH,2024.12.31,99,99.579999999999998,94.590000000000003,94.620000000000004,99.290000000000006,-4.67,-4.703400000000001,878237.96999999997206,8446753.612999999895691
688981.SH,2025.01.02,93.810000000000002,95.090000000000003,88.5,89.959999999999993,94.620000000000004,-4.660000000000001,-4.925,849710.560000000055879,7762894.946000000461935
688981.SH,2025.01.03,90.099999999999994,91.129999999999995,87.530000000000001,88.310000000000002,89.959999999999993,-1.65,-1.8341,612889.810000000055879,5452105.980999999679624
688981.SH,2025.01.06,88.840000000000003,89.599999999999994,85.719999999999998,86.939999999999997,88.310000000000002,-1.37,-1.5514,438313.080000000016298,3822056.708999999798834
688981.SH,2025.01.07,87.099999999999994,90.75,86,90.599999999999994,86.939999999999997,3.66,4.209800000000001,672147.959999999962747,5939309.424999999813735
688981.SH,2025.01.08,88.879999999999995,91.280000000000001,85.989999999999994,88.819999999999993,90.599999999999994,-1.78,-1.9647,687907.300000000046566,6092441.315999999642372
688981.SH,2025.01.09,88.400000000000005,93.329999999999998,88.099999999999994,91.319999999999993,88.819999999999993,2.5,2.8147,724164.510000000009313,6635272.044999999925494
688981.SH,2025.01.10,90.849999999999994,96.680000000000006,90.849999999999994,93.180000000000006,91.319999999999993,1.86,2.0368,899889.280000000027939,8521652.351999999955296
688981.SH,2025.01.13,91,95.859999999999999,89.879999999999995,95.019999999999996,93.180000000000006,1.84,1.9747,680256.400000000023283,6365470.803000000305473
688981.SH,2025.01.14,96.950000000000002,99.579999999999998,94.450000000000002,98.769999999999995,95.019999999999996,3.75,3.9465,928881.060000000055879,9014169.472999999299645
688981.SH,2025.01.15,97.5,102.290000000000006,97.299999999999997,99.549999999999997,98.769999999999995,0.78,0.7897,776592.339999999967403,7724457.76300000026822
688981.SH,2025.01.16,102.180000000000006,104.459999999999993,96.599999999999994,96.599999999999994,99.549999999999997,-2.95,-2.9633,1034774.650000000023283,10410150.423000000417232
688981.SH,2025.01.17,96.510000000000005,104.769999999999995,96.510000000000005,102.700000000000002,96.599999999999994,6.1,6.314700000000001,1094032.280000000027939,11038758.101999999955296
688981.SH,2025.01.20,102.980000000000004,103,100.299999999999997,101.049999999999997,102.700000000000002,-1.65,-1.6066,596672.589999999967403,6056075.423999999649822
688981.SH,2025.01.21,101.5,104.349999999999994,101.099999999999994,101.840000000000003,101.049999999999997,0.79,0.7818,744353,7645379.055999999865889
688981.SH,2025.01.22,101.299999999999997,103.219999999999998,99.5,100.239999999999994,101.840000000000003,-1.6,-1.5711,616412.410000000032596,6226701.93599999975413
688981.SH,2025.01.23,102.799999999999997,103.870000000000004,96.700000000000002,96.840000000000003,100.239999999999994,-3.4,-3.3919,868505.780000000027939,8670498.047000000253319
688981.SH,2025.01.24,97.159999999999996,98.620000000000004,96.769999999999995,97.849999999999994,96.840000000000003,1.01,1.043,471982.75,4612028.434000000357627
688981.SH,2025.01.27,98.379999999999995,98.39,93.900000000000005,93.939999999999997,97.849999999999994,-3.91,-3.9959,528445.71999999997206,5033311.480999999679625
688981.SH,2025.02.05,100.159999999999996,102.840000000000003,99.439999999999997,101.370000000000004,93.939999999999997,7.43,7.9093,977567.800000000046566,9875682.589999999850988
688981.SH,2025.02.06,100.109999999999999,106.430000000000006,99.659999999999996,104.430000000000006,101.370000000000004,3.06,3.0186,893969.810000000055879,9242630.081000000238418
688981.SH,2025.02.07,104.420000000000001,105.269999999999996,100.079999999999998,102.530000000000001,104.430000000000006,-1.9,-1.8194,932540.650000000023283,9611209.774000000208616
688981.SH,2025.02.10,102.799999999999997,104.519999999999995,101.010000000000005,103.849999999999994,102.530000000000001,1.32,1.2874,668563.050000000046566,6877245.115000000223517
688981.SH,2025.02.11,103.599999999999994,103.700000000000002,100.359999999999999,100.859999999999999,103.849999999999994,-2.99,-2.8792,544489.900000000023283,5526964.299999999813735
688981.SH,2025.02.12,101.5,104.439999999999997,99.409999999999996,104.319999999999993,100.859999999999999,3.46,3.4305,975860.050000000046566,9960164.597999999299645
688981.SH,2025.02.13,104.769999999999995,104.959999999999993,100.89,101.109999999999999,104.319999999999993,-3.21,-3.0771,690646.290000000037252,7105289.382000000216066
688981.SH,2025.02.14,99.959999999999993,100.870000000000004,98.159999999999996,99.079999999999998,101.109999999999999,-2.03,-2.0077,567135.35999999998603,5617455.816999999806284
688981.SH,2025.02.17,99.299999999999997,102.450000000000002,99.299999999999997,101,99.079999999999998,1.92,1.9378,580941.810000000055879,5858537.821999999694526
688981.SH,2025.02.18,101.010000000000005,101.269999999999996,98.170000000000001,98.280000000000001,101,-2.72,-2.6931,505462.119999999995343,5026979.643000000156462
688981.SH,2025.02.19,97.950000000000002,102.579999999999998,97.909999999999996,101.939999999999997,98.280000000000001,3.66,3.7241,700746.530000000027939,7091961.13800000026822
688981.SH,2025.02.20,101,101.400000000000005,98.879999999999995,99.209999999999993,101.939999999999997,-2.73,-2.678,564939.93999999994412,5622534.304999999701976
688981.SH,2025.02.21,99.599999999999994,105.920000000000001,99.599999999999994,103.980000000000004,99.209999999999993,4.77,4.808,1233867.610000000102445,12714952.875
688981.SH,2025.02.24,103,106.859999999999999,102,103.400000000000005,103.980000000000004,-0.58,-0.5578,747225.390000000013969,7780805.439000000245869
688981.SH,2025.02.25,100.879999999999995,103.939999999999997,100.109999999999999,101.280000000000001,103.400000000000005,-2.12,-2.0503,711722.35999999998603,7229312.775999999605119
688981.SH,2025.02.26,102.859999999999999,105.5,100.060000000000002,104,101.280000000000001,2.72,2.6856,889910.599999999976716,9162003.662000000476837
688981.SH,2025.02.27,103.129999999999995,105.209999999999993,100.439999999999997,102.439999999999997,104,-1.56,-1.5,697907.869999999995343,7142716.344999999739229
688981.SH,2025.02.28,101,101.590000000000003,97.670000000000001,97.790000000000006,102.439999999999997,-4.650000000000001,-4.539200000000001,678408.229999999981373,6732922.355000000447034
688981.SH,2025.03.03,96.989999999999994,98.099999999999994,95.180000000000006,96,97.790000000000006,-1.79,-1.8305,498787.419999999983701,4816533.325000000186264
688981.SH,2025.03.04,95,99.069999999999993,94.609999999999999,97.280000000000001,96,1.28,1.3333,444694.119999999995343,4308124.360000000335276
688981.SH,2025.03.05,97.299999999999997,98.200000000000002,96.159999999999996,97.569999999999993,97.280000000000001,0.29,0.2981,350972.890000000013969,3414276.470999999903142
688981.SH,2025.03.06,98.849999999999994,100.299999999999997,98.370000000000004,98.659999999999996,97.569999999999993,1.09,1.1171,567567.280000000027939,5642824.934000000357627
688981.SH,2025.03.07,97.599999999999994,98.549999999999997,96.519999999999995,96.879999999999995,98.659999999999996,-1.78,-1.8042,393986.5,3840947.516999999992549
688981.SH,2025.03.10,96.39,97.290000000000006,95.010000000000005,95.659999999999996,96.879999999999995,-1.22,-1.2593,384518.690000000002328,3684030.337999999988824
688981.SH,2025.03.11,94,96.319999999999993,93.799999999999997,96.120000000000004,95.659999999999996,0.46,0.4809,306263.030000000027939,2922193.66399999987334
688981.SH,2025.03.12,96.5,97.049999999999997,95.709999999999993,95.900000000000005,96.120000000000004,-0.22,-0.2289,286390.099999999976716,2756820.884000000078231
688981.SH,2025.03.13,95.39,96.079999999999998,92.099999999999994,92.980000000000004,95.900000000000005,-2.92,-3.0448,442010.760000000009313,4139197.753000000026077
688981.SH,2025.03.14,92.980000000000004,95.609999999999999,92.5,94.810000000000002,92.980000000000004,1.83,1.9682,401376.21999999997206,3790992.802000000141561
688981.SH,2025.03.17,94.89,94.909999999999996,93.159999999999996,93.370000000000004,94.810000000000002,-1.44,-1.5188,312051.809999999997671,2922593.146000000182539
688981.SH,2025.03.18,93.989999999999994,95.799999999999997,93.900000000000005,94.099999999999994,93.370000000000004,0.73,0.7818,298666.340000000025611,2825272.134999999776482
688981.SH,2025.03.19,93.900000000000005,94.569999999999993,93.5,93.75,94.099999999999994,-0.35,-0.3719,233190.470000000001164,2190220.313000000081956
688981.SH,2025.03.20,93.799999999999997,94.290000000000006,93,93.269999999999996,93.75,-0.48,-0.512,272040.010000000009313,2542075.785999999847263
688981.SH,2025.03.21,92.980000000000004,92.980000000000004,90.900000000000005,91.200000000000002,93.269999999999996,-2.07,-2.2194,365399.140000000013969,3348039.981000000145286
688981.SH,2025.03.24,91.5,91.680000000000006,89.810000000000002,91.450000000000002,91.200000000000002,0.25,0.2741,296544.780000000027939,2690474.66399999987334
688981.SH,2025.03.25,91.450000000000002,91.450000000000002,89.25,89.870000000000004,91.450000000000002,-1.58,-1.7277,283381.60999999998603,2552615.280999999959021
688981.SH,2025.03.26,90.200000000000002,91.200000000000002,89.819999999999993,90,89.870000000000004,0.13,0.1447,194908.35000000000582,1763593.743000000016763
688981.SH,2025.03.27,90,93.780000000000001,89.370000000000004,92.469999999999998,90,2.47,2.7444,457297.260000000009313,4202025.651999999769032
688981.SH,2025.03.28,91.540000000000006,92.480000000000004,90.349999999999994,90.400000000000005,92.469999999999998,-2.07,-2.2386,274408.780000000027939,2503225.495000000111758
688981.SH,2025.03.31,90.39,91.700000000000002,88.359999999999999,89.329999999999998,90.400000000000005,-1.07,-1.1836,268204.549999999988358,2401106.876999999862164
688981.SH,2025.04.01,89.5,89.75,86.189999999999997,86.5,89.329999999999998,-2.83,-3.168,411913.280000000027939,3614591.669999999925494
688981.SH,2025.04.02,86.379999999999995,87.450000000000002,85.719999999999998,86.849999999999994,86.5,0.35,0.4046,240566.899999999994179,2082847.479999999981373
688981.SH,2025.04.03,85.969999999999998,89.200000000000002,85.900000000000005,88.090000000000003,86.849999999999994,1.24,1.4277,302773.659999999974388,2662731.069999999832361
688981.SH,2025.04.07,84.5,86.879999999999995,77.799999999999997,84,88.090000000000003,-4.09,-4.643,853684.489999999990686,7116307.894000000320375
688981.SH,2025.04.08,84,85.879999999999995,83,85,84,1,1.1905,538169.46999999997206,4544056.101999999955296
688981.SH,2025.04.09,84.030000000000001,91.579999999999998,83.170000000000001,90.180000000000006,85,5.18,6.0941,746013.5,6627104.338000000454485
688981.SH,2025.04.10,92.019999999999996,92.180000000000006,89.819999999999993,90.950000000000002,90.180000000000006,0.77,0.8538,522286.60999999998603,4754704.696999999694526
688981.SH,2025.04.11,90.859999999999999,95.480000000000004,90.200000000000002,92.900000000000005,90.950000000000002,1.95,2.144,713434.10999999998603,6634661.361999999731779
688981.SH,2025.04.14,93.5,93.540000000000006,91.689999999999997,92,92.900000000000005,-0.9,-0.9688,376118.539999999979045,3478283.998000000137835
688981.SH,2025.04.15,91.799999999999997,91.799999999999997,89.680000000000006,90.39,92,-1.61,-1.75,278523.119999999995343,2516501.930999999865889
688981.SH,2025.04.16,91,92,89.870000000000004,92,90.39,1.61,1.7812,279251.289999999979045,2535954.433000000193715
688981.SH,2025.04.17,91.299999999999997,92.379999999999995,91,91.799999999999997,92,-0.2,-0.2174,228969.649999999994179,2098564.734999999869614
688981.SH,2025.04.18,91.489999999999994,91.879999999999995,90.530000000000001,91.349999999999994,91.799999999999997,-0.45,-0.4902,138480.040000000008149,1262213.95699999993667
688981.SH,2025.04.21,91.340000000000003,91.75,90.129999999999995,90.510000000000005,91.349999999999994,-0.84,-0.9195,232215.029999999998835,2101254.765999999828636
688981.SH,2025.04.22,90.5,90.879999999999995,89.75,90.010000000000005,90.510000000000005,-0.5,-0.5524,217504.890000000013969,1961134.821999999927356
688981.SH,2025.04.23,90.150000000000005,90.719999999999998,89.849999999999994,90.069999999999993,90.010000000000005,0.06,0.0667,211848.220000000001164,1911433.962000000057741
688981.SH,2025.04.24,90.150000000000005,90.200000000000002,88.5,89.099999999999994,90.069999999999993,-0.97,-1.0769,208814.880000000004656,1866607.742000000085681
688981.SH,2025.04.25,89.099999999999994,89.549999999999997,88.030000000000001,88.420000000000001,89.099999999999994,-0.68,-0.7632,230067.910000000003492,2042213.237999999895691
688981.SH,2025.04.28,88.420000000000001,89.090000000000003,88,88.230000000000003,88.420000000000001,-0.19,-0.2149,144466.519999999989522,1277416.730999999912455
688981.SH,2025.04.29,88.019999999999996,88.519999999999995,87.799999999999997,88,88.230000000000003,-0.23,-0.2607,131108.700000000011641,1155665.953999999910593
688981.SH,2025.04.30,88.230000000000003,89.409999999999996,88.010000000000005,89.049999999999997,88,1.05,1.1932,201830.529999999998835,1794818.65100000007078
688981.SH,2025.05.06,89.400000000000005,90.349999999999994,89.25,89.900000000000005,89.049999999999997,0.85,0.9545,238587.10000000000582,2145840.908999999985098
688981.SH,2025.05.07,91.459999999999993,91.659999999999996,89.730000000000004,90.5,89.900000000000005,0.6,0.6674,263420.390000000013969,2380343.629999999888241
688981.SH,2025.05.08,90.090000000000003,90.090000000000003,89.310000000000002,89.980000000000004,90.5,-0.52,-0.5746,232451.559999999997671,2084813.429000000003725
688981.SH,2025.05.09,87,87.819999999999993,85.719999999999998,85.829999999999998,89.980000000000004,-4.150000000000001,-4.6121,583009.709999999962747,5026453.51300000026822
688981.SH,2025.05.12,85.900000000000005,86.319999999999993,84.159999999999996,86.319999999999993,85.829999999999998,0.49,0.5709,368372.840000000025611,3153571.643999999854713
688981.SH,2025.05.13,87.200000000000002,87.299999999999997,85.379999999999995,85.519999999999995,86.319999999999993,-0.8,-0.9268,241259.019999999989522,2076199.216999999945983
688981.SH,2025.05.14,85.579999999999998,86.75,85.280000000000001,86.060000000000002,85.519999999999995,0.54,0.6314,231898.690000000002328,1993260.330000000074505
688981.SH,2025.05.15,85.799999999999997,85.980000000000004,84.349999999999994,84.420000000000001,86.060000000000002,-1.64,-1.9056,215519.070000000006984,1831222.090000000083819
688981.SH,2025.05.16,84.159999999999996,84.780000000000001,83.879999999999995,84.700000000000002,84.420000000000001,0.28,0.3317,170393.890000000013969,1440061.786000000080093
688981.SH,2025.05.19,84.709999999999993,85.280000000000001,83.719999999999998,85.010000000000005,84.700000000000002,0.31,0.366,164122.399999999994179,1388817.068999999901279
688981.SH,2025.05.20,85.400000000000005,85.819999999999993,85,85.040000000000006,85.010000000000005,0.03,0.0353,154837.619999999995343,1321269.793000000063329
688981.SH,2025.05.21,84.790000000000006,85.150000000000005,84,84.069999999999993,85.040000000000006,-0.97,-1.1406,198405.980000000010477,1675029.540999999968335
688981.SH,2025.05.22,84,84.680000000000006,83.709999999999993,83.810000000000002,84.069999999999993,-0.26,-0.3093,133473.619999999995343,1122377.855999999912455
688981.SH,2025.05.23,83.799999999999997,84.239999999999994,82.89,82.900000000000005,83.810000000000002,-0.91,-1.0858,185620.390000000013969,1551041.949000000022351
688981.SH,2025.05.26,83.420000000000001,84.680000000000006,83.409999999999996,84.019999999999996,82.900000000000005,1.12,1.351,223781.260000000009313,1882447.780999999959021
688981.SH,2025.05.27,84,84.230000000000003,82.950000000000002,83,84.019999999999996,-1.02,-1.214,144055.670000000012805,1200051.945999999996274
688981.SH,2025.05.28,83.14,83.239999999999994,82,82.010000000000005,83,-0.99,-1.1928,157667.220000000001164,1297314.111999999964609
688981.SH,2025.05.29,82.049999999999997,83.489999999999994,81.900000000000005,83.439999999999997,82.010000000000005,1.43,1.7437,192955.85000000000582,1598937.90999999991618
688981.SH,2025.05.30,83.010000000000005,83.099999999999994,81.939999999999997,82.090000000000003,83.439999999999997,-1.35,-1.6179,145772.329999999987194,1198911.740999999921768
688981.SH,2025.06.03,82.200000000000002,82.780000000000001,81.370000000000004,82.469999999999998,82.090000000000003,0.38,0.4629,141137.059999999997671,1162425.513999999966472
688981.SH,2025.06.04,82.599999999999994,83.319999999999993,82.260000000000005,83.180000000000006,82.469999999999998,0.71,0.8609,137133.519999999989522,1138879.574000000022351
688981.SH,2025.06.05,83.489999999999994,84.870000000000004,83.030000000000001,84.39,83.180000000000006,1.21,1.4547,247591.540000000008149,2080746.162999999942258
688981.SH,2025.06.06,84.329999999999998,85,83.780000000000001,84.560000000000002,84.39,0.17,0.2014,186346.5,1572905.264999999897554
688981.SH,2025.06.09,84.150000000000005,85.079999999999998,84.099999999999994,84.430000000000006,84.560000000000002,-0.13,-0.1537,192274.529999999998835,1624823.834999999962747
688981.SH,2025.06.10,84.489999999999994,84.489999999999994,82.019999999999996,82.319999999999993,84.430000000000006,-2.11,-2.4991,254439.119999999995343,2108011.021000000182539
688981.SH,2025.06.11,82.459999999999993,83.359999999999999,82.290000000000006,82.909999999999996,82.319999999999993,0.59,0.7167,154358.940000000002328,1280828.441000000108033
688981.SH,2025.06.12,82.5,82.879999999999995,82.060000000000002,82.269999999999996,82.909999999999996,-0.64,-0.7719,145369.679999999993015,1197309.499000000068917
688981.SH,2025.06.13,82,83.099999999999994,81.709999999999993,82.790000000000006,82.269999999999996,0.52,0.6321,226217.149999999994179,1862940.752000000094994
688981.SH,2025.06.16,82.299999999999997,83.069999999999993,82.280000000000001,82.959999999999993,82.790000000000006,0.17,0.2053,125096.429999999993015,1036015.925999999977648
688981.SH,2025.06.17,82.980000000000004,83.129999999999995,82.019999999999996,82.400000000000005,82.959999999999993,-0.56,-0.675,137647.260000000009313,1134381.975000000093132
688981.SH,2025.06.18,82.230000000000003,82.670000000000001,81.659999999999996,82.010000000000005,82.400000000000005,-0.39,-0.4733,149121.10999999998603,1224810.465000000083819
688981.SH,2025.06.19,82,82.879999999999995,81.510000000000005,81.650000000000005,82.010000000000005,-0.36,-0.439,177289.700000000011641,1454669.266000000061467
688981.SH,2025.06.20,81.730000000000004,82.590000000000003,81.219999999999998,81.280000000000001,81.650000000000005,-0.37,-0.4532,166914.089999999996507,1365214.46999999997206
688981.SH,2025.06.23,81.030000000000001,85.299999999999997,80.900000000000005,84.25,81.280000000000001,2.97,3.654,453871.489999999990686,3804935.799000000115484
688981.SH,2025.06.24,84.25,85.370000000000004,84.090000000000003,85.150000000000005,84.25,0.9,1.0682,309366.890000000013969,2628501.521000000182539
688981.SH,2025.06.25,85,88.530000000000001,85,88.39,85.150000000000005,3.24,3.805,557190.380000000004656,4850225.496000000275671
688981.SH,2025.06.26,88.39,89.980000000000004,87.200000000000002,87.280000000000001,88.39,-1.11,-1.2558,386564.539999999979045,3414871.361000000033527
688981.SH,2025.06.27,87.579999999999998,88.150000000000005,86.700000000000002,86.879999999999995,87.280000000000001,-0.4,-0.4583,261659.130000000004656,2286914.16399999987334
688981.SH,2025.06.30,88.180000000000006,89.629999999999995,87.790000000000006,88.170000000000001,86.879999999999995,1.29,1.4848,343528.020000000018626,3041329.541000000201165
688981.SH,2025.07.01,88,88.849999999999994,87.650000000000005,87.760000000000005,88.170000000000001,-0.41,-0.465,216887.920000000012805,1911740.652000000001862
688981.SH,2025.07.02,87.5,87.730000000000004,85.810000000000002,86.099999999999994,87.760000000000005,-1.66,-1.8915,225572.670000000012805,1955238.262000000104308
688981.SH,2025.07.03,86.379999999999995,86.730000000000004,85.780000000000001,86.239999999999994,86.099999999999994,0.14,0.1626,146150.269999999989522,1260331.049000000115483
688981.SH,2025.07.04,86,87.200000000000002,84.859999999999999,85.799999999999997,86.239999999999994,-0.44,-0.5102,252257.450000000011641,2166412.311000000219792
688981.SH,2025.07.07,85.689999999999997,86.859999999999999,85.370000000000004,85.480000000000004,85.799999999999997,-0.32,-0.373,135349.279999999998835,1162397.567999999970197
688981.SH,2025.07.08,85.489999999999994,86.849999999999994,85.180000000000006,86.739999999999994,85.480000000000004,1.26,1.474,217668.480000000010477,1876172.229999999981373
688981.SH,2025.07.09,86.650000000000005,86.859999999999999,85.519999999999995,85.849999999999994,86.739999999999994,-0.89,-1.0261,183102,1578143.685999999986961
688981.SH,2025.07.10,85.609999999999999,86.170000000000001,85.5,85.670000000000001,85.849999999999994,-0.18,-0.2097,175639.45999999999185,1506706.468000000109896
688981.SH,2025.07.11,85.700000000000002,89.340000000000003,85.400000000000005,88.159999999999996,85.670000000000001,2.49,2.9065,469922.380000000004656,4128335.549999999813735
688981.SH,2025.07.14,88.299999999999997,88.489999999999994,87.469999999999998,87.519999999999995,88.159999999999996,-0.64,-0.726,189831.35999999998603,1667925.618999999947845
688981.SH,2025.07.15,87.150000000000005,87.950000000000002,86.609999999999999,87.89,87.519999999999995,0.37,0.4228,206173.160000000003492,1800356.658999999985098
688981.SH,2025.07.16,87.730000000000004,88.200000000000002,86.769999999999995,87.120000000000004,87.89,-0.77,-0.8761,196708.510000000009313,1720548.787999999942257
688981.SH,2025.07.17,87.060000000000002,89,86.319999999999993,88.790000000000006,87.120000000000004,1.67,1.9169,287922.159999999974388,2535637.953999999910593
688981.SH,2025.07.18,88.75,89.129999999999995,87.930000000000006,88.510000000000005,88.790000000000006,-0.28,-0.3154,219959.929999999993015,1948101.635000000009313
688981.SH,2025.07.21,88.450000000000002,89.519999999999995,88.040000000000006,89.019999999999996,88.510000000000005,0.51,0.5762,222719.149999999994179,1983498.560000000055879
688981.SH,2025.07.22,88.700000000000002,90.549999999999997,88.5,89.079999999999998,89.019999999999996,0.06,0.0674,297420.679999999993015,2662984.47899999981746
688981.SH,2025.07.23,88.900000000000005,90.189999999999997,88.299999999999997,89.39,89.079999999999998,0.31,0.348,316549.409999999974388,2831683.379000000189989
688981.SH,2025.07.24,89.099999999999994,92.900000000000005,89,91.75,89.39,2.36,2.6401,522324.530000000027939,4779308.502999999560415
688981.SH,2025.07.25,91.739999999999994,93.680000000000006,90.989999999999994,93.469999999999998,91.75,1.72,1.8747,442124.789999999979045,4076414.682000000029802
688981.SH,2025.07.28,93.64,93.689999999999997,91.959999999999993,92.180000000000006,93.469999999999998,-1.29,-1.3801,342640.049999999988358,3167887.757000000216066
688981.SH,2025.07.29,92,92.629999999999995,90.810000000000002,92.170000000000001,92.180000000000006,-0.01,-0.0108,294142.080000000016298,2699803.672999999951571
688981.SH,2025.07.30,91.700000000000002,91.829999999999998,89.739999999999994,90.359999999999999,92.170000000000001,-1.81,-1.9638,310018.590000000025611,2815721.986000000033527
688981.SH,2025.07.31,90.319999999999993,92.75,89.459999999999993,89.5,90.359999999999999,-0.86,-0.9517,461988.520000000018626,4187082.774000000208616
688981.SH,2025.08.01,89.200000000000002,90.329999999999998,88.019999999999996,88.290000000000006,89.5,-1.21,-1.352,274140.330000000016298,2439842.711999999824911
688981.SH,2025.08.04,87.950000000000002,90.629999999999995,87.879999999999995,90.069999999999993,88.290000000000006,1.78,2.0161,286057.599999999976716,2568808.038000000175088
688981.SH,2025.08.05,89.849999999999994,90.579999999999998,89.579999999999998,90,90.069999999999993,-0.07,-0.0777,195679.399999999994179,1761818.588999999919906
688981.SH,2025.08.06,89.859999999999999,91,89.530000000000001,90.780000000000001,90,0.78,0.8667,267797.869999999995343,2418543.089999999850988
688981.SH,2025.08.07,90.700000000000002,91.700000000000002,89.75,90.590000000000003,90.780000000000001,-0.19,-0.2093,315259.940000000002328,2859638.850000000093132
688981.SH,2025.08.08,88,88.5,86.659999999999996,86.659999999999996,90.590000000000003,-3.93,-4.3382,584730.5,5098977.105999999679625
688981.SH,2025.08.11,86.689999999999997,87.180000000000006,86.219999999999998,86.959999999999993,86.659999999999996,0.3,0.3462,279193.140000000013969,2423559.078000000212341
688981.SH,2025.08.12,86.950000000000002,90.099999999999994,86.420000000000001,88.519999999999995,86.959999999999993,1.56,1.7939,551552.400000000023283,4870773.398000000044703
688981.SH,2025.08.13,88.010000000000005,89.230000000000003,88,88.659999999999996,88.519999999999995,0.14,0.1582,384304.419999999983701,3405728.48700000019744
688981.SH,2025.08.14,88.689999999999997,92.579999999999998,88.689999999999997,89.459999999999993,88.659999999999996,0.8,0.9023,741492.260000000009313,6741604.127999999560415
688981.SH,2025.08.15,89,93.299999999999997,88.480000000000004,91.840000000000003,89.459999999999993,2.38,2.6604,690499.459999999962747,6288369.53000000026077
688981.SH,2025.08.18,93.5,95.170000000000001,91.359999999999999,92.310000000000002,91.840000000000003,0.47,0.5118,833423.130000000004656,7749849.746000000275671
688981.SH,2025.08.19,91.670000000000001,92.480000000000004,89.349999999999994,89.349999999999994,92.310000000000002,-2.96,-3.2066,744652.140000000013969,6762914.098000000230967
688981.SH,2025.08.20,89.400000000000005,92.489999999999994,88.189999999999997,92.280000000000001,89.349999999999994,2.93,3.2792,858745.560000000055879,7756060.794999999925494
688981.SH,2025.08.21,92.299999999999997,94.109999999999999,90.799999999999997,91.049999999999997,92.280000000000001,-1.23,-1.3329,606826.050000000046566,5593619.617999999783933
688981.SH,2025.08.22,92.5,105,92.420000000000001,103.969999999999998,91.049999999999997,12.92,14.189999999999999,2061948.090000000083819,20322967.699999999254941
688981.SH,2025.08.25,106,109.239999999999994,101.099999999999994,103.170000000000001,103.969999999999998,-0.8,-0.7695,1760636.979999999981373,18348502.385999999940395
688981.SH,2025.08.26,101,102.569999999999993,100.129999999999995,100.930000000000006,103.170000000000001,-2.24,-2.1712,856074.089999999967403,8663988.28099999949336
688981.SH,2025.08.27,102.200000000000002,106.689999999999997,100.590000000000003,101.510000000000005,100.930000000000006,0.58,0.5747,1422620.709999999962747,14762335.292999999597668
688981.SH,2025.08.28,102,119.219999999999998,101.989999999999994,119.219999999999998,101.510000000000005,17.71,17.4466,2420325.109999999869614,27118768.322000000625848
688981.SH,2025.08.29,114,116,112.260000000000005,114.760000000000005,119.219999999999998,-4.46,-3.741,1639670.370000000111758,18711478.532000001519918
688981.SH,2025.09.09,102,108.650000000000005,101.200000000000002,102.989999999999994,114.760000000000005,-11.769999999999999,-10.256199999999999,1574695.699999999953433,16482005.029999999329447
688981.SH,2025.09.10,103,105.959999999999993,102.129999999999995,103.909999999999996,102.989999999999994,0.92,0.8933,1039925.699999999953433,10822524.036000000312924
688981.SH,2025.09.11,102.620000000000004,112.799999999999997,99.980000000000004,110.280000000000001,103.909999999999996,6.370000000000001,6.1303,1467501.65999999991618,15776091.423000000417232
688981.SH,2025.09.12,109.280000000000001,112.489999999999994,108.010000000000005,108.420000000000001,110.280000000000001,-1.86,-1.6866,1159022.040000000037252,12730296.245999999344348
688981.SH,2025.09.15,110.549999999999997,112.549999999999997,107.5,108.659999999999996,108.420000000000001,0.24,0.2214,946836.180000000051222,10395575.383999999612569
688981.SH,2025.09.16,109,111.859999999999999,108.090000000000003,109.780000000000001,108.659999999999996,1.12,1.0307,866259.239999999990686,9501062.258999999612569
688981.SH,2025.09.17,110.799999999999997,120.799999999999997,109.799999999999997,117.39,109.780000000000001,7.610000000000001,6.932000000000001,1528475.610000000102445,17861084.416000001132488
688981.SH,2025.09.18,119.980000000000004,127.489999999999994,116.349999999999994,122.150000000000005,117.39,4.76,4.0549,1931567.780000000027939,23495279.10700000077486
688981.SH,2025.09.19,123,127.400000000000005,120.109999999999999,121.340000000000003,122.150000000000005,-0.81,-0.6631,1449106.229999999981373,17943778.048000000417232
688981.SH,2025.09.22,120.540000000000006,129.830000000000012,119.049999999999997,128.919999999999987,121.340000000000003,7.58,6.246900000000001,1588281.46999999997206,19858613.710999999195337
688981.SH,2025.09.23,127.64,129.330000000000012,122.629999999999995,128.50999999999999,128.919999999999987,-0.41,-0.318,1441273.530000000027939,18120121.817999999970197
688981.SH,2025.09.24,126.879999999999995,137.979999999999989,126.230000000000003,134.979999999999989,128.50999999999999,6.47,5.034600000000001,1460947.530000000027939,19497523.265999998897314
688981.SH,2025.09.25,133,137.800000000000011,132.310000000000002,134.110000000000013,134.979999999999989,-0.87,-0.6445,1032583.209999999962747,13953307.667999999597668
688981.SH,2025.09.26,132.710000000000007,135.949999999999988,131.199999999999988,132.27000000000001,134.110000000000013,-1.84,-1.372,912445.18999999994412,12181639.385999999940395
688981.SH,2025.09.29,131,136.02000000000001,129.159999999999996,136.02000000000001,132.27000000000001,3.75,2.8351,1027207.229999999981373,13627566.348999999463558
688981.SH,2025.09.30,138.5,142,136.599999999999994,140.129999999999995,136.02000000000001,4.110000000000001,3.0216,986229,13794113.059000000357627
688981.SH,2025.10.09,144,153,137,138.909999999999996,140.129999999999995,-1.22,-0.8706,1662841.100000000093132,24249284.344999998807907
688981.SH,2025.10.10,134.870000000000004,134.939999999999997,127.170000000000001,127.950000000000002,138.909999999999996,-10.96,-7.89,1617420.760000000009313,21074152.019999999552965
688981.SH,2025.10.13,126,136.479999999999989,126,136.469999999999998,127.950000000000002,8.519999999999999,6.6589,1402994.860000000102445,18642587.057000000029802
688981.SH,2025.10.14,136.960000000000008,137.800000000000011,125.799999999999997,127.200000000000002,136.469999999999998,-9.269999999999999,-6.7927,1321004.030000000027939,17321652.000999998301267
688981.SH,2025.10.15,127.180000000000006,129.729999999999989,124.599999999999994,129.560000000000002,127.200000000000002,2.36,1.8553,807987.260000000009313,10284318.32799999974668
688981.SH,2025.10.16,127.799999999999997,130.280000000000001,126.599999999999994,127.299999999999997,129.560000000000002,-2.26,-1.7444,612310.619999999995343,7841134.057000000029802
688981.SH,2025.10.17,126.849999999999994,127.319999999999993,120.870000000000004,121.980000000000004,127.299999999999997,-5.320000000000001,-4.1791,820528.979999999981373,10097285.53999999910593
688981.SH,2025.10.20,124.099999999999994,125.180000000000006,121.689999999999997,122.629999999999995,121.980000000000004,0.65,0.5329,571239.349999999976716,7060333.629999999888241
688981.SH,2025.10.21,123.799999999999997,127.849999999999994,122.609999999999999,127.189999999999997,122.629999999999995,4.56,3.7185,784150.880000000004656,9888217.346000000834465
688981.SH,2025.10.22,125.420000000000001,129.27000000000001,123.810000000000002,126.810000000000002,127.189999999999997,-0.38,-0.2988,653954.10999999998603,8265031.816999999806284
688981.SH,2025.10.23,125.180000000000006,128.5,124.010000000000005,128.300000000000011,126.810000000000002,1.49,1.175,634264.020000000018626,8038110.025000000372529
688981.SH,2025.10.24,130.300000000000011,134.800000000000011,128.900000000000005,134.060000000000002,128.300000000000011,5.76,4.4895,1024466.209999999962747,13548726.656999999657273
688981.SH,2025.10.27,137.5,137.5,132.300000000000011,134.5,134.060000000000002,0.44,0.3282,1012643.040000000037252,13623206.912000000476837
688981.SH,2025.10.28,133,135.800000000000011,132,132.689999999999997,134.5,-1.81,-1.3457,695189.449999999953433,9299045.971999999135732
688981.SH,2025.10.29,132,134.530000000000001,130.310000000000002,133,132.689999999999997,0.31,0.2336,688460.739999999990686,9111437.509999999776482
688981.SH,2025.10.30,133,133,128.50999999999999,128.550000000000011,133,-4.450000000000001,-3.3459,692863.96999999997206,9018982.747999999672174
688981.SH,2025.10.31,128.030000000000001,128.699999999999988,124.180000000000006,124.180000000000006,128.550000000000011,-4.370000000000001,-3.3995,691668.890000000013969,8692098.673000000417232
688981.SH,2025.11.03,122,122.599999999999994,117.549999999999997,120.209999999999993,124.180000000000006,-3.97,-3.197,747709.270000000018626,8940382.093000000342726
688981.SH,2025.11.04,121,122.659999999999996,119,119.879999999999995,120.209999999999993,-0.33,-0.2745,477384.169999999983701,5770504.489000000059604
688981.SH,2025.11.05,116.900000000000005,121.099999999999994,116.5,119.780000000000001,119.879999999999995,-0.1,-0.0834,485016,5753269.423999999649822
688981.SH,2025.11.06,121.900000000000005,125.989999999999994,121.049999999999997,124.849999999999994,119.780000000000001,5.070000000000001,4.232800000000001,731507.650000000023283,9060521.120999999344348
688981.SH,2025.11.07,122.930000000000006,124.180000000000006,122.049999999999997,122.109999999999999,124.849999999999994,-2.74,-2.1946,382292.140000000013969,4694221.497000000439584
688981.SH,2025.11.10,122.129999999999995,122.950000000000002,118.760000000000005,120.010000000000005,122.109999999999999,-2.1,-1.7198,395832.710000000020954,4749065.264000000432133
688981.SH,2025.11.11,120.599999999999994,121.469999999999998,117.530000000000001,117.730000000000004,120.010000000000005,-2.28,-1.8998,342530.080000000016298,4073862.296000000089406
688981.SH,2025.11.12,117,119.799999999999997,115.739999999999994,119.629999999999995,117.730000000000004,1.9,1.6139,457015.520000000018626,5405408.03899999987334
688981.SH,2025.11.13,118.989999999999994,123.329999999999998,117.799999999999997,123.099999999999994,119.629999999999995,3.47,2.9006,549888.530000000027939,6638319.087000000290572
688981.SH,2025.11.14,123,125.5,117.89,118.180000000000006,123.099999999999994,-4.92,-3.9968,775293.520000000018626,9432871.552999999374151
688981.SH,2025.11.17,116.819999999999993,119.290000000000006,116.510000000000005,117.629999999999995,118.180000000000006,-0.55,-0.4654,421773.409999999974388,4961789.94400000013411
688981.SH,2025.11.18,117.5,120.180000000000006,117.129999999999995,117.959999999999993,117.629999999999995,0.33,0.2805,473915.080000000016298,5629538.133999999612569
688981.SH,2025.11.19,117.989999999999994,118.489999999999994,115.510000000000005,116.280000000000001,117.959999999999993,-1.68,-1.4242,415119.559999999997671,4848790.041000000201165
688981.SH,2025.11.20,117.989999999999994,118.290000000000006,116.459999999999993,116.780000000000001,116.280000000000001,0.5,0.43,344702.849999999976716,4045624.435000000055879
688981.SH,2025.11.21,113.859999999999999,116.079999999999998,113,113,116.780000000000001,-3.78,-3.2369,461358.619999999995343,5264860.633999999612569
688981.SH,2025.11.24,112.989999999999994,113.5,108.180000000000006,111.510000000000005,113,-1.49,-1.3186,557908.630000000004656,6159093.355000000447034
688981.SH,2025.11.25,112.5,113.959999999999993,111.370000000000004,111.680000000000006,111.510000000000005,0.17,0.1525,407223.820000000006984,4584278.768000000156462
688981.SH,2025.11.26,110.700000000000002,113.900000000000005,110.609999999999999,112.709999999999993,111.680000000000006,1.03,0.9223,419553.570000000006984,4731195.303999999538064
688981.SH,2025.11.27,113.799999999999997,116.799999999999997,112.560000000000002,112.709999999999993,112.709999999999993,0,0,523431.119999999995343,6012840.143000000156462
688981.SH,2025.11.28,112.709999999999993,114.109999999999999,111.400000000000005,113.599999999999994,112.709999999999993,0.89,0.7896,308663.840000000025611,3486790.035999999847263
688981.SH,2025.12.01,113.400000000000005,114.680000000000006,112.599999999999994,114.400000000000005,113.599999999999994,0.8,0.7042,327640.039999999979045,3724984.486000000033527
688981.SH,2025.12.02,114.099999999999994,114.189999999999997,112.700000000000002,113,114.400000000000005,-1.4,-1.2238,237771.820000000006984,2694922.635999999940395
688981.SH,2025.12.03,112.799999999999997,113.689999999999997,111.129999999999995,111.620000000000004,113,-1.38,-1.2212,245413.589999999996507,2756774.410000000149011
688981.SH,2025.12.04,111.650000000000005,114.730000000000004,110.980000000000004,114.730000000000004,111.620000000000004,3.11,2.7862,387551.960000000020954,4392462.735000000335276
688981.SH,2025.12.05,114,114.879999999999995,112.5,114.180000000000006,114.730000000000004,-0.55,-0.4794,352653.659999999974388,4015690.336000000126659
688981.SH,2025.12.08,114.209999999999993,118,114.180000000000006,117.200000000000002,114.180000000000006,3.02,2.6449,508359.770000000018626,5945081.548000000417232
688981.SH,2025.12.09,115.579999999999998,117.900000000000005,115.510000000000005,116.319999999999993,117.200000000000002,-0.88,-0.7509,371384.450000000011641,4333826.425999999977648
688981.SH,2025.12.10,115.579999999999998,116.590000000000003,113.439999999999997,116.310000000000002,116.319999999999993,-0.01,-0.0086,315714.729999999981373,3624511.935000000055879
688981.SH,2025.12.11,116.530000000000001,117.14,113.5,113.609999999999999,116.310000000000002,-2.7,-2.3214,303108.960000000020954,3488207.041999999899417
688981.SH,2025.12.12,113.609999999999999,117.420000000000001,111.599999999999994,116.799999999999997,113.609999999999999,3.19,2.8079,584998.040000000037252,6734945.964999999850988
688981.SH,2025.12.15,115.150000000000005,116.5,113,113.010000000000005,116.799999999999997,-3.79,-3.2449,342417.460000000020954,3933791.146000000182539
688981.SH,2025.12.16,112.5,113.349999999999994,110.269999999999996,110.700000000000002,113.010000000000005,-2.31,-2.0441,323379.530000000027939,3605859.884000000078231
688981.SH,2025.12.17,110.819999999999993,113.900000000000005,110.129999999999995,113.290000000000006,110.700000000000002,2.59,2.3397,343892.71999999997206,3848931.231999999843537
688981.SH,2025.12.18,112.799999999999997,115.719999999999998,112.75,112.799999999999997,113.290000000000006,-0.49,-0.4325,314700.289999999979045,3583327.202000000048428
688981.SH,2025.12.19,113.200000000000002,115.480000000000004,113,113.629999999999995,112.799999999999997,0.83,0.7358,272612.5,3107493.842000000178813
688981.SH,2025.12.22,114.599999999999994,121.439999999999997,114.599999999999994,120.450000000000002,113.629999999999995,6.820000000000001,6.0019,810113.68999999994412,9622360.395999999716877
688981.SH,2025.12.23,120.5,121.579999999999998,119.019999999999996,119.900000000000005,120.450000000000002,-0.55,-0.4566,483601.419999999983701,5823920.042999999597668
688981.SH,2025.12.24,122.5,124.379999999999995,121.109999999999999,123.409999999999996,119.900000000000005,3.51,2.9274,629560.979999999981373,7744549.160000000149011
688981.SH,2025.12.25,123,125.989999999999994,122.659999999999996,123.079999999999998,123.409999999999996,-0.33,-0.2674,471809.580000000016298,5854142.201999999582767
688981.SH,2025.12.26,122.579999999999998,124.790000000000006,121.159999999999996,122.099999999999994,123.079999999999998,-0.98,-0.7962,402397.989999999990686,4938389.580000000074505
688981.SH,2025.12.29,123,125.650000000000005,122.019999999999996,122.5,122.099999999999994,0.4,0.3276,506831.60999999998603,6280270.177000000141561
688981.SH,2025.12.30,124.450000000000002,126.689999999999997,124,125.280000000000001,122.5,2.78,2.2694,604958.310000000055879,7582347.029000000096857
688981.SH,2025.12.31,125.989999999999994,126.200000000000002,122.400000000000005,122.829999999999998,125.280000000000001,-2.45,-1.9556,411586.849999999976716,5082728.445000000298023
688981.SH,2026.01.05,126.840000000000003,130.169999999999987,126.200000000000002,129.949999999999988,122.829999999999998,7.120000000000001,5.7966,911394.040000000037252,11742866.838999999687075
688981.SH,2026.01.06,129,134.199999999999988,128.77000000000001,131.840000000000003,129.949999999999988,1.89,1.4544,730696.949999999953433,9623978.218000000342726
688981.SH,2026.01.07,131.840000000000003,132.819999999999993,128.849999999999994,129.979999999999989,131.840000000000003,-1.86,-1.4108,598040.85999999998603,7783876.09900000039488
688981.SH,2026.01.08,128.949999999999988,134.680000000000006,128.909999999999996,130.150000000000005,129.979999999999989,0.17,0.1308,616918.810000000055879,8145423.326999999582767
688981.SH,2026.01.09,129.150000000000005,130.00999999999999,127.769999999999995,128.879999999999995,130.150000000000005,-1.27,-0.9758,511274.880000000004656,6581947.275999999605119
688981.SH,2026.01.12,128.52000000000001,129.620000000000004,126.680000000000006,127.659999999999996,128.879999999999995,-1.22,-0.9466,563935.640000000013969,7202156.992999999783933
688981.SH,2026.01.13,127.489999999999994,128.150000000000005,122.859999999999999,123.629999999999995,127.659999999999996,-4.030000000000001,-3.1568,652072.800000000046566,8154109.675999999977648
688981.SH,2026.01.14,123.510000000000005,127.599999999999994,123.5,124.489999999999994,123.629999999999995,0.86,0.6956,649683.910000000032596,8155390.622999999672174
688981.SH,2026.01.15,123.489999999999994,125.5,122.329999999999998,124.439999999999997,124.489999999999994,-0.05,-0.0402,556604.229999999981373,6895087.59999999962747
688981.SH,2026.01.16,127.5,128.819999999999993,124.879999999999995,126.989999999999994,124.439999999999997,2.55,2.0492,756512.569999999948777,9597582.82799999974668
688981.SH,2026.01.19,127.049999999999997,128.5,125.120000000000004,125.290000000000006,126.989999999999994,-1.7,-1.3387,477537.020000000018626,6024303.736999999731779
688981.SH,2026.01.20,125,125.5,121.810000000000002,122.180000000000006,125.290000000000006,-3.11,-2.4822,508693.590000000025611,6261665.024000000208616
688981.SH,2026.01.21,120.930000000000006,128.889999999999986,120.579999999999998,127.189999999999997,122.180000000000006,5.01,4.100500000000001,970525.209999999962747,12294760.582000000402331
688981.SH,2026.01.22,128.979999999999989,130.819999999999993,125.569999999999993,126.799999999999997,127.189999999999997,-0.39,-0.3066,648094.630000000004656,8268996.066999999806284
688981.SH,2026.01.23,126.799999999999997,127.370000000000004,124.030000000000001,124.959999999999993,126.799999999999997,-1.84,-1.4511,490631.039999999979045,6130483.631000000052154
688981.SH,2026.01.26,124.010000000000005,125.879999999999995,121.900000000000005,121.920000000000001,124.959999999999993,-3.04,-2.4328,502566.5,6184618.809000000357627
688981.SH,2026.01.27,122,125.739999999999994,119.219999999999998,124.049999999999997,121.920000000000001,2.13,1.747,655261.569999999948777,8023170.133999999612569
688981.SH,2026.01.28,124.989999999999994,128.990000000000009,124.989999999999994,128.550000000000011,124.049999999999997,4.5,3.6276,994583.260000000009313,12644229.527000000700354
688981.SH,2026.01.29,127.599999999999994,127.810000000000002,122.159999999999996,122.400000000000005,128.550000000000011,-6.150000000000001,-4.7841,715649.349999999976716,8897091.559000000357627
688981.SH,2026.01.30,121.329999999999998,124.939999999999997,120.069999999999993,122.969999999999998,122.400000000000005,0.57,0.4657,527719.060000000055879,6468951.529000000096857
688981.SH,2026.02.02,121.400000000000005,122.590000000000003,116.799999999999997,117.060000000000002,122.969999999999998,-5.91,-4.8061,596690.810000000055879,7104970.928999999538064
688981.SH,2026.02.03,118.689999999999997,118.840000000000003,113.459999999999993,116.030000000000001,117.060000000000002,-1.03,-0.8799,561769.520000000018626,6500024.015999999828636
688981.SH,2026.02.04,114.5,114.989999999999994,113.150000000000005,114.840000000000003,116.030000000000001,-1.19,-1.0256,351393.46999999997206,4005035.637000000104308
688981.SH,2026.02.05,112.989999999999994,114.5,110.39,111.799999999999997,114.840000000000003,-3.04,-2.6472,446447.650000000023283,4982588.634999999776482
688981.SH,2026.02.06,110.14,114.599999999999994,110.14,112.700000000000002,111.799999999999997,0.9,0.805,408226.909999999974388,4597784.625
688981.SH,2026.02.09,114.799999999999997,115.069999999999993,113.700000000000002,114.930000000000006,112.700000000000002,2.23,1.9787,321018.099999999976716,3676020.763999999966472
688981.SH,2026.02.10,115.200000000000002,116.900000000000005,114.849999999999994,116.200000000000002,114.930000000000006,1.27,1.105,340436.510000000009313,3949080.646000000182539
688981.SH,2026.02.11,114,116.14,113.5,115.010000000000005,116.200000000000002,-1.19,-1.0241,345336.729999999981373,3955491.126000000163912
688981.SH,2026.02.12,115.549999999999997,117.180000000000006,115.109999999999999,116.579999999999998,115.010000000000005,1.57,1.3651,333622.539999999979045,3880738.365999999921768
688981.SH,2026.02.13,116.230000000000003,117.980000000000004,115.560000000000002,116.930000000000006,116.579999999999998,0.35,0.3002,343687.400000000023283,4020570.459999999962747
688981.SH,2026.02.24,118.030000000000001,118.180000000000006,115.620000000000004,115.819999999999993,116.930000000000006,-1.11,-0.9493,276155.679999999993015,3217730.654999999795108
688981.SH,2026.02.25,117,117.5,115.849999999999994,116.129999999999995,115.819999999999993,0.31,0.2677,275528.559999999997671,3214693.555000000167638
688981.SH,2026.02.26,116.129999999999995,117.230000000000003,114.290000000000006,116.650000000000005,116.129999999999995,0.52,0.4478,327021.830000000016298,3787597.47899999981746
688981.SH,2026.02.27,115.030000000000001,115.870000000000004,114.319999999999993,115,116.650000000000005,-1.65,-1.4145,279308.780000000027939,3213704.146000000182539
